season,game_id,posteam,team_spread,n_plays,positive,neutral,negative
2006,2006_01_ATL_CAR,ATL,-4.5,69,0.42028985507246375,0.5797101449275363,0
2006,2006_01_ATL_CAR,CAR,4.5,59,0,0.4067796610169492,0.5932203389830508
2006,2006_01_BAL_TB,BAL,-3,58,0.6896551724137931,0.3103448275862069,0
2006,2006_01_BAL_TB,TB,3,50,0,0.16,0.84
2006,2006_01_BUF_NE,BUF,-10,50,0.44,0.56,0
2006,2006_01_BUF_NE,NE,10,64,0.125,0.53125,0.34375
2006,2006_01_CHI_GB,CHI,3.5,64,0.65625,0.34375,0
2006,2006_01_CHI_GB,GB,-3.5,56,0,0.21428571428571427,0.7857142857142857
2006,2006_01_CIN_KC,CIN,1.5,53,0.5849056603773585,0.41509433962264153,0
2006,2006_01_CIN_KC,KC,-1.5,67,0,0.3582089552238806,0.6417910447761194
2006,2006_01_DAL_JAX,DAL,2.5,56,0.07142857142857142,0.6785714285714286,0.25
2006,2006_01_DAL_JAX,JAX,-2.5,66,0.18181818181818182,0.8181818181818182,0
2006,2006_01_DEN_STL,DEN,3.5,55,0,0.2909090909090909,0.7090909090909091
2006,2006_01_DEN_STL,LA,3.5,62,0.6612903225806451,0.3387096774193548,0
2006,2006_01_IND_NYG,IND,3,65,0.2923076923076923,0.7076923076923077,0
2006,2006_01_IND_NYG,NYG,-3,62,0,0.6612903225806451,0.3387096774193548
2006,2006_01_MIA_PIT,MIA,-1.5,58,0.05172413793103448,0.6724137931034483,0.27586206896551724
2006,2006_01_MIA_PIT,PIT,1.5,62,0.25806451612903225,0.7419354838709677,0
2006,2006_01_MIN_WAS,MIN,-4,64,0.03125,0.953125,0.015625
2006,2006_01_MIN_WAS,WAS,4,53,0.09433962264150944,0.9056603773584906,0
2006,2006_01_NO_CLE,CLE,3,54,0,0.6851851851851852,0.3148148148148148
2006,2006_01_NO_CLE,NO,-3,69,0.391304347826087,0.6086956521739131,0
2006,2006_01_NYJ_TEN,NYJ,-2.5,68,0.5147058823529411,0.4852941176470588,0
2006,2006_01_NYJ_TEN,TEN,2.5,69,0,0.43478260869565216,0.5652173913043478
2006,2006_01_PHI_HOU,HOU,-6,52,0.038461538461538464,0.5576923076923077,0.40384615384615385
2006,2006_01_PHI_HOU,PHI,6,66,0.48484848484848486,0.5151515151515151,0
2006,2006_01_SD_OAK,LAC,3,58,0.7413793103448276,0.25862068965517243,0
2006,2006_01_SD_OAK,LV,3,48,0,0.25,0.75
2006,2006_01_SEA_DET,DET,-6,57,0.03508771929824561,0.9649122807017544,0
2006,2006_01_SEA_DET,SEA,6,60,0.016666666666666666,0.9833333333333333,0
2006,2006_01_SF_ARI,ARI,9.5,69,0.8260869565217391,0.17391304347826086,0
2006,2006_01_SF_ARI,SF,-9.5,57,0,0.22807017543859648,0.7719298245614035
2006,2006_02_ARI_SEA,ARI,-7,63,0,0.047619047619047616,0.9523809523809523
2006,2006_02_ARI_SEA,SEA,7,65,0.8,0.2,0
2006,2006_02_BUF_MIA,BUF,-6.5,52,0.4423076923076923,0.5576923076923077,0
2006,2006_02_BUF_MIA,MIA,6.5,59,0,0.576271186440678,0.423728813559322
2006,2006_02_CAR_MIN,CAR,-2,57,0.12280701754385964,0.8771929824561403,0
2006,2006_02_CAR_MIN,MIN,2,60,0,0.8833333333333333,0.11666666666666667
2006,2006_02_CLE_CIN,CIN,10.5,74,0.7567567567567568,0.24324324324324326,0
2006,2006_02_CLE_CIN,CLE,-10.5,53,0,0.11320754716981132,0.8867924528301887
2006,2006_02_DET_CHI,CHI,7,61,0.8524590163934426,0.14754098360655737,0
2006,2006_02_DET_CHI,DET,-7,50,0,0.08,0.92
2006,2006_02_HOU_IND,HOU,-12.5,53,0,0.03773584905660377,0.9622641509433962
2006,2006_02_HOU_IND,IND,12.5,73,0.958904109589041,0.0410958904109589,0
2006,2006_02_KC_DEN,DEN,11,56,0,1,0
2006,2006_02_KC_DEN,KC,-11,58,0.017241379310344827,0.9827586206896551,0
2006,2006_02_NE_NYJ,NE,6,68,0.6911764705882353,0.3088235294117647,0
2006,2006_02_NE_NYJ,NYJ,-6,62,0,0.45161290322580644,0.5483870967741935
2006,2006_02_NO_GB,GB,-1,77,0.2597402597402597,0.4805194805194805,0.2597402597402597
2006,2006_02_NO_GB,NO,1,63,0.06349206349206349,0.47619047619047616,0.4603174603174603
2006,2006_02_NYG_PHI,NYG,-3,56,0,0.32142857142857145,0.6785714285714286
2006,2006_02_NYG_PHI,PHI,3,73,0.6986301369863014,0.3013698630136986,0
2006,2006_02_OAK_BAL,BAL,13,63,0.7777777777777778,0.2222222222222222,0
2006,2006_02_OAK_BAL,LV,-13,59,0,0.1864406779661017,0.8135593220338984
2006,2006_02_PIT_JAX,JAX,-2.5,67,0.2537313432835821,0.746268656716418,0
2006,2006_02_PIT_JAX,PIT,2.5,48,0,0.75,0.25
2006,2006_02_STL_SF,LA,3,67,0,0.8208955223880597,0.1791044776119403
2006,2006_02_STL_SF,SF,-3,53,0.5660377358490566,0.4339622641509434,0
2006,2006_02_TB_ATL,ATL,4.5,63,0.7142857142857143,0.2857142857142857,0
2006,2006_02_TB_ATL,TB,-4.5,69,0,0.2028985507246377,0.7971014492753623
2006,2006_02_TEN_SD,LAC,-12,73,0.6301369863013698,0.3698630136986301,0
2006,2006_02_TEN_SD,TEN,-12,56,0,0.10714285714285714,0.8928571428571429
2006,2006_02_WAS_DAL,DAL,7,70,0.7571428571428571,0.24285714285714285,0
2006,2006_02_WAS_DAL,WAS,-7,58,0,0.20689655172413793,0.7931034482758621
2006,2006_03_ATL_NO,ATL,4,59,0,0.1864406779661017,0.8135593220338984
2006,2006_03_ATL_NO,NO,-4,63,0.8571428571428571,0.14285714285714285,0
2006,2006_03_BAL_CLE,BAL,6.5,68,0,0.6470588235294118,0.35294117647058826
2006,2006_03_BAL_CLE,CLE,-6.5,59,0.3559322033898305,0.6440677966101694,0
2006,2006_03_CAR_TB,CAR,3,67,0.4925373134328358,0.5074626865671642,0
2006,2006_03_CAR_TB,TB,-3,50,0.02,0.6,0.38
2006,2006_03_CHI_MIN,CHI,3.5,60,0,1,0
2006,2006_03_CHI_MIN,MIN,-3.5,56,0.125,0.8571428571428571,0.017857142857142856
2006,2006_03_CIN_PIT,CIN,-2,54,0.07407407407407407,0.7407407407407407,0.18518518518518517
2006,2006_03_CIN_PIT,PIT,2,77,0.14285714285714285,0.5454545454545454,0.3116883116883117
2006,2006_03_DEN_NE,DEN,-6.5,62,0.43548387096774194,0.5645161290322581,0
2006,2006_03_DEN_NE,NE,6.5,76,0,0.40789473684210525,0.5921052631578947
2006,2006_03_GB_DET,DET,6.5,62,0,0.6774193548387096,0.3225806451612903
2006,2006_03_GB_DET,GB,-6.5,63,0.20634920634920634,0.7936507936507936,0
2006,2006_03_JAX_IND,IND,6.5,51,0.5098039215686274,0.49019607843137253,0
2006,2006_03_JAX_IND,JAX,-6.5,68,0,0.6470588235294118,0.35294117647058826
2006,2006_03_NYG_SEA,NYG,-4,51,0,0.11764705882352941,0.8823529411764706
2006,2006_03_NYG_SEA,SEA,4,74,0.9594594594594594,0.04054054054054054,0
2006,2006_03_NYJ_BUF,BUF,6,73,0.2191780821917808,0.3287671232876712,0.4520547945205479
2006,2006_03_NYJ_BUF,NYJ,-6,53,0.33962264150943394,0.660377358490566,0
2006,2006_03_PHI_SF,PHI,6,52,0.75,0.25,0
2006,2006_03_PHI_SF,SF,-6,76,0,0.07894736842105263,0.9210526315789473
2006,2006_03_STL_ARI,ARI,5.5,57,0.10526315789473684,0.5087719298245614,0.38596491228070173
2006,2006_03_STL_ARI,LA,-5.5,59,0.3559322033898305,0.6440677966101694,0
2006,2006_03_TEN_MIA,MIA,10.5,65,0.046153846153846156,0.9538461538461539,0
2006,2006_03_TEN_MIA,TEN,-10.5,57,0,1,0
2006,2006_03_WAS_HOU,HOU,-3.5,48,0,0.5208333333333334,0.4791666666666667
2006,2006_03_WAS_HOU,WAS,3.5,67,0.5522388059701493,0.40298507462686567,0.04477611940298507
2006,2006_04_ARI_ATL,ARI,-7,56,0,0.4642857142857143,0.5357142857142857
2006,2006_04_ARI_ATL,ATL,7,61,0.4262295081967213,0.5737704918032787,0
2006,2006_04_CLE_OAK,CLE,1,65,0.18461538461538463,0.4,0.4153846153846154
2006,2006_04_CLE_OAK,LV,1,52,0.23076923076923078,0.7692307692307693,0
2006,2006_04_DAL_TEN,DAL,10,59,0.6440677966101694,0.3559322033898305,0
2006,2006_04_DAL_TEN,TEN,-10,58,0,0.41379310344827586,0.5862068965517241
2006,2006_04_DET_STL,DET,-5.5,66,0,0.8333333333333334,0.16666666666666666
2006,2006_04_DET_STL,LA,-5.5,67,0.08955223880597014,0.9104477611940298,0
2006,2006_04_GB_PHI,GB,-12,75,0,0.6133333333333333,0.38666666666666666
2006,2006_04_GB_PHI,PHI,12,63,0.2222222222222222,0.7777777777777778,0
2006,2006_04_IND_NYJ,IND,7.5,68,0.058823529411764705,0.9411764705882353,0
2006,2006_04_IND_NYJ,NYJ,-7.5,63,0,0.9206349206349206,0.07936507936507936
2006,2006_04_JAX_WAS,JAX,2.5,53,0,0.8867924528301887,0.11320754716981132
2006,2006_04_JAX_WAS,WAS,-2.5,67,0.1044776119402985,0.8955223880597015,0
2006,2006_04_MIA_HOU,HOU,-3.5,67,0.22388059701492538,0.7761194029850746,0
2006,2006_04_MIA_HOU,MIA,3.5,57,0,0.6491228070175439,0.3508771929824561
2006,2006_04_MIN_BUF,BUF,1,68,0.47058823529411764,0.5294117647058824,0
2006,2006_04_MIN_BUF,MIN,-1,58,0,0.5172413793103449,0.4827586206896552
2006,2006_04_NE_CIN,CIN,5.5,56,0,0.6607142857142857,0.3392857142857143
2006,2006_04_NE_CIN,NE,-5.5,66,0.5,0.5,0
2006,2006_04_NO_CAR,CAR,7,56,0.19642857142857142,0.8035714285714286,0
2006,2006_04_NO_CAR,NO,-7,61,0,0.9344262295081968,0.06557377049180328
2006,2006_04_SD_BAL,BAL,1,52,0,0.7692307692307693,0.23076923076923078
2006,2006_04_SD_BAL,LAC,-1,65,0.2923076923076923,0.6307692307692307,0.07692307692307693
2006,2006_04_SEA_CHI,CHI,3.5,70,0.7714285714285715,0.22857142857142856,0
2006,2006_04_SEA_CHI,SEA,-3.5,61,0,0.2786885245901639,0.7213114754098361
2006,2006_04_SF_KC,KC,7,60,0.8333333333333334,0.16666666666666666,0
2006,2006_04_SF_KC,SF,-7,50,0,0.08,0.92
2006,2006_05_BAL_DEN,BAL,-5.5,61,0,0.9180327868852459,0.08196721311475409
2006,2006_05_BAL_DEN,DEN,5.5,52,0.15384615384615385,0.8461538461538461,0
2006,2006_05_BUF_CHI,BUF,-9.5,48,0,0.25,0.75
2006,2006_05_BUF_CHI,CHI,9.5,70,0.8714285714285714,0.12857142857142856,0
2006,2006_05_CLE_CAR,CAR,7.5,57,0.631578947368421,0.3684210526315789,0
2006,2006_05_CLE_CAR,CLE,-7.5,67,0,0.3283582089552239,0.6716417910447762
2006,2006_05_DAL_PHI,DAL,1,84,0,0.7738095238095238,0.2261904761904762
2006,2006_05_DAL_PHI,PHI,-1,54,0.14814814814814814,0.8518518518518519,0
2006,2006_05_DET_MIN,DET,-4,58,0.1206896551724138,0.7586206896551724,0.1206896551724138
2006,2006_05_DET_MIN,MIN,4,63,0.09523809523809523,0.746031746031746,0.15873015873015872
2006,2006_05_KC_ARI,ARI,-3.5,62,0.6129032258064516,0.2903225806451613,0.0967741935483871
2006,2006_05_KC_ARI,KC,3.5,62,0.03225806451612903,0.3064516129032258,0.6612903225806451
2006,2006_05_MIA_NE,MIA,-9.5,63,0,0.7301587301587301,0.2698412698412698
2006,2006_05_MIA_NE,NE,9.5,60,0.5,0.5,0
2006,2006_05_NYJ_JAX,JAX,7,58,0.9310344827586207,0.06896551724137931,0
2006,2006_05_NYJ_JAX,NYJ,-7,58,0,0.08620689655172414,0.9137931034482759
2006,2006_05_OAK_SF,LV,-3,56,0,0.6071428571428571,0.39285714285714285
2006,2006_05_OAK_SF,SF,3,60,0.26666666666666666,0.7333333333333333,0
2006,2006_05_PIT_SD,LAC,-3.5,72,0.2916666666666667,0.6527777777777778,0.05555555555555555
2006,2006_05_PIT_SD,PIT,-3.5,53,0.03773584905660377,0.7735849056603774,0.18867924528301888
2006,2006_05_STL_GB,GB,-2.5,65,0,0.8769230769230769,0.12307692307692308
2006,2006_05_STL_GB,LA,2.5,59,0.3220338983050847,0.6779661016949152,0
2006,2006_05_TB_NO,NO,7,58,0.1206896551724138,0.8793103448275862,0
2006,2006_05_TB_NO,TB,-7,65,0.03076923076923077,0.8923076923076924,0.07692307692307693
2006,2006_05_TEN_IND,IND,13.5,65,0.046153846153846156,0.6461538461538462,0.3076923076923077
2006,2006_05_TEN_IND,TEN,-13.5,52,0.46153846153846156,0.5384615384615384,0
2006,2006_05_WAS_NYG,NYG,6,66,0.5909090909090909,0.4090909090909091,0
2006,2006_05_WAS_NYG,WAS,-6,45,0,0.5333333333333333,0.4666666666666667
2006,2006_06_BUF_DET,BUF,1,60,0,0.6166666666666667,0.38333333333333336
2006,2006_06_BUF_DET,DET,-1,66,0.4393939393939394,0.5606060606060606,0
2006,2006_06_CAR_BAL,BAL,3,60,0,0.7833333333333333,0.21666666666666667
2006,2006_06_CAR_BAL,CAR,-3,68,0.35294117647058826,0.6470588235294118,0
2006,2006_06_CHI_ARI,ARI,-11.5,81,0.7530864197530864,0.24691358024691357,0
2006,2006_06_CHI_ARI,CHI,11.5,52,0,0.09615384615384616,0.9038461538461539
2006,2006_06_CIN_TB,CIN,4.5,59,0.2711864406779661,0.711864406779661,0.01694915254237288
2006,2006_06_CIN_TB,TB,-4.5,71,0,0.8450704225352113,0.15492957746478872
2006,2006_06_HOU_DAL,DAL,13,69,0.4057971014492754,0.5942028985507246,0
2006,2006_06_HOU_DAL,HOU,-13,55,0,0.6909090909090909,0.3090909090909091
2006,2006_06_KC_PIT,KC,-6.5,59,0,0.2033898305084746,0.7966101694915254
2006,2006_06_KC_PIT,PIT,6.5,61,0.8360655737704918,0.16393442622950818,0
2006,2006_06_MIA_NYJ,MIA,-2,71,0,0.5915492957746479,0.4084507042253521
2006,2006_06_MIA_NYJ,NYJ,2,57,0.3684210526315789,0.631578947368421,0
2006,2006_06_NYG_ATL,ATL,3,60,0,0.6666666666666666,0.3333333333333333
2006,2006_06_NYG_ATL,NYG,-3,70,0.22857142857142856,0.6428571428571429,0.12857142857142856
2006,2006_06_OAK_DEN,DEN,14,49,0.7551020408163265,0.24489795918367346,0
2006,2006_06_OAK_DEN,LV,-14,60,0,0.25,0.75
2006,2006_06_PHI_NO,NO,-3,65,0.4307692307692308,0.49230769230769234,0.07692307692307693
2006,2006_06_PHI_NO,PHI,3,54,0,0.4074074074074074,0.5925925925925926
2006,2006_06_SD_SF,LAC,9.5,68,0.6764705882352942,0.3235294117647059,0
2006,2006_06_SD_SF,SF,-9.5,50,0,0.28,0.72
2006,2006_06_SEA_STL,LA,3,66,0.4090909090909091,0.4090909090909091,0.18181818181818182
2006,2006_06_SEA_STL,SEA,3,65,0.15384615384615385,0.4,0.4461538461538462
2006,2006_06_TEN_WAS,TEN,-11.5,68,0.17647058823529413,0.6470588235294118,0.17647058823529413
2006,2006_06_TEN_WAS,WAS,11.5,56,0.125,0.6785714285714286,0.19642857142857142
2006,2006_07_ARI_OAK,ARI,3,55,0,0.12727272727272726,0.8727272727272727
2006,2006_07_ARI_OAK,LV,3,77,0.7662337662337663,0.23376623376623376,0
2006,2006_07_CAR_CIN,CAR,-3,53,0.018867924528301886,0.9622641509433962,0.018867924528301886
2006,2006_07_CAR_CIN,CIN,3,71,0.15492957746478872,0.8450704225352113,0
2006,2006_07_DEN_CLE,CLE,-4.5,51,0,0.39215686274509803,0.6078431372549019
2006,2006_07_DEN_CLE,DEN,4.5,79,0.5316455696202531,0.46835443037974683,0
2006,2006_07_DET_NYJ,DET,-4,59,0,0.0847457627118644,0.9152542372881356
2006,2006_07_DET_NYJ,NYJ,4,63,0.873015873015873,0.12698412698412698,0
2006,2006_07_GB_MIA,GB,-6,66,0.18181818181818182,0.7121212121212122,0.10606060606060606
2006,2006_07_GB_MIA,MIA,6,82,0.14634146341463414,0.5,0.35365853658536583
2006,2006_07_JAX_HOU,HOU,-7.5,67,0.43283582089552236,0.5671641791044776,0
2006,2006_07_JAX_HOU,JAX,7.5,54,0,0.6111111111111112,0.3888888888888889
2006,2006_07_MIN_SEA,MIN,-6,57,0.24561403508771928,0.7017543859649122,0.05263157894736842
2006,2006_07_MIN_SEA,SEA,6,67,0.07462686567164178,0.44776119402985076,0.47761194029850745
2006,2006_07_NE_BUF,BUF,-5.5,52,0,0.3076923076923077,0.6923076923076923
2006,2006_07_NE_BUF,NE,5.5,57,0.6842105263157895,0.3157894736842105,0
2006,2006_07_NYG_DAL,DAL,3,64,0,0.34375,0.65625
2006,2006_07_NYG_DAL,NYG,-3,66,0.5909090909090909,0.4090909090909091,0
2006,2006_07_PHI_TB,PHI,6,62,0,0.4032258064516129,0.5967741935483871
2006,2006_07_PHI_TB,TB,-6,58,0.7241379310344828,0.27586206896551724,0
2006,2006_07_PIT_ATL,ATL,-2.5,60,0.21666666666666667,0.7333333333333333,0.05
2006,2006_07_PIT_ATL,PIT,2.5,62,0.04838709677419355,0.8709677419354839,0.08064516129032258
2006,2006_07_SD_KC,KC,-6,59,0.6610169491525424,0.3389830508474576,0
2006,2006_07_SD_KC,LAC,6,70,0,0.3,0.7
2006,2006_07_WAS_IND,IND,8,58,0.3793103448275862,0.6206896551724138,0
2006,2006_07_WAS_IND,WAS,-8,63,0,0.4603174603174603,0.5396825396825397
2006,2006_08_ARI_GB,ARI,-4,64,0,0.109375,0.890625
2006,2006_08_ARI_GB,GB,4,62,0.7741935483870968,0.22580645161290322,0
2006,2006_08_ATL_CIN,ATL,-3.5,67,0.2537313432835821,0.5970149253731343,0.14925373134328357
2006,2006_08_ATL_CIN,CIN,3.5,56,0.017857142857142856,0.7857142857142857,0.19642857142857142
2006,2006_08_BAL_NO,BAL,-1,61,0.7049180327868853,0.29508196721311475,0
2006,2006_08_BAL_NO,NO,1,61,0,0.14754098360655737,0.8524590163934426
2006,2006_08_DAL_CAR,CAR,4.5,51,0.21568627450980393,0.5294117647058824,0.2549019607843137
2006,2006_08_DAL_CAR,DAL,-4.5,76,0.17105263157894737,0.6973684210526315,0.13157894736842105
2006,2006_08_HOU_TEN,HOU,-3,76,0,0.4473684210526316,0.5526315789473685
2006,2006_08_HOU_TEN,TEN,3,43,0.46511627906976744,0.5348837209302325,0
2006,2006_08_IND_DEN,DEN,3,58,0.08620689655172414,0.9137931034482759,0
2006,2006_08_IND_DEN,IND,-3,59,0,0.9152542372881356,0.0847457627118644
2006,2006_08_JAX_PHI,JAX,-9,63,0.6666666666666666,0.3333333333333333,0
2006,2006_08_JAX_PHI,PHI,9,58,0,0.5517241379310345,0.4482758620689655
2006,2006_08_NE_MIN,MIN,-1,61,0,0.39344262295081966,0.6065573770491803
2006,2006_08_NE_MIN,NE,1,60,0.75,0.25,0
2006,2006_08_NYJ_CLE,CLE,1,61,0.7213114754098361,0.2786885245901639,0
2006,2006_08_NYJ_CLE,NYJ,-1,55,0,0.5818181818181818,0.41818181818181815
2006,2006_08_PIT_OAK,LV,9,49,0.4897959183673469,0.5102040816326531,0
2006,2006_08_PIT_OAK,PIT,9,68,0,0.6323529411764706,0.36764705882352944
2006,2006_08_SEA_KC,KC,4,77,0.44155844155844154,0.5584415584415584,0
2006,2006_08_SEA_KC,SEA,-4,49,0,0.6530612244897959,0.3469387755102041
2006,2006_08_SF_CHI,CHI,16,66,0.8484848484848485,0.15151515151515152,0
2006,2006_08_SF_CHI,SF,-16,45,0,0,1
2006,2006_08_STL_SD,LA,-9.5,64,0,0.28125,0.71875
2006,2006_08_STL_SD,LAC,-9.5,59,0.7457627118644068,0.2542372881355932,0
2006,2006_08_TB_NYG,NYG,9.5,67,0.7611940298507462,0.23880597014925373,0
2006,2006_08_TB_NYG,TB,-9.5,63,0,0.09523809523809523,0.9047619047619048
2006,2006_09_ATL_DET,ATL,5,60,0,0.38333333333333336,0.6166666666666667
2006,2006_09_ATL_DET,DET,-5,62,0.46774193548387094,0.532258064516129,0
2006,2006_09_CIN_BAL,BAL,3,65,0.9076923076923077,0.09230769230769231,0
2006,2006_09_CIN_BAL,CIN,-3,50,0,0,1
2006,2006_09_CLE_SD,CLE,-13,75,0,0.6933333333333334,0.30666666666666664
2006,2006_09_CLE_SD,LAC,-13,54,0.2777777777777778,0.7222222222222222,0
2006,2006_09_DAL_WAS,DAL,3,67,0.16417910447761194,0.835820895522388,0
2006,2006_09_DAL_WAS,WAS,-3,56,0.03571428571428571,0.9107142857142857,0.05357142857142857
2006,2006_09_DEN_PIT,DEN,-3,50,0.56,0.44,0
2006,2006_09_DEN_PIT,PIT,3,77,0,0.35064935064935066,0.6493506493506493
2006,2006_09_GB_BUF,BUF,3.5,46,0.3695652173913043,0.6304347826086957,0
2006,2006_09_GB_BUF,GB,-3.5,79,0,0.4430379746835443,0.5569620253164557
2006,2006_09_HOU_NYG,HOU,-13,57,0,0.8947368421052632,0.10526315789473684
2006,2006_09_HOU_NYG,NYG,13,56,0.5178571428571429,0.48214285714285715,0
2006,2006_09_IND_NE,IND,-3,61,0.3770491803278688,0.6229508196721312,0
2006,2006_09_IND_NE,NE,3,68,0,0.7794117647058824,0.22058823529411764
2006,2006_09_KC_STL,KC,-2.5,49,0.7551020408163265,0.24489795918367346,0
2006,2006_09_KC_STL,LA,-2.5,71,0,0.2535211267605634,0.7464788732394366
2006,2006_09_MIA_CHI,CHI,13,73,0,0.3150684931506849,0.684931506849315
2006,2006_09_MIA_CHI,MIA,-13,65,0.5076923076923077,0.49230769230769234,0
2006,2006_09_MIN_SF,MIN,4,67,0,0.8507462686567164,0.14925373134328357
2006,2006_09_MIN_SF,SF,-4,48,0.25,0.75,0
2006,2006_09_NO_TB,NO,-1,63,0.6825396825396826,0.31746031746031744,0
2006,2006_09_NO_TB,TB,1,52,0,0.25,0.75
2006,2006_09_OAK_SEA,LV,-7,56,0,0.05357142857142857,0.9464285714285714
2006,2006_09_OAK_SEA,SEA,7,72,0.9027777777777778,0.09722222222222222,0
2006,2006_09_TEN_JAX,JAX,9.5,54,0.8148148148148148,0.18518518518518517,0
2006,2006_09_TEN_JAX,TEN,-9.5,69,0,0.043478260869565216,0.9565217391304348
2006,2006_10_BAL_TEN,BAL,7,68,0,0.2647058823529412,0.7352941176470589
2006,2006_10_BAL_TEN,TEN,-7,65,0.5230769230769231,0.47692307692307695,0
2006,2006_10_BUF_IND,BUF,-12,48,0,0.9375,0.0625
2006,2006_10_BUF_IND,IND,12,66,0.3484848484848485,0.6515151515151515,0
2006,2006_10_CHI_NYG,CHI,-1,68,0.2647058823529412,0.6176470588235294,0.11764705882352941
2006,2006_10_CHI_NYG,NYG,1,56,0.19642857142857142,0.5892857142857143,0.21428571428571427
2006,2006_10_CLE_ATL,ATL,9,71,0,0.4507042253521127,0.5492957746478874
2006,2006_10_CLE_ATL,CLE,-9,54,0.5,0.5,0
2006,2006_10_DAL_ARI,ARI,-6.5,59,0,0.4406779661016949,0.559322033898305
2006,2006_10_DAL_ARI,DAL,6.5,64,0.609375,0.390625,0
2006,2006_10_DEN_OAK,DEN,9,56,0.05357142857142857,0.9107142857142857,0.03571428571428571
2006,2006_10_DEN_OAK,LV,9,62,0.3225806451612903,0.6774193548387096,0
2006,2006_10_GB_MIN,GB,-5,66,0.3333333333333333,0.6666666666666666,0
2006,2006_10_GB_MIN,MIN,5,56,0.03571428571428571,0.7142857142857143,0.25
2006,2006_10_HOU_JAX,HOU,-10,78,0.5384615384615384,0.46153846153846156,0
2006,2006_10_HOU_JAX,JAX,10,55,0,0.6727272727272727,0.32727272727272727
2006,2006_10_KC_MIA,KC,-1,60,0,0.18333333333333332,0.8166666666666667
2006,2006_10_KC_MIA,MIA,1,71,0.7746478873239436,0.22535211267605634,0
2006,2006_10_NO_PIT,NO,-6.5,77,0.09090909090909091,0.45454545454545453,0.45454545454545453
2006,2006_10_NO_PIT,PIT,6.5,55,0.36363636363636365,0.6181818181818182,0.01818181818181818
2006,2006_10_NYJ_NE,NE,10.5,65,0,0.8615384615384616,0.13846153846153847
2006,2006_10_NYJ_NE,NYJ,-10.5,63,0.20634920634920634,0.7936507936507936,0
2006,2006_10_SD_CIN,CIN,-1,72,0.6388888888888888,0.25,0.1111111111111111
2006,2006_10_SD_CIN,LAC,1,63,0.06349206349206349,0.42857142857142855,0.5079365079365079
2006,2006_10_SF_DET,DET,6.5,50,0,0.28,0.72
2006,2006_10_SF_DET,SF,-6.5,64,0.6875,0.3125,0
2006,2006_10_STL_SEA,LA,-3,64,0,0.953125,0.046875
2006,2006_10_STL_SEA,SEA,3,54,0,1,0
2006,2006_10_TB_CAR,CAR,10,62,0.25806451612903225,0.7419354838709677,0
2006,2006_10_TB_CAR,TB,-10,57,0.05263157894736842,0.6491228070175439,0.2982456140350877
2006,2006_10_WAS_PHI,PHI,9,58,0.8275862068965517,0.1724137931034483,0
2006,2006_10_WAS_PHI,WAS,-9,62,0,0.22580645161290322,0.7741935483870968
2006,2006_11_ATL_BAL,ATL,-3.5,50,0,0.86,0.14
2006,2006_11_ATL_BAL,BAL,3.5,65,0.27692307692307694,0.7230769230769231,0
2006,2006_11_BUF_HOU,BUF,-3,60,0.13333333333333333,0.8166666666666667,0.05
2006,2006_11_BUF_HOU,HOU,3,59,0.23728813559322035,0.6101694915254238,0.15254237288135594
2006,2006_11_CHI_NYJ,CHI,5.5,57,0.2631578947368421,0.7368421052631579,0
2006,2006_11_CHI_NYJ,NYJ,-5.5,65,0,0.7076923076923077,0.2923076923076923
2006,2006_11_CIN_NO,CIN,-3.5,53,0.18867924528301888,0.8113207547169812,0
2006,2006_11_CIN_NO,NO,3.5,76,0,0.7368421052631579,0.2631578947368421
2006,2006_11_DET_ARI,ARI,2.5,57,0.49122807017543857,0.5087719298245614,0
2006,2006_11_DET_ARI,DET,-2.5,62,0,0.3064516129032258,0.6935483870967742
2006,2006_11_IND_DAL,DAL,-1,57,0.10526315789473684,0.8947368421052632,0
2006,2006_11_IND_DAL,IND,1,63,0,0.9365079365079365,0.06349206349206349
2006,2006_11_MIN_MIA,MIA,3,56,0.10714285714285714,0.8928571428571429,0
2006,2006_11_MIN_MIA,MIN,-3,82,0.024390243902439025,0.7926829268292683,0.18292682926829268
2006,2006_11_NE_GB,GB,-5.5,48,0,0.2916666666666667,0.7083333333333334
2006,2006_11_NE_GB,NE,5.5,68,0.6911764705882353,0.3088235294117647,0
2006,2006_11_NYG_JAX,JAX,4,72,0.5972222222222222,0.4027777777777778,0
2006,2006_11_NYG_JAX,NYG,-4,56,0,0.19642857142857142,0.8035714285714286
2006,2006_11_OAK_KC,KC,9,54,0,1,0
2006,2006_11_OAK_KC,LV,-9,60,0.05,0.8833333333333333,0.06666666666666667
2006,2006_11_PIT_CLE,CLE,-4,61,0.5245901639344263,0.4426229508196721,0.03278688524590164
2006,2006_11_PIT_CLE,PIT,4,66,0,0.3939393939393939,0.6060606060606061
2006,2006_11_SD_DEN,DEN,2.5,65,0.24615384615384617,0.6615384615384615,0.09230769230769231
2006,2006_11_SD_DEN,LAC,-2.5,56,0.08928571428571429,0.6071428571428571,0.30357142857142855
2006,2006_11_SEA_SF,SEA,3,54,0,0.2962962962962963,0.7037037037037037
2006,2006_11_SEA_SF,SF,-3,60,0.6666666666666666,0.3333333333333333,0
2006,2006_11_STL_CAR,CAR,6.5,69,0.5942028985507246,0.4057971014492754,0
2006,2006_11_STL_CAR,LA,-6.5,49,0,0.42857142857142855,0.5714285714285714
2006,2006_11_TEN_PHI,PHI,13,91,0,0.4065934065934066,0.5934065934065934
2006,2006_11_TEN_PHI,TEN,-13,56,0.23214285714285715,0.7678571428571429,0
2006,2006_11_WAS_TB,TB,3,61,0.09836065573770492,0.9016393442622951,0
2006,2006_11_WAS_TB,WAS,-3,55,0,0.6909090909090909,0.3090909090909091
2006,2006_12_ARI_MIN,ARI,-7,57,0,0.43859649122807015,0.5614035087719298
2006,2006_12_ARI_MIN,MIN,7,76,0.3684210526315789,0.631578947368421,0
2006,2006_12_CAR_WAS,CAR,5.5,64,0,1,0
2006,2006_12_CAR_WAS,WAS,-5.5,58,0.05172413793103448,0.9482758620689655,0
2006,2006_12_CHI_NE,CHI,-4.5,71,0,0.7605633802816901,0.23943661971830985
2006,2006_12_CHI_NE,NE,4.5,64,0.28125,0.71875,0
2006,2006_12_CIN_CLE,CIN,3,72,0.7083333333333334,0.2916666666666667,0
2006,2006_12_CIN_CLE,CLE,-3,47,0,0.2553191489361702,0.7446808510638298
2006,2006_12_DEN_KC,DEN,-1,56,0,0.39285714285714285,0.6071428571428571
2006,2006_12_DEN_KC,KC,1,62,0.6612903225806451,0.3387096774193548,0
2006,2006_12_GB_SEA,GB,-10,56,0.07142857142857142,0.625,0.30357142857142855
2006,2006_12_GB_SEA,SEA,10,85,0.2,0.7411764705882353,0.058823529411764705
2006,2006_12_HOU_NYJ,HOU,-4.5,70,0,0.5571428571428572,0.44285714285714284
2006,2006_12_HOU_NYJ,NYJ,4.5,59,0.4745762711864407,0.5254237288135594,0
2006,2006_12_JAX_BUF,BUF,-3,51,0.45098039215686275,0.5490196078431373,0
2006,2006_12_JAX_BUF,JAX,3,60,0,0.4166666666666667,0.5833333333333334
2006,2006_12_MIA_DET,DET,-3,58,0.05172413793103448,0.5344827586206896,0.41379310344827586
2006,2006_12_MIA_DET,MIA,3,64,0.484375,0.453125,0.0625
2006,2006_12_NO_ATL,ATL,3,72,0,0.3611111111111111,0.6388888888888888
2006,2006_12_NO_ATL,NO,-3,57,0.8771929824561403,0.12280701754385964,0
2006,2006_12_NYG_TEN,NYG,4,64,0.71875,0.28125,0
2006,2006_12_NYG_TEN,TEN,-4,60,0.016666666666666666,0.2,0.7833333333333333
2006,2006_12_OAK_SD,LAC,-13.5,58,0.08620689655172414,0.8103448275862069,0.10344827586206896
2006,2006_12_OAK_SD,LV,-13.5,61,0.09836065573770492,0.8360655737704918,0.06557377049180328
2006,2006_12_PHI_IND,IND,10,58,0.8103448275862069,0.1896551724137931,0
2006,2006_12_PHI_IND,PHI,-10,56,0,0.23214285714285715,0.7678571428571429
2006,2006_12_PIT_BAL,BAL,3,58,0.896551724137931,0.10344827586206896,0
2006,2006_12_PIT_BAL,PIT,-3,61,0,0.08196721311475409,0.9180327868852459
2006,2006_12_SF_STL,LA,-4.5,68,0.04411764705882353,0.9117647058823529,0.04411764705882353
2006,2006_12_SF_STL,SF,-4.5,56,0.05357142857142857,0.8571428571428571,0.08928571428571429
2006,2006_12_TB_DAL,DAL,12.5,64,0.625,0.375,0
2006,2006_12_TB_DAL,TB,-12.5,43,0,0.5813953488372093,0.4186046511627907
2006,2006_13_ARI_STL,ARI,-6,62,0.532258064516129,0.46774193548387094,0
2006,2006_13_ARI_STL,LA,-6,71,0,0.4225352112676056,0.5774647887323944
2006,2006_13_ATL_WAS,ATL,1,57,0.17543859649122806,0.38596491228070173,0.43859649122807015
2006,2006_13_ATL_WAS,WAS,-1,73,0.273972602739726,0.3561643835616438,0.3698630136986301
2006,2006_13_BAL_CIN,BAL,-3,60,0,0.4166666666666667,0.5833333333333334
2006,2006_13_BAL_CIN,CIN,3,54,0.37037037037037035,0.6296296296296297,0
2006,2006_13_CAR_PHI,CAR,3,60,0.06666666666666667,0.9333333333333333,0
2006,2006_13_CAR_PHI,PHI,-3,64,0,0.921875,0.078125
2006,2006_13_DAL_NYG,DAL,3,59,0,1,0
2006,2006_13_DAL_NYG,NYG,-3,65,0,0.9230769230769231,0.07692307692307693
2006,2006_13_DET_NE,DET,-13,65,0.2,0.7538461538461538,0.046153846153846156
2006,2006_13_DET_NE,NE,13,61,0.04918032786885246,0.9016393442622951,0.04918032786885246
2006,2006_13_HOU_OAK,HOU,-3,50,0.18,0.8,0.02
2006,2006_13_HOU_OAK,LV,-3,71,0,0.8591549295774648,0.14084507042253522
2006,2006_13_IND_TEN,IND,7.5,57,0.15789473684210525,0.8421052631578947,0
2006,2006_13_IND_TEN,TEN,-7.5,59,0.05084745762711865,0.7457627118644068,0.2033898305084746
2006,2006_13_JAX_MIA,JAX,-1,55,0.45454545454545453,0.5454545454545454,0
2006,2006_13_JAX_MIA,MIA,1,64,0.0625,0.4375,0.5
2006,2006_13_KC_CLE,CLE,-4,56,0.08928571428571429,0.6607142857142857,0.25
2006,2006_13_KC_CLE,KC,4,60,0.3333333333333333,0.6666666666666666,0
2006,2006_13_MIN_CHI,CHI,9,42,0.30952380952380953,0.6904761904761905,0
2006,2006_13_MIN_CHI,MIN,-9,77,0,0.6753246753246753,0.3246753246753247
2006,2006_13_NYJ_GB,GB,1,72,0,0.1111111111111111,0.8888888888888888
2006,2006_13_NYJ_GB,NYJ,-1,66,0.7121212121212122,0.2878787878787879,0
2006,2006_13_SD_BUF,BUF,-5.5,63,0,0.5079365079365079,0.49206349206349204
2006,2006_13_SD_BUF,LAC,5.5,66,0.5151515151515151,0.48484848484848486,0
2006,2006_13_SEA_DEN,DEN,4.5,58,0.5862068965517241,0.39655172413793105,0.017241379310344827
2006,2006_13_SEA_DEN,SEA,-4.5,59,0.05084745762711865,0.8135593220338984,0.13559322033898305
2006,2006_13_SF_NO,NO,7,68,0.6764705882352942,0.3235294117647059,0
2006,2006_13_SF_NO,SF,-7,47,0,0.574468085106383,0.425531914893617
2006,2006_13_TB_PIT,PIT,9,57,0.6842105263157895,0.3157894736842105,0
2006,2006_13_TB_PIT,TB,-9,69,0,0.3188405797101449,0.6811594202898551
2006,2006_14_ATL_TB,ATL,4,59,0.3050847457627119,0.6610169491525424,0.03389830508474576
2006,2006_14_ATL_TB,TB,-4,67,0.373134328358209,0.2537313432835821,0.373134328358209
2006,2006_14_BAL_KC,BAL,-3,58,0.5862068965517241,0.41379310344827586,0
2006,2006_14_BAL_KC,KC,3,62,0,0.6774193548387096,0.3225806451612903
2006,2006_14_BUF_NYJ,BUF,-4.5,51,0.5098039215686274,0.49019607843137253,0
2006,2006_14_BUF_NYJ,NYJ,4.5,70,0.014285714285714285,0.6,0.38571428571428573
2006,2006_14_CHI_STL,CHI,6,55,0.36363636363636365,0.6363636363636364,0
2006,2006_14_CHI_STL,LA,6,77,0,0.4935064935064935,0.5064935064935064
2006,2006_14_CLE_PIT,CLE,-7,47,0,0.3191489361702128,0.6808510638297872
2006,2006_14_CLE_PIT,PIT,7,70,0.7285714285714285,0.2714285714285714,0
2006,2006_14_DEN_SD,DEN,-9,62,0,0.16129032258064516,0.8387096774193549
2006,2006_14_DEN_SD,LAC,-9,60,0.85,0.15,0
2006,2006_14_GB_SF,GB,-4,66,0.4696969696969697,0.5303030303030303,0
2006,2006_14_GB_SF,SF,4,54,0,0.5,0.5
2006,2006_14_IND_JAX,IND,1,72,0,0.4027777777777778,0.5972222222222222
2006,2006_14_IND_JAX,JAX,-1,55,0.8181818181818182,0.18181818181818182,0
2006,2006_14_MIN_DET,DET,1,54,0,0.09259259259259259,0.9074074074074074
2006,2006_14_MIN_DET,MIN,-1,65,0.7538461538461538,0.24615384615384617,0
2006,2006_14_NE_MIA,MIA,-3,60,0.6,0.4,0
2006,2006_14_NE_MIA,NE,3,58,0,0.603448275862069,0.39655172413793105
2006,2006_14_NO_DAL,DAL,7.5,49,0.08163265306122448,0.24489795918367346,0.673469387755102
2006,2006_14_NO_DAL,NO,-7.5,70,0.4,0.4714285714285714,0.12857142857142856
2006,2006_14_NYG_CAR,CAR,-3,77,0,0.4155844155844156,0.5844155844155844
2006,2006_14_NYG_CAR,NYG,3,66,0.3939393939393939,0.6060606060606061,0
2006,2006_14_OAK_CIN,CIN,10.5,65,0.8153846153846154,0.18461538461538463,0
2006,2006_14_OAK_CIN,LV,-10.5,59,0,0.11864406779661017,0.8813559322033898
2006,2006_14_PHI_WAS,PHI,2,42,0.5714285714285714,0.42857142857142855,0
2006,2006_14_PHI_WAS,WAS,-2,70,0,0.5571428571428572,0.44285714285714284
2006,2006_14_SEA_ARI,ARI,-3,65,0.6153846153846154,0.38461538461538464,0
2006,2006_14_SEA_ARI,SEA,3,59,0,0.5254237288135594,0.4745762711864407
2006,2006_14_TEN_HOU,HOU,1,52,0.09615384615384616,0.9038461538461539,0
2006,2006_14_TEN_HOU,TEN,-1,59,0,0.8983050847457628,0.1016949152542373
2006,2006_15_CIN_IND,CIN,-3.5,62,0,0.43548387096774194,0.5645161290322581
2006,2006_15_CIN_IND,IND,3.5,66,0.4696969696969697,0.5303030303030303,0
2006,2006_15_CLE_BAL,BAL,13,58,0.6206896551724138,0.3793103448275862,0
2006,2006_15_CLE_BAL,CLE,-13,55,0,0.36363636363636365,0.6363636363636364
2006,2006_15_DAL_ATL,ATL,-4,60,0,0.8166666666666667,0.18333333333333332
2006,2006_15_DAL_ATL,DAL,4,58,0.20689655172413793,0.7758620689655172,0.017241379310344827
2006,2006_15_DEN_ARI,ARI,-2.5,56,0,0.19642857142857142,0.8035714285714286
2006,2006_15_DEN_ARI,DEN,2.5,70,0.6857142857142857,0.3142857142857143,0
2006,2006_15_DET_GB,DET,-6,51,0,0.8235294117647058,0.17647058823529413
2006,2006_15_DET_GB,GB,6,69,0.30434782608695654,0.6956521739130435,0
2006,2006_15_HOU_NE,HOU,-13,54,0,0.1111111111111111,0.8888888888888888
2006,2006_15_HOU_NE,NE,13,61,0.819672131147541,0.18032786885245902,0
2006,2006_15_JAX_TEN,JAX,3.5,81,0,0.6172839506172839,0.38271604938271603
2006,2006_15_JAX_TEN,TEN,-3.5,33,0.30303030303030304,0.696969696969697,0
2006,2006_15_KC_SD,KC,-9.5,68,0,0.2647058823529412,0.7352941176470589
2006,2006_15_KC_SD,LAC,-9.5,63,0.7936507936507936,0.20634920634920634,0
2006,2006_15_MIA_BUF,BUF,1,59,0.6610169491525424,0.3389830508474576,0
2006,2006_15_MIA_BUF,MIA,-1,62,0,0.4838709677419355,0.5161290322580645
2006,2006_15_NYJ_MIN,MIN,3.5,57,0,0.24561403508771928,0.7543859649122807
2006,2006_15_NYJ_MIN,NYJ,-3.5,70,0.5285714285714286,0.45714285714285713,0.014285714285714285
2006,2006_15_PHI_NYG,NYG,5.5,62,0,0.7741935483870968,0.22580645161290322
2006,2006_15_PHI_NYG,PHI,-5.5,60,0.08333333333333333,0.8666666666666667,0.05
2006,2006_15_PIT_CAR,CAR,-3,55,0,0.32727272727272727,0.6727272727272727
2006,2006_15_PIT_CAR,PIT,3,63,0.6349206349206349,0.36507936507936506,0
2006,2006_15_SF_SEA,SEA,10,67,0.43283582089552236,0.4626865671641791,0.1044776119402985
2006,2006_15_SF_SEA,SF,-10,62,0.20967741935483872,0.5806451612903226,0.20967741935483872
2006,2006_15_STL_OAK,LA,-3,61,0.45901639344262296,0.5409836065573771,0
2006,2006_15_STL_OAK,LV,-3,59,0,0.3728813559322034,0.6271186440677966
2006,2006_15_TB_CHI,CHI,13,70,0.5714285714285714,0.42857142857142855,0
2006,2006_15_TB_CHI,TB,-13,59,0,0.3728813559322034,0.6271186440677966
2006,2006_15_WAS_NO,NO,10,64,0,0.875,0.125
2006,2006_15_WAS_NO,WAS,-10,58,0.3448275862068966,0.6551724137931034,0
2006,2006_16_ARI_SF,ARI,-3.5,65,0.7846153846153846,0.2153846153846154,0
2006,2006_16_ARI_SF,SF,3.5,45,0,0.35555555555555557,0.6444444444444445
2006,2006_16_BAL_PIT,BAL,-4,63,0.6507936507936508,0.3492063492063492,0
2006,2006_16_BAL_PIT,PIT,4,65,0,0.26153846153846155,0.7384615384615385
2006,2006_16_CAR_ATL,ATL,6,42,0,0.6190476190476191,0.38095238095238093
2006,2006_16_CAR_ATL,CAR,-6,62,0.4032258064516129,0.5967741935483871,0
2006,2006_16_CHI_DET,CHI,6,77,0.03896103896103896,0.961038961038961,0
2006,2006_16_CHI_DET,DET,-6,64,0,0.796875,0.203125
2006,2006_16_CIN_DEN,CIN,-3,76,0.013157894736842105,0.75,0.23684210526315788
2006,2006_16_CIN_DEN,DEN,3,59,0.288135593220339,0.711864406779661,0
2006,2006_16_IND_HOU,HOU,-9,65,0.47692307692307695,0.5230769230769231,0
2006,2006_16_IND_HOU,IND,9,44,0,0.4318181818181818,0.5681818181818182
2006,2006_16_KC_OAK,KC,7,62,0.5806451612903226,0.41935483870967744,0
2006,2006_16_KC_OAK,LV,7,65,0,0.5384615384615384,0.46153846153846156
2006,2006_16_MIN_GB,GB,4,75,0.26666666666666666,0.7333333333333333,0
2006,2006_16_MIN_GB,MIN,-4,45,0,0.9111111111111111,0.08888888888888889
2006,2006_16_NE_JAX,JAX,3,46,0.06521739130434782,0.6521739130434783,0.2826086956521739
2006,2006_16_NE_JAX,NE,-3,67,0.16417910447761194,0.835820895522388,0
2006,2006_16_NO_NYG,NO,-3,82,0.47560975609756095,0.524390243902439,0
2006,2006_16_NO_NYG,NYG,3,45,0,0.5777777777777777,0.4222222222222222
2006,2006_16_NYJ_MIA,MIA,2.5,58,0,1,0
2006,2006_16_NYJ_MIA,NYJ,-2.5,60,0.05,0.95,0
2006,2006_16_PHI_DAL,DAL,6.5,51,0,0.39215686274509803,0.6078431372549019
2006,2006_16_PHI_DAL,PHI,-6.5,66,0.6515151515151515,0.3484848484848485,0
2006,2006_16_SD_SEA,LAC,4,63,0.1746031746031746,0.8095238095238095,0.015873015873015872
2006,2006_16_SD_SEA,SEA,-4,76,0.05263157894736842,0.7236842105263158,0.2236842105263158
2006,2006_16_TB_CLE,CLE,3.5,50,0,0.52,0.48
2006,2006_16_TB_CLE,TB,-3.5,72,0.5277777777777778,0.4722222222222222,0
2006,2006_16_TEN_BUF,BUF,5.5,61,0.2459016393442623,0.7540983606557377,0
2006,2006_16_TEN_BUF,TEN,-5.5,60,0,0.7666666666666667,0.23333333333333334
2006,2006_16_WAS_STL,LA,-1,67,0.07462686567164178,0.8507462686567164,0.07462686567164178
2006,2006_16_WAS_STL,WAS,-1,61,0.21311475409836064,0.7868852459016393,0
2006,2006_17_ARI_SD,ARI,-13.5,55,0,0.38181818181818183,0.6181818181818182
2006,2006_17_ARI_SD,LAC,-13.5,62,0.41935483870967744,0.5806451612903226,0
2006,2006_17_ATL_PHI,ATL,-7,74,0,0.6486486486486487,0.35135135135135137
2006,2006_17_ATL_PHI,PHI,7,53,0.4528301886792453,0.5471698113207547,0
2006,2006_17_BUF_BAL,BAL,9.5,63,0.3333333333333333,0.6666666666666666,0
2006,2006_17_BUF_BAL,BUF,-9.5,52,0,0.5192307692307693,0.4807692307692308
2006,2006_17_CAR_NO,CAR,3,57,0.2982456140350877,0.6842105263157895,0.017543859649122806
2006,2006_17_CAR_NO,NO,-3,51,0.0196078431372549,0.5686274509803921,0.4117647058823529
2006,2006_17_CLE_HOU,CLE,-6,63,0,0.6666666666666666,0.3333333333333333
2006,2006_17_CLE_HOU,HOU,6,40,0.425,0.575,0
2006,2006_17_DET_DAL,DAL,13.5,57,0,0.5614035087719298,0.43859649122807015
2006,2006_17_DET_DAL,DET,-13.5,71,0.16901408450704225,0.8309859154929577,0
2006,2006_17_GB_CHI,CHI,2.5,53,0,0.20754716981132076,0.7924528301886793
2006,2006_17_GB_CHI,GB,-2.5,76,0.7105263157894737,0.2894736842105263,0
2006,2006_17_JAX_KC,JAX,-1,65,0,0.3230769230769231,0.676923076923077
2006,2006_17_JAX_KC,KC,1,66,0.7424242424242424,0.25757575757575757,0
2006,2006_17_MIA_IND,IND,9.5,68,0.45588235294117646,0.5441176470588235,0
2006,2006_17_MIA_IND,MIA,-9.5,62,0,0.41935483870967744,0.5806451612903226
2006,2006_17_NE_TEN,NE,-3.5,59,0.5423728813559322,0.4576271186440678,0
2006,2006_17_NE_TEN,TEN,3.5,66,0,0.5606060606060606,0.4393939393939394
2006,2006_17_NYG_WAS,NYG,1,59,0.576271186440678,0.423728813559322,0
2006,2006_17_NYG_WAS,WAS,-1,62,0,0.3870967741935484,0.6129032258064516
2006,2006_17_OAK_NYJ,LV,-10,50,0,0.48,0.52
2006,2006_17_OAK_NYJ,NYJ,10,65,0.8153846153846154,0.18461538461538463,0
2006,2006_17_PIT_CIN,CIN,6,50,0,1,0
2006,2006_17_PIT_CIN,PIT,-6,70,0.07142857142857142,0.9285714285714286,0
2006,2006_17_SEA_TB,SEA,-3,70,0.5428571428571428,0.45714285714285713,0
2006,2006_17_SEA_TB,TB,3,49,0,0.5918367346938775,0.40816326530612246
2006,2006_17_SF_DEN,DEN,10.5,51,0.0196078431372549,0.7450980392156863,0.23529411764705882
2006,2006_17_SF_DEN,SF,-10.5,62,0.11290322580645161,0.5483870967741935,0.3387096774193548
2006,2006_17_STL_MIN,LA,1,65,0.7230769230769231,0.27692307692307694,0
2006,2006_17_STL_MIN,MIN,-1,61,0,0.4262295081967213,0.5737704918032787
2006,2006_18_DAL_SEA,DAL,-1,57,0.12280701754385964,0.8771929824561403,0
2006,2006_18_DAL_SEA,SEA,1,67,0.05970149253731343,0.8955223880597015,0.04477611940298507
2006,2006_18_KC_IND,IND,7,77,0.8311688311688312,0.16883116883116883,0
2006,2006_18_KC_IND,KC,-7,45,0,0.26666666666666666,0.7333333333333333
2006,2006_18_NYG_PHI,NYG,-6.5,59,0,0.6101694915254238,0.3898305084745763
2006,2006_18_NYG_PHI,PHI,6.5,64,0.421875,0.578125,0
2006,2006_18_NYJ_NE,NE,9.5,72,0.3194444444444444,0.6805555555555556,0
2006,2006_18_NYJ_NE,NYJ,-9.5,60,0,0.6166666666666667,0.38333333333333336
2006,2006_19_IND_BAL,BAL,4,51,0,0.5882352941176471,0.4117647058823529
2006,2006_19_IND_BAL,IND,-4,64,0.4375,0.5625,0
2006,2006_19_NE_SD,LAC,-5,66,0.10606060606060606,0.8787878787878788,0.015151515151515152
2006,2006_19_NE_SD,NE,-5,74,0.013513513513513514,0.7027027027027027,0.28378378378378377
2006,2006_19_PHI_NO,NO,5.5,70,0.2,0.8,0
2006,2006_19_PHI_NO,PHI,-5.5,51,0,0.9411764705882353,0.058823529411764705
2006,2006_19_SEA_CHI,CHI,3.5,69,0.08695652173913043,0.9130434782608695,0
2006,2006_19_SEA_CHI,SEA,-3.5,62,0,1,0
2006,2006_20_NE_IND,IND,3.5,79,0,0.569620253164557,0.43037974683544306
2006,2006_20_NE_IND,NE,-3.5,58,0.1896551724137931,0.7413793103448276,0.06896551724137931
2006,2006_20_NO_CHI,CHI,2.5,70,0.6142857142857143,0.38571428571428573,0
2006,2006_20_NO_CHI,NO,-2.5,64,0,0.46875,0.53125
2006,2006_21_IND_CHI,CHI,-6.5,48,0.0625,0.5833333333333334,0.3541666666666667
2006,2006_21_IND_CHI,IND,6.5,81,0.2222222222222222,0.7160493827160493,0.06172839506172839
2007,2007_01_ARI_SF,ARI,-3.5,67,0.04477611940298507,0.9402985074626866,0.014925373134328358
2007,2007_01_ARI_SF,SF,3.5,55,0.05454545454545454,0.9272727272727272,0.01818181818181818
2007,2007_01_ATL_MIN,ATL,-3,66,0,0.5,0.5
2007,2007_01_ATL_MIN,MIN,3,50,0.82,0.18,0
2007,2007_01_BAL_CIN,BAL,-2.5,66,0,0.5606060606060606,0.4393939393939394
2007,2007_01_BAL_CIN,CIN,2.5,54,0.46296296296296297,0.5370370370370371,0
2007,2007_01_CAR_STL,CAR,-1.5,65,0.24615384615384617,0.7384615384615385,0.015384615384615385
2007,2007_01_CAR_STL,LA,-1.5,63,0.06349206349206349,0.6984126984126984,0.23809523809523808
2007,2007_01_CHI_SD,CHI,-7,52,0,0.8846153846153846,0.11538461538461539
2007,2007_01_CHI_SD,LAC,-7,71,0.28169014084507044,0.7183098591549296,0
2007,2007_01_DEN_BUF,BUF,-3,49,0.08163265306122448,0.9183673469387755,0
2007,2007_01_DEN_BUF,DEN,3,71,0,0.9014084507042254,0.09859154929577464
2007,2007_01_DET_OAK,DET,-3,58,0.3793103448275862,0.6206896551724138,0
2007,2007_01_DET_OAK,LV,-3,66,0,0.5757575757575758,0.42424242424242425
2007,2007_01_KC_HOU,HOU,3,54,0.5925925925925926,0.4074074074074074,0
2007,2007_01_KC_HOU,KC,-3,53,0,0.37735849056603776,0.6226415094339622
2007,2007_01_MIA_WAS,MIA,-3,60,0,1,0
2007,2007_01_MIA_WAS,WAS,3,55,0.03636363636363636,0.9636363636363636,0
2007,2007_01_NE_NYJ,NE,6,64,0.5625,0.4375,0
2007,2007_01_NE_NYJ,NYJ,-6,55,0,0.45454545454545453,0.5454545454545454
2007,2007_01_NO_IND,IND,5.5,59,0.3898305084745763,0.6101694915254238,0
2007,2007_01_NO_IND,NO,-5.5,68,0,0.45588235294117646,0.5441176470588235
2007,2007_01_NYG_DAL,DAL,6,55,0.41818181818181815,0.5818181818181818,0
2007,2007_01_NYG_DAL,NYG,-6,67,0,0.3283582089552239,0.6716417910447762
2007,2007_01_PHI_GB,GB,-3,62,0.20967741935483872,0.7903225806451613,0
2007,2007_01_PHI_GB,PHI,3,63,0,0.6825396825396826,0.31746031746031744
2007,2007_01_PIT_CLE,CLE,-4.5,59,0,0.22033898305084745,0.7796610169491526
2007,2007_01_PIT_CLE,PIT,4.5,65,0.9230769230769231,0.07692307692307693,0
2007,2007_01_TB_SEA,SEA,6,60,0.31666666666666665,0.6833333333333333,0
2007,2007_01_TB_SEA,TB,-6,59,0,0.7457627118644068,0.2542372881355932
2007,2007_01_TEN_JAX,JAX,7.5,50,0.34,0.66,0
2007,2007_01_TEN_JAX,TEN,-7.5,67,0.13432835820895522,0.8507462686567164,0.014925373134328358
2007,2007_02_ATL_JAX,ATL,-10,51,0.09803921568627451,0.8431372549019608,0.058823529411764705
2007,2007_02_ATL_JAX,JAX,10,62,0.24193548387096775,0.7580645161290323,0
2007,2007_02_BUF_PIT,BUF,-10,51,0,0.21568627450980393,0.7843137254901961
2007,2007_02_BUF_PIT,PIT,10,64,0.53125,0.46875,0
2007,2007_02_CIN_CLE,CIN,7,77,0,0.5324675324675324,0.4675324675324675
2007,2007_02_CIN_CLE,CLE,-7,62,0.25806451612903225,0.7419354838709677,0
2007,2007_02_DAL_MIA,DAL,3.5,66,0.3484848484848485,0.6515151515151515,0
2007,2007_02_DAL_MIA,MIA,-3.5,60,0,0.7333333333333333,0.26666666666666666
2007,2007_02_GB_NYG,GB,-3,66,0.19696969696969696,0.803030303030303,0
2007,2007_02_GB_NYG,NYG,3,58,0,0.5862068965517241,0.41379310344827586
2007,2007_02_HOU_CAR,CAR,6.5,61,0.09836065573770492,0.3442622950819672,0.5573770491803278
2007,2007_02_HOU_CAR,HOU,-6.5,63,0.3492063492063492,0.47619047619047616,0.1746031746031746
2007,2007_02_IND_TEN,IND,7,65,0.6307692307692307,0.36923076923076925,0
2007,2007_02_IND_TEN,TEN,-7,64,0,0.65625,0.34375
2007,2007_02_KC_CHI,CHI,11.5,63,0.6825396825396826,0.31746031746031744,0
2007,2007_02_KC_CHI,KC,-11.5,60,0,0.25,0.75
2007,2007_02_MIN_DET,DET,3,76,0.10526315789473684,0.8947368421052632,0
2007,2007_02_MIN_DET,MIN,-3,61,0,0.9016393442622951,0.09836065573770492
2007,2007_02_NO_TB,NO,5,72,0,0.09722222222222222,0.9027777777777778
2007,2007_02_NO_TB,TB,-5,47,0.7659574468085106,0.23404255319148937,0
2007,2007_02_NYJ_BAL,BAL,9.5,67,0.6417910447761194,0.3582089552238806,0
2007,2007_02_NYJ_BAL,NYJ,-9.5,68,0,0.35294117647058826,0.6470588235294118
2007,2007_02_OAK_DEN,DEN,10,61,0.5081967213114754,0.4918032786885246,0
2007,2007_02_OAK_DEN,LV,-10,52,0,0.5769230769230769,0.4230769230769231
2007,2007_02_SD_NE,LAC,-3.5,53,0,0.07547169811320754,0.9245283018867925
2007,2007_02_SD_NE,NE,3.5,63,0.873015873015873,0.12698412698412698,0
2007,2007_02_SEA_ARI,ARI,-3,63,0.4126984126984127,0.5873015873015873,0
2007,2007_02_SEA_ARI,SEA,3,61,0,0.5573770491803278,0.4426229508196721
2007,2007_02_SF_STL,LA,-3,69,0.21739130434782608,0.782608695652174,0
2007,2007_02_SF_STL,SF,-3,47,0,0.8723404255319149,0.1276595744680851
2007,2007_02_WAS_PHI,PHI,6.5,69,0.014492753623188406,0.6376811594202898,0.34782608695652173
2007,2007_02_WAS_PHI,WAS,-6.5,60,0.2,0.8,0
2007,2007_03_ARI_BAL,ARI,-7,55,0,0.41818181818181815,0.5818181818181818
2007,2007_03_ARI_BAL,BAL,7,70,0.4,0.6,0
2007,2007_03_BUF_NE,BUF,-16.5,50,0,0.48,0.52
2007,2007_03_BUF_NE,NE,16.5,68,0.5735294117647058,0.4264705882352941,0
2007,2007_03_CAR_ATL,ATL,-4,64,0,0.796875,0.203125
2007,2007_03_CAR_ATL,CAR,4,58,0.2413793103448276,0.7586206896551724,0
2007,2007_03_CIN_SEA,CIN,-3.5,74,0,1,0
2007,2007_03_CIN_SEA,SEA,3.5,62,0.04838709677419355,0.9516129032258065,0
2007,2007_03_CLE_OAK,CLE,-3,54,0,0.6111111111111112,0.3888888888888889
2007,2007_03_CLE_OAK,LV,-3,69,0.4057971014492754,0.5942028985507246,0
2007,2007_03_DAL_CHI,CHI,3,58,0,0.7758620689655172,0.22413793103448276
2007,2007_03_DAL_CHI,DAL,-3,63,0.2857142857142857,0.7142857142857143,0
2007,2007_03_DET_PHI,DET,-5,67,0,0.07462686567164178,0.9253731343283582
2007,2007_03_DET_PHI,PHI,5,59,0.7627118644067796,0.23728813559322035,0
2007,2007_03_IND_HOU,HOU,-6.5,53,0,0.5094339622641509,0.49056603773584906
2007,2007_03_IND_HOU,IND,6.5,59,0.3728813559322034,0.6271186440677966,0
2007,2007_03_JAX_DEN,DEN,3.5,41,0,0.36585365853658536,0.6341463414634146
2007,2007_03_JAX_DEN,JAX,-3.5,66,0.5,0.5,0
2007,2007_03_MIA_NYJ,MIA,-3,60,0,0.5666666666666667,0.43333333333333335
2007,2007_03_MIA_NYJ,NYJ,3,57,0.631578947368421,0.3684210526315789,0
2007,2007_03_MIN_KC,KC,3,61,0.11475409836065574,0.8524590163934426,0.03278688524590164
2007,2007_03_MIN_KC,MIN,-3,62,0.3548387096774194,0.5483870967741935,0.0967741935483871
2007,2007_03_NYG_WAS,NYG,-3.5,67,0.04477611940298507,0.582089552238806,0.373134328358209
2007,2007_03_NYG_WAS,WAS,3.5,61,0.26229508196721313,0.4918032786885246,0.2459016393442623
2007,2007_03_SD_GB,GB,-5.5,59,0.0847457627118644,0.9152542372881356,0
2007,2007_03_SD_GB,LAC,5.5,65,0.046153846153846156,0.8,0.15384615384615385
2007,2007_03_SF_PIT,PIT,10,54,0.6296296296296297,0.37037037037037035,0
2007,2007_03_SF_PIT,SF,-10,59,0,0.4745762711864407,0.5254237288135594
2007,2007_03_STL_TB,LA,-3.5,61,0,0.5737704918032787,0.4262295081967213
2007,2007_03_STL_TB,TB,3.5,52,0.4230769230769231,0.5769230769230769,0
2007,2007_03_TEN_NO,NO,4.5,62,0,0.6774193548387096,0.3225806451612903
2007,2007_03_TEN_NO,TEN,-4.5,58,0.2413793103448276,0.7586206896551724,0
2007,2007_04_BAL_CLE,BAL,3.5,73,0,0.0958904109589041,0.9041095890410958
2007,2007_04_BAL_CLE,CLE,-3.5,46,0.782608695652174,0.21739130434782608,0
2007,2007_04_CHI_DET,CHI,2.5,80,0.1625,0.6375,0.2
2007,2007_04_CHI_DET,DET,-2.5,54,0.14814814814814814,0.7777777777777778,0.07407407407407407
2007,2007_04_DEN_IND,DEN,-10,58,0,0.5689655172413793,0.43103448275862066
2007,2007_04_DEN_IND,IND,10,61,0.4426229508196721,0.5573770491803278,0
2007,2007_04_GB_MIN,GB,1,64,0.34375,0.65625,0
2007,2007_04_GB_MIN,MIN,-1,65,0,0.7230769230769231,0.27692307692307694
2007,2007_04_HOU_ATL,ATL,-2.5,60,0.5833333333333334,0.4166666666666667,0
2007,2007_04_HOU_ATL,HOU,2.5,61,0,0.3770491803278688,0.6229508196721312
2007,2007_04_KC_SD,KC,-12,59,0.1864406779661017,0.4067796610169492,0.4067796610169492
2007,2007_04_KC_SD,LAC,-12,67,0.3582089552238806,0.373134328358209,0.26865671641791045
2007,2007_04_NE_CIN,CIN,-7.5,51,0,0.47058823529411764,0.5294117647058824
2007,2007_04_NE_CIN,NE,7.5,62,0.46774193548387094,0.532258064516129,0
2007,2007_04_NYJ_BUF,BUF,-3.5,57,0.15789473684210525,0.8421052631578947,0
2007,2007_04_NYJ_BUF,NYJ,3.5,59,0,0.6949152542372882,0.3050847457627119
2007,2007_04_OAK_MIA,LV,-3.5,62,0.5967741935483871,0.4032258064516129,0
2007,2007_04_OAK_MIA,MIA,3.5,47,0,0.574468085106383,0.425531914893617
2007,2007_04_PHI_NYG,NYG,-2,51,0.5686274509803921,0.43137254901960786,0
2007,2007_04_PHI_NYG,PHI,2,66,0,0.45454545454545453,0.5454545454545454
2007,2007_04_PIT_ARI,ARI,-5.5,61,0.26229508196721313,0.7213114754098361,0.01639344262295082
2007,2007_04_PIT_ARI,PIT,5.5,62,0.08064516129032258,0.6290322580645161,0.2903225806451613
2007,2007_04_SEA_SF,SEA,1,68,0.5882352941176471,0.4117647058823529,0
2007,2007_04_SEA_SF,SF,-1,59,0,0.3050847457627119,0.6949152542372882
2007,2007_04_STL_DAL,DAL,13,66,0.4696969696969697,0.5303030303030303,0
2007,2007_04_STL_DAL,LA,-13,53,0,0.5094339622641509,0.49056603773584906
2007,2007_04_TB_CAR,CAR,3,67,0,0.11940298507462686,0.8805970149253731
2007,2007_04_TB_CAR,TB,-3,66,0.7272727272727273,0.2727272727272727,0
2007,2007_05_ARI_STL,ARI,3.5,71,0.1267605633802817,0.8309859154929577,0.04225352112676056
2007,2007_05_ARI_STL,LA,3.5,67,0.04477611940298507,0.7761194029850746,0.1791044776119403
2007,2007_05_ATL_TEN,ATL,-9,63,0,0.7777777777777778,0.2222222222222222
2007,2007_05_ATL_TEN,TEN,9,63,0.23809523809523808,0.7619047619047619,0
2007,2007_05_BAL_SF,BAL,4,75,0.16,0.84,0
2007,2007_05_BAL_SF,SF,-4,41,0,0.926829268292683,0.07317073170731707
2007,2007_05_CAR_NO,CAR,-3.5,48,0,0.6458333333333334,0.3541666666666667
2007,2007_05_CAR_NO,NO,3.5,75,0.3333333333333333,0.6666666666666666,0
2007,2007_05_CHI_GB,CHI,-3,59,0,0.8305084745762712,0.1694915254237288
2007,2007_05_CHI_GB,GB,3,61,0.3442622950819672,0.5245901639344263,0.13114754098360656
2007,2007_05_CLE_NE,CLE,-15.5,65,0,0.15384615384615385,0.8461538461538461
2007,2007_05_CLE_NE,NE,15.5,70,0.7571428571428571,0.24285714285714285,0
2007,2007_05_DAL_BUF,BUF,-10.5,58,0.5,0.5,0
2007,2007_05_DAL_BUF,DAL,10.5,71,0,0.39436619718309857,0.6056338028169014
2007,2007_05_DET_WAS,DET,-4,54,0,0.2777777777777778,0.7222222222222222
2007,2007_05_DET_WAS,WAS,4,64,0.5,0.5,0
2007,2007_05_JAX_KC,JAX,1,64,0.640625,0.359375,0
2007,2007_05_JAX_KC,KC,-1,55,0,0.2545454545454545,0.7454545454545455
2007,2007_05_MIA_HOU,HOU,4.5,63,0.015873015873015872,0.9365079365079365,0.047619047619047616
2007,2007_05_MIA_HOU,MIA,-4.5,55,0.18181818181818182,0.8181818181818182,0
2007,2007_05_NYJ_NYG,NYG,3.5,62,0.11290322580645161,0.6612903225806451,0.22580645161290322
2007,2007_05_NYJ_NYG,NYJ,-3.5,62,0.0967741935483871,0.7903225806451613,0.11290322580645161
2007,2007_05_SD_DEN,DEN,-1,57,0,0.14035087719298245,0.8596491228070176
2007,2007_05_SD_DEN,LAC,1,53,0.8490566037735849,0.1509433962264151,0
2007,2007_05_SEA_PIT,PIT,5.5,64,0.578125,0.421875,0
2007,2007_05_SEA_PIT,SEA,-5.5,46,0,0.6304347826086957,0.3695652173913043
2007,2007_05_TB_IND,IND,9,75,0.9066666666666666,0.09333333333333334,0
2007,2007_05_TB_IND,TB,-9,40,0,0.075,0.925
2007,2007_06_CAR_ARI,ARI,6,54,0.037037037037037035,0.8333333333333334,0.12962962962962962
2007,2007_06_CAR_ARI,CAR,-6,65,0.15384615384615385,0.8461538461538461,0
2007,2007_06_CIN_KC,CIN,1,64,0,0.28125,0.71875
2007,2007_06_CIN_KC,KC,-1,73,0.5616438356164384,0.4383561643835616,0
2007,2007_06_HOU_JAX,HOU,-6.5,69,0,0.42028985507246375,0.5797101449275363
2007,2007_06_HOU_JAX,JAX,6.5,60,0.3333333333333333,0.6666666666666666,0
2007,2007_06_MIA_CLE,CLE,4,59,0.6779661016949152,0.3220338983050847,0
2007,2007_06_MIA_CLE,MIA,-4,68,0,0.22058823529411764,0.7794117647058824
2007,2007_06_MIN_CHI,CHI,4.5,70,0.04285714285714286,0.7714285714285715,0.18571428571428572
2007,2007_06_MIN_CHI,MIN,-4.5,67,0.3283582089552239,0.6716417910447762,0
2007,2007_06_NE_DAL,DAL,-5,45,0,0.4888888888888889,0.5111111111111111
2007,2007_06_NE_DAL,NE,5,77,0.42857142857142855,0.5714285714285714,0
2007,2007_06_NO_SEA,NO,-5.5,67,0.835820895522388,0.16417910447761194,0
2007,2007_06_NO_SEA,SEA,5.5,69,0,0.2318840579710145,0.7681159420289855
2007,2007_06_NYG_ATL,ATL,-4.5,58,0,0.29310344827586204,0.7068965517241379
2007,2007_06_NYG_ATL,NYG,4.5,74,0.6756756756756757,0.32432432432432434,0
2007,2007_06_OAK_SD,LAC,-9.5,53,0.7924528301886793,0.20754716981132076,0
2007,2007_06_OAK_SD,LV,-9.5,66,0,0.24242424242424243,0.7575757575757576
2007,2007_06_PHI_NYJ,NYJ,-4,55,0,0.7818181818181819,0.21818181818181817
2007,2007_06_PHI_NYJ,PHI,4,65,0.4461538461538462,0.5538461538461539,0
2007,2007_06_STL_BAL,BAL,9,63,0.5079365079365079,0.49206349206349204,0
2007,2007_06_STL_BAL,LA,-9,65,0,0.23076923076923078,0.7692307692307693
2007,2007_06_TEN_TB,TB,1,45,0.15555555555555556,0.8444444444444444,0
2007,2007_06_TEN_TB,TEN,-1,70,0,0.6857142857142857,0.3142857142857143
2007,2007_06_WAS_GB,GB,3,57,0.22807017543859648,0.7719298245614035,0
2007,2007_06_WAS_GB,WAS,-3,69,0.014492753623188406,0.9130434782608695,0.07246376811594203
2007,2007_07_ARI_WAS,ARI,-9,73,0,0.2191780821917808,0.7808219178082192
2007,2007_07_ARI_WAS,WAS,9,46,0.7608695652173914,0.2391304347826087,0
2007,2007_07_ATL_NO,ATL,-9,67,0,0.8208955223880597,0.1791044776119403
2007,2007_07_ATL_NO,NO,9,55,0.12727272727272726,0.8727272727272727,0
2007,2007_07_BAL_BUF,BAL,3,62,0,0.27419354838709675,0.7258064516129032
2007,2007_07_BAL_BUF,BUF,-3,56,0.5178571428571429,0.48214285714285715,0
2007,2007_07_CHI_PHI,CHI,-5.5,63,0,0.873015873015873,0.12698412698412698
2007,2007_07_CHI_PHI,PHI,5.5,62,0.16129032258064516,0.8225806451612904,0.016129032258064516
2007,2007_07_IND_JAX,IND,3,71,0.6338028169014085,0.36619718309859156,0
2007,2007_07_IND_JAX,JAX,-3,66,0,0.2878787878787879,0.7121212121212122
2007,2007_07_KC_OAK,KC,-1,64,0.1875,0.8125,0
2007,2007_07_KC_OAK,LV,-1,55,0,1,0
2007,2007_07_MIN_DAL,DAL,9.5,71,0.28169014084507044,0.704225352112676,0.014084507042253521
2007,2007_07_MIN_DAL,MIN,-9.5,47,0,0.6595744680851063,0.3404255319148936
2007,2007_07_NE_MIA,MIA,-15.5,69,0,0.10144927536231885,0.8985507246376812
2007,2007_07_NE_MIA,NE,15.5,51,0.7647058823529411,0.23529411764705882,0
2007,2007_07_NYJ_CIN,CIN,6,63,0.1746031746031746,0.4603174603174603,0.36507936507936506
2007,2007_07_NYJ_CIN,NYJ,-6,59,0.23728813559322035,0.5423728813559322,0.22033898305084745
2007,2007_07_PIT_DEN,DEN,-4,55,0.41818181818181815,0.5818181818181818,0
2007,2007_07_PIT_DEN,PIT,4,65,0,0.4461538461538462,0.5538461538461539
2007,2007_07_SF_NYG,NYG,9.5,62,0.6129032258064516,0.3870967741935484,0
2007,2007_07_SF_NYG,SF,-9.5,62,0,0.25806451612903225,0.7419354838709677
2007,2007_07_STL_SEA,LA,-9,64,0,0.15625,0.84375
2007,2007_07_STL_SEA,SEA,9,68,0.7941176470588235,0.20588235294117646,0
2007,2007_07_TB_DET,DET,2.5,44,0.6136363636363636,0.38636363636363635,0
2007,2007_07_TB_DET,TB,-2.5,75,0,0.4666666666666667,0.5333333333333333
2007,2007_07_TEN_HOU,HOU,2,58,0.05172413793103448,0.2413793103448276,0.7068965517241379
2007,2007_07_TEN_HOU,TEN,-2,82,0.524390243902439,0.47560975609756095,0
2007,2007_08_BUF_NYJ,BUF,-3,62,0.08064516129032258,0.9193548387096774,0
2007,2007_08_BUF_NYJ,NYJ,3,57,0,0.8070175438596491,0.19298245614035087
2007,2007_08_CLE_STL,CLE,3,55,0.18181818181818182,0.5818181818181818,0.23636363636363636
2007,2007_08_CLE_STL,LA,3,63,0.25396825396825395,0.5396825396825397,0.20634920634920634
2007,2007_08_DET_CHI,CHI,6,61,0,0.45901639344262296,0.5409836065573771
2007,2007_08_DET_CHI,DET,-6,66,0.6363636363636364,0.36363636363636365,0
2007,2007_08_GB_DEN,DEN,3,61,0,0.9508196721311475,0.04918032786885246
2007,2007_08_GB_DEN,GB,-3,53,0.18867924528301888,0.8113207547169812,0
2007,2007_08_HOU_SD,HOU,-10,75,0,0.2,0.8
2007,2007_08_HOU_SD,LAC,-10,40,0.825,0.175,0
2007,2007_08_IND_CAR,CAR,-7,77,0.03896103896103896,0.4805194805194805,0.4805194805194805
2007,2007_08_IND_CAR,IND,7,64,0.5,0.5,0
2007,2007_08_JAX_TB,JAX,-3.5,60,0,1,0
2007,2007_08_JAX_TB,TB,3.5,64,0.03125,0.921875,0.046875
2007,2007_08_NO_SF,NO,1,66,0.8484848484848485,0.15151515151515152,0
2007,2007_08_NO_SF,SF,-1,64,0,0.25,0.75
2007,2007_08_NYG_MIA,MIA,-10,59,0,0.4067796610169492,0.5932203389830508
2007,2007_08_NYG_MIA,NYG,10,57,0.5263157894736842,0.47368421052631576,0
2007,2007_08_OAK_TEN,LV,-7,64,0.046875,0.9375,0.015625
2007,2007_08_OAK_TEN,TEN,7,50,0.16,0.84,0
2007,2007_08_PHI_MIN,MIN,1,59,0.0847457627118644,0.5423728813559322,0.3728813559322034
2007,2007_08_PHI_MIN,PHI,-1,64,0.40625,0.546875,0.046875
2007,2007_08_PIT_CIN,CIN,-4,52,0,0.5,0.5
2007,2007_08_PIT_CIN,PIT,4,59,0.6271186440677966,0.3728813559322034,0
2007,2007_08_WAS_NE,NE,15,76,0.8157894736842105,0.18421052631578946,0
2007,2007_08_WAS_NE,WAS,-15,56,0,0.16071428571428573,0.8392857142857143
2007,2007_09_ARI_TB,ARI,-3.5,42,0,0.23809523809523808,0.7619047619047619
2007,2007_09_ARI_TB,TB,3.5,73,0.7808219178082192,0.2191780821917808,0
2007,2007_09_BAL_PIT,BAL,-9.5,51,0,0.17647058823529413,0.8235294117647058
2007,2007_09_BAL_PIT,PIT,9.5,61,0.819672131147541,0.18032786885245902,0
2007,2007_09_CAR_TEN,CAR,-5,61,0,0.11475409836065574,0.8852459016393442
2007,2007_09_CAR_TEN,TEN,5,67,0.8507462686567164,0.14925373134328357,0
2007,2007_09_CIN_BUF,BUF,-1,68,0.058823529411764705,0.9411764705882353,0
2007,2007_09_CIN_BUF,CIN,1,53,0,0.7358490566037735,0.2641509433962264
2007,2007_09_DAL_PHI,DAL,3,54,0.5740740740740741,0.42592592592592593,0
2007,2007_09_DAL_PHI,PHI,-3,68,0,0.4264705882352941,0.5735294117647058
2007,2007_09_DEN_DET,DEN,-3,71,0,0.19718309859154928,0.8028169014084507
2007,2007_09_DEN_DET,DET,3,60,0.7166666666666667,0.2833333333333333,0
2007,2007_09_GB_KC,GB,-1,61,0.09836065573770492,0.8360655737704918,0.06557377049180328
2007,2007_09_GB_KC,KC,1,59,0,0.9322033898305084,0.06779661016949153
2007,2007_09_HOU_OAK,HOU,-3,54,0.6481481481481481,0.35185185185185186,0
2007,2007_09_HOU_OAK,LV,-3,62,0,0.3225806451612903,0.6774193548387096
2007,2007_09_JAX_NO,JAX,-3.5,57,0,0.43859649122807015,0.5614035087719298
2007,2007_09_JAX_NO,NO,3.5,74,0.4594594594594595,0.5405405405405406,0
2007,2007_09_NE_IND,IND,-5,61,0.19672131147540983,0.8032786885245902,0
2007,2007_09_NE_IND,NE,5,58,0.05172413793103448,0.7931034482758621,0.15517241379310345
2007,2007_09_SD_MIN,LAC,7,63,0,0.6984126984126984,0.30158730158730157
2007,2007_09_SD_MIN,MIN,-7,64,0.234375,0.765625,0
2007,2007_09_SEA_CLE,CLE,1,68,0,0.5735294117647058,0.4264705882352941
2007,2007_09_SEA_CLE,SEA,-1,68,0.20588235294117646,0.7941176470588235,0
2007,2007_09_SF_ATL,ATL,3.5,64,0.09375,0.90625,0
2007,2007_09_SF_ATL,SF,-3.5,63,0,0.9206349206349206,0.07936507936507936
2007,2007_09_WAS_NYJ,NYJ,-3.5,67,0.3283582089552239,0.6716417910447762,0
2007,2007_09_WAS_NYJ,WAS,3.5,62,0,0.6129032258064516,0.3870967741935484
2007,2007_10_ATL_CAR,ATL,-3.5,57,0.017543859649122806,0.9824561403508771,0
2007,2007_10_ATL_CAR,CAR,3.5,59,0,0.9491525423728814,0.05084745762711865
2007,2007_10_BUF_MIA,BUF,1,49,0,0.8367346938775511,0.16326530612244897
2007,2007_10_BUF_MIA,MIA,-1,68,0.058823529411764705,0.9117647058823529,0.029411764705882353
2007,2007_10_CHI_OAK,CHI,3.5,65,0.06153846153846154,0.9384615384615385,0
2007,2007_10_CHI_OAK,LV,3.5,60,0,0.9,0.1
2007,2007_10_CIN_BAL,BAL,3,54,0,0.7407407407407407,0.25925925925925924
2007,2007_10_CIN_BAL,CIN,-3,69,0.5797101449275363,0.42028985507246375,0
2007,2007_10_CLE_PIT,CLE,-10,49,0.40816326530612246,0.5510204081632653,0.04081632653061224
2007,2007_10_CLE_PIT,PIT,10,73,0.0273972602739726,0.5342465753424658,0.4383561643835616
2007,2007_10_DAL_NYG,DAL,1,54,0.2222222222222222,0.7777777777777778,0
2007,2007_10_DAL_NYG,NYG,-1,66,0.015151515151515152,0.7424242424242424,0.24242424242424243
2007,2007_10_DEN_KC,DEN,-3,59,0.3728813559322034,0.6271186440677966,0
2007,2007_10_DEN_KC,KC,3,71,0,0.43661971830985913,0.5633802816901409
2007,2007_10_DET_ARI,ARI,2,65,0.3384615384615385,0.6615384615384615,0
2007,2007_10_DET_ARI,DET,-2,57,0,0.2807017543859649,0.7192982456140351
2007,2007_10_IND_SD,IND,3.5,84,0,0.32142857142857145,0.6785714285714286
2007,2007_10_IND_SD,LAC,3.5,50,0.84,0.16,0
2007,2007_10_JAX_TEN,JAX,-4.5,66,0.7424242424242424,0.25757575757575757,0
2007,2007_10_JAX_TEN,TEN,4.5,63,0,0.2222222222222222,0.7777777777777778
2007,2007_10_MIN_GB,GB,5.5,78,0.8461538461538461,0.15384615384615385,0
2007,2007_10_MIN_GB,MIN,-5.5,44,0,0.13636363636363635,0.8636363636363636
2007,2007_10_PHI_WAS,PHI,-3,56,0.017857142857142856,0.7321428571428571,0.25
2007,2007_10_PHI_WAS,WAS,3,70,0.38571428571428573,0.5285714285714286,0.08571428571428572
2007,2007_10_SF_SEA,SEA,9.5,74,0.8243243243243243,0.17567567567567569,0
2007,2007_10_SF_SEA,SF,-9.5,47,0,0.06382978723404255,0.9361702127659575
2007,2007_10_STL_NO,LA,-10.5,71,0.5915492957746479,0.4084507042253521,0
2007,2007_10_STL_NO,NO,10.5,48,0,0.2916666666666667,0.7083333333333334
2007,2007_11_ARI_CIN,ARI,-3,53,0.4528301886792453,0.5094339622641509,0.03773584905660377
2007,2007_11_ARI_CIN,CIN,3,72,0.027777777777777776,0.4444444444444444,0.5277777777777778
2007,2007_11_CAR_GB,CAR,-10,68,0,0.29411764705882354,0.7058823529411765
2007,2007_11_CAR_GB,GB,10,55,0.8727272727272727,0.12727272727272726,0
2007,2007_11_CHI_SEA,CHI,-6,62,0,0.532258064516129,0.46774193548387094
2007,2007_11_CHI_SEA,SEA,6,67,0.3582089552238806,0.6417910447761194,0
2007,2007_11_CLE_BAL,BAL,-1,72,0.041666666666666664,0.625,0.3333333333333333
2007,2007_11_CLE_BAL,CLE,1,65,0.16923076923076924,0.8,0.03076923076923077
2007,2007_11_KC_IND,IND,14.5,58,0.034482758620689655,0.9655172413793104,0
2007,2007_11_KC_IND,KC,-14.5,56,0,0.875,0.125
2007,2007_11_MIA_PHI,MIA,-9.5,47,0,0.7872340425531915,0.2127659574468085
2007,2007_11_MIA_PHI,PHI,9.5,69,0.2608695652173913,0.7391304347826086,0
2007,2007_11_NE_BUF,BUF,-15.5,49,0,0.14285714285714285,0.8571428571428571
2007,2007_11_NE_BUF,NE,15.5,70,0.8857142857142857,0.11428571428571428,0
2007,2007_11_NO_HOU,HOU,1,58,0.5344827586206896,0.46551724137931033,0
2007,2007_11_NO_HOU,NO,-1,68,0,0.6617647058823529,0.3382352941176471
2007,2007_11_NYG_DET,DET,-2.5,57,0,0.5789473684210527,0.42105263157894735
2007,2007_11_NYG_DET,NYG,2.5,66,0.4696969696969697,0.5303030303030303,0
2007,2007_11_OAK_MIN,LV,-4.5,70,0,0.6142857142857143,0.38571428571428573
2007,2007_11_OAK_MIN,MIN,4.5,59,0.4915254237288136,0.5084745762711864,0
2007,2007_11_PIT_NYJ,NYJ,-9.5,61,0.22950819672131148,0.7704918032786885,0
2007,2007_11_PIT_NYJ,PIT,9.5,61,0.08196721311475409,0.819672131147541,0.09836065573770492
2007,2007_11_SD_JAX,JAX,3,58,0.7931034482758621,0.20689655172413793,0
2007,2007_11_SD_JAX,LAC,-3,60,0,0.16666666666666666,0.8333333333333334
2007,2007_11_STL_SF,LA,3,66,0.2727272727272727,0.7272727272727273,0
2007,2007_11_STL_SF,SF,-3,57,0,0.5614035087719298,0.43859649122807015
2007,2007_11_TB_ATL,ATL,-3,71,0,0.3380281690140845,0.6619718309859155
2007,2007_11_TB_ATL,TB,3,50,0.68,0.32,0
2007,2007_11_TEN_DEN,DEN,1,45,0.8666666666666667,0.13333333333333333,0
2007,2007_11_TEN_DEN,TEN,-1,71,0,0.18309859154929578,0.8169014084507042
2007,2007_11_WAS_DAL,DAL,11,58,0.1724137931034483,0.8275862068965517,0
2007,2007_11_WAS_DAL,WAS,-11,72,0.05555555555555555,0.6666666666666666,0.2777777777777778
2007,2007_12_BAL_SD,BAL,-9,56,0,0.48214285714285715,0.5178571428571429
2007,2007_12_BAL_SD,LAC,-9,65,0.6,0.4,0
2007,2007_12_BUF_JAX,BUF,-9.5,65,0,0.1076923076923077,0.8923076923076924
2007,2007_12_BUF_JAX,JAX,9.5,64,0.890625,0.109375,0
2007,2007_12_DEN_CHI,CHI,1,62,0,0.7096774193548387,0.2903225806451613
2007,2007_12_DEN_CHI,DEN,-1,70,0.2857142857142857,0.7142857142857143,0
2007,2007_12_GB_DET,DET,-3.5,74,0.04054054054054054,0.5135135135135135,0.44594594594594594
2007,2007_12_GB_DET,GB,3.5,57,0.6491228070175439,0.3508771929824561,0
2007,2007_12_HOU_CLE,CLE,3,69,0.463768115942029,0.5362318840579711,0
2007,2007_12_HOU_CLE,HOU,-3,56,0,0.7142857142857143,0.2857142857142857
2007,2007_12_IND_ATL,ATL,-13.5,61,0.01639344262295082,0.5409836065573771,0.4426229508196721
2007,2007_12_IND_ATL,IND,13.5,63,0.5873015873015873,0.3333333333333333,0.07936507936507936
2007,2007_12_MIA_PIT,MIA,-15,51,0,0.9607843137254902,0.0392156862745098
2007,2007_12_MIA_PIT,PIT,15,55,0.09090909090909091,0.9090909090909091,0
2007,2007_12_MIN_NYG,MIN,-7,54,0.6851851851851852,0.3148148148148148,0
2007,2007_12_MIN_NYG,NYG,7,71,0,0.29577464788732394,0.704225352112676
2007,2007_12_NO_CAR,CAR,-3,55,0,0.5454545454545454,0.45454545454545453
2007,2007_12_NO_CAR,NO,3,72,0.4305555555555556,0.5694444444444444,0
2007,2007_12_NYJ_DAL,DAL,14,65,0.8153846153846154,0.18461538461538463,0
2007,2007_12_NYJ_DAL,NYJ,-14,51,0,0.21568627450980393,0.7843137254901961
2007,2007_12_OAK_KC,KC,4,62,0.14516129032258066,0.8548387096774194,0
2007,2007_12_OAK_KC,LV,-4,51,0.11764705882352941,0.8823529411764706,0
2007,2007_12_PHI_NE,NE,24,72,0.1388888888888889,0.8611111111111112,0
2007,2007_12_PHI_NE,PHI,-24,63,0,0.9047619047619048,0.09523809523809523
2007,2007_12_SEA_STL,LA,3,72,0.5,0.4722222222222222,0.027777777777777776
2007,2007_12_SEA_STL,SEA,3,61,0.08196721311475409,0.3770491803278688,0.5409836065573771
2007,2007_12_SF_ARI,ARI,10,63,0.09523809523809523,0.9047619047619048,0
2007,2007_12_SF_ARI,SF,-10,61,0,0.9836065573770492,0.01639344262295082
2007,2007_12_TEN_CIN,CIN,1,75,0.8533333333333334,0.14666666666666667,0
2007,2007_12_TEN_CIN,TEN,-1,50,0,0.28,0.72
2007,2007_12_WAS_TB,TB,3.5,49,0.8367346938775511,0.16326530612244897,0
2007,2007_12_WAS_TB,WAS,-3.5,82,0,0.14634146341463414,0.8536585365853658
2007,2007_13_ATL_STL,ATL,-3,80,0,0.1875,0.8125
2007,2007_13_ATL_STL,LA,-3,60,0.7833333333333333,0.21666666666666667,0
2007,2007_13_BUF_WAS,BUF,-6.5,55,0,0.7272727272727273,0.2727272727272727
2007,2007_13_BUF_WAS,WAS,6.5,70,0.4714285714285714,0.5285714285714286,0
2007,2007_13_CIN_PIT,CIN,-7,66,0,0.4393939393939394,0.5606060606060606
2007,2007_13_CIN_PIT,PIT,7,64,0.59375,0.40625,0
2007,2007_13_CLE_ARI,ARI,1,57,0.7719298245614035,0.22807017543859648,0
2007,2007_13_CLE_ARI,CLE,-1,62,0,0.3870967741935484,0.6129032258064516
2007,2007_13_DEN_OAK,DEN,3.5,60,0,0.45,0.55
2007,2007_13_DEN_OAK,LV,3.5,69,0.463768115942029,0.5362318840579711,0
2007,2007_13_DET_MIN,DET,-5.5,46,0,0.32608695652173914,0.6739130434782609
2007,2007_13_DET_MIN,MIN,5.5,63,0.7936507936507936,0.20634920634920634,0
2007,2007_13_GB_DAL,DAL,7,56,0.6071428571428571,0.39285714285714285,0
2007,2007_13_GB_DAL,GB,-7,61,0,0.29508196721311475,0.7049180327868853
2007,2007_13_HOU_TEN,HOU,-3.5,62,0,0.6612903225806451,0.3387096774193548
2007,2007_13_HOU_TEN,TEN,3.5,63,0.3492063492063492,0.6507936507936508,0
2007,2007_13_JAX_IND,IND,7,53,0.7547169811320755,0.24528301886792453,0
2007,2007_13_JAX_IND,JAX,-7,62,0,0.27419354838709675,0.7258064516129032
2007,2007_13_NE_BAL,BAL,-19,60,0.26666666666666666,0.6666666666666666,0.06666666666666667
2007,2007_13_NE_BAL,NE,19,65,0,0.8615384615384616,0.13846153846153847
2007,2007_13_NYG_CHI,CHI,-1,73,0.547945205479452,0.3698630136986301,0.0821917808219178
2007,2007_13_NYG_CHI,NYG,1,66,0,0.5,0.5
2007,2007_13_NYJ_MIA,MIA,1,59,0,0.6949152542372882,0.3050847457627119
2007,2007_13_NYJ_MIA,NYJ,-1,70,0.37142857142857144,0.6285714285714286,0
2007,2007_13_SD_KC,KC,-6,73,0,0.6986301369863014,0.3013698630136986
2007,2007_13_SD_KC,LAC,6,54,0.35185185185185186,0.6481481481481481,0
2007,2007_13_SEA_PHI,PHI,3,72,0,0.9583333333333334,0.041666666666666664
2007,2007_13_SEA_PHI,SEA,-3,64,0.109375,0.890625,0
2007,2007_13_SF_CAR,CAR,3,70,0.6857142857142857,0.3142857142857143,0
2007,2007_13_SF_CAR,SF,-3,51,0,0.23529411764705882,0.7647058823529411
2007,2007_13_TB_NO,NO,5.5,47,0.0425531914893617,0.9148936170212766,0.0425531914893617
2007,2007_13_TB_NO,TB,-5.5,66,0.09090909090909091,0.9090909090909091,0
2007,2007_14_ARI_SEA,ARI,-7.5,67,0,0.14925373134328357,0.8507462686567164
2007,2007_14_ARI_SEA,SEA,7.5,60,0.8166666666666667,0.18333333333333332,0
2007,2007_14_CAR_JAX,CAR,-11,54,0,0.3148148148148148,0.6851851851851852
2007,2007_14_CAR_JAX,JAX,11,72,0.7361111111111112,0.2638888888888889,0
2007,2007_14_CHI_WAS,CHI,-3,75,0,0.5866666666666667,0.41333333333333333
2007,2007_14_CHI_WAS,WAS,3,60,0.38333333333333336,0.6166666666666667,0
2007,2007_14_CLE_NYJ,CLE,3,56,0.5,0.5,0
2007,2007_14_CLE_NYJ,NYJ,-3,73,0,0.5068493150684932,0.4931506849315068
2007,2007_14_DAL_DET,DAL,10,63,0,0.38095238095238093,0.6190476190476191
2007,2007_14_DAL_DET,DET,-10,69,0.8260869565217391,0.17391304347826086,0
2007,2007_14_IND_BAL,BAL,-8.5,66,0,0.045454545454545456,0.9545454545454546
2007,2007_14_IND_BAL,IND,8.5,47,0.8085106382978723,0.19148936170212766,0
2007,2007_14_KC_DEN,DEN,7.5,59,0.8983050847457628,0.1016949152542373,0
2007,2007_14_KC_DEN,KC,-7.5,51,0,0.058823529411764705,0.9411764705882353
2007,2007_14_MIA_BUF,BUF,7,62,0.8709677419354839,0.12903225806451613,0
2007,2007_14_MIA_BUF,MIA,-7,70,0,0.08571428571428572,0.9142857142857143
2007,2007_14_MIN_SF,MIN,7.5,52,0.8846153846153846,0.11538461538461539,0
2007,2007_14_MIN_SF,SF,-7.5,69,0,0.13043478260869565,0.8695652173913043
2007,2007_14_NO_ATL,ATL,-4,58,0,0.39655172413793105,0.603448275862069
2007,2007_14_NO_ATL,NO,4,70,0.42857142857142855,0.5714285714285714,0
2007,2007_14_NYG_PHI,NYG,-3,59,0.15254237288135594,0.7966101694915254,0.05084745762711865
2007,2007_14_NYG_PHI,PHI,3,61,0.14754098360655737,0.8032786885245902,0.04918032786885246
2007,2007_14_OAK_GB,GB,10.5,59,0.559322033898305,0.4406779661016949,0
2007,2007_14_OAK_GB,LV,-10.5,51,0,0.3137254901960784,0.6862745098039216
2007,2007_14_PIT_NE,NE,11,55,0.45454545454545453,0.5454545454545454,0
2007,2007_14_PIT_NE,PIT,-11,67,0,0.4925373134328358,0.5074626865671642
2007,2007_14_SD_TEN,LAC,1,63,0,0.5555555555555556,0.4444444444444444
2007,2007_14_SD_TEN,TEN,-1,60,0.45,0.55,0
2007,2007_14_STL_CIN,CIN,10,63,0.7142857142857143,0.2857142857142857,0
2007,2007_14_STL_CIN,LA,-10,52,0,0.25,0.75
2007,2007_14_TB_HOU,HOU,-3,65,0.676923076923077,0.3230769230769231,0
2007,2007_14_TB_HOU,TB,3,59,0,0.423728813559322,0.576271186440678
2007,2007_15_ARI_NO,ARI,-4,54,0,0.5370370370370371,0.46296296296296297
2007,2007_15_ARI_NO,NO,4,57,0.3684210526315789,0.631578947368421,0
2007,2007_15_ATL_TB,ATL,-13,36,0,0.2222222222222222,0.7777777777777778
2007,2007_15_ATL_TB,TB,13,71,1,0,0
2007,2007_15_BAL_MIA,BAL,3,58,0.06896551724137931,0.9310344827586207,0
2007,2007_15_BAL_MIA,MIA,-3,69,0.028985507246376812,0.8695652173913043,0.10144927536231885
2007,2007_15_BUF_CLE,BUF,-4.5,64,0,0.390625,0.609375
2007,2007_15_BUF_CLE,CLE,4.5,61,0.4918032786885246,0.5081967213114754,0
2007,2007_15_CHI_MIN,CHI,-10.5,56,0,0.7857142857142857,0.21428571428571427
2007,2007_15_CHI_MIN,MIN,10.5,62,0.11290322580645161,0.8387096774193549,0.04838709677419355
2007,2007_15_CIN_SF,CIN,9,49,0,0.5102040816326531,0.4897959183673469
2007,2007_15_CIN_SF,SF,-9,63,0.49206349206349204,0.5079365079365079,0
2007,2007_15_DEN_HOU,DEN,2.5,64,0,0.703125,0.296875
2007,2007_15_DEN_HOU,HOU,-2.5,55,0.509090909090909,0.4909090909090909,0
2007,2007_15_DET_SD,DET,-9.5,56,0,0.05357142857142857,0.9464285714285714
2007,2007_15_DET_SD,LAC,-9.5,75,0.9066666666666666,0.09333333333333334,0
2007,2007_15_GB_STL,GB,7,50,0.36,0.64,0
2007,2007_15_GB_STL,LA,7,73,0,0.5753424657534246,0.4246575342465753
2007,2007_15_IND_OAK,IND,9.5,61,0.3770491803278688,0.6229508196721312,0
2007,2007_15_IND_OAK,LV,9.5,68,0,0.8382352941176471,0.16176470588235295
2007,2007_15_JAX_PIT,JAX,-3.5,73,0.2328767123287671,0.7671232876712328,0
2007,2007_15_JAX_PIT,PIT,3.5,55,0,0.5272727272727272,0.4727272727272727
2007,2007_15_NYJ_NE,NE,20.5,63,0.7301587301587301,0.2698412698412698,0
2007,2007_15_NYJ_NE,NYJ,-20.5,61,0,0.16393442622950818,0.8360655737704918
2007,2007_15_PHI_DAL,DAL,10,54,0.09259259259259259,0.8703703703703703,0.037037037037037035
2007,2007_15_PHI_DAL,PHI,-10,68,0.10294117647058823,0.8970588235294118,0
2007,2007_15_SEA_CAR,CAR,-7,65,0.046153846153846156,0.9538461538461539,0
2007,2007_15_SEA_CAR,SEA,7,58,0,0.8793103448275862,0.1206896551724138
2007,2007_15_TEN_KC,KC,-3.5,64,0,0.828125,0.171875
2007,2007_15_TEN_KC,TEN,3.5,61,0.2786885245901639,0.7213114754098361,0
2007,2007_15_WAS_NYG,NYG,6,82,0,0.3780487804878049,0.6219512195121951
2007,2007_15_WAS_NYG,WAS,-6,60,0.6166666666666667,0.38333333333333336,0
2007,2007_16_ATL_ARI,ARI,11,68,0.29411764705882354,0.6911764705882353,0.014705882352941176
2007,2007_16_ATL_ARI,ATL,-11,67,0.029850746268656716,0.47761194029850745,0.4925373134328358
2007,2007_16_BAL_SEA,BAL,-12.5,62,0,0.3225806451612903,0.6774193548387096
2007,2007_16_BAL_SEA,SEA,12.5,66,0.6212121212121212,0.3787878787878788,0
2007,2007_16_CLE_CIN,CIN,-1,54,0.4444444444444444,0.5555555555555556,0
2007,2007_16_CLE_CIN,CLE,1,75,0,0.36,0.64
2007,2007_16_DAL_CAR,CAR,-10.5,47,0,0.5531914893617021,0.44680851063829785
2007,2007_16_DAL_CAR,DAL,10.5,76,0.5394736842105263,0.4605263157894737,0
2007,2007_16_DEN_SD,DEN,-9,55,0,0.16363636363636364,0.8363636363636363
2007,2007_16_DEN_SD,LAC,-9,68,0.8529411764705882,0.14705882352941177,0
2007,2007_16_GB_CHI,CHI,-9,59,0.3050847457627119,0.6949152542372882,0
2007,2007_16_GB_CHI,GB,9,54,0,0.37037037037037035,0.6296296296296297
2007,2007_16_HOU_IND,HOU,-6.5,55,0,0.3090909090909091,0.6909090909090909
2007,2007_16_HOU_IND,IND,6.5,69,0.6376811594202898,0.36231884057971014,0
2007,2007_16_KC_DET,DET,6,49,0.5918367346938775,0.40816326530612246,0
2007,2007_16_KC_DET,KC,-6,69,0,0.37681159420289856,0.6231884057971014
2007,2007_16_MIA_NE,MIA,-22,69,0,0.057971014492753624,0.9420289855072463
2007,2007_16_MIA_NE,NE,22,60,0.8333333333333334,0.16666666666666666,0
2007,2007_16_NYG_BUF,BUF,-1,56,0.23214285714285715,0.6428571428571429,0.125
2007,2007_16_NYG_BUF,NYG,1,64,0.109375,0.71875,0.171875
2007,2007_16_NYJ_TEN,NYJ,-9,62,0,0.9354838709677419,0.06451612903225806
2007,2007_16_NYJ_TEN,TEN,9,58,0.1896551724137931,0.8103448275862069,0
2007,2007_16_OAK_JAX,JAX,14,56,0.9821428571428571,0.017857142857142856,0
2007,2007_16_OAK_JAX,LV,-14,65,0,0.07692307692307693,0.9230769230769231
2007,2007_16_PHI_NO,NO,3,63,0,0.5396825396825397,0.4603174603174603
2007,2007_16_PHI_NO,PHI,-3,62,0.5806451612903226,0.4032258064516129,0.016129032258064516
2007,2007_16_PIT_STL,LA,9,58,0,0.39655172413793105,0.603448275862069
2007,2007_16_PIT_STL,PIT,9,59,0.423728813559322,0.576271186440678,0
2007,2007_16_TB_SF,SF,-6.5,51,0.1568627450980392,0.8431372549019608,0
2007,2007_16_TB_SF,TB,6.5,80,0.05,0.65,0.3
2007,2007_16_WAS_MIN,MIN,6,65,0,0.23076923076923078,0.7692307692307693
2007,2007_16_WAS_MIN,WAS,-6,64,0.703125,0.296875,0
2007,2007_17_BUF_PHI,BUF,-9.5,60,0,0.5166666666666667,0.48333333333333334
2007,2007_17_BUF_PHI,PHI,9.5,64,0.671875,0.328125,0
2007,2007_17_CAR_TB,CAR,3,61,0.09836065573770492,0.9016393442622951,0
2007,2007_17_CAR_TB,TB,-3,57,0,0.8596491228070176,0.14035087719298245
2007,2007_17_CIN_MIA,CIN,1,54,0.5370370370370371,0.46296296296296297,0
2007,2007_17_CIN_MIA,MIA,-1,66,0,0.5151515151515151,0.48484848484848486
2007,2007_17_DAL_WAS,DAL,-9,45,0,0.3333333333333333,0.6666666666666666
2007,2007_17_DAL_WAS,WAS,9,69,0.7246376811594203,0.2753623188405797,0
2007,2007_17_DET_GB,DET,-3.5,65,0,0.12307692307692308,0.8769230769230769
2007,2007_17_DET_GB,GB,3.5,63,0.8412698412698413,0.15873015873015872,0
2007,2007_17_JAX_HOU,HOU,7,50,0.42,0.58,0
2007,2007_17_JAX_HOU,JAX,-7,64,0,0.453125,0.546875
2007,2007_17_KC_NYJ,KC,-4,64,0,0.59375,0.40625
2007,2007_17_KC_NYJ,NYJ,4,63,0.3492063492063492,0.6507936507936508,0
2007,2007_17_MIN_DEN,DEN,-3,64,0.578125,0.421875,0
2007,2007_17_MIN_DEN,MIN,3,59,0,0.5254237288135594,0.4745762711864407
2007,2007_17_NE_NYG,NE,13,65,0.1076923076923077,0.7230769230769231,0.16923076923076924
2007,2007_17_NE_NYG,NYG,-13,52,0.2692307692307692,0.5192307692307693,0.21153846153846154
2007,2007_17_NO_CHI,CHI,1,56,0.5892857142857143,0.4107142857142857,0
2007,2007_17_NO_CHI,NO,-1,82,0,0.34146341463414637,0.6585365853658537
2007,2007_17_PIT_BAL,BAL,-3,67,0.8805970149253731,0.11940298507462686,0
2007,2007_17_PIT_BAL,PIT,3,49,0,0.12244897959183673,0.8775510204081632
2007,2007_17_SD_OAK,LAC,9,60,0.4166666666666667,0.5833333333333334,0
2007,2007_17_SD_OAK,LV,9,64,0,0.53125,0.46875
2007,2007_17_SEA_ATL,ATL,-2,56,0.14285714285714285,0.8214285714285714,0.03571428571428571
2007,2007_17_SEA_ATL,SEA,2,82,0,0.7317073170731707,0.2682926829268293
2007,2007_17_SF_CLE,CLE,11.5,64,0.859375,0.140625,0
2007,2007_17_SF_CLE,SF,-11.5,51,0,0.29411764705882354,0.7058823529411765
2007,2007_17_STL_ARI,ARI,6,70,0.6,0.4,0
2007,2007_17_STL_ARI,LA,-6,57,0,0.2982456140350877,0.7017543859649122
2007,2007_17_TEN_IND,IND,-4,52,0,0.9230769230769231,0.07692307692307693
2007,2007_17_TEN_IND,TEN,4,71,0.15492957746478872,0.8450704225352113,0
2007,2007_18_JAX_PIT,JAX,2.5,53,0.41509433962264153,0.5849056603773585,0
2007,2007_18_JAX_PIT,PIT,-2.5,74,0,0.5,0.5
2007,2007_18_NYG_TB,NYG,-3,58,0.5517241379310345,0.39655172413793105,0.05172413793103448
2007,2007_18_NYG_TB,TB,3,62,0.04838709677419355,0.5483870967741935,0.4032258064516129
2007,2007_18_TEN_SD,LAC,-10.5,63,0.36507936507936506,0.6349206349206349,0
2007,2007_18_TEN_SD,TEN,-10.5,61,0,0.9180327868852459,0.08196721311475409
2007,2007_18_WAS_SEA,SEA,3,54,0.6296296296296297,0.37037037037037035,0
2007,2007_18_WAS_SEA,WAS,-3,82,0,0.25609756097560976,0.7439024390243902
2007,2007_19_JAX_NE,JAX,-13.5,56,0,0.4642857142857143,0.5357142857142857
2007,2007_19_JAX_NE,NE,13.5,57,0.2807017543859649,0.7192982456140351,0
2007,2007_19_NYG_DAL,DAL,7,70,0,0.9857142857142858,0.014285714285714285
2007,2007_19_NYG_DAL,NYG,-7,43,0.046511627906976744,0.8837209302325582,0.06976744186046512
2007,2007_19_SD_IND,IND,10.5,66,0.10606060606060606,0.8787878787878788,0.015151515151515152
2007,2007_19_SD_IND,LAC,-10.5,50,0.06,0.94,0
2007,2007_19_SEA_GB,GB,9,59,0.4576271186440678,0.4406779661016949,0.1016949152542373
2007,2007_19_SEA_GB,SEA,-9,52,0.019230769230769232,0.40384615384615385,0.5769230769230769
2007,2007_20_NYG_GB,GB,7.5,46,0,1,0
2007,2007_20_NYG_GB,NYG,-7.5,77,0.012987012987012988,0.987012987012987,0
2007,2007_20_SD_NE,LAC,-14,60,0,0.7166666666666667,0.2833333333333333
2007,2007_20_SD_NE,NE,14,64,0.484375,0.515625,0
2007,2007_21_NYG_NE,NE,12.5,69,0.17391304347826086,0.7681159420289855,0.057971014492753624
2007,2007_21_NYG_NE,NYG,-12.5,62,0,0.9193548387096774,0.08064516129032258
2008,2008_01_ARI_SF,ARI,2.5,68,0.29411764705882354,0.7058823529411765,0
2008,2008_01_ARI_SF,SF,-2.5,43,0,0.7441860465116279,0.2558139534883721
2008,2008_01_CAR_SD,CAR,-9.5,71,0.08450704225352113,0.8732394366197183,0.04225352112676056
2008,2008_01_CAR_SD,LAC,-9.5,55,0,0.8363636363636363,0.16363636363636364
2008,2008_01_CHI_IND,CHI,-10,61,0.39344262295081966,0.6065573770491803,0
2008,2008_01_CHI_IND,IND,10,66,0,0.5909090909090909,0.4090909090909091
2008,2008_01_CIN_BAL,BAL,-2,73,0.7123287671232876,0.2876712328767123,0
2008,2008_01_CIN_BAL,CIN,2,49,0,0.5510204081632653,0.4489795918367347
2008,2008_01_DAL_CLE,CLE,-6,43,0,0.627906976744186,0.3720930232558139
2008,2008_01_DAL_CLE,DAL,6,62,0.7096774193548387,0.2903225806451613,0
2008,2008_01_DEN_OAK,DEN,3,56,0.6964285714285714,0.30357142857142855,0
2008,2008_01_DEN_OAK,LV,3,59,0,0.2542372881355932,0.7457627118644068
2008,2008_01_DET_ATL,ATL,-3,52,0.8846153846153846,0.1153846153846154,0
2008,2008_01_DET_ATL,DET,3,56,0,0.17857142857142858,0.8214285714285714
2008,2008_01_HOU_PIT,HOU,-6.5,58,0,0.15517241379310345,0.8448275862068966
2008,2008_01_HOU_PIT,PIT,6.5,57,0.8596491228070176,0.14035087719298245,0
2008,2008_01_JAX_TEN,JAX,3,58,0,0.8620689655172413,0.13793103448275862
2008,2008_01_JAX_TEN,TEN,-3,57,0.22807017543859648,0.7719298245614035,0
2008,2008_01_KC_NE,KC,-16,62,0,0.7258064516129032,0.27419354838709675
2008,2008_01_KC_NE,NE,16,57,0.42105263157894735,0.5789473684210527,0
2008,2008_01_MIN_GB,GB,2.5,47,0.40425531914893614,0.5957446808510638,0
2008,2008_01_MIN_GB,MIN,-2.5,68,0,0.4852941176470588,0.5147058823529411
2008,2008_01_NYJ_MIA,MIA,-3,64,0,0.59375,0.40625
2008,2008_01_NYJ_MIA,NYJ,3,55,0.509090909090909,0.4909090909090909,0
2008,2008_01_SEA_BUF,BUF,1,60,0.6833333333333333,0.31666666666666665,0
2008,2008_01_SEA_BUF,SEA,-1,67,0,0.373134328358209,0.6268656716417911
2008,2008_01_STL_PHI,LA,-8,45,0,0.15555555555555556,0.8444444444444444
2008,2008_01_STL_PHI,PHI,8,68,0.8529411764705882,0.14705882352941177,0
2008,2008_01_TB_NO,NO,3,58,0.05172413793103448,0.9482758620689656,0
2008,2008_01_TB_NO,TB,-3,62,0,0.9838709677419356,0.01612903225806451
2008,2008_01_WAS_NYG,NYG,4.5,68,0.8382352941176471,0.16176470588235295,0
2008,2008_01_WAS_NYG,WAS,-4.5,51,0,0.0588235294117647,0.9411764705882352
2008,2008_02_ATL_TB,ATL,-7,64,0,0.109375,0.890625
2008,2008_02_ATL_TB,TB,7,60,0.9,0.1,0
2008,2008_02_BUF_JAX,BUF,-4,53,0.09433962264150944,0.660377358490566,0.24528301886792453
2008,2008_02_BUF_JAX,JAX,4,57,0.17543859649122806,0.7894736842105263,0.03508771929824561
2008,2008_02_CHI_CAR,CAR,3,52,0.05769230769230769,0.7692307692307693,0.17307692307692307
2008,2008_02_CHI_CAR,CHI,-3,61,0.22950819672131148,0.7704918032786885,0
2008,2008_02_GB_DET,DET,-3,62,0,0.2258064516129032,0.7741935483870968
2008,2008_02_GB_DET,GB,3,67,0.6417910447761194,0.3582089552238806,0
2008,2008_02_IND_MIN,IND,1,62,0,0.5483870967741935,0.4516129032258064
2008,2008_02_IND_MIN,MIN,-1,62,0.7580645161290323,0.24193548387096775,0
2008,2008_02_MIA_ARI,ARI,6.5,57,0.9824561403508772,0.0175438596491228,0
2008,2008_02_MIA_ARI,MIA,-6.5,58,0,0.05172413793103448,0.9482758620689656
2008,2008_02_NE_NYJ,NE,-1,59,0.423728813559322,0.576271186440678,0
2008,2008_02_NE_NYJ,NYJ,1,49,0,0.673469387755102,0.32653061224489793
2008,2008_02_NO_WAS,NO,-1,53,0.11320754716981132,0.8301886792452831,0.05660377358490566
2008,2008_02_NO_WAS,WAS,1,67,0.07462686567164178,0.7313432835820896,0.19402985074626863
2008,2008_02_NYG_STL,LA,8,54,0,0.5,0.5
2008,2008_02_NYG_STL,NYG,8,59,0.3220338983050847,0.6779661016949152,0
2008,2008_02_OAK_KC,KC,3.5,60,0,0.5833333333333334,0.4166666666666667
2008,2008_02_OAK_KC,LV,-3.5,64,0.671875,0.328125,0
2008,2008_02_PHI_DAL,DAL,6.5,52,0.09615384615384616,0.8461538461538461,0.05769230769230769
2008,2008_02_PHI_DAL,PHI,-6.5,64,0.140625,0.671875,0.1875
2008,2008_02_PIT_CLE,CLE,-6.5,59,0,0.6779661016949152,0.3220338983050847
2008,2008_02_PIT_CLE,PIT,6.5,53,0.33962264150943394,0.660377358490566,0
2008,2008_02_SD_DEN,DEN,1,75,0.4266666666666667,0.4666666666666667,0.10666666666666667
2008,2008_02_SD_DEN,LAC,-1,52,0,0.6346153846153846,0.36538461538461536
2008,2008_02_SF_SEA,SEA,6.5,71,0.4084507042253521,0.5915492957746479,0
2008,2008_02_SF_SEA,SF,-6.5,54,0,0.4444444444444444,0.5555555555555556
2008,2008_02_TEN_CIN,CIN,1,56,0,0.6964285714285714,0.30357142857142855
2008,2008_02_TEN_CIN,TEN,-1,63,0.5079365079365079,0.492063492063492,0
2008,2008_03_ARI_WAS,ARI,-3,56,0,0.5,0.5
2008,2008_03_ARI_WAS,WAS,3,62,0.4838709677419355,0.5161290322580645,0
2008,2008_03_CAR_MIN,CAR,-3,54,0,0.6296296296296297,0.3703703703703703
2008,2008_03_CAR_MIN,MIN,3,60,0.43333333333333335,0.5666666666666667,0
2008,2008_03_CIN_NYG,CIN,-13,68,0,0.9852941176470588,0.01470588235294117
2008,2008_03_CIN_NYG,NYG,13,56,0,1,0
2008,2008_03_CLE_BAL,BAL,2.5,61,0.4426229508196721,0.5573770491803278,0
2008,2008_03_CLE_BAL,CLE,-2.5,57,0,0.6842105263157895,0.3157894736842105
2008,2008_03_DAL_GB,DAL,3,68,0.45588235294117646,0.5441176470588235,0
2008,2008_03_DAL_GB,GB,-3,63,0,0.5238095238095238,0.47619047619047616
2008,2008_03_DET_SF,DET,-5,55,0,0.16363636363636364,0.8363636363636363
2008,2008_03_DET_SF,SF,5,60,0.8,0.2,0
2008,2008_03_HOU_TEN,HOU,-5,68,0,0.2352941176470588,0.7647058823529411
2008,2008_03_HOU_TEN,TEN,5,62,0.6129032258064516,0.3870967741935484,0
2008,2008_03_JAX_IND,IND,4,49,0.08163265306122448,0.8367346938775511,0.08163265306122448
2008,2008_03_JAX_IND,JAX,-4,70,0.12857142857142856,0.8714285714285714,0
2008,2008_03_KC_ATL,ATL,6.5,54,0.6666666666666666,0.3333333333333333,0
2008,2008_03_KC_ATL,KC,-6.5,71,0,0.16901408450704225,0.8309859154929577
2008,2008_03_MIA_NE,MIA,-12.5,57,0.7543859649122807,0.24561403508771928,0
2008,2008_03_MIA_NE,NE,12.5,59,0,0.423728813559322,0.576271186440678
2008,2008_03_NO_DEN,DEN,5.5,58,0.5689655172413793,0.43103448275862066,0
2008,2008_03_NO_DEN,NO,-5.5,73,0,0.4657534246575342,0.5342465753424658
2008,2008_03_NYJ_SD,LAC,-8,60,0.6833333333333333,0.31666666666666665,0
2008,2008_03_NYJ_SD,NYJ,-8,63,0,0.23809523809523808,0.7619047619047619
2008,2008_03_OAK_BUF,BUF,10,72,0,0.6527777777777778,0.3472222222222222
2008,2008_03_OAK_BUF,LV,-10,50,0.12,0.88,0
2008,2008_03_PIT_PHI,PHI,3.5,62,0.3387096774193548,0.6612903225806451,0
2008,2008_03_PIT_PHI,PIT,-3.5,60,0,0.7166666666666667,0.2833333333333333
2008,2008_03_STL_SEA,LA,-8,56,0,0.05357142857142857,0.9464285714285714
2008,2008_03_STL_SEA,SEA,8,67,0.7910447761194029,0.208955223880597,0
2008,2008_03_TB_CHI,CHI,3,67,0.23880597014925373,0.7611940298507462,0
2008,2008_03_TB_CHI,TB,-3,64,0.015625,0.640625,0.34375
2008,2008_04_ARI_NYJ,ARI,-1.5,77,0,0.23376623376623376,0.7662337662337663
2008,2008_04_ARI_NYJ,NYJ,1.5,62,0.7419354838709677,0.25806451612903225,0
2008,2008_04_ATL_CAR,ATL,-7,66,0,0.5,0.5
2008,2008_04_ATL_CAR,CAR,7,59,0.3898305084745763,0.6101694915254238,0
2008,2008_04_BAL_PIT,BAL,-6,65,0.13846153846153847,0.7538461538461538,0.1076923076923077
2008,2008_04_BAL_PIT,PIT,6,48,0.20833333333333337,0.5416666666666666,0.25
2008,2008_04_BUF_STL,BUF,8.5,57,0.21052631578947367,0.38596491228070173,0.40350877192982454
2008,2008_04_BUF_STL,LA,8.5,64,0.21875,0.515625,0.265625
2008,2008_04_CLE_CIN,CIN,1,54,0.03703703703703703,0.7037037037037037,0.25925925925925924
2008,2008_04_CLE_CIN,CLE,-1,64,0.21875,0.78125,0
2008,2008_04_DEN_KC,DEN,9,71,0,0.6197183098591549,0.38028169014084506
2008,2008_04_DEN_KC,KC,-9,61,0.3442622950819672,0.6557377049180327,0
2008,2008_04_GB_TB,GB,-2,53,0,0.7735849056603774,0.22641509433962265
2008,2008_04_GB_TB,TB,2,68,0.35294117647058826,0.6470588235294118,0
2008,2008_04_HOU_JAX,HOU,-6.5,61,0,0.8688524590163934,0.13114754098360656
2008,2008_04_HOU_JAX,JAX,6.5,53,0.05660377358490566,0.9433962264150944,0
2008,2008_04_MIN_TEN,MIN,-3,68,0,0.17647058823529413,0.8235294117647058
2008,2008_04_MIN_TEN,TEN,3,66,0.5151515151515151,0.48484848484848486,0
2008,2008_04_PHI_CHI,CHI,-3,63,0.2857142857142857,0.7142857142857143,0
2008,2008_04_PHI_CHI,PHI,3,66,0,0.803030303030303,0.19696969696969696
2008,2008_04_SD_OAK,LAC,8,59,0.1016949152542373,0.3389830508474576,0.559322033898305
2008,2008_04_SD_OAK,LV,8,66,0.2878787878787879,0.6060606060606061,0.10606060606060606
2008,2008_04_SF_NO,NO,4,66,0.4696969696969697,0.5303030303030303,0
2008,2008_04_SF_NO,SF,-4,60,0,0.31666666666666665,0.6833333333333333
2008,2008_04_WAS_DAL,DAL,10,58,0,0.7413793103448276,0.25862068965517243
2008,2008_04_WAS_DAL,WAS,-10,67,0.26865671641791045,0.7014925373134329,0.02985074626865671
2008,2008_05_ATL_GB,ATL,-5,59,0.423728813559322,0.576271186440678,0
2008,2008_05_ATL_GB,GB,5,61,0,0.4918032786885246,0.5081967213114754
2008,2008_05_BUF_ARI,ARI,1,74,0.918918918918919,0.08108108108108109,0
2008,2008_05_BUF_ARI,BUF,-1,46,0,0.17391304347826086,0.8260869565217391
2008,2008_05_CHI_DET,CHI,3.5,69,0.5362318840579711,0.463768115942029,0
2008,2008_05_CHI_DET,DET,-3.5,56,0,0.30357142857142855,0.6964285714285714
2008,2008_05_CIN_DAL,CIN,-16,64,0,0.234375,0.765625
2008,2008_05_CIN_DAL,DAL,16,60,0.6666666666666666,0.3333333333333333,0
2008,2008_05_IND_HOU,HOU,-4,66,0.5,0.5,0
2008,2008_05_IND_HOU,IND,4,55,0,0.6363636363636364,0.3636363636363637
2008,2008_05_KC_CAR,CAR,10,69,0.7681159420289855,0.2318840579710145,0
2008,2008_05_KC_CAR,KC,-10,50,0,0.16,0.84
2008,2008_05_MIN_NO,MIN,-3,62,0.5161290322580645,0.3870967741935484,0.0967741935483871
2008,2008_05_MIN_NO,NO,3,69,0.05797101449275362,0.7246376811594203,0.21739130434782608
2008,2008_05_NE_SF,NE,3,78,0.28205128205128205,0.6282051282051282,0.08974358974358974
2008,2008_05_NE_SF,SF,-3,47,0.1276595744680851,0.3617021276595745,0.5106382978723404
2008,2008_05_PIT_JAX,JAX,5.5,53,0,0.8490566037735849,0.1509433962264151
2008,2008_05_PIT_JAX,PIT,-5.5,69,0.02898550724637681,0.8840579710144928,0.08695652173913043
2008,2008_05_SD_MIA,LAC,6,49,0,0.5102040816326531,0.4897959183673469
2008,2008_05_SD_MIA,MIA,-6,68,0.6764705882352942,0.3235294117647059,0
2008,2008_05_SEA_NYG,NYG,6.5,61,0.918032786885246,0.08196721311475409,0
2008,2008_05_SEA_NYG,SEA,-6.5,51,0,0.21568627450980393,0.7843137254901961
2008,2008_05_TB_DEN,DEN,3.5,57,0.3333333333333333,0.6666666666666666,0
2008,2008_05_TB_DEN,TB,-3.5,60,0,0.6333333333333333,0.36666666666666664
2008,2008_05_TEN_BAL,BAL,-1,65,0.27692307692307694,0.6923076923076923,0.03076923076923077
2008,2008_05_TEN_BAL,TEN,1,53,0.05660377358490566,0.7735849056603774,0.16981132075471697
2008,2008_05_WAS_PHI,PHI,6.5,47,0.3191489361702128,0.5531914893617021,0.1276595744680851
2008,2008_05_WAS_PHI,WAS,-6.5,71,0.16901408450704225,0.3661971830985915,0.4647887323943662
2008,2008_06_BAL_IND,BAL,-4,60,0,0.1,0.9
2008,2008_06_BAL_IND,IND,4,58,0.8793103448275862,0.1206896551724138,0
2008,2008_06_CAR_TB,CAR,-1,58,0,0.06896551724137931,0.9310344827586208
2008,2008_06_CAR_TB,TB,1,56,1,0,0
2008,2008_06_CHI_ATL,ATL,-3,60,0.4666666666666667,0.5333333333333333,0
2008,2008_06_CHI_ATL,CHI,3,67,0,0.47761194029850745,0.5223880597014925
2008,2008_06_CIN_NYJ,CIN,-9.5,59,0,0.4745762711864407,0.5254237288135594
2008,2008_06_CIN_NYJ,NYJ,9.5,61,0.4918032786885246,0.5081967213114754,0
2008,2008_06_DAL_ARI,ARI,-4.5,49,0.3877551020408163,0.6122448979591837,0
2008,2008_06_DAL_ARI,DAL,4.5,60,0,0.8166666666666667,0.18333333333333332
2008,2008_06_DET_MIN,DET,-13,51,0.0588235294117647,0.9215686274509804,0.0196078431372549
2008,2008_06_DET_MIN,MIN,13,69,0.0144927536231884,0.9130434782608696,0.07246376811594203
2008,2008_06_GB_SEA,GB,-1,69,0.34782608695652173,0.6521739130434783,0
2008,2008_06_GB_SEA,SEA,1,49,0,0.673469387755102,0.32653061224489793
2008,2008_06_JAX_DEN,DEN,3.5,60,0.05,0.5666666666666667,0.38333333333333336
2008,2008_06_JAX_DEN,JAX,-3.5,66,0.4393939393939394,0.5606060606060606,0
2008,2008_06_MIA_HOU,HOU,3,69,0,0.8985507246376812,0.10144927536231883
2008,2008_06_MIA_HOU,MIA,-3,51,0.09803921568627452,0.9019607843137256,0
2008,2008_06_NE_SD,LAC,-6,55,0.7636363636363637,0.23636363636363636,0
2008,2008_06_NE_SD,NE,-6,68,0,0.2647058823529412,0.7352941176470589
2008,2008_06_NYG_CLE,CLE,-9,56,0.3928571428571429,0.6071428571428571,0
2008,2008_06_NYG_CLE,NYG,9,54,0,0.5740740740740741,0.42592592592592593
2008,2008_06_OAK_NO,LV,-7,59,0,0.4576271186440678,0.5423728813559322
2008,2008_06_OAK_NO,NO,7,64,0.5,0.5,0
2008,2008_06_PHI_SF,PHI,4.5,57,0.2982456140350877,0.5964912280701754,0.10526315789473684
2008,2008_06_PHI_SF,SF,-4.5,59,0.1864406779661017,0.5932203389830508,0.22033898305084745
2008,2008_06_STL_WAS,LA,-12,53,0.1509433962264151,0.8490566037735849,0
2008,2008_06_STL_WAS,WAS,12,61,0.01639344262295082,0.8360655737704918,0.14754098360655735
2008,2008_07_BAL_MIA,BAL,-3,61,0.6229508196721312,0.3770491803278688,0
2008,2008_07_BAL_MIA,MIA,3,58,0,0.5172413793103449,0.4827586206896552
2008,2008_07_CLE_WAS,CLE,-7,66,0,0.6363636363636364,0.3636363636363637
2008,2008_07_CLE_WAS,WAS,7,58,0.2413793103448276,0.7586206896551724,0
2008,2008_07_DAL_STL,DAL,9,59,0,0.22033898305084745,0.7796610169491526
2008,2008_07_DAL_STL,LA,9,56,0.8571428571428571,0.14285714285714285,0
2008,2008_07_DEN_NE,DEN,-3,58,0,0.3448275862068966,0.6551724137931034
2008,2008_07_DEN_NE,NE,3,65,0.8769230769230769,0.12307692307692308,0
2008,2008_07_DET_HOU,DET,-11,46,0,0.04347826086956521,0.9565217391304348
2008,2008_07_DET_HOU,HOU,11,68,0.8970588235294118,0.10294117647058824,0
2008,2008_07_IND_GB,GB,-1,60,0.5,0.5,0
2008,2008_07_IND_GB,IND,1,64,0,0.25,0.75
2008,2008_07_MIN_CHI,CHI,3,55,0.3090909090909091,0.6909090909090909,0
2008,2008_07_MIN_CHI,MIN,-3,74,0,0.5,0.5
2008,2008_07_NO_CAR,CAR,3,60,0.5166666666666667,0.48333333333333334,0
2008,2008_07_NO_CAR,NO,-3,62,0,0.5806451612903226,0.41935483870967744
2008,2008_07_NYJ_OAK,LV,3,59,0.22033898305084745,0.7796610169491526,0
2008,2008_07_NYJ_OAK,NYJ,3,57,0,0.6140350877192983,0.38596491228070173
2008,2008_07_PIT_CIN,CIN,-9,68,0,0.5147058823529411,0.4852941176470588
2008,2008_07_PIT_CIN,PIT,9,57,0.543859649122807,0.45614035087719296,0
2008,2008_07_SD_BUF,BUF,-1,59,0.3728813559322034,0.6271186440677966,0
2008,2008_07_SD_BUF,LAC,1,47,0,0.8723404255319149,0.1276595744680851
2008,2008_07_SEA_TB,SEA,-10.5,39,0,0.1794871794871795,0.8205128205128205
2008,2008_07_SEA_TB,TB,10.5,73,0.9178082191780822,0.0821917808219178,0
2008,2008_07_SF_NYG,NYG,10,60,0.75,0.25,0
2008,2008_07_SF_NYG,SF,-10,50,0,0.4,0.6
2008,2008_07_TEN_KC,KC,-9,56,0,0.30357142857142855,0.6964285714285714
2008,2008_07_TEN_KC,TEN,9,56,0.7321428571428571,0.26785714285714285,0
2008,2008_08_ARI_CAR,ARI,-5,67,0.23880597014925373,0.746268656716418,0.01492537313432835
2008,2008_08_ARI_CAR,CAR,5,56,0.16071428571428573,0.625,0.21428571428571427
2008,2008_08_ATL_PHI,ATL,-9.5,69,0,0.5362318840579711,0.463768115942029
2008,2008_08_ATL_PHI,PHI,9.5,67,0.40298507462686567,0.5970149253731343,0
2008,2008_08_BUF_MIA,BUF,-1,64,0,0.828125,0.171875
2008,2008_08_BUF_MIA,MIA,1,54,0.25925925925925924,0.7222222222222222,0.01851851851851851
2008,2008_08_CIN_HOU,CIN,-9,56,0,0.32142857142857145,0.6785714285714286
2008,2008_08_CIN_HOU,HOU,9,57,0.9298245614035088,0.07017543859649122,0
2008,2008_08_CLE_JAX,CLE,-7,52,0.25,0.75,0
2008,2008_08_CLE_JAX,JAX,7,74,0,0.7837837837837838,0.21621621621621623
2008,2008_08_IND_TEN,IND,-4,63,0,0.7619047619047619,0.23809523809523808
2008,2008_08_IND_TEN,TEN,4,66,0.21212121212121213,0.7121212121212122,0.07575757575757576
2008,2008_08_KC_NYJ,KC,-14,59,0,0.9491525423728814,0.05084745762711865
2008,2008_08_KC_NYJ,NYJ,14,65,0.24615384615384617,0.7538461538461538,0
2008,2008_08_NYG_PIT,NYG,-3,64,0.046875,0.90625,0.046875
2008,2008_08_NYG_PIT,PIT,3,56,0.25,0.6071428571428571,0.14285714285714285
2008,2008_08_OAK_BAL,BAL,9,69,0.8115942028985508,0.18840579710144928,0
2008,2008_08_OAK_BAL,LV,-9,56,0,0.21428571428571427,0.7857142857142857
2008,2008_08_SD_NO,LAC,3,61,0,0.18032786885245905,0.819672131147541
2008,2008_08_SD_NO,NO,-3,67,0.4925373134328358,0.5074626865671642,0
2008,2008_08_SEA_SF,SEA,-5,54,0.5740740740740741,0.42592592592592593,0
2008,2008_08_SEA_SF,SF,5,73,0,0.3287671232876712,0.6712328767123288
2008,2008_08_STL_NE,LA,-9,64,0,0.8125,0.1875
2008,2008_08_STL_NE,NE,9,62,0,1,0
2008,2008_08_TB_DAL,DAL,1,61,0.22950819672131148,0.7704918032786885,0
2008,2008_08_TB_DAL,TB,-1,65,0,0.8769230769230769,0.12307692307692308
2008,2008_08_WAS_DET,DET,-7,51,0.17647058823529413,0.392156862745098,0.43137254901960786
2008,2008_08_WAS_DET,WAS,7,63,0.2063492063492063,0.6190476190476191,0.1746031746031746
2008,2008_09_ARI_STL,ARI,3,66,0.4696969696969697,0.4090909090909091,0.12121212121212122
2008,2008_09_ARI_STL,LA,3,55,0.09090909090909093,0.32727272727272727,0.5818181818181818
2008,2008_09_ATL_OAK,ATL,3,80,0.8375,0.1625,0
2008,2008_09_ATL_OAK,LV,3,34,0,0.08823529411764706,0.9117647058823528
2008,2008_09_BAL_CLE,BAL,-1,70,0.04285714285714286,0.7571428571428571,0.2
2008,2008_09_BAL_CLE,CLE,1,57,0.19298245614035087,0.7017543859649122,0.10526315789473684
2008,2008_09_DAL_NYG,DAL,-9.5,55,0,0.2545454545454545,0.7454545454545455
2008,2008_09_DAL_NYG,NYG,9.5,65,0.7384615384615385,0.26153846153846155,0
2008,2008_09_DET_CHI,CHI,12.5,64,0.203125,0.609375,0.1875
2008,2008_09_DET_CHI,DET,-12.5,73,0.1506849315068493,0.6438356164383562,0.2054794520547945
2008,2008_09_GB_TEN,GB,-3.5,69,0,0.9710144927536232,0.02898550724637681
2008,2008_09_GB_TEN,TEN,3.5,65,0.3384615384615385,0.6615384615384615,0
2008,2008_09_HOU_MIN,HOU,-6.5,66,0,0.3333333333333333,0.6666666666666666
2008,2008_09_HOU_MIN,MIN,6.5,54,0.5740740740740741,0.42592592592592593,0
2008,2008_09_JAX_CIN,CIN,-7,62,0.7741935483870968,0.2258064516129032,0
2008,2008_09_JAX_CIN,JAX,7,62,0,0.14516129032258066,0.8548387096774194
2008,2008_09_MIA_DEN,DEN,4,59,0,0.559322033898305,0.4406779661016949
2008,2008_09_MIA_DEN,MIA,-4,70,0.4714285714285714,0.5285714285714286,0
2008,2008_09_NE_IND,IND,6.5,50,0.1,0.9,0
2008,2008_09_NE_IND,NE,-6.5,67,0,0.9552238805970148,0.04477611940298507
2008,2008_09_NYJ_BUF,BUF,5,56,0.01785714285714285,0.625,0.35714285714285715
2008,2008_09_NYJ_BUF,NYJ,-5,51,0.6274509803921569,0.37254901960784315,0
2008,2008_09_PHI_SEA,PHI,7,72,0.4722222222222222,0.3194444444444444,0.20833333333333337
2008,2008_09_PHI_SEA,SEA,-7,54,0.3703703703703703,0.2222222222222222,0.4074074074074074
2008,2008_09_PIT_WAS,PIT,-1,60,0.4166666666666667,0.5833333333333334,0
2008,2008_09_PIT_WAS,WAS,1,65,0.03076923076923077,0.4307692307692308,0.5384615384615384
2008,2008_09_TB_KC,KC,-9.5,62,0.7903225806451613,0.20967741935483872,0
2008,2008_09_TB_KC,TB,9.5,61,0,0.01639344262295082,0.9836065573770492
2008,2008_10_BAL_HOU,BAL,-2.5,66,0.6666666666666666,0.3333333333333333,0
2008,2008_10_BAL_HOU,HOU,2.5,56,0,0.42857142857142855,0.5714285714285714
2008,2008_10_BUF_NE,BUF,-3.5,43,0,0.3488372093023256,0.6511627906976745
2008,2008_10_BUF_NE,NE,3.5,74,0.9054054054054054,0.0945945945945946,0
2008,2008_10_CAR_OAK,CAR,10,55,0.6,0.4,0
2008,2008_10_CAR_OAK,LV,10,74,0,0.3108108108108108,0.6891891891891891
2008,2008_10_DEN_CLE,CLE,3,64,0.5,0.484375,0.015625
2008,2008_10_DEN_CLE,DEN,-3,69,0,0.6231884057971014,0.37681159420289856
2008,2008_10_GB_MIN,GB,-2.5,48,0.08333333333333333,0.625,0.2916666666666667
2008,2008_10_GB_MIN,MIN,2.5,70,0.2714285714285714,0.6714285714285714,0.05714285714285714
2008,2008_10_IND_PIT,IND,-3.5,61,0,0.8360655737704918,0.16393442622950818
2008,2008_10_IND_PIT,PIT,3.5,69,0.21739130434782608,0.7391304347826086,0.04347826086956521
2008,2008_10_JAX_DET,DET,-5.5,52,0,0.4807692307692308,0.5192307692307693
2008,2008_10_JAX_DET,JAX,5.5,59,0.6271186440677966,0.3728813559322034,0
2008,2008_10_KC_SD,KC,-14.5,60,0.06666666666666667,0.6666666666666666,0.26666666666666666
2008,2008_10_KC_SD,LAC,-14.5,64,0.0625,0.9375,0
2008,2008_10_NO_ATL,ATL,1,57,0.7543859649122807,0.24561403508771928,0
2008,2008_10_NO_ATL,NO,-1,75,0,0.17333333333333334,0.8266666666666667
2008,2008_10_NYG_PHI,NYG,-3,77,0.2727272727272727,0.6883116883116883,0.03896103896103896
2008,2008_10_NYG_PHI,PHI,3,56,0,0.75,0.25
2008,2008_10_SEA_MIA,MIA,9,64,0.4375,0.5625,0
2008,2008_10_SEA_MIA,SEA,-9,63,0,0.7777777777777778,0.2222222222222222
2008,2008_10_SF_ARI,ARI,9.5,61,0.06557377049180328,0.9016393442622952,0.03278688524590164
2008,2008_10_SF_ARI,SF,-9.5,67,0,0.9701492537313432,0.02985074626865671
2008,2008_10_STL_NYJ,LA,-9.5,46,0,0.06521739130434782,0.9347826086956522
2008,2008_10_STL_NYJ,NYJ,9.5,59,0.864406779661017,0.13559322033898305,0
2008,2008_10_TEN_CHI,CHI,-1,63,0.09523809523809525,0.5873015873015873,0.31746031746031744
2008,2008_10_TEN_CHI,TEN,1,68,0.36764705882352944,0.5441176470588235,0.08823529411764706
2008,2008_11_ARI_SEA,ARI,3,67,0.6865671641791045,0.31343283582089554,0
2008,2008_11_ARI_SEA,SEA,-3,53,0,0.3584905660377358,0.6415094339622641
2008,2008_11_BAL_NYG,BAL,-7,59,0,0.1694915254237288,0.8305084745762712
2008,2008_11_BAL_NYG,NYG,7,55,0.8545454545454545,0.14545454545454545,0
2008,2008_11_CHI_GB,CHI,-3.5,54,0,0.3703703703703703,0.6296296296296297
2008,2008_11_CHI_GB,GB,3.5,67,0.582089552238806,0.417910447761194,0
2008,2008_11_CLE_BUF,BUF,4.5,64,0,0.84375,0.15625
2008,2008_11_CLE_BUF,CLE,-4.5,62,0.27419354838709675,0.7258064516129032,0
2008,2008_11_DAL_WAS,DAL,1,53,0.20754716981132076,0.6226415094339622,0.16981132075471697
2008,2008_11_DAL_WAS,WAS,-1,55,0.34545454545454546,0.6545454545454545,0
2008,2008_11_DEN_ATL,ATL,6.5,67,0.05970149253731343,0.9253731343283582,0.01492537313432835
2008,2008_11_DEN_ATL,DEN,-6.5,53,0.05660377358490566,0.9433962264150944,0
2008,2008_11_DET_CAR,CAR,14,49,0.5102040816326531,0.4897959183673469,0
2008,2008_11_DET_CAR,DET,-14,71,0,0.5070422535211268,0.4929577464788733
2008,2008_11_HOU_IND,HOU,-9,45,0,0.6888888888888889,0.3111111111111111
2008,2008_11_HOU_IND,IND,9,79,0.25316455696202533,0.7468354430379747,0
2008,2008_11_MIN_TB,MIN,-4.5,52,0,0.8846153846153846,0.1153846153846154
2008,2008_11_MIN_TB,TB,4.5,62,0.14516129032258066,0.8548387096774194,0
2008,2008_11_NO_KC,KC,-6,66,0,0.6515151515151515,0.3484848484848485
2008,2008_11_NO_KC,NO,6,61,0.4426229508196721,0.5573770491803278,0
2008,2008_11_NYJ_NE,NE,3,76,0,0.3684210526315789,0.631578947368421
2008,2008_11_NYJ_NE,NYJ,-3,61,0.4098360655737705,0.5901639344262295,0
2008,2008_11_OAK_MIA,LV,-10,48,0,0.5833333333333334,0.4166666666666667
2008,2008_11_OAK_MIA,MIA,10,60,0.5,0.5,0
2008,2008_11_PHI_CIN,CIN,-9.5,63,0.15873015873015872,0.8412698412698413,0
2008,2008_11_PHI_CIN,PHI,9.5,65,0,0.9384615384615383,0.06153846153846154
2008,2008_11_SD_PIT,LAC,-4.5,50,0.04,0.94,0.02
2008,2008_11_SD_PIT,PIT,4.5,72,0.01388888888888888,0.9861111111111112,0
2008,2008_11_STL_SF,LA,-7,80,0,0.2875,0.7125
2008,2008_11_STL_SF,SF,7,58,0.8793103448275862,0.1206896551724138,0
2008,2008_11_TEN_JAX,JAX,-1,65,0.13846153846153847,0.7692307692307693,0.09230769230769233
2008,2008_11_TEN_JAX,TEN,1,55,0.14545454545454545,0.7272727272727273,0.12727272727272726
2008,2008_12_BUF_KC,BUF,3,66,0.5303030303030303,0.4696969696969697,0
2008,2008_12_BUF_KC,KC,-3,55,0,0.43636363636363634,0.5636363636363636
2008,2008_12_CAR_ATL,ATL,1,60,0.6166666666666667,0.38333333333333336,0
2008,2008_12_CAR_ATL,CAR,-1,64,0,0.21875,0.78125
2008,2008_12_CHI_STL,CHI,7,61,0.7704918032786885,0.22950819672131148,0
2008,2008_12_CHI_STL,LA,7,59,0,0.1694915254237288,0.8305084745762712
2008,2008_12_CIN_PIT,CIN,-11.5,56,0,0.6071428571428571,0.3928571428571429
2008,2008_12_CIN_PIT,PIT,11.5,66,0.3939393939393939,0.6060606060606061,0
2008,2008_12_GB_NO,GB,-1,74,0,0.3918918918918919,0.6081081081081081
2008,2008_12_GB_NO,NO,1,54,0.3703703703703703,0.6296296296296297,0
2008,2008_12_HOU_CLE,CLE,3,52,0,0.5769230769230769,0.4230769230769231
2008,2008_12_HOU_CLE,HOU,-3,68,0.4264705882352941,0.5735294117647058,0
2008,2008_12_IND_SD,IND,-3,67,0.19402985074626863,0.7611940298507462,0.04477611940298507
2008,2008_12_IND_SD,LAC,-3,58,0,0.7931034482758621,0.20689655172413793
2008,2008_12_MIN_JAX,JAX,1,63,0,0.5555555555555556,0.4444444444444444
2008,2008_12_MIN_JAX,MIN,-1,54,0.6111111111111112,0.3888888888888889,0
2008,2008_12_NE_MIA,MIA,-1,61,0,0.7377049180327869,0.26229508196721313
2008,2008_12_NE_MIA,NE,1,70,0.18571428571428572,0.8142857142857143,0
2008,2008_12_NYG_ARI,ARI,-3,66,0,0.5454545454545454,0.4545454545454546
2008,2008_12_NYG_ARI,NYG,3,59,0.4745762711864407,0.5254237288135594,0
2008,2008_12_NYJ_TEN,NYJ,-5.5,72,0.6944444444444444,0.3055555555555556,0
2008,2008_12_NYJ_TEN,TEN,5.5,51,0,0.4901960784313726,0.5098039215686274
2008,2008_12_OAK_DEN,DEN,9,64,0,0.8125,0.1875
2008,2008_12_OAK_DEN,LV,-9,51,0.4901960784313726,0.5098039215686274,0
2008,2008_12_PHI_BAL,BAL,1,66,0.3636363636363637,0.6363636363636364,0
2008,2008_12_PHI_BAL,PHI,-1,64,0,0.640625,0.359375
2008,2008_12_SF_DAL,DAL,9.5,66,0.7575757575757576,0.24242424242424243,0
2008,2008_12_SF_DAL,SF,-9.5,52,0,0.5576923076923077,0.4423076923076923
2008,2008_12_TB_DET,DET,-9,52,0.15384615384615383,0.4807692307692308,0.36538461538461536
2008,2008_12_TB_DET,TB,9,55,0.41818181818181815,0.2909090909090909,0.2909090909090909
2008,2008_12_WAS_SEA,SEA,-3,46,0,1,0
2008,2008_12_WAS_SEA,WAS,3,74,0.10810810810810811,0.8918918918918919,0
2008,2008_13_ARI_PHI,ARI,-3,49,0,0.1020408163265306,0.8979591836734694
2008,2008_13_ARI_PHI,PHI,3,77,0.8441558441558441,0.15584415584415584,0
2008,2008_13_ATL_SD,ATL,-6.5,66,0.5,0.5,0
2008,2008_13_ATL_SD,LAC,-6.5,52,0,0.5961538461538461,0.40384615384615385
2008,2008_13_BAL_CIN,BAL,7,73,0.5753424657534246,0.4246575342465753,0
2008,2008_13_BAL_CIN,CIN,-7,52,0,0.3076923076923077,0.6923076923076923
2008,2008_13_CAR_GB,CAR,-3,45,0.26666666666666666,0.6666666666666666,0.06666666666666667
2008,2008_13_CAR_GB,GB,3,76,0.03947368421052631,0.8552631578947368,0.10526315789473684
2008,2008_13_CHI_MIN,CHI,-5,58,0.08620689655172414,0.5172413793103449,0.39655172413793105
2008,2008_13_CHI_MIN,MIN,5,66,0.48484848484848486,0.5151515151515151,0
2008,2008_13_DEN_NYJ,DEN,-7.5,63,0.6666666666666666,0.3333333333333333,0
2008,2008_13_DEN_NYJ,NYJ,7.5,64,0,0.296875,0.703125
2008,2008_13_IND_CLE,CLE,-4,64,0.09375,0.859375,0.046875
2008,2008_13_IND_CLE,IND,4,48,0.10416666666666669,0.8958333333333334,0
2008,2008_13_JAX_HOU,HOU,3,50,0.88,0.12,0
2008,2008_13_JAX_HOU,JAX,-3,63,0,0.09523809523809525,0.9047619047619048
2008,2008_13_KC_OAK,KC,-3,57,0.3157894736842105,0.6842105263157895,0
2008,2008_13_KC_OAK,LV,-3,57,0,0.7192982456140351,0.2807017543859649
2008,2008_13_MIA_STL,LA,7,65,0.04615384615384615,0.8923076923076924,0.06153846153846154
2008,2008_13_MIA_STL,MIA,7,58,0.08620689655172414,0.913793103448276,0
2008,2008_13_NO_TB,NO,-3.5,66,0,0.7121212121212122,0.2878787878787879
2008,2008_13_NO_TB,TB,3.5,59,0.1864406779661017,0.8135593220338984,0
2008,2008_13_NYG_WAS,NYG,3.5,70,0.7714285714285715,0.22857142857142856,0
2008,2008_13_NYG_WAS,WAS,-3.5,61,0,0.3442622950819672,0.6557377049180327
2008,2008_13_PIT_NE,NE,1,64,0.203125,0.375,0.421875
2008,2008_13_PIT_NE,PIT,-1,67,0.31343283582089554,0.6268656716417911,0.05970149253731343
2008,2008_13_SEA_DAL,DAL,11.5,57,0.912280701754386,0.08771929824561403,0
2008,2008_13_SEA_DAL,SEA,-11.5,68,0,0.08823529411764706,0.9117647058823528
2008,2008_13_SF_BUF,BUF,6.5,66,0,0.803030303030303,0.19696969696969696
2008,2008_13_SF_BUF,SF,-6.5,53,0.4716981132075472,0.5283018867924528,0
2008,2008_13_TEN_DET,DET,-11,46,0,0.1956521739130435,0.8043478260869565
2008,2008_13_TEN_DET,TEN,11,64,0.90625,0.09375,0
2008,2008_14_ATL_NO,ATL,-3,63,0,0.9206349206349206,0.07936507936507936
2008,2008_14_ATL_NO,NO,3,59,0.288135593220339,0.711864406779661,0
2008,2008_14_CIN_IND,CIN,-13.5,61,0,0.39344262295081966,0.6065573770491803
2008,2008_14_CIN_IND,IND,13.5,52,0.7115384615384616,0.28846153846153844,0
2008,2008_14_CLE_TEN,CLE,-14,64,0,0.3125,0.6875
2008,2008_14_CLE_TEN,TEN,14,66,0.48484848484848486,0.5151515151515151,0
2008,2008_14_DAL_PIT,DAL,-4,65,0.2153846153846154,0.7076923076923077,0.07692307692307693
2008,2008_14_DAL_PIT,PIT,4,63,0.03174603174603174,0.7777777777777778,0.1904761904761905
2008,2008_14_HOU_GB,GB,7,52,0,0.8846153846153846,0.1153846153846154
2008,2008_14_HOU_GB,HOU,-7,73,0.1232876712328767,0.8767123287671232,0
2008,2008_14_JAX_CHI,CHI,6.5,59,0.9322033898305084,0.06779661016949153,0
2008,2008_14_JAX_CHI,JAX,-6.5,69,0,0.17391304347826086,0.8260869565217391
2008,2008_14_KC_DEN,DEN,9,67,0.08955223880597014,0.9104477611940298,0
2008,2008_14_KC_DEN,KC,-9,51,0,0.8627450980392157,0.13725490196078433
2008,2008_14_MIA_BUF,BUF,1,48,0,0.5625,0.4375
2008,2008_14_MIA_BUF,MIA,-1,62,0.5483870967741935,0.4516129032258064,0
2008,2008_14_MIN_DET,DET,-10.5,54,0.3333333333333333,0.6296296296296297,0.03703703703703703
2008,2008_14_MIN_DET,MIN,10.5,52,0.07692307692307693,0.903846153846154,0.01923076923076923
2008,2008_14_NE_SEA,NE,7.5,69,0,0.6811594202898551,0.3188405797101449
2008,2008_14_NE_SEA,SEA,-7.5,55,0.2909090909090909,0.7090909090909091,0
2008,2008_14_NYJ_SF,NYJ,4,46,0,0.5,0.5
2008,2008_14_NYJ_SF,SF,-4,74,0.43243243243243246,0.5675675675675675,0
2008,2008_14_OAK_SD,LAC,-9.5,68,0.8676470588235294,0.1323529411764706,0
2008,2008_14_OAK_SD,LV,-9.5,49,0,0.06122448979591836,0.9387755102040816
2008,2008_14_PHI_NYG,NYG,6.5,51,0,0.6470588235294118,0.35294117647058826
2008,2008_14_PHI_NYG,PHI,-6.5,69,0.2608695652173913,0.7391304347826086,0
2008,2008_14_STL_ARI,ARI,14,54,0.7407407407407407,0.25925925925925924,0
2008,2008_14_STL_ARI,LA,-14,62,0,0.1129032258064516,0.8870967741935484
2008,2008_14_TB_CAR,CAR,3,56,0.32142857142857145,0.6785714285714286,0
2008,2008_14_TB_CAR,TB,-3,67,0,0.5074626865671642,0.4925373134328358
2008,2008_14_WAS_BAL,BAL,6,59,0.9152542372881356,0.0847457627118644,0
2008,2008_14_WAS_BAL,WAS,-6,60,0,0.05,0.95
2008,2008_15_BUF_NYJ,BUF,-9,72,0.02777777777777777,0.7083333333333334,0.2638888888888889
2008,2008_15_BUF_NYJ,NYJ,9,54,0.2222222222222222,0.7777777777777778,0
2008,2008_15_CLE_PHI,CLE,-15.5,51,0,0.37254901960784315,0.6274509803921569
2008,2008_15_CLE_PHI,PHI,15.5,71,0.704225352112676,0.29577464788732394,0
2008,2008_15_DEN_CAR,CAR,7,55,0.6,0.4,0
2008,2008_15_DEN_CAR,DEN,-7,59,0,0.4745762711864407,0.5254237288135594
2008,2008_15_DET_IND,DET,-16.5,56,0,0.3928571428571429,0.6071428571428571
2008,2008_15_DET_IND,IND,16.5,66,0.3333333333333333,0.6666666666666666,0
2008,2008_15_GB_JAX,GB,2.5,63,0.2063492063492063,0.6984126984126984,0.09523809523809525
2008,2008_15_GB_JAX,JAX,-2.5,53,0.05660377358490566,0.9245283018867924,0.01886792452830188
2008,2008_15_MIN_ARI,ARI,4,61,0,0.11475409836065574,0.8852459016393442
2008,2008_15_MIN_ARI,MIN,-4,64,0.8125,0.1875,0
2008,2008_15_NE_OAK,LV,6.5,62,0,0.0967741935483871,0.9032258064516128
2008,2008_15_NE_OAK,NE,6.5,68,0.8676470588235294,0.1323529411764706,0
2008,2008_15_NO_CHI,CHI,3,57,0.47368421052631576,0.5263157894736842,0
2008,2008_15_NO_CHI,NO,-3,75,0,0.6,0.4
2008,2008_15_NYG_DAL,DAL,3,54,0.3703703703703703,0.6296296296296297,0
2008,2008_15_NYG_DAL,NYG,-3,60,0,0.6833333333333333,0.31666666666666665
2008,2008_15_PIT_BAL,BAL,3,61,0.2786885245901639,0.7049180327868853,0.01639344262295082
2008,2008_15_PIT_BAL,PIT,-3,68,0,0.9264705882352942,0.07352941176470588
2008,2008_15_SD_KC,KC,-6,58,0.7068965517241379,0.29310344827586204,0
2008,2008_15_SD_KC,LAC,6,70,0,0.14285714285714285,0.8571428571428571
2008,2008_15_SEA_STL,LA,1,65,0.35384615384615387,0.6461538461538462,0
2008,2008_15_SEA_STL,SEA,1,55,0.01818181818181818,0.5818181818181818,0.4
2008,2008_15_SF_MIA,MIA,5.5,40,0.8,0.2,0
2008,2008_15_SF_MIA,SF,-5.5,78,0,0.3717948717948718,0.6282051282051282
2008,2008_15_TB_ATL,ATL,5.5,56,0.375,0.625,0
2008,2008_15_TB_ATL,TB,-5.5,60,0,0.7,0.3
2008,2008_15_TEN_HOU,HOU,-3,69,0.36231884057971014,0.6376811594202898,0
2008,2008_15_TEN_HOU,TEN,3,56,0,0.8035714285714286,0.19642857142857145
2008,2008_15_WAS_CIN,CIN,-6.5,60,0.8833333333333333,0.11666666666666668,0
2008,2008_15_WAS_CIN,WAS,6.5,60,0,0.26666666666666666,0.7333333333333333
2008,2008_16_ARI_NE,ARI,-9,50,0,0.06,0.94
2008,2008_16_ARI_NE,NE,9,78,0.9102564102564102,0.08974358974358974,0
2008,2008_16_ATL_MIN,ATL,-3,56,0.4642857142857143,0.5357142857142857,0
2008,2008_16_ATL_MIN,MIN,3,70,0,0.4,0.6
2008,2008_16_BAL_DAL,BAL,-5,63,0.14285714285714285,0.8571428571428571,0
2008,2008_16_BAL_DAL,DAL,5,68,0,0.5441176470588235,0.45588235294117646
2008,2008_16_BUF_DEN,BUF,-6.5,51,0.0588235294117647,0.6078431372549019,0.3333333333333333
2008,2008_16_BUF_DEN,DEN,6.5,72,0.3194444444444444,0.4722222222222222,0.20833333333333337
2008,2008_16_CAR_NYG,CAR,-4,51,0.35294117647058826,0.6470588235294118,0
2008,2008_16_CAR_NYG,NYG,4,61,0,0.5409836065573771,0.45901639344262296
2008,2008_16_CIN_CLE,CIN,-1,53,0.6415094339622641,0.3584905660377358,0
2008,2008_16_CIN_CLE,CLE,1,54,0,0.25925925925925924,0.7407407407407407
2008,2008_16_GB_CHI,CHI,4,49,0,0.7142857142857143,0.2857142857142857
2008,2008_16_GB_CHI,GB,-4,67,0.19402985074626863,0.8059701492537313,0
2008,2008_16_HOU_OAK,HOU,7,60,0,0.5333333333333333,0.4666666666666667
2008,2008_16_HOU_OAK,LV,7,60,0.31666666666666665,0.6833333333333333,0
2008,2008_16_IND_JAX,IND,5.5,52,0.07692307692307693,0.40384615384615385,0.5192307692307693
2008,2008_16_IND_JAX,JAX,-5.5,70,0.5285714285714286,0.2714285714285714,0.2
2008,2008_16_MIA_KC,KC,-3.5,65,0.13846153846153847,0.7384615384615385,0.12307692307692308
2008,2008_16_MIA_KC,MIA,3.5,62,0.08064516129032258,0.8870967741935484,0.03225806451612903
2008,2008_16_NO_DET,DET,-7,55,0,0.2,0.8
2008,2008_16_NO_DET,NO,7,67,0.6417910447761194,0.3582089552238806,0
2008,2008_16_NYJ_SEA,NYJ,3.5,60,0,0.7166666666666667,0.2833333333333333
2008,2008_16_NYJ_SEA,SEA,-3.5,58,0.3275862068965517,0.6724137931034483,0
2008,2008_16_PHI_WAS,PHI,4.5,62,0,0.4516129032258064,0.5483870967741935
2008,2008_16_PHI_WAS,WAS,-4.5,68,0.5,0.5,0
2008,2008_16_PIT_TEN,PIT,2.5,66,0,0.6060606060606061,0.3939393939393939
2008,2008_16_PIT_TEN,TEN,-2.5,61,0.3114754098360656,0.6885245901639344,0
2008,2008_16_SD_TB,LAC,-4.5,55,0.23636363636363636,0.7636363636363637,0
2008,2008_16_SD_TB,TB,4.5,64,0,0.640625,0.359375
2008,2008_16_SF_STL,LA,3.5,79,0.4050632911392405,0.5949367088607594,0
2008,2008_16_SF_STL,SF,3.5,54,0,0.4074074074074074,0.5925925925925926
2008,2008_17_CAR_NO,CAR,1,63,0.47619047619047616,0.5238095238095238,0
2008,2008_17_CAR_NO,NO,-1,62,0,0.3064516129032258,0.6935483870967742
2008,2008_17_CHI_HOU,CHI,-3,57,0.22807017543859648,0.3684210526315789,0.40350877192982454
2008,2008_17_CHI_HOU,HOU,3,69,0.4057971014492754,0.4492753623188406,0.14492753623188406
2008,2008_17_CLE_PIT,CLE,-11,50,0,0.4,0.6
2008,2008_17_CLE_PIT,PIT,11,59,0.6101694915254238,0.3898305084745763,0
2008,2008_17_DAL_PHI,DAL,-2.5,64,0,0.359375,0.640625
2008,2008_17_DAL_PHI,PHI,2.5,56,0.6071428571428571,0.3928571428571429,0
2008,2008_17_DEN_SD,DEN,-7,59,0,0.23728813559322037,0.7627118644067796
2008,2008_17_DEN_SD,LAC,-7,64,0.671875,0.328125,0
2008,2008_17_DET_GB,DET,-11,72,0,0.5416666666666666,0.4583333333333333
2008,2008_17_DET_GB,GB,11,61,0.4262295081967213,0.5737704918032787,0
2008,2008_17_JAX_BAL,BAL,10.5,62,0.5967741935483871,0.4032258064516129,0
2008,2008_17_JAX_BAL,JAX,-10.5,53,0,0.3018867924528302,0.6981132075471698
2008,2008_17_KC_CIN,CIN,1.5,68,0.6764705882352942,0.3235294117647059,0
2008,2008_17_KC_CIN,KC,-1.5,52,0,0.25,0.75
2008,2008_17_MIA_NYJ,MIA,-2.5,61,0.22950819672131148,0.7704918032786885,0
2008,2008_17_MIA_NYJ,NYJ,2.5,61,0,0.7868852459016393,0.21311475409836064
2008,2008_17_NE_BUF,BUF,-5.5,62,0,0.5483870967741935,0.4516129032258064
2008,2008_17_NE_BUF,NE,5.5,56,0.3392857142857143,0.6607142857142857,0
2008,2008_17_NYG_MIN,MIN,7,54,0.03703703703703703,0.9074074074074074,0.05555555555555555
2008,2008_17_NYG_MIN,NYG,-7,62,0.20967741935483872,0.7580645161290323,0.03225806451612903
2008,2008_17_OAK_TB,LV,-11,56,0.17857142857142858,0.7678571428571429,0.05357142857142857
2008,2008_17_OAK_TB,TB,11,59,0.11864406779661016,0.7796610169491526,0.1016949152542373
2008,2008_17_SEA_ARI,ARI,7,57,0.40350877192982454,0.5964912280701754,0
2008,2008_17_SEA_ARI,SEA,-7,72,0,0.6527777777777778,0.3472222222222222
2008,2008_17_STL_ATL,ATL,14,51,0.17647058823529413,0.8235294117647058,0
2008,2008_17_STL_ATL,LA,-14,72,0,0.7083333333333334,0.2916666666666667
2008,2008_17_TEN_IND,IND,-3,61,0.8032786885245902,0.19672131147540983,0
2008,2008_17_TEN_IND,TEN,3,38,0,0.07894736842105263,0.9210526315789472
2008,2008_17_WAS_SF,SF,1,54,0.2037037037037037,0.7407407407407407,0.05555555555555555
2008,2008_17_WAS_SF,WAS,-1,65,0.07692307692307693,0.8153846153846154,0.1076923076923077
2008,2008_18_ATL_ARI,ARI,2,57,0.5964912280701754,0.40350877192982454,0
2008,2008_18_ATL_ARI,ATL,-2,67,0,0.582089552238806,0.417910447761194
2008,2008_18_BAL_MIA,BAL,3.5,54,0.48148148148148145,0.5185185185185185,0
2008,2008_18_BAL_MIA,MIA,-3.5,62,0,0.41935483870967744,0.5806451612903226
2008,2008_18_IND_SD,IND,1.5,65,0.06153846153846154,0.9384615384615383,0
2008,2008_18_IND_SD,LAC,1.5,62,0.01612903225806451,0.9838709677419356,0
2008,2008_18_PHI_MIN,MIN,-3,70,0,0.8,0.2
2008,2008_18_PHI_MIN,PHI,3,60,0.13333333333333333,0.8666666666666667,0
2008,2008_19_ARI_CAR,ARI,-10,73,0.7671232876712328,0.2328767123287671,0
2008,2008_19_ARI_CAR,CAR,10,51,0,0.2549019607843137,0.7450980392156863
2008,2008_19_BAL_TEN,BAL,-3,50,0,0.9,0.1
2008,2008_19_BAL_TEN,TEN,3,71,0,0.971830985915493,0.02816901408450704
2008,2008_19_PHI_NYG,NYG,4,61,0,0.6885245901639344,0.3114754098360656
2008,2008_19_PHI_NYG,PHI,-4,65,0.2153846153846154,0.7846153846153846,0
2008,2008_19_SD_PIT,LAC,-6.5,51,0,0.5686274509803921,0.43137254901960786
2008,2008_19_SD_PIT,PIT,6.5,67,0.47761194029850745,0.5223880597014925,0
2008,2008_20_BAL_PIT,BAL,-6,58,0,0.41379310344827586,0.5862068965517241
2008,2008_20_BAL_PIT,PIT,6,63,0.6984126984126984,0.30158730158730157,0
2008,2008_20_PHI_ARI,ARI,-3.5,59,0.559322033898305,0.4406779661016949,0
2008,2008_20_PHI_ARI,PHI,3.5,67,0,0.34328358208955223,0.6567164179104478
2008,2008_21_PIT_ARI,ARI,-6.5,57,0,0.5614035087719298,0.43859649122807015
2008,2008_21_PIT_ARI,PIT,6.5,57,0.40350877192982454,0.5789473684210527,0.0175438596491228
2009,2009_01_BUF_NE,BUF,-13.5,48,0.2916666666666667,0.6875,0.02083333333333333
2009,2009_01_BUF_NE,NE,13.5,77,0,0.8441558441558441,0.15584415584415584
2009,2009_01_CHI_GB,CHI,-5,68,0,0.7058823529411765,0.29411764705882354
2009,2009_01_CHI_GB,GB,5,52,0.07692307692307693,0.9230769230769232,0
2009,2009_01_DAL_TB,DAL,4.5,52,0.40384615384615385,0.5961538461538461,0
2009,2009_01_DAL_TB,TB,-4.5,73,0,0.4657534246575342,0.5342465753424658
2009,2009_01_DEN_CIN,CIN,4.5,63,0,0.8412698412698413,0.15873015873015872
2009,2009_01_DEN_CIN,DEN,-4.5,51,0.19607843137254904,0.803921568627451,0
2009,2009_01_DET_NO,DET,-14,57,0,0.12280701754385964,0.8771929824561403
2009,2009_01_DET_NO,NO,14,69,0.7391304347826086,0.2608695652173913,0
2009,2009_01_JAX_IND,IND,6.5,67,0.22388059701492535,0.7761194029850746,0
2009,2009_01_JAX_IND,JAX,-6.5,55,0,0.7272727272727273,0.2727272727272727
2009,2009_01_KC_BAL,BAL,13,85,0.32941176470588235,0.6705882352941176,0
2009,2009_01_KC_BAL,KC,-13,44,0,0.6136363636363636,0.3863636363636363
2009,2009_01_MIA_ATL,ATL,4,62,0.5483870967741935,0.4516129032258064,0
2009,2009_01_MIA_ATL,MIA,-4,56,0,0.4107142857142857,0.5892857142857143
2009,2009_01_MIN_CLE,CLE,-4,60,0,0.5166666666666667,0.48333333333333334
2009,2009_01_MIN_CLE,MIN,4,62,0.25806451612903225,0.7419354838709677,0
2009,2009_01_NYJ_HOU,HOU,4.5,48,0,0.4583333333333333,0.5416666666666666
2009,2009_01_NYJ_HOU,NYJ,-4.5,71,0.5633802816901409,0.43661971830985913,0
2009,2009_01_PHI_CAR,CAR,-1,68,0,0.35294117647058826,0.6470588235294118
2009,2009_01_PHI_CAR,PHI,1,62,0.8548387096774194,0.14516129032258066,0
2009,2009_01_SD_OAK,LAC,10,61,0,0.9836065573770492,0.01639344262295082
2009,2009_01_SD_OAK,LV,10,64,0.03125,0.921875,0.046875
2009,2009_01_SF_ARI,ARI,5,61,0,0.8688524590163934,0.13114754098360656
2009,2009_01_SF_ARI,SF,-5,60,0.11666666666666668,0.8833333333333333,0
2009,2009_01_STL_SEA,LA,-7,57,0,0.40350877192982454,0.5964912280701754
2009,2009_01_STL_SEA,SEA,7,70,0.6285714285714286,0.37142857142857144,0
2009,2009_01_TEN_PIT,PIT,6.5,61,0.01639344262295082,0.9836065573770492,0
2009,2009_01_TEN_PIT,TEN,-6.5,61,0,1,0
2009,2009_01_WAS_NYG,NYG,6,59,0.5423728813559322,0.4576271186440678,0
2009,2009_01_WAS_NYG,WAS,-6,50,0,0.16,0.84
2009,2009_02_ARI_JAX,ARI,-3,56,0.6785714285714286,0.32142857142857145,0
2009,2009_02_ARI_JAX,JAX,3,67,0,0.1791044776119403,0.8208955223880597
2009,2009_02_BAL_SD,BAL,-3,60,0.3333333333333333,0.6666666666666666,0
2009,2009_02_BAL_SD,LAC,-3,67,0,0.7761194029850746,0.22388059701492535
2009,2009_02_CAR_ATL,ATL,5.5,64,0.5625,0.4375,0
2009,2009_02_CAR_ATL,CAR,-5.5,67,0,0.4328358208955224,0.5671641791044776
2009,2009_02_CIN_GB,CIN,-7.5,59,0.2033898305084746,0.7796610169491526,0.01694915254237288
2009,2009_02_CIN_GB,GB,7.5,62,0,0.6774193548387096,0.3225806451612903
2009,2009_02_CLE_DEN,CLE,-3,55,0,0.6727272727272727,0.32727272727272727
2009,2009_02_CLE_DEN,DEN,3,73,0.4657534246575342,0.5342465753424658,0
2009,2009_02_HOU_TEN,HOU,-7,66,0.0303030303030303,0.7424242424242424,0.2272727272727273
2009,2009_02_HOU_TEN,TEN,7,60,0.2,0.8,0
2009,2009_02_IND_MIA,IND,3,35,0,0.9428571428571428,0.05714285714285714
2009,2009_02_IND_MIA,MIA,-3,82,0,0.926829268292683,0.07317073170731707
2009,2009_02_MIN_DET,DET,-10,66,0.13636363636363635,0.5757575757575758,0.2878787878787879
2009,2009_02_MIN_DET,MIN,10,53,0.32075471698113206,0.5283018867924528,0.1509433962264151
2009,2009_02_NE_NYJ,NE,3.5,67,0,0.7611940298507462,0.23880597014925373
2009,2009_02_NE_NYJ,NYJ,-3.5,53,0.3018867924528302,0.6981132075471698,0
2009,2009_02_NO_PHI,NO,2.5,65,0.4307692307692308,0.5692307692307692,0
2009,2009_02_NO_PHI,PHI,-2.5,75,0,0.4666666666666667,0.5333333333333333
2009,2009_02_NYG_DAL,DAL,3,58,0.05172413793103448,0.8793103448275862,0.06896551724137931
2009,2009_02_NYG_DAL,NYG,-3,64,0.0625,0.9375,0
2009,2009_02_OAK_KC,KC,1.5,79,0,0.9873417721518988,0.01265822784810126
2009,2009_02_OAK_KC,LV,-1.5,48,0,0.9583333333333334,0.04166666666666666
2009,2009_02_PIT_CHI,CHI,-1,56,0.05357142857142857,0.8392857142857143,0.10714285714285714
2009,2009_02_PIT_CHI,PIT,1,58,0.1896551724137931,0.8103448275862069,0
2009,2009_02_SEA_SF,SEA,-1,65,0,0.15384615384615383,0.8461538461538461
2009,2009_02_SEA_SF,SF,1,60,0.75,0.25,0
2009,2009_02_STL_WAS,LA,-10,50,0,0.94,0.06
2009,2009_02_STL_WAS,WAS,10,67,0.19402985074626863,0.8059701492537313,0
2009,2009_02_TB_BUF,BUF,4.5,68,0.8529411764705882,0.14705882352941177,0
2009,2009_02_TB_BUF,TB,-4.5,71,0,0.2112676056338028,0.7887323943661971
2009,2009_03_ATL_NE,ATL,-4.5,44,0,0.7272727272727273,0.2727272727272727
2009,2009_03_ATL_NE,NE,4.5,79,0.43037974683544306,0.569620253164557,0
2009,2009_03_CAR_DAL,CAR,-9,51,0,0.6666666666666666,0.3333333333333333
2009,2009_03_CAR_DAL,DAL,9,65,0.27692307692307694,0.7230769230769231,0
2009,2009_03_CHI_SEA,CHI,1,56,0,0.5714285714285714,0.42857142857142855
2009,2009_03_CHI_SEA,SEA,-1,75,0.37333333333333335,0.5066666666666667,0.12
2009,2009_03_CLE_BAL,BAL,13.5,66,0.9090909090909092,0.09090909090909093,0
2009,2009_03_CLE_BAL,CLE,-13.5,52,0,0.1346153846153846,0.8653846153846154
2009,2009_03_DEN_OAK,DEN,1,67,0.7014925373134329,0.29850746268656714,0
2009,2009_03_DEN_OAK,LV,1,47,0,0.2765957446808511,0.723404255319149
2009,2009_03_GB_STL,GB,6.5,59,0.6949152542372882,0.3050847457627119,0
2009,2009_03_GB_STL,LA,6.5,69,0,0.4057971014492754,0.5942028985507246
2009,2009_03_IND_ARI,ARI,3,70,0.05714285714285714,0.2714285714285714,0.6714285714285714
2009,2009_03_IND_ARI,IND,-3,66,0.5454545454545454,0.4545454545454546,0
2009,2009_03_JAX_HOU,HOU,4,59,0,0.864406779661017,0.13559322033898305
2009,2009_03_JAX_HOU,JAX,-4,58,0.1896551724137931,0.8103448275862069,0
2009,2009_03_KC_PHI,KC,-7.5,51,0,0.1568627450980392,0.8431372549019608
2009,2009_03_KC_PHI,PHI,7.5,61,0.8032786885245902,0.19672131147540983,0
2009,2009_03_MIA_SD,LAC,-5.5,63,0.3492063492063492,0.6507936507936508,0
2009,2009_03_MIA_SD,MIA,-5.5,63,0,0.7142857142857143,0.2857142857142857
2009,2009_03_NO_BUF,BUF,-5.5,61,0,0.8360655737704918,0.16393442622950818
2009,2009_03_NO_BUF,NO,5.5,65,0.16923076923076924,0.8307692307692308,0
2009,2009_03_NYG_TB,NYG,6,74,0.7432432432432432,0.25675675675675674,0
2009,2009_03_NYG_TB,TB,-6,35,0,0.11428571428571428,0.8857142857142857
2009,2009_03_PIT_CIN,CIN,-3.5,56,0,0.4107142857142857,0.5892857142857143
2009,2009_03_PIT_CIN,PIT,3.5,60,0.5333333333333333,0.45,0.01666666666666666
2009,2009_03_SF_MIN,MIN,7,72,0.4166666666666667,0.5416666666666666,0.04166666666666666
2009,2009_03_SF_MIN,SF,-7,52,0.07692307692307693,0.6538461538461539,0.2692307692307692
2009,2009_03_TEN_NYJ,NYJ,1,61,0.5901639344262295,0.4098360655737705,0
2009,2009_03_TEN_NYJ,TEN,-1,69,0,0.5217391304347826,0.4782608695652174
2009,2009_03_WAS_DET,DET,-6.5,72,0.6527777777777778,0.3472222222222222,0
2009,2009_03_WAS_DET,WAS,6.5,56,0,0.375,0.625
2009,2009_04_BAL_NE,BAL,-1,66,0,0.48484848484848486,0.5151515151515151
2009,2009_04_BAL_NE,NE,1,63,0.5555555555555556,0.4444444444444444,0
2009,2009_04_BUF_MIA,BUF,-1,49,0,0.3877551020408163,0.6122448979591837
2009,2009_04_BUF_MIA,MIA,1,72,0.7361111111111112,0.2638888888888889,0
2009,2009_04_CIN_CLE,CIN,6,50,0.2,0.72,0.08
2009,2009_04_CIN_CLE,CLE,-6,68,0.10294117647058824,0.6176470588235294,0.27941176470588236
2009,2009_04_DAL_DEN,DAL,1,71,0,0.8732394366197183,0.1267605633802817
2009,2009_04_DAL_DEN,DEN,-1,56,0,1,0
2009,2009_04_DET_CHI,CHI,9.5,50,0.6,0.4,0
2009,2009_04_DET_CHI,DET,-9.5,78,0,0.4358974358974359,0.5641025641025641
2009,2009_04_GB_MIN,GB,-4.5,62,0,0.2903225806451613,0.7096774193548387
2009,2009_04_GB_MIN,MIN,4.5,60,0.48333333333333334,0.5166666666666667,0
2009,2009_04_NYG_KC,KC,-9,62,0,0.1774193548387097,0.8225806451612904
2009,2009_04_NYG_KC,NYG,9,70,0.7,0.3,0
2009,2009_04_NYJ_NO,NO,7.5,62,0.7580645161290323,0.24193548387096775,0
2009,2009_04_NYJ_NO,NYJ,-7.5,58,0,0.22413793103448276,0.7758620689655172
2009,2009_04_OAK_HOU,HOU,9,64,0.625,0.375,0
2009,2009_04_OAK_HOU,LV,-9,57,0,0.22807017543859648,0.7719298245614035
2009,2009_04_SD_PIT,LAC,-5.5,47,0,0.06382978723404255,0.9361702127659576
2009,2009_04_SD_PIT,PIT,5.5,71,0.8873239436619719,0.11267605633802816,0
2009,2009_04_SEA_IND,IND,10,62,0.8387096774193549,0.16129032258064516,0
2009,2009_04_SEA_IND,SEA,-10,68,0,0.29411764705882354,0.7058823529411765
2009,2009_04_STL_SF,LA,-9.5,57,0,0.3684210526315789,0.631578947368421
2009,2009_04_STL_SF,SF,9.5,55,0.5636363636363636,0.43636363636363634,0
2009,2009_04_TB_WAS,TB,-9.5,55,0.32727272727272727,0.5454545454545454,0.12727272727272726
2009,2009_04_TB_WAS,WAS,9.5,57,0.14035087719298245,0.8596491228070176,0
2009,2009_04_TEN_JAX,JAX,-3,66,0.8939393939393939,0.10606060606060606,0
2009,2009_04_TEN_JAX,TEN,3,67,0,0.1044776119402985,0.8955223880597015
2009,2009_05_ATL_SF,ATL,-1,70,0.5857142857142857,0.4142857142857143,0
2009,2009_05_ATL_SF,SF,1,58,0,0.3275862068965517,0.6724137931034483
2009,2009_05_CIN_BAL,BAL,9,51,0.13725490196078433,0.8235294117647058,0.0392156862745098
2009,2009_05_CIN_BAL,CIN,-9,65,0,0.8769230769230769,0.12307692307692308
2009,2009_05_CLE_BUF,BUF,6,68,0,0.9558823529411764,0.04411764705882353
2009,2009_05_CLE_BUF,CLE,-6,59,0.05084745762711865,0.9491525423728814,0
2009,2009_05_DAL_KC,DAL,7,54,0,0.5555555555555556,0.4444444444444444
2009,2009_05_DAL_KC,KC,-7,67,0.4477611940298507,0.40298507462686567,0.14925373134328357
2009,2009_05_HOU_ARI,ARI,5.5,55,0.8,0.2,0
2009,2009_05_HOU_ARI,HOU,-5.5,71,0,0.323943661971831,0.676056338028169
2009,2009_05_IND_TEN,IND,3,67,0.47761194029850745,0.5223880597014925,0
2009,2009_05_IND_TEN,TEN,-3,56,0,0.5,0.5
2009,2009_05_JAX_SEA,JAX,-1,52,0,0.40384615384615385,0.5961538461538461
2009,2009_05_JAX_SEA,SEA,1,68,0.4705882352941176,0.5294117647058824,0
2009,2009_05_MIN_STL,LA,10,70,0,0.12857142857142856,0.8714285714285714
2009,2009_05_MIN_STL,MIN,10,53,0.8301886792452831,0.16981132075471697,0
2009,2009_05_NE_DEN,DEN,-3,65,0.01538461538461538,0.6923076923076923,0.2923076923076923
2009,2009_05_NE_DEN,NE,3,60,0.6,0.4,0
2009,2009_05_NYJ_MIA,MIA,-3,64,0.03125,0.96875,0
2009,2009_05_NYJ_MIA,NYJ,3,54,0,0.9814814814814816,0.01851851851851851
2009,2009_05_OAK_NYG,LV,-15.5,44,0,0.06818181818181818,0.9318181818181818
2009,2009_05_OAK_NYG,NYG,15.5,64,0.765625,0.234375,0
2009,2009_05_PIT_DET,DET,-11,69,0,0.4927536231884058,0.5072463768115942
2009,2009_05_PIT_DET,PIT,11,51,0.3333333333333333,0.6666666666666666,0
2009,2009_05_TB_PHI,PHI,15.5,46,0.9565217391304348,0.04347826086956521,0
2009,2009_05_TB_PHI,TB,-15.5,75,0,0.24,0.76
2009,2009_05_WAS_CAR,CAR,5,57,0.10526315789473684,0.631578947368421,0.2631578947368421
2009,2009_05_WAS_CAR,WAS,-5,52,0.4423076923076923,0.5576923076923077,0
2009,2009_06_ARI_SEA,ARI,-3,71,0.7746478873239436,0.22535211267605632,0
2009,2009_06_ARI_SEA,SEA,3,46,0,0,1
2009,2009_06_BAL_MIN,BAL,-3,63,0,0.1904761904761905,0.8095238095238095
2009,2009_06_BAL_MIN,MIN,3,63,0.8253968253968254,0.1746031746031746,0
2009,2009_06_BUF_NYJ,BUF,-9.5,60,0.01666666666666666,0.6166666666666667,0.36666666666666664
2009,2009_06_BUF_NYJ,NYJ,9.5,58,0.3103448275862069,0.6896551724137931,0
2009,2009_06_CAR_TB,CAR,3,66,0.30303030303030304,0.6212121212121212,0.07575757575757576
2009,2009_06_CAR_TB,TB,-3,45,0.24444444444444444,0.6444444444444445,0.1111111111111111
2009,2009_06_CHI_ATL,ATL,4,55,0.38181818181818183,0.6181818181818182,0
2009,2009_06_CHI_ATL,CHI,-4,68,0.01470588235294117,0.6470588235294118,0.3382352941176471
2009,2009_06_CLE_PIT,CLE,-14,50,0,0.52,0.48
2009,2009_06_CLE_PIT,PIT,14,71,0.6197183098591549,0.38028169014084506,0
2009,2009_06_DEN_SD,DEN,-3.5,63,0.2063492063492063,0.7936507936507936,0
2009,2009_06_DEN_SD,LAC,-3.5,59,0.03389830508474576,0.847457627118644,0.11864406779661016
2009,2009_06_DET_GB,DET,-14,48,0,0.0625,0.9375
2009,2009_06_DET_GB,GB,14,69,0.9130434782608696,0.08695652173913043,0
2009,2009_06_HOU_CIN,CIN,4,53,0,0.71698113207547165,0.2830188679245283
2009,2009_06_HOU_CIN,HOU,-4,71,0.38028169014084506,0.6197183098591549,0
2009,2009_06_KC_WAS,KC,-6.5,71,0.07042253521126761,0.9295774647887324,0
2009,2009_06_KC_WAS,WAS,6.5,52,0,0.9807692307692308,0.01923076923076923
2009,2009_06_NYG_NO,NO,3.5,70,0.7714285714285715,0.22857142857142856,0
2009,2009_06_NYG_NO,NYG,-3.5,56,0,0.08928571428571429,0.9107142857142856
2009,2009_06_PHI_OAK,LV,14,62,0.4838709677419355,0.5161290322580645,0
2009,2009_06_PHI_OAK,PHI,14,65,0,0.8615384615384616,0.13846153846153847
2009,2009_06_STL_JAX,JAX,9.5,71,0.05633802816901408,0.943661971830986,0
2009,2009_06_STL_JAX,LA,-9.5,52,0,0.9807692307692308,0.01923076923076923
2009,2009_06_TEN_NE,NE,9.5,74,0.8783783783783784,0.12162162162162164,0
2009,2009_06_TEN_NE,TEN,-9.5,48,0,0.20833333333333337,0.7916666666666666
2009,2009_07_ARI_NYG,ARI,-9,57,0.22807017543859648,0.7017543859649122,0.07017543859649122
2009,2009_07_ARI_NYG,NYG,9,65,0.09230769230769233,0.5230769230769231,0.38461538461538464
2009,2009_07_ATL_DAL,ATL,-5.5,65,0,0.5846153846153846,0.4153846153846154
2009,2009_07_ATL_DAL,DAL,5.5,56,0.6428571428571429,0.35714285714285715,0
2009,2009_07_BUF_CAR,BUF,-7,51,0.4117647058823529,0.5882352941176471,0
2009,2009_07_BUF_CAR,CAR,7,70,0,0.8,0.2
2009,2009_07_CHI_CIN,CHI,1,51,0,0.1568627450980392,0.8431372549019608
2009,2009_07_CHI_CIN,CIN,-1,69,0.8695652173913043,0.13043478260869565,0
2009,2009_07_GB_CLE,CLE,-9.5,52,0,0.36538461538461536,0.6346153846153846
2009,2009_07_GB_CLE,GB,9.5,63,0.6825396825396826,0.31746031746031744,0
2009,2009_07_IND_STL,IND,14,59,0.6949152542372882,0.3050847457627119,0
2009,2009_07_IND_STL,LA,14,59,0,0.23728813559322037,0.7627118644067796
2009,2009_07_MIN_PIT,MIN,-6,77,0,0.935064935064935,0.06493506493506493
2009,2009_07_MIN_PIT,PIT,6,48,0.22916666666666663,0.7708333333333334,0
2009,2009_07_NE_TB,NE,15.5,59,0.9491525423728814,0.05084745762711865,0
2009,2009_07_NE_TB,TB,-15.5,59,0,0.2542372881355932,0.7457627118644068
2009,2009_07_NO_MIA,MIA,-6,69,0.4782608695652174,0.30434782608695654,0.21739130434782608
2009,2009_07_NO_MIA,NO,6,70,0.12857142857142856,0.4,0.4714285714285714
2009,2009_07_NYJ_OAK,LV,6,52,0,0.19230769230769232,0.8076923076923077
2009,2009_07_NYJ_OAK,NYJ,6,69,0.855072463768116,0.14492753623188406,0
2009,2009_07_PHI_WAS,PHI,9,52,0.6730769230769231,0.3269230769230769,0
2009,2009_07_PHI_WAS,WAS,-9,68,0,0.16176470588235295,0.8382352941176471
2009,2009_07_SD_KC,KC,-5.5,61,0,0.13114754098360656,0.8688524590163934
2009,2009_07_SD_KC,LAC,5.5,63,0.6984126984126984,0.30158730158730157,0
2009,2009_07_SF_HOU,HOU,3,58,0.603448275862069,0.39655172413793105,0
2009,2009_07_SF_HOU,SF,-3,53,0,0.16981132075471697,0.8301886792452831
2009,2009_08_ATL_NO,ATL,-11,66,0,0.5303030303030303,0.4696969696969697
2009,2009_08_ATL_NO,NO,11,69,0.4927536231884058,0.5072463768115942,0
2009,2009_08_CAR_ARI,ARI,10,63,0,0.2857142857142857,0.7142857142857143
2009,2009_08_CAR_ARI,CAR,-10,59,0.576271186440678,0.423728813559322,0
2009,2009_08_CLE_CHI,CHI,11.5,69,0.782608695652174,0.21739130434782608,0
2009,2009_08_CLE_CHI,CLE,-11.5,50,0,0.3,0.7
2009,2009_08_DEN_BAL,BAL,4.5,61,0.6065573770491803,0.39344262295081966,0
2009,2009_08_DEN_BAL,DEN,-4.5,57,0,0.47368421052631576,0.5263157894736842
2009,2009_08_HOU_BUF,BUF,-3.5,45,0.17777777777777778,0.5555555555555556,0.26666666666666666
2009,2009_08_HOU_BUF,HOU,3.5,72,0.2222222222222222,0.75,0.02777777777777777
2009,2009_08_JAX_TEN,JAX,-3,49,0,0.3673469387755102,0.6326530612244898
2009,2009_08_JAX_TEN,TEN,3,65,0.4,0.6,0
2009,2009_08_MIA_NYJ,MIA,-3.5,48,0.3125,0.6875,0
2009,2009_08_MIA_NYJ,NYJ,3.5,77,0,0.8181818181818182,0.18181818181818185
2009,2009_08_MIN_GB,GB,3.5,67,0,0.31343283582089554,0.6865671641791045
2009,2009_08_MIN_GB,MIN,-3.5,60,0.6166666666666667,0.38333333333333336,0
2009,2009_08_NYG_PHI,NYG,1,73,0,0.0410958904109589,0.958904109589041
2009,2009_08_NYG_PHI,PHI,-1,48,0.9375,0.0625,0
2009,2009_08_OAK_SD,LAC,-16,56,0.7142857142857143,0.2857142857142857,0
2009,2009_08_OAK_SD,LV,-16,54,0,0.24074074074074073,0.7592592592592593
2009,2009_08_SEA_DAL,DAL,10,67,0.4925373134328358,0.5074626865671642,0
2009,2009_08_SEA_DAL,SEA,-10,64,0,0.3125,0.6875
2009,2009_08_SF_IND,IND,13,73,0.2054794520547945,0.7945205479452054,0
2009,2009_08_SF_IND,SF,-13,54,0,1,0
2009,2009_08_STL_DET,DET,3.5,68,0,0.6323529411764706,0.36764705882352944
2009,2009_08_STL_DET,LA,-3.5,60,0.31666666666666665,0.6833333333333333,0
2009,2009_09_ARI_CHI,ARI,-1,64,0.65625,0.34375,0
2009,2009_09_ARI_CHI,CHI,1,63,0,0.1904761904761905,0.8095238095238095
2009,2009_09_BAL_CIN,BAL,3,53,0,0.07547169811320754,0.9245283018867924
2009,2009_09_BAL_CIN,CIN,-3,73,0.8082191780821918,0.1917808219178082,0
2009,2009_09_CAR_NO,CAR,-12.5,70,0.37142857142857144,0.4857142857142857,0.14285714285714285
2009,2009_09_CAR_NO,NO,12.5,58,0.05172413793103448,0.46551724137931033,0.4827586206896552
2009,2009_09_DAL_PHI,DAL,-3,58,0.06896551724137931,0.9310344827586208,0
2009,2009_09_DAL_PHI,PHI,3,57,0,0.8771929824561403,0.12280701754385964
2009,2009_09_DET_SEA,DET,-11,63,0.2063492063492063,0.5079365079365079,0.2857142857142857
2009,2009_09_DET_SEA,SEA,11,71,0.29577464788732394,0.5070422535211268,0.19718309859154928
2009,2009_09_GB_TB,GB,9.5,73,0.273972602739726,0.5753424657534246,0.1506849315068493
2009,2009_09_GB_TB,TB,-9.5,56,0.05357142857142857,0.875,0.07142857142857142
2009,2009_09_HOU_IND,HOU,-7.5,69,0,0.5072463768115942,0.4927536231884058
2009,2009_09_HOU_IND,IND,7.5,71,0.4507042253521127,0.5492957746478874,0
2009,2009_09_KC_JAX,JAX,7,67,0.582089552238806,0.417910447761194,0
2009,2009_09_KC_JAX,KC,-7,56,0,0.32142857142857145,0.6785714285714286
2009,2009_09_MIA_NE,MIA,-10.5,70,0,0.6428571428571429,0.35714285714285715
2009,2009_09_MIA_NE,NE,10.5,63,0.3492063492063492,0.6507936507936508,0
2009,2009_09_PIT_DEN,DEN,-3,54,0,0.8703703703703703,0.12962962962962962
2009,2009_09_PIT_DEN,PIT,3,59,0.3220338983050847,0.6779661016949152,0
2009,2009_09_SD_NYG,LAC,-5,53,0,0.8679245283018868,0.1320754716981132
2009,2009_09_SD_NYG,NYG,5,67,0.11940298507462686,0.8805970149253731,0
2009,2009_09_TEN_SF,SF,4.5,69,0.13043478260869565,0.6956521739130435,0.17391304347826086
2009,2009_09_TEN_SF,TEN,-4.5,53,0.11320754716981132,0.8113207547169812,0.07547169811320754
2009,2009_09_WAS_ATL,ATL,9,50,0.8,0.2,0
2009,2009_09_WAS_ATL,WAS,-9,64,0,0.125,0.875
2009,2009_10_ATL_CAR,ATL,1,70,0,0.4857142857142857,0.5142857142857142
2009,2009_10_ATL_CAR,CAR,-1,57,0.42105263157894735,0.5789473684210527,0
2009,2009_10_BAL_CLE,BAL,10.5,58,0.41379310344827586,0.5862068965517241,0
2009,2009_10_BAL_CLE,CLE,-10.5,60,0,0.5,0.5
2009,2009_10_BUF_TEN,BUF,-9,58,0,0.6896551724137931,0.3103448275862069
2009,2009_10_BUF_TEN,TEN,9,60,0.31666666666666665,0.6833333333333333,0
2009,2009_10_CHI_SF,CHI,-3.5,71,0,0.7746478873239436,0.22535211267605632
2009,2009_10_CHI_SF,SF,3.5,53,0.24528301886792453,0.7547169811320755,0
2009,2009_10_CIN_PIT,CIN,-6.5,57,0.14035087719298245,0.8596491228070176,0
2009,2009_10_CIN_PIT,PIT,6.5,62,0,0.935483870967742,0.06451612903225806
2009,2009_10_DAL_GB,DAL,3,58,0,0.5,0.5
2009,2009_10_DAL_GB,GB,-3,66,0.24242424242424243,0.7575757575757576,0
2009,2009_10_DEN_WAS,DEN,3.5,56,0,0.8571428571428571,0.14285714285714285
2009,2009_10_DEN_WAS,WAS,-3.5,70,0.08571428571428572,0.9142857142857144,0
2009,2009_10_DET_MIN,DET,-17,76,0,0.2631578947368421,0.7368421052631579
2009,2009_10_DET_MIN,MIN,17,59,0.6440677966101694,0.3559322033898305,0
2009,2009_10_JAX_NYJ,JAX,-6.5,58,0.2413793103448276,0.7586206896551724,0
2009,2009_10_JAX_NYJ,NYJ,6.5,60,0,0.75,0.25
2009,2009_10_KC_OAK,KC,-1,66,0.15151515151515152,0.8333333333333334,0.01515151515151515
2009,2009_10_KC_OAK,LV,-1,64,0.09375,0.796875,0.109375
2009,2009_10_NE_IND,IND,1,63,0,0.3492063492063492,0.6507936507936508
2009,2009_10_NE_IND,NE,-1,71,0.6901408450704225,0.29577464788732394,0.01408450704225352
2009,2009_10_NO_STL,LA,14,71,0,0.6901408450704225,0.30985915492957744
2009,2009_10_NO_STL,NO,14,55,0.4,0.6,0
2009,2009_10_PHI_SD,LAC,-1,55,0.6909090909090909,0.3090909090909091,0
2009,2009_10_PHI_SD,PHI,-1,71,0,0.18309859154929575,0.8169014084507042
2009,2009_10_SEA_ARI,ARI,9,64,0.171875,0.71875,0.109375
2009,2009_10_SEA_ARI,SEA,-9,81,0.07407407407407407,0.691358024691358,0.2345679012345679
2009,2009_10_TB_MIA,MIA,10,66,0.5303030303030303,0.4696969696969697,0
2009,2009_10_TB_MIA,TB,-10,62,0,0.532258064516129,0.46774193548387094
2009,2009_11_ARI_STL,ARI,9.5,64,0.609375,0.390625,0
2009,2009_11_ARI_STL,LA,9.5,67,0,0.26865671641791045,0.7313432835820896
2009,2009_11_ATL_NYG,ATL,-7,77,0,0.4545454545454546,0.5454545454545454
2009,2009_11_ATL_NYG,NYG,7,59,0.3559322033898305,0.6440677966101694,0
2009,2009_11_BUF_JAX,BUF,-9,51,0.09803921568627452,0.8823529411764706,0.0196078431372549
2009,2009_11_BUF_JAX,JAX,9,65,0.03076923076923077,0.9692307692307692,0
2009,2009_11_CIN_OAK,CIN,9,68,0.6323529411764706,0.3382352941176471,0.02941176470588235
2009,2009_11_CIN_OAK,LV,9,54,0.01851851851851851,0.3888888888888889,0.5925925925925926
2009,2009_11_CLE_DET,CLE,-3.5,75,0.14666666666666667,0.8533333333333334,0
2009,2009_11_CLE_DET,DET,3.5,58,0,0.5862068965517241,0.41379310344827586
2009,2009_11_IND_BAL,BAL,-1,65,0,1,0
2009,2009_11_IND_BAL,IND,1,55,0.05454545454545454,0.9454545454545454,0
2009,2009_11_MIA_CAR,CAR,3.5,71,0,0.5070422535211268,0.4929577464788733
2009,2009_11_MIA_CAR,MIA,-3.5,60,0.5666666666666667,0.43333333333333335,0
2009,2009_11_NO_TB,NO,10.5,62,0.4838709677419355,0.5,0.01612903225806451
2009,2009_11_NO_TB,TB,-10.5,58,0,0.5172413793103449,0.4827586206896552
2009,2009_11_NYJ_NE,NE,10.5,78,0.8461538461538461,0.15384615384615383,0
2009,2009_11_NYJ_NE,NYJ,-10.5,49,0,0.24489795918367344,0.7551020408163265
2009,2009_11_PHI_CHI,CHI,-3.5,63,0.04761904761904761,0.873015873015873,0.07936507936507936
2009,2009_11_PHI_CHI,PHI,3.5,64,0.09375,0.90625,0
2009,2009_11_PIT_KC,KC,-10.5,50,0.06,0.7,0.24
2009,2009_11_PIT_KC,PIT,10.5,70,0.05714285714285714,0.9428571428571428,0
2009,2009_11_SD_DEN,DEN,-6.5,53,0,0.20754716981132076,0.7924528301886793
2009,2009_11_SD_DEN,LAC,6.5,65,0.8307692307692308,0.16923076923076924,0
2009,2009_11_SEA_MIN,MIN,10.5,71,0.676056338028169,0.323943661971831,0
2009,2009_11_SEA_MIN,SEA,-10.5,43,0,0.3023255813953488,0.6976744186046512
2009,2009_11_SF_GB,GB,6,76,0.631578947368421,0.3684210526315789,0
2009,2009_11_SF_GB,SF,-6,46,0,0.2391304347826087,0.7608695652173914
2009,2009_11_TEN_HOU,HOU,4,59,0.0847457627118644,0.9152542372881356,0
2009,2009_11_TEN_HOU,TEN,-4,63,0,1,0
2009,2009_11_WAS_DAL,DAL,11,60,0.05,0.8666666666666667,0.08333333333333333
2009,2009_11_WAS_DAL,WAS,-11,58,0.15517241379310345,0.8275862068965517,0.01724137931034482
2009,2009_12_ARI_TEN,ARI,-3.5,52,0.05769230769230769,0.8461538461538461,0.09615384615384616
2009,2009_12_ARI_TEN,TEN,3.5,70,0.15714285714285714,0.7285714285714285,0.11428571428571428
2009,2009_12_CAR_NYJ,CAR,-3.5,62,0,0.3709677419354839,0.6290322580645161
2009,2009_12_CAR_NYJ,NYJ,3.5,60,0.9,0.1,0
2009,2009_12_CHI_MIN,CHI,-10,38,0,0.3684210526315789,0.631578947368421
2009,2009_12_CHI_MIN,MIN,10,80,0.625,0.375,0
2009,2009_12_CLE_CIN,CIN,12,70,0.6714285714285714,0.32857142857142857,0
2009,2009_12_CLE_CIN,CLE,-12,54,0,0.3148148148148148,0.6851851851851852
2009,2009_12_GB_DET,DET,-11,68,0.10294117647058824,0.38235294117647056,0.5147058823529411
2009,2009_12_GB_DET,GB,11,67,0.40298507462686567,0.47761194029850745,0.11940298507462686
2009,2009_12_IND_HOU,HOU,-3,67,0.4328358208955224,0.2835820895522388,0.2835820895522388
2009,2009_12_IND_HOU,IND,3,59,0.06779661016949153,0.3389830508474576,0.5932203389830508
2009,2009_12_JAX_SF,JAX,-3,61,0,0.21311475409836064,0.7868852459016393
2009,2009_12_JAX_SF,SF,3,59,0.559322033898305,0.4406779661016949,0
2009,2009_12_KC_SD,KC,-13,57,0,0.49122807017543857,0.5087719298245614
2009,2009_12_KC_SD,LAC,-13,63,0.6666666666666666,0.3333333333333333,0
2009,2009_12_MIA_BUF,BUF,-3.5,55,0.07272727272727272,0.9090909090909092,0.01818181818181818
2009,2009_12_MIA_BUF,MIA,3.5,70,0.02857142857142857,0.8428571428571429,0.12857142857142856
2009,2009_12_NE_NO,NE,-1,70,0,0.35714285714285715,0.6428571428571429
2009,2009_12_NE_NO,NO,1,49,0.6122448979591837,0.3877551020408163,0
2009,2009_12_NYG_DEN,DEN,-4.5,68,0.7058823529411765,0.29411764705882354,0
2009,2009_12_NYG_DEN,NYG,4.5,59,0,0.2542372881355932,0.7457627118644068
2009,2009_12_OAK_DAL,DAL,13.5,55,0.6909090909090909,0.3090909090909091,0
2009,2009_12_OAK_DAL,LV,-13.5,62,0,0.2903225806451613,0.7096774193548387
2009,2009_12_PIT_BAL,BAL,9,61,0.2459016393442623,0.7540983606557377,0
2009,2009_12_PIT_BAL,PIT,-9,55,0,0.8,0.2
2009,2009_12_SEA_STL,LA,3.5,78,0,0.6923076923076923,0.3076923076923077
2009,2009_12_SEA_STL,SEA,3.5,56,0.375,0.625,0
2009,2009_12_TB_ATL,ATL,12,73,0,0.9863013698630136,0.0136986301369863
2009,2009_12_TB_ATL,TB,-12,57,0.17543859649122806,0.7543859649122807,0.07017543859649122
2009,2009_12_WAS_PHI,PHI,9.5,65,0.04615384615384615,0.9076923076923076,0.04615384615384615
2009,2009_12_WAS_PHI,WAS,-9.5,63,0.09523809523809525,0.8412698412698413,0.06349206349206349
2009,2009_13_BAL_GB,BAL,-4,60,0,0.4,0.6
2009,2009_13_BAL_GB,GB,4,67,0.5074626865671642,0.4925373134328358,0
2009,2009_13_DAL_NYG,DAL,1,80,0,0.8,0.2
2009,2009_13_DAL_NYG,NYG,-1,47,0.23404255319148937,0.7659574468085106,0
2009,2009_13_DEN_KC,DEN,6,70,0.6285714285714286,0.37142857142857144,0
2009,2009_13_DEN_KC,KC,-6,71,0,0.4084507042253521,0.5915492957746479
2009,2009_13_DET_CIN,CIN,13.5,71,0.676056338028169,0.323943661971831,0
2009,2009_13_DET_CIN,DET,-13.5,51,0,0.5098039215686274,0.4901960784313726
2009,2009_13_HOU_JAX,HOU,1,61,0,0.16393442622950818,0.8360655737704918
2009,2009_13_HOU_JAX,JAX,-1,65,0.8,0.2,0
2009,2009_13_MIN_ARI,ARI,-3.5,54,0.46296296296296297,0.5370370370370371,0
2009,2009_13_MIN_ARI,MIN,3.5,68,0,0.4117647058823529,0.5882352941176471
2009,2009_13_NE_MIA,MIA,-4.5,78,0,0.8717948717948718,0.1282051282051282
2009,2009_13_NE_MIA,NE,4.5,54,0.2777777777777778,0.7222222222222222,0
2009,2009_13_NO_WAS,NO,9,67,0,0.34328358208955223,0.6567164179104478
2009,2009_13_NO_WAS,WAS,-9,63,0.5079365079365079,0.492063492063492,0
2009,2009_13_NYJ_BUF,BUF,-3.5,50,0,0.68,0.32
2009,2009_13_NYJ_BUF,NYJ,3.5,63,0.380952380952381,0.6190476190476191,0
2009,2009_13_OAK_PIT,LV,-14.5,65,0,0.9384615384615383,0.06153846153846154
2009,2009_13_OAK_PIT,PIT,14.5,51,0.19607843137254904,0.7647058823529411,0.0392156862745098
2009,2009_13_PHI_ATL,ATL,-4,68,0,0.2058823529411765,0.7941176470588235
2009,2009_13_PHI_ATL,PHI,4,55,0.7272727272727273,0.2727272727272727,0
2009,2009_13_SD_CLE,CLE,-13.5,69,0,0.5362318840579711,0.463768115942029
2009,2009_13_SD_CLE,LAC,13.5,56,0.5178571428571429,0.4821428571428571,0
2009,2009_13_SF_SEA,SEA,-1,69,0.02898550724637681,0.9710144927536232,0
2009,2009_13_SF_SEA,SF,1,58,0,1,0
2009,2009_13_STL_CHI,CHI,9.5,56,0.7142857142857143,0.2857142857142857,0
2009,2009_13_STL_CHI,LA,-9.5,64,0,0.34375,0.65625
2009,2009_13_TB_CAR,CAR,3.5,53,0.5471698113207547,0.4528301886792453,0
2009,2009_13_TB_CAR,TB,-3.5,71,0,0.5915492957746479,0.4084507042253521
2009,2009_13_TEN_IND,IND,6,62,0.7258064516129032,0.27419354838709675,0
2009,2009_13_TEN_IND,TEN,-6,77,0,0.2857142857142857,0.7142857142857143
2009,2009_14_ARI_SF,ARI,4,51,0,0.13725490196078433,0.8627450980392157
2009,2009_14_ARI_SF,SF,-4,69,0.7391304347826086,0.2608695652173913,0
2009,2009_14_BUF_KC,BUF,3,57,0.47368421052631576,0.5263157894736842,0
2009,2009_14_BUF_KC,KC,-3,71,0,0.7887323943661971,0.2112676056338028
2009,2009_14_CAR_NE,CAR,-12.5,56,0.03571428571428571,0.7321428571428571,0.23214285714285715
2009,2009_14_CAR_NE,NE,12.5,70,0.2571428571428571,0.7428571428571429,0
2009,2009_14_CIN_MIN,CIN,-6,53,0,0.4339622641509434,0.5660377358490566
2009,2009_14_CIN_MIN,MIN,6,67,0.6865671641791045,0.31343283582089554,0
2009,2009_14_DEN_IND,DEN,-6.5,74,0,0.04054054054054054,0.9594594594594594
2009,2009_14_DEN_IND,IND,6.5,67,0.8059701492537313,0.19402985074626863,0
2009,2009_14_DET_BAL,BAL,14,62,0.7258064516129032,0.27419354838709675,0
2009,2009_14_DET_BAL,DET,-14,67,0,0.373134328358209,0.6268656716417911
2009,2009_14_GB_CHI,CHI,-4,55,0,0.4545454545454546,0.5454545454545454
2009,2009_14_GB_CHI,GB,4,55,0.7636363636363637,0.23636363636363636,0
2009,2009_14_MIA_JAX,JAX,1,54,0,0.7777777777777778,0.2222222222222222
2009,2009_14_MIA_JAX,MIA,-1,70,0.2857142857142857,0.7142857142857143,0
2009,2009_14_NO_ATL,ATL,-10,56,0,0.8035714285714286,0.19642857142857145
2009,2009_14_NO_ATL,NO,10,65,0.3692307692307693,0.6307692307692307,0
2009,2009_14_NYJ_TB,NYJ,3.5,65,0.7384615384615385,0.26153846153846155,0
2009,2009_14_NYJ_TB,TB,-3.5,55,0,0.23636363636363636,0.7636363636363637
2009,2009_14_PHI_NYG,NYG,-1,72,0,0.3611111111111111,0.6388888888888888
2009,2009_14_PHI_NYG,PHI,1,52,0.4230769230769231,0.5769230769230769,0
2009,2009_14_PIT_CLE,CLE,-10,57,0.5087719298245614,0.49122807017543857,0
2009,2009_14_PIT_CLE,PIT,10,62,0,0.3870967741935484,0.6129032258064516
2009,2009_14_SD_DAL,DAL,3.5,57,0,0.7543859649122807,0.24561403508771928
2009,2009_14_SD_DAL,LAC,-3.5,63,0.4444444444444444,0.5555555555555556,0
2009,2009_14_SEA_HOU,HOU,7,67,0.9701492537313432,0.02985074626865671,0
2009,2009_14_SEA_HOU,SEA,-7,63,0,0.01587301587301587,0.984126984126984
2009,2009_14_STL_TEN,LA,-13.5,65,0,0.2,0.8
2009,2009_14_STL_TEN,TEN,13.5,56,0.8571428571428571,0.14285714285714285,0
2009,2009_14_WAS_OAK,LV,1,66,0,0.7424242424242424,0.25757575757575757
2009,2009_14_WAS_OAK,WAS,1,56,0.32142857142857145,0.6785714285714286,0
2009,2009_15_ARI_DET,ARI,14,63,0.5714285714285714,0.42857142857142855,0
2009,2009_15_ARI_DET,DET,-14,60,0,0.5666666666666667,0.43333333333333335
2009,2009_15_ATL_NYJ,ATL,-5.5,60,0,0.9333333333333332,0.06666666666666667
2009,2009_15_ATL_NYJ,NYJ,5.5,66,0.5757575757575758,0.4090909090909091,0.01515151515151515
2009,2009_15_CHI_BAL,BAL,10.5,65,0.9230769230769232,0.07692307692307693,0
2009,2009_15_CHI_BAL,CHI,-10.5,63,0,0.23809523809523808,0.7619047619047619
2009,2009_15_CIN_SD,CIN,-6.5,62,0,0.8548387096774194,0.14516129032258066
2009,2009_15_CIN_SD,LAC,-6.5,59,0.23728813559322037,0.7627118644067796,0
2009,2009_15_CLE_KC,CLE,-1,66,0.13636363636363635,0.8636363636363636,0
2009,2009_15_CLE_KC,KC,1,70,0.08571428571428572,0.6714285714285714,0.24285714285714283
2009,2009_15_DAL_NO,DAL,-7.5,72,0.8888888888888888,0.1111111111111111,0
2009,2009_15_DAL_NO,NO,7.5,61,0,0.09836065573770492,0.9016393442622952
2009,2009_15_GB_PIT,GB,-2.5,61,0,0.4918032786885246,0.5081967213114754
2009,2009_15_GB_PIT,PIT,2.5,70,0.5,0.3857142857142858,0.11428571428571428
2009,2009_15_HOU_STL,HOU,14,60,0.03333333333333333,0.9666666666666668,0
2009,2009_15_HOU_STL,LA,14,56,0.05357142857142857,0.9464285714285714,0
2009,2009_15_IND_JAX,IND,3.5,50,0.06,0.94,0
2009,2009_15_IND_JAX,JAX,-3.5,76,0.0131578947368421,0.9605263157894736,0.02631578947368421
2009,2009_15_MIA_TEN,MIA,-4.5,74,0,0.40540540540540543,0.5945945945945946
2009,2009_15_MIA_TEN,TEN,4.5,57,0.49122807017543857,0.5087719298245614,0
2009,2009_15_MIN_CAR,CAR,-9,72,0.20833333333333337,0.7916666666666666,0
2009,2009_15_MIN_CAR,MIN,9,45,0,0.8,0.2
2009,2009_15_NE_BUF,BUF,-6.5,56,0,0.44642857142857145,0.5535714285714286
2009,2009_15_NE_BUF,NE,6.5,54,0.6296296296296297,0.3703703703703703,0
2009,2009_15_NYG_WAS,NYG,1,60,0.6333333333333333,0.36666666666666664,0
2009,2009_15_NYG_WAS,WAS,-1,55,0,0.05454545454545454,0.9454545454545454
2009,2009_15_OAK_DEN,DEN,13.5,65,0.27692307692307694,0.6923076923076923,0.03076923076923077
2009,2009_15_OAK_DEN,LV,-13.5,64,0,0.859375,0.140625
2009,2009_15_SF_PHI,PHI,7,65,0.6461538461538462,0.35384615384615387,0
2009,2009_15_SF_PHI,SF,-7,58,0,0.29310344827586204,0.7068965517241379
2009,2009_15_TB_SEA,SEA,6.5,72,0.06944444444444445,0.5833333333333334,0.3472222222222222
2009,2009_15_TB_SEA,TB,-6.5,59,0.4067796610169492,0.5932203389830508,0
2009,2009_16_BAL_PIT,BAL,-3,67,0,0.7611940298507462,0.23880597014925373
2009,2009_16_BAL_PIT,PIT,3,57,0.03508771929824561,0.9649122807017544,0
2009,2009_16_BUF_ATL,ATL,9,73,0.9863013698630136,0.0136986301369863,0
2009,2009_16_BUF_ATL,BUF,-9,49,0,0.08163265306122448,0.9183673469387756
2009,2009_16_CAR_NYG,CAR,-9,64,0.6875,0.3125,0
2009,2009_16_CAR_NYG,NYG,9,65,0,0.26153846153846155,0.7384615384615385
2009,2009_16_DAL_WAS,DAL,7,67,0.746268656716418,0.2537313432835821,0
2009,2009_16_DAL_WAS,WAS,-7,60,0,0.38333333333333336,0.6166666666666667
2009,2009_16_DEN_PHI,DEN,-7,62,0,0.3870967741935484,0.6129032258064516
2009,2009_16_DEN_PHI,PHI,7,67,0.47761194029850745,0.5223880597014925,0
2009,2009_16_DET_SF,DET,-14,65,0,0.5384615384615384,0.4615384615384616
2009,2009_16_DET_SF,SF,14,61,0.5081967213114754,0.4918032786885246,0
2009,2009_16_HOU_MIA,HOU,-1,62,0.7096774193548387,0.2903225806451613,0
2009,2009_16_HOU_MIA,MIA,1,74,0,0.14864864864864866,0.8513513513513513
2009,2009_16_JAX_NE,JAX,-9.5,52,0,0.2692307692307692,0.7307692307692307
2009,2009_16_JAX_NE,NE,9.5,62,0.7741935483870968,0.2258064516129032,0
2009,2009_16_KC_CIN,CIN,13,62,0.1935483870967742,0.8064516129032258,0
2009,2009_16_KC_CIN,KC,-13,65,0,0.8153846153846154,0.18461538461538465
2009,2009_16_MIN_CHI,CHI,-9,56,0.5535714285714286,0.44642857142857145,0
2009,2009_16_MIN_CHI,MIN,9,71,0,0.3380281690140845,0.6619718309859155
2009,2009_16_NYJ_IND,IND,3,57,0.2631578947368421,0.5789473684210527,0.15789473684210523
2009,2009_16_NYJ_IND,NYJ,-3,64,0.296875,0.53125,0.171875
2009,2009_16_OAK_CLE,CLE,3,64,0.8125,0.1875,0
2009,2009_16_OAK_CLE,LV,-3,68,0,0.2647058823529412,0.7352941176470589
2009,2009_16_SD_TEN,LAC,-1,65,0.6,0.4,0
2009,2009_16_SD_TEN,TEN,1,49,0,0.32653061224489793,0.673469387755102
2009,2009_16_SEA_GB,GB,13.5,60,0.7666666666666667,0.23333333333333336,0
2009,2009_16_SEA_GB,SEA,-13.5,69,0,0.21739130434782608,0.782608695652174
2009,2009_16_STL_ARI,ARI,16,69,0.782608695652174,0.21739130434782608,0
2009,2009_16_STL_ARI,LA,-16,57,0,0.38596491228070173,0.6140350877192983
2009,2009_16_TB_NO,NO,14,61,0.7377049180327869,0.26229508196721313,0
2009,2009_16_TB_NO,TB,-14,57,0,0.22807017543859648,0.7719298245614035
2009,2009_17_ATL_TB,ATL,3,73,0.3424657534246575,0.6575342465753424,0
2009,2009_17_ATL_TB,TB,-3,55,0.05454545454545454,0.7818181818181819,0.16363636363636364
2009,2009_17_BAL_OAK,BAL,10,55,0.2909090909090909,0.7090909090909091,0
2009,2009_17_BAL_OAK,LV,10,62,0,0.8064516129032258,0.1935483870967742
2009,2009_17_CHI_DET,CHI,4,66,0.2272727272727273,0.7727272727272727,0
2009,2009_17_CHI_DET,DET,-4,59,0,0.6779661016949152,0.3220338983050847
2009,2009_17_CIN_NYJ,CIN,-9.5,40,0,0.075,0.925
2009,2009_17_CIN_NYJ,NYJ,9.5,70,0.8714285714285714,0.12857142857142856,0
2009,2009_17_GB_ARI,ARI,3,45,0,0.1111111111111111,0.8888888888888888
2009,2009_17_GB_ARI,GB,-3,61,0.7540983606557377,0.2459016393442623,0
2009,2009_17_IND_BUF,BUF,9,64,0.609375,0.390625,0
2009,2009_17_IND_BUF,IND,-9,52,0,0.5384615384615384,0.4615384615384616
2009,2009_17_JAX_CLE,CLE,1,60,0.5666666666666667,0.43333333333333335,0
2009,2009_17_JAX_CLE,JAX,-1,63,0,0.3333333333333333,0.6666666666666666
2009,2009_17_KC_DEN,DEN,9.5,80,0,0.5875,0.4125
2009,2009_17_KC_DEN,KC,-9.5,60,0.23333333333333336,0.7666666666666667,0
2009,2009_17_NE_HOU,HOU,9,65,0.03076923076923077,0.8307692307692308,0.13846153846153847
2009,2009_17_NE_HOU,NE,-9,59,0.2033898305084746,0.6779661016949152,0.11864406779661016
2009,2009_17_NO_CAR,CAR,10,61,0.4262295081967213,0.5737704918032787,0
2009,2009_17_NO_CAR,NO,-10,61,0,0.4262295081967213,0.5737704918032787
2009,2009_17_NYG_MIN,MIN,9,66,0.8939393939393939,0.10606060606060606,0
2009,2009_17_NYG_MIN,NYG,-9,43,0,0.27906976744186046,0.7209302325581395
2009,2009_17_PHI_DAL,DAL,3,65,0.8153846153846154,0.18461538461538465,0
2009,2009_17_PHI_DAL,PHI,-3,50,0,0.24,0.76
2009,2009_17_PIT_MIA,MIA,-3,58,0,0.7586206896551724,0.2413793103448276
2009,2009_17_PIT_MIA,PIT,3,66,0.42424242424242425,0.5757575757575758,0
2009,2009_17_SF_STL,LA,7,62,0.01612903225806451,0.7903225806451613,0.1935483870967742
2009,2009_17_SF_STL,SF,7,61,0.14754098360655735,0.8524590163934426,0
2009,2009_17_TEN_SEA,SEA,-6,59,0.01694915254237288,0.9830508474576272,0
2009,2009_17_TEN_SEA,TEN,6,64,0,1,0
2009,2009_17_WAS_SD,LAC,-3,63,0.1904761904761905,0.8095238095238095,0
2009,2009_17_WAS_SD,WAS,-3,65,0.04615384615384615,0.5846153846153846,0.3692307692307693
2009,2009_18_BAL_NE,BAL,-3.5,59,0.9152542372881356,0.0847457627118644,0
2009,2009_18_BAL_NE,NE,3.5,63,0,0.04761904761904761,0.9523809523809524
2009,2009_18_GB_ARI,ARI,-2.5,57,0.631578947368421,0.3684210526315789,0
2009,2009_18_GB_ARI,GB,2.5,63,0,0.07936507936507936,0.9206349206349206
2009,2009_18_NYJ_CIN,CIN,2.5,61,0,0.5737704918032787,0.4262295081967213
2009,2009_18_NYJ_CIN,NYJ,-2.5,53,0.5849056603773585,0.41509433962264153,0
2009,2009_18_PHI_DAL,DAL,3.5,71,0.5915492957746479,0.4084507042253521,0
2009,2009_18_PHI_DAL,PHI,-3.5,56,0,0.21428571428571427,0.7857142857142857
2009,2009_19_ARI_NO,ARI,-7,51,0,0.0392156862745098,0.9607843137254902
2009,2009_19_ARI_NO,NO,7,63,0.7777777777777778,0.2222222222222222,0
2009,2009_19_BAL_IND,BAL,-6.5,55,0,0.41818181818181815,0.5818181818181818
2009,2009_19_BAL_IND,IND,6.5,69,0.5217391304347826,0.4782608695652174,0
2009,2009_19_DAL_MIN,DAL,-2.5,66,0,0.3787878787878788,0.6212121212121212
2009,2009_19_DAL_MIN,MIN,2.5,60,0.8333333333333334,0.16666666666666666,0
2009,2009_19_NYJ_SD,LAC,-9,59,0.13559322033898305,0.6440677966101694,0.22033898305084745
2009,2009_19_NYJ_SD,NYJ,-9,62,0.14516129032258066,0.8387096774193549,0.01612903225806451
2009,2009_20_MIN_NO,MIN,-4,82,0,0.8536585365853658,0.14634146341463414
2009,2009_20_MIN_NO,NO,4,46,0.06521739130434782,0.9347826086956522,0
2009,2009_20_NYJ_IND,IND,8,65,0.2923076923076923,0.6615384615384615,0.04615384615384615
2009,2009_20_NYJ_IND,NYJ,-8,58,0.05172413793103448,0.7758620689655172,0.1724137931034483
2009,2009_21_NO_IND,IND,4.5,64,0.140625,0.625,0.234375
2009,2009_21_NO_IND,NO,-4.5,56,0,0.75,0.25
2010,2010_01_ARI_STL,ARI,3,64,0.015625,0.984375,0
2010,2010_01_ARI_STL,LA,3,81,0.03703703703703703,0.9012345679012346,0.06172839506172839
2010,2010_01_ATL_PIT,ATL,1,66,0,1,0
2010,2010_01_ATL_PIT,PIT,-1,59,0.05084745762711865,0.9491525423728814,0
2010,2010_01_BAL_NYJ,BAL,-1,74,0.06756756756756757,0.9324324324324323,0
2010,2010_01_BAL_NYJ,NYJ,1,43,0.04651162790697674,0.9534883720930232,0
2010,2010_01_CAR_NYG,CAR,-5.5,63,0,0.6666666666666666,0.3333333333333333
2010,2010_01_CAR_NYG,NYG,5.5,64,0.3125,0.6875,0
2010,2010_01_CIN_NE,CIN,-5,76,0,0.06578947368421052,0.9342105263157896
2010,2010_01_CIN_NE,NE,5,58,0.913793103448276,0.08620689655172414,0
2010,2010_01_CLE_TB,CLE,-2.5,60,0.11666666666666668,0.7333333333333333,0.15
2010,2010_01_CLE_TB,TB,2.5,61,0.16393442622950818,0.7049180327868853,0.13114754098360656
2010,2010_01_DAL_WAS,DAL,3.5,71,0,0.7887323943661971,0.2112676056338028
2010,2010_01_DAL_WAS,WAS,-3.5,56,0.5178571428571429,0.4821428571428571,0
2010,2010_01_DEN_JAX,DEN,-3,61,0,0.7704918032786885,0.22950819672131148
2010,2010_01_DEN_JAX,JAX,3,53,0.16981132075471697,0.8301886792452831,0
2010,2010_01_DET_CHI,CHI,6.5,69,0,0.9855072463768116,0.0144927536231884
2010,2010_01_DET_CHI,DET,-6.5,56,0.05357142857142857,0.875,0.07142857142857142
2010,2010_01_GB_PHI,GB,3,63,0.4126984126984127,0.5873015873015873,0
2010,2010_01_GB_PHI,PHI,-3,60,0,0.4,0.6
2010,2010_01_IND_HOU,HOU,-1,58,0.6896551724137931,0.3103448275862069,0
2010,2010_01_IND_HOU,IND,1,69,0,0.36231884057971014,0.6376811594202898
2010,2010_01_MIA_BUF,BUF,-3,54,0,0.5925925925925926,0.4074074074074074
2010,2010_01_MIA_BUF,MIA,3,73,0.4931506849315068,0.5068493150684932,0
2010,2010_01_MIN_NO,MIN,-4.5,51,0,0.8431372549019608,0.1568627450980392
2010,2010_01_MIN_NO,NO,4.5,59,0.3898305084745763,0.6101694915254238,0
2010,2010_01_OAK_TEN,LV,-6.5,66,0,0.2272727272727273,0.7727272727272727
2010,2010_01_OAK_TEN,TEN,6.5,54,0.8333333333333334,0.16666666666666666,0
2010,2010_01_SD_KC,KC,-4,47,0.6170212765957447,0.3829787234042553,0
2010,2010_01_SD_KC,LAC,4,69,0,0.4927536231884058,0.5072463768115942
2010,2010_01_SF_SEA,SEA,-3,47,0.6808510638297872,0.3191489361702128,0
2010,2010_01_SF_SEA,SF,3,66,0,0.5,0.5
2010,2010_02_ARI_ATL,ARI,-7,48,0,0.22916666666666663,0.7708333333333334
2010,2010_02_ARI_ATL,ATL,7,74,0.7432432432432432,0.25675675675675674,0
2010,2010_02_BAL_CIN,BAL,2.5,62,0,0.935483870967742,0.06451612903225806
2010,2010_02_BAL_CIN,CIN,-2.5,65,0.07692307692307693,0.9230769230769232,0
2010,2010_02_BUF_GB,BUF,-12.5,54,0,0.3888888888888889,0.6111111111111112
2010,2010_02_BUF_GB,GB,12.5,54,0.5740740740740741,0.42592592592592593,0
2010,2010_02_CHI_DAL,CHI,-7,46,0.13043478260869565,0.8695652173913043,0
2010,2010_02_CHI_DAL,DAL,7,70,0,0.8571428571428571,0.14285714285714285
2010,2010_02_HOU_WAS,HOU,2.5,67,0,0.4477611940298507,0.5522388059701493
2010,2010_02_HOU_WAS,WAS,-2.5,51,0.4901960784313726,0.5098039215686274,0
2010,2010_02_JAX_SD,JAX,-7,68,0,0.16176470588235295,0.8382352941176471
2010,2010_02_JAX_SD,LAC,-7,60,0.6666666666666666,0.3333333333333333,0
2010,2010_02_KC_CLE,CLE,3,58,0,1,0
2010,2010_02_KC_CLE,KC,-3,66,0.10606060606060606,0.8939393939393939,0
2010,2010_02_MIA_MIN,MIA,-5.5,45,0.5555555555555556,0.4444444444444444,0
2010,2010_02_MIA_MIN,MIN,5.5,72,0,0.7777777777777778,0.2222222222222222
2010,2010_02_NE_NYJ,NE,3,57,0,0.7719298245614035,0.22807017543859648
2010,2010_02_NE_NYJ,NYJ,-3,64,0.28125,0.71875,0
2010,2010_02_NO_SF,NO,4.5,63,0.2857142857142857,0.7142857142857143,0
2010,2010_02_NO_SF,SF,-4.5,58,0,0.8448275862068966,0.15517241379310345
2010,2010_02_NYG_IND,IND,4,67,0.7313432835820896,0.26865671641791045,0
2010,2010_02_NYG_IND,NYG,-4,53,0,0.24528301886792453,0.7547169811320755
2010,2010_02_PHI_DET,DET,-6.5,72,0,0.5416666666666666,0.4583333333333333
2010,2010_02_PHI_DET,PHI,6.5,65,0.27692307692307694,0.6,0.12307692307692308
2010,2010_02_PIT_TEN,PIT,-6,54,0.5,0.5,0
2010,2010_02_PIT_TEN,TEN,6,60,0,0.36666666666666664,0.6333333333333333
2010,2010_02_SEA_DEN,DEN,3.5,71,0.8591549295774648,0.14084507042253522,0
2010,2010_02_SEA_DEN,SEA,-3.5,55,0,0.2545454545454545,0.7454545454545455
2010,2010_02_STL_OAK,LA,-3,49,0,0.7346938775510204,0.2653061224489796
2010,2010_02_STL_OAK,LV,-3,76,0.3815789473684211,0.618421052631579,0
2010,2010_02_TB_CAR,CAR,4,66,0,0.5,0.5
2010,2010_02_TB_CAR,TB,-4,59,0.423728813559322,0.576271186440678,0
2010,2010_03_ATL_NO,ATL,-3,67,0.07462686567164178,0.7611940298507462,0.16417910447761194
2010,2010_03_ATL_NO,NO,3,49,0.12244897959183672,0.8775510204081632,0
2010,2010_03_BUF_NE,BUF,-14,53,0,0.8113207547169812,0.18867924528301888
2010,2010_03_BUF_NE,NE,14,63,0.36507936507936506,0.6349206349206349,0
2010,2010_03_CIN_CAR,CAR,-3,58,0,0.41379310344827586,0.5862068965517241
2010,2010_03_CIN_CAR,CIN,3,72,0.2916666666666667,0.7083333333333334,0
2010,2010_03_CLE_BAL,BAL,12,55,0.3090909090909091,0.6909090909090909,0
2010,2010_03_CLE_BAL,CLE,-12,55,0,0.7636363636363637,0.23636363636363636
2010,2010_03_DAL_HOU,DAL,-1.5,56,0.35714285714285715,0.6428571428571429,0
2010,2010_03_DAL_HOU,HOU,1.5,58,0,0.6206896551724138,0.3793103448275862
2010,2010_03_DET_MIN,DET,-13,63,0,0.47619047619047616,0.5238095238095238
2010,2010_03_DET_MIN,MIN,13,64,0.546875,0.453125,0
2010,2010_03_GB_CHI,CHI,-3,48,0.08333333333333333,0.8541666666666666,0.0625
2010,2010_03_GB_CHI,GB,3,60,0.23333333333333336,0.7666666666666667,0
2010,2010_03_IND_DEN,DEN,-5.5,76,0,0.34210526315789475,0.6578947368421053
2010,2010_03_IND_DEN,IND,5.5,64,0.453125,0.546875,0
2010,2010_03_NYJ_MIA,MIA,1,70,0,0.7857142857142857,0.21428571428571427
2010,2010_03_NYJ_MIA,NYJ,-1,55,0.14545454545454545,0.8545454545454545,0
2010,2010_03_OAK_ARI,ARI,5.5,54,0.07407407407407407,0.925925925925926,0
2010,2010_03_OAK_ARI,LV,-5.5,70,0,0.9857142857142858,0.01428571428571428
2010,2010_03_PHI_JAX,JAX,-2,68,0,0.4264705882352941,0.5735294117647058
2010,2010_03_PHI_JAX,PHI,2,54,0.3888888888888889,0.6111111111111112,0
2010,2010_03_PIT_TB,PIT,2,45,0.7111111111111111,0.28888888888888886,0
2010,2010_03_PIT_TB,TB,-2,61,0,0.3770491803278688,0.6229508196721312
2010,2010_03_SD_SEA,LAC,3.5,77,0,0.5324675324675324,0.4675324675324675
2010,2010_03_SD_SEA,SEA,-3.5,54,0.5370370370370371,0.46296296296296297,0
2010,2010_03_SF_KC,KC,-2.5,65,0.5076923076923077,0.49230769230769234,0
2010,2010_03_SF_KC,SF,2.5,62,0,0.43548387096774194,0.5645161290322581
2010,2010_03_TEN_NYG,NYG,3,70,0,0.5,0.5
2010,2010_03_TEN_NYG,TEN,-3,57,0.40350877192982454,0.5964912280701754,0
2010,2010_03_WAS_STL,LA,4.5,75,0.4133333333333334,0.5866666666666667,0
2010,2010_03_WAS_STL,WAS,4.5,48,0,0.4375,0.5625
2010,2010_04_ARI_SD,ARI,-10,51,0,0.3333333333333333,0.6666666666666666
2010,2010_04_ARI_SD,LAC,-10,60,0.7833333333333333,0.21666666666666667,0
2010,2010_04_BAL_PIT,BAL,-2,64,0,1,0
2010,2010_04_BAL_PIT,PIT,2,50,0.06,0.92,0.02
2010,2010_04_CAR_NO,CAR,-12.5,47,0,0.8723404255319149,0.1276595744680851
2010,2010_04_CAR_NO,NO,12.5,78,0.07692307692307693,0.9230769230769232,0
2010,2010_04_CHI_NYG,CHI,-3.5,52,0,0.6346153846153846,0.36538461538461536
2010,2010_04_CHI_NYG,NYG,3.5,62,0.4838709677419355,0.5161290322580645,0
2010,2010_04_CIN_CLE,CIN,1.5,58,0,0.603448275862069,0.39655172413793105
2010,2010_04_CIN_CLE,CLE,-1.5,63,0.42857142857142855,0.5714285714285714,0
2010,2010_04_DEN_TEN,DEN,-6,76,0.03947368421052631,0.9605263157894736,0
2010,2010_04_DEN_TEN,TEN,6,52,0.09615384615384616,0.8461538461538461,0.05769230769230769
2010,2010_04_DET_GB,DET,-14.5,78,0,0.5128205128205128,0.4871794871794872
2010,2010_04_DET_GB,GB,14.5,39,0.6666666666666666,0.3333333333333333,0
2010,2010_04_HOU_OAK,HOU,3.5,62,0.3709677419354839,0.6290322580645161,0
2010,2010_04_HOU_OAK,LV,3.5,68,0,0.6323529411764706,0.36764705882352944
2010,2010_04_IND_JAX,IND,7,65,0,0.676923076923077,0.3230769230769231
2010,2010_04_IND_JAX,JAX,-7,57,0.10526315789473684,0.8947368421052632,0
2010,2010_04_NE_MIA,MIA,1,67,0.02985074626865671,0.40298507462686567,0.5671641791044776
2010,2010_04_NE_MIA,NE,-1,56,0.30357142857142855,0.6964285714285714,0
2010,2010_04_NYJ_BUF,BUF,-5.5,46,0,0.2826086956521739,0.717391304347826
2010,2010_04_NYJ_BUF,NYJ,5.5,74,0.5675675675675675,0.43243243243243246,0
2010,2010_04_SEA_STL,LA,1.5,71,0.6197183098591549,0.38028169014084506,0
2010,2010_04_SEA_STL,SEA,1.5,65,0,0.6153846153846154,0.38461538461538464
2010,2010_04_SF_ATL,ATL,7,75,0,0.84,0.16
2010,2010_04_SF_ATL,SF,-7,56,0.125,0.875,0
2010,2010_04_WAS_PHI,PHI,5,67,0,0.1044776119402985,0.8955223880597015
2010,2010_04_WAS_PHI,WAS,-5,54,0.8518518518518519,0.14814814814814814,0
2010,2010_05_ATL_CLE,ATL,3,58,0.06896551724137931,0.9310344827586208,0
2010,2010_05_ATL_CLE,CLE,-3,62,0.01612903225806451,0.8387096774193549,0.14516129032258066
2010,2010_05_CHI_CAR,CAR,2.5,61,0,0.14754098360655735,0.8524590163934426
2010,2010_05_CHI_CAR,CHI,-2.5,63,0.9206349206349206,0.07936507936507936,0
2010,2010_05_DEN_BAL,BAL,8,72,0.7222222222222222,0.2777777777777778,0
2010,2010_05_DEN_BAL,DEN,-8,52,0,0.2307692307692308,0.7692307692307693
2010,2010_05_GB_WAS,GB,2.5,61,0.3606557377049181,0.639344262295082,0
2010,2010_05_GB_WAS,WAS,-2.5,65,0,0.7230769230769231,0.27692307692307694
2010,2010_05_JAX_BUF,BUF,2.5,54,0.2962962962962963,0.35185185185185186,0.35185185185185186
2010,2010_05_JAX_BUF,JAX,-2.5,62,0.3225806451612903,0.5645161290322581,0.1129032258064516
2010,2010_05_KC_IND,IND,7.5,73,0.2602739726027397,0.7397260273972602,0
2010,2010_05_KC_IND,KC,-7.5,57,0,0.8070175438596491,0.19298245614035087
2010,2010_05_MIN_NYJ,MIN,-4,61,0,0.4918032786885246,0.5081967213114754
2010,2010_05_MIN_NYJ,NYJ,4,77,0.5584415584415584,0.44155844155844154,0
2010,2010_05_NO_ARI,ARI,-6.5,57,0.15789473684210523,0.8245614035087719,0.0175438596491228
2010,2010_05_NO_ARI,NO,6.5,61,0,0.7540983606557377,0.2459016393442623
2010,2010_05_NYG_HOU,HOU,3,51,0,0.19607843137254904,0.803921568627451
2010,2010_05_NYG_HOU,NYG,-3,71,0.8450704225352113,0.15492957746478872,0
2010,2010_05_PHI_SF,PHI,-3,60,0.55,0.45,0
2010,2010_05_PHI_SF,SF,3,63,0,0.6666666666666666,0.3333333333333333
2010,2010_05_SD_OAK,LAC,7,71,0.02816901408450704,0.5774647887323944,0.39436619718309857
2010,2010_05_SD_OAK,LV,7,57,0.10526315789473684,0.7719298245614035,0.12280701754385964
2010,2010_05_STL_DET,DET,3,58,0.7586206896551724,0.2413793103448276,0
2010,2010_05_STL_DET,LA,-3,74,0,0.3108108108108108,0.6891891891891891
2010,2010_05_TB_CIN,CIN,6.5,64,0.140625,0.859375,0
2010,2010_05_TB_CIN,TB,-6.5,59,0,0.7627118644067796,0.23728813559322037
2010,2010_05_TEN_DAL,DAL,6.5,75,0,0.6133333333333333,0.38666666666666666
2010,2010_05_TEN_DAL,TEN,-6.5,53,0.18867924528301888,0.8113207547169812,0
2010,2010_06_ATL_PHI,ATL,-1,64,0,0.125,0.875
2010,2010_06_ATL_PHI,PHI,1,67,0.9701492537313432,0.02985074626865671,0
2010,2010_06_BAL_NE,BAL,-3,59,0.2033898305084746,0.7966101694915254,0
2010,2010_06_BAL_NE,NE,3,60,0,0.8833333333333333,0.11666666666666668
2010,2010_06_CLE_PIT,CLE,-14,60,0,0.6166666666666667,0.38333333333333336
2010,2010_06_CLE_PIT,PIT,14,62,0.46774193548387094,0.532258064516129,0
2010,2010_06_DAL_MIN,DAL,-1,60,0,0.8,0.2
2010,2010_06_DAL_MIN,MIN,1,50,0.12,0.88,0
2010,2010_06_DET_NYG,DET,-10,71,0,0.7183098591549296,0.28169014084507044
2010,2010_06_DET_NYG,NYG,10,61,0.39344262295081966,0.6065573770491803,0
2010,2010_06_IND_WAS,IND,3,67,0.40298507462686567,0.5970149253731343,0
2010,2010_06_IND_WAS,WAS,-3,71,0,0.6338028169014085,0.3661971830985915
2010,2010_06_KC_HOU,HOU,4.5,57,0,0.7192982456140351,0.2807017543859649
2010,2010_06_KC_HOU,KC,-4.5,68,0.3088235294117647,0.6323529411764706,0.0588235294117647
2010,2010_06_MIA_GB,GB,3,55,0,0.8363636363636363,0.16363636363636364
2010,2010_06_MIA_GB,MIA,-3,67,0,1,0
2010,2010_06_NO_TB,NO,5.5,63,0.7936507936507936,0.2063492063492063,0
2010,2010_06_NO_TB,TB,-5.5,65,0,0.2,0.8
2010,2010_06_NYJ_DEN,DEN,-3.5,72,0.1111111111111111,0.8888888888888888,0
2010,2010_06_NYJ_DEN,NYJ,3.5,61,0,0.9016393442622952,0.09836065573770492
2010,2010_06_OAK_SF,LV,-9,52,0,0.8653846153846154,0.1346153846153846
2010,2010_06_OAK_SF,SF,9,62,0.2258064516129032,0.7741935483870968,0
2010,2010_06_SD_STL,LA,9.5,65,0.8,0.2,0
2010,2010_06_SD_STL,LAC,9.5,61,0,0.2786885245901639,0.7213114754098361
2010,2010_06_SEA_CHI,CHI,6,59,0,0.6610169491525424,0.3389830508474576
2010,2010_06_SEA_CHI,SEA,-6,68,0.17647058823529413,0.8235294117647058,0
2010,2010_06_TEN_JAX,JAX,-3,63,0,0.25396825396825395,0.746031746031746
2010,2010_06_TEN_JAX,TEN,3,59,0.6610169491525424,0.3389830508474576,0
2010,2010_07_ARI_SEA,ARI,-6.5,55,0,0.34545454545454546,0.6545454545454545
2010,2010_07_ARI_SEA,SEA,6.5,78,0.6025641025641025,0.3974358974358974,0
2010,2010_07_BUF_BAL,BAL,12,55,0.2909090909090909,0.41818181818181815,0.2909090909090909
2010,2010_07_BUF_BAL,BUF,-12,75,0.14666666666666667,0.5733333333333334,0.28
2010,2010_07_CIN_ATL,ATL,3.5,63,0.5873015873015873,0.4126984126984127,0
2010,2010_07_CIN_ATL,CIN,-3.5,73,0,0.2328767123287671,0.7671232876712328
2010,2010_07_CLE_NO,CLE,-12,42,0.6190476190476191,0.380952380952381,0
2010,2010_07_CLE_NO,NO,12,77,0,0.3896103896103896,0.6103896103896104
2010,2010_07_JAX_KC,JAX,-9,58,0,0.7068965517241379,0.29310344827586204
2010,2010_07_JAX_KC,KC,9,61,0.4262295081967213,0.5737704918032787,0
2010,2010_07_MIN_GB,GB,2.5,57,0.21052631578947367,0.7894736842105263,0
2010,2010_07_MIN_GB,MIN,-2.5,66,0,0.803030303030303,0.19696969696969696
2010,2010_07_NE_SD,LAC,-2.5,71,0,0.5492957746478874,0.4507042253521127
2010,2010_07_NE_SD,NE,-2.5,58,0.7068965517241379,0.29310344827586204,0
2010,2010_07_NYG_DAL,DAL,3.5,56,0.19642857142857145,0.25,0.5535714285714286
2010,2010_07_NYG_DAL,NYG,-3.5,72,0.375,0.3194444444444444,0.3055555555555556
2010,2010_07_OAK_DEN,DEN,7,50,0,0.02,0.98
2010,2010_07_OAK_DEN,LV,-7,72,0.875,0.125,0
2010,2010_07_PHI_TEN,PHI,-3,71,0.29577464788732394,0.647887323943662,0.05633802816901408
2010,2010_07_PHI_TEN,TEN,3,60,0.25,0.6166666666666667,0.13333333333333333
2010,2010_07_PIT_MIA,MIA,-3,58,0,0.9482758620689656,0.05172413793103448
2010,2010_07_PIT_MIA,PIT,3,54,0,1,0
2010,2010_07_SF_CAR,CAR,-1,76,0.09210526315789472,0.6973684210526315,0.21052631578947367
2010,2010_07_SF_CAR,SF,1,55,0.10909090909090909,0.8,0.09090909090909093
2010,2010_07_STL_TB,LA,-3,58,0.5,0.5,0
2010,2010_07_STL_TB,TB,3,64,0,0.546875,0.453125
2010,2010_07_WAS_CHI,CHI,3,60,0.16666666666666666,0.8333333333333334,0
2010,2010_07_WAS_CHI,WAS,-3,58,0.1724137931034483,0.7758620689655172,0.05172413793103448
2010,2010_08_BUF_KC,BUF,-7,65,0,0.7538461538461538,0.24615384615384617
2010,2010_08_BUF_KC,KC,7,56,0.19642857142857145,0.8035714285714286,0
2010,2010_08_CAR_STL,CAR,-2.5,57,0,0.3508771929824561,0.6491228070175439
2010,2010_08_CAR_STL,LA,-2.5,61,0.45901639344262296,0.5409836065573771,0
2010,2010_08_DEN_SF,DEN,-2,60,0.05,0.7333333333333333,0.21666666666666667
2010,2010_08_DEN_SF,SF,2,61,0.18032786885245905,0.7868852459016393,0.03278688524590164
2010,2010_08_GB_NYJ,GB,-6.5,61,0.19672131147540983,0.8032786885245902,0
2010,2010_08_GB_NYJ,NYJ,6.5,69,0,0.8405797101449275,0.15942028985507245
2010,2010_08_HOU_IND,HOU,-5.5,58,0,0.27586206896551724,0.7241379310344828
2010,2010_08_HOU_IND,IND,5.5,71,0.8591549295774648,0.14084507042253522,0
2010,2010_08_JAX_DAL,DAL,6.5,72,0,0.3333333333333333,0.6666666666666666
2010,2010_08_JAX_DAL,JAX,-6.5,58,0.6724137931034483,0.3275862068965517,0
2010,2010_08_MIA_CIN,CIN,-1,64,0,0.703125,0.296875
2010,2010_08_MIA_CIN,MIA,1,65,0.09230769230769233,0.9076923076923076,0
2010,2010_08_MIN_NE,MIN,-5,67,0,0.7164179104477612,0.2835820895522388
2010,2010_08_MIN_NE,NE,5,52,0.4807692307692308,0.5192307692307693,0
2010,2010_08_PIT_NO,NO,1,64,0.25,0.75,0
2010,2010_08_PIT_NO,PIT,-1,51,0,0.8431372549019608,0.1568627450980392
2010,2010_08_SEA_OAK,LV,-1.5,67,0.582089552238806,0.417910447761194,0
2010,2010_08_SEA_OAK,SEA,-1.5,59,0,0.22033898305084745,0.7796610169491526
2010,2010_08_TB_ARI,ARI,3,64,0.015625,0.75,0.234375
2010,2010_08_TB_ARI,TB,-3,57,0.5087719298245614,0.49122807017543857,0
2010,2010_08_TEN_SD,LAC,-6,71,0.2676056338028169,0.676056338028169,0.05633802816901408
2010,2010_08_TEN_SD,TEN,-6,55,0.03636363636363636,0.6,0.3636363636363637
2010,2010_08_WAS_DET,DET,2.5,71,0.04225352112676056,0.943661971830986,0.01408450704225352
2010,2010_08_WAS_DET,WAS,-2.5,63,0.03174603174603174,0.8095238095238095,0.15873015873015872
2010,2010_09_ARI_MIN,ARI,-7,51,0.4705882352941176,0.5098039215686274,0.0196078431372549
2010,2010_09_ARI_MIN,MIN,7,64,0,0.484375,0.515625
2010,2010_09_CHI_BUF,BUF,-3,70,0.01428571428571428,0.9428571428571428,0.04285714285714286
2010,2010_09_CHI_BUF,CHI,3,60,0.11666666666666668,0.85,0.03333333333333333
2010,2010_09_DAL_GB,DAL,-7,48,0,0.16666666666666666,0.8333333333333334
2010,2010_09_DAL_GB,GB,7,70,0.7142857142857143,0.2857142857142857,0
2010,2010_09_IND_PHI,IND,-3.5,73,0,0.3561643835616438,0.6438356164383562
2010,2010_09_IND_PHI,PHI,3.5,62,0.5967741935483871,0.4032258064516129,0
2010,2010_09_KC_OAK,KC,1,69,0.36231884057971014,0.6231884057971014,0.0144927536231884
2010,2010_09_KC_OAK,LV,1,60,0.05,0.7833333333333333,0.16666666666666666
2010,2010_09_MIA_BAL,BAL,5,69,0.4782608695652174,0.5217391304347826,0
2010,2010_09_MIA_BAL,MIA,-5,53,0,0.5471698113207547,0.4528301886792453
2010,2010_09_NE_CLE,CLE,-4,63,0.7619047619047619,0.23809523809523808,0
2010,2010_09_NE_CLE,NE,4,58,0,0.1896551724137931,0.8103448275862069
2010,2010_09_NO_CAR,CAR,-5.5,64,0,0.328125,0.671875
2010,2010_09_NO_CAR,NO,5.5,75,0.5466666666666666,0.4533333333333333,0
2010,2010_09_NYG_SEA,NYG,7,75,0.84,0.16,0
2010,2010_09_NYG_SEA,SEA,-7,37,0,0.24324324324324328,0.7567567567567568
2010,2010_09_NYJ_DET,DET,-5.5,67,0.29850746268656714,0.7014925373134329,0
2010,2010_09_NYJ_DET,NYJ,5.5,65,0,0.7384615384615385,0.26153846153846155
2010,2010_09_PIT_CIN,CIN,-5,58,0,0.4482758620689655,0.5517241379310345
2010,2010_09_PIT_CIN,PIT,5,58,0.7413793103448276,0.25862068965517243,0
2010,2010_09_SD_HOU,HOU,-3,68,0.3235294117647059,0.5735294117647058,0.10294117647058824
2010,2010_09_SD_HOU,LAC,3,46,0.06521739130434782,0.717391304347826,0.21739130434782608
2010,2010_09_TB_ATL,ATL,10,68,0.5441176470588235,0.45588235294117646,0
2010,2010_09_TB_ATL,TB,-10,50,0,0.4,0.6
2010,2010_10_BAL_ATL,ATL,1,74,0.5,0.5,0
2010,2010_10_BAL_ATL,BAL,-1,56,0,0.35714285714285715,0.6428571428571429
2010,2010_10_CAR_TB,CAR,-7,62,0,0.27419354838709675,0.7258064516129032
2010,2010_10_CAR_TB,TB,7,54,0.7962962962962963,0.2037037037037037,0
2010,2010_10_CIN_IND,CIN,-6.5,65,0,0.13846153846153847,0.8615384615384616
2010,2010_10_CIN_IND,IND,6.5,60,0.7166666666666667,0.2833333333333333,0
2010,2010_10_DAL_NYG,DAL,-11.5,48,0.7291666666666666,0.2708333333333333,0
2010,2010_10_DAL_NYG,NYG,11.5,76,0,0.3684210526315789,0.631578947368421
2010,2010_10_DET_BUF,BUF,1.5,57,0.631578947368421,0.3684210526315789,0
2010,2010_10_DET_BUF,DET,-1.5,77,0,0.4545454545454546,0.5454545454545454
2010,2010_10_HOU_JAX,HOU,-1,52,0,0.5769230769230769,0.4230769230769231
2010,2010_10_HOU_JAX,JAX,1,69,0.17391304347826086,0.8260869565217391,0
2010,2010_10_KC_DEN,DEN,-1,64,0.859375,0.140625,0
2010,2010_10_KC_DEN,KC,1,79,0,0.06329113924050633,0.9367088607594936
2010,2010_10_MIN_CHI,CHI,1,72,0.5,0.5,0
2010,2010_10_MIN_CHI,MIN,-1,53,0,0.660377358490566,0.33962264150943394
2010,2010_10_NE_PIT,NE,-4.5,67,0.8208955223880597,0.1791044776119403,0
2010,2010_10_NE_PIT,PIT,4.5,69,0,0.34782608695652173,0.6521739130434783
2010,2010_10_NYJ_CLE,CLE,-3.5,46,0,0.8043478260869565,0.1956521739130435
2010,2010_10_NYJ_CLE,NYJ,3.5,71,0.23943661971830985,0.7605633802816901,0
2010,2010_10_PHI_WAS,PHI,3.5,66,0.9242424242424242,0.07575757575757576,0
2010,2010_10_PHI_WAS,WAS,-3.5,51,0,0.0588235294117647,0.9411764705882352
2010,2010_10_SEA_ARI,ARI,3.5,64,0,0.5,0.5
2010,2010_10_SEA_ARI,SEA,-3.5,69,0.5797101449275363,0.42028985507246375,0
2010,2010_10_STL_SF,LA,-4.5,66,0.10606060606060606,0.8636363636363636,0.0303030303030303
2010,2010_10_STL_SF,SF,4.5,54,0.0925925925925926,0.7037037037037037,0.2037037037037037
2010,2010_10_TEN_MIA,MIA,1,67,0.3283582089552239,0.6716417910447762,0
2010,2010_10_TEN_MIA,TEN,-1,65,0,0.5846153846153846,0.4153846153846154
2010,2010_11_ARI_KC,ARI,-7,68,0,0.2647058823529412,0.7352941176470589
2010,2010_11_ARI_KC,KC,7,53,0.7358490566037735,0.2641509433962264,0
2010,2010_11_ATL_STL,ATL,3.5,70,0.2714285714285714,0.7285714285714285,0
2010,2010_11_ATL_STL,LA,3.5,54,0,0.5740740740740741,0.42592592592592593
2010,2010_11_BAL_CAR,BAL,13,67,0.835820895522388,0.16417910447761194,0
2010,2010_11_BAL_CAR,CAR,-13,53,0,0.3018867924528302,0.6981132075471698
2010,2010_11_BUF_CIN,BUF,-4,60,0.15,0.38333333333333336,0.4666666666666667
2010,2010_11_BUF_CIN,CIN,4,69,0.30434782608695654,0.4057971014492754,0.2898550724637681
2010,2010_11_CHI_MIA,CHI,-2.5,67,0.5671641791044776,0.4328358208955224,0
2010,2010_11_CHI_MIA,MIA,2.5,48,0,0.4583333333333333,0.5416666666666666
2010,2010_11_CLE_JAX,CLE,-2.5,58,0.13793103448275862,0.8275862068965517,0.03448275862068965
2010,2010_11_CLE_JAX,JAX,2.5,66,0,0.8181818181818182,0.18181818181818185
2010,2010_11_DEN_SD,DEN,-9,58,0,0.3793103448275862,0.6206896551724138
2010,2010_11_DEN_SD,LAC,-9,65,0.6307692307692307,0.3692307692307693,0
2010,2010_11_DET_DAL,DAL,5,55,0.4727272727272727,0.5272727272727272,0
2010,2010_11_DET_DAL,DET,-5,68,0,0.6617647058823529,0.3382352941176471
2010,2010_11_GB_MIN,GB,3,65,0.6,0.4,0
2010,2010_11_GB_MIN,MIN,-3,57,0,0.5614035087719298,0.43859649122807015
2010,2010_11_HOU_NYJ,HOU,-6.5,60,0.05,0.7,0.25
2010,2010_11_HOU_NYJ,NYJ,6.5,71,0.5492957746478874,0.4084507042253521,0.04225352112676056
2010,2010_11_IND_NE,IND,-4,72,0,0.2638888888888889,0.7361111111111112
2010,2010_11_IND_NE,NE,4,57,0.9298245614035088,0.07017543859649122,0
2010,2010_11_NYG_PHI,NYG,-3.5,52,0,0.5192307692307693,0.4807692307692308
2010,2010_11_NYG_PHI,PHI,3.5,66,0.5151515151515151,0.48484848484848486,0
2010,2010_11_OAK_PIT,LV,-7,65,0,0.27692307692307694,0.7230769230769231
2010,2010_11_OAK_PIT,PIT,7,64,0.53125,0.46875,0
2010,2010_11_SEA_NO,NO,11,72,0.6527777777777778,0.3472222222222222,0
2010,2010_11_SEA_NO,SEA,-11,61,0,0.2459016393442623,0.7540983606557377
2010,2010_11_TB_SF,SF,3.5,55,0,0.5272727272727272,0.4727272727272727
2010,2010_11_TB_SF,TB,-3.5,65,0.3692307692307693,0.6307692307692307,0
2010,2010_11_WAS_TEN,TEN,7,47,0,1,0
2010,2010_11_WAS_TEN,WAS,-7,76,0.0131578947368421,0.9736842105263158,0.0131578947368421
2010,2010_12_CAR_CLE,CAR,-9,57,0,0.631578947368421,0.3684210526315789
2010,2010_12_CAR_CLE,CLE,9,70,0.32857142857142857,0.6714285714285714,0
2010,2010_12_CIN_NYJ,CIN,-10,61,0,0.7213114754098361,0.2786885245901639
2010,2010_12_CIN_NYJ,NYJ,10,64,0.296875,0.703125,0
2010,2010_12_GB_ATL,ATL,2.5,57,0.22807017543859648,0.7719298245614035,0
2010,2010_12_GB_ATL,GB,-2.5,58,0,0.5689655172413793,0.43103448275862066
2010,2010_12_JAX_NYG,JAX,-8,73,0.3561643835616438,0.6164383561643836,0.0273972602739726
2010,2010_12_JAX_NYG,NYG,8,48,0.02083333333333333,0.7291666666666666,0.25
2010,2010_12_KC_SEA,KC,1,78,0.3076923076923077,0.6923076923076923,0
2010,2010_12_KC_SEA,SEA,-1,49,0,0.5714285714285714,0.42857142857142855
2010,2010_12_MIA_OAK,LV,-3,45,0,0.5555555555555556,0.4444444444444444
2010,2010_12_MIA_OAK,MIA,-3,79,0.35443037974683544,0.6455696202531646,0
2010,2010_12_MIN_WAS,MIN,1,60,0.38333333333333336,0.6166666666666667,0
2010,2010_12_MIN_WAS,WAS,-1,52,0,0.8653846153846154,0.1346153846153846
2010,2010_12_NE_DET,DET,-6,75,0.08,0.6666666666666666,0.25333333333333335
2010,2010_12_NE_DET,NE,6,51,0.21568627450980393,0.4901960784313726,0.29411764705882354
2010,2010_12_NO_DAL,DAL,-4.5,75,0.04,0.5066666666666667,0.4533333333333333
2010,2010_12_NO_DAL,NO,4.5,59,0.4576271186440678,0.4576271186440678,0.0847457627118644
2010,2010_12_PHI_CHI,CHI,-3,50,0.68,0.32,0
2010,2010_12_PHI_CHI,PHI,3,69,0,0.37681159420289856,0.6231884057971014
2010,2010_12_PIT_BUF,BUF,-6.5,54,0,0.6851851851851852,0.3148148148148148
2010,2010_12_PIT_BUF,PIT,6.5,67,0.40298507462686567,0.5970149253731343,0
2010,2010_12_SD_IND,IND,2,62,0,0.532258064516129,0.46774193548387094
2010,2010_12_SD_IND,LAC,-2,57,0.5263157894736842,0.47368421052631576,0
2010,2010_12_SF_ARI,ARI,-1,47,0,0.1702127659574468,0.8297872340425532
2010,2010_12_SF_ARI,SF,1,70,0.7,0.3,0
2010,2010_12_STL_DEN,DEN,3,62,0.1129032258064516,0.3709677419354839,0.5161290322580645
2010,2010_12_STL_DEN,LA,-3,73,0.5616438356164384,0.3424657534246575,0.0958904109589041
2010,2010_12_TB_BAL,BAL,7.5,63,0.5873015873015873,0.4126984126984127,0
2010,2010_12_TB_BAL,TB,-7.5,59,0,0.4915254237288136,0.5084745762711864
2010,2010_12_TEN_HOU,HOU,5,74,0.6351351351351351,0.36486486486486486,0
2010,2010_12_TEN_HOU,TEN,-5,44,0,0.3181818181818182,0.6818181818181818
2010,2010_13_ATL_TB,ATL,3,60,0.05,0.95,0
2010,2010_13_ATL_TB,TB,-3,69,0.13043478260869565,0.855072463768116,0.0144927536231884
2010,2010_13_BUF_MIN,BUF,-5,49,0,0.24489795918367344,0.7551020408163265
2010,2010_13_BUF_MIN,MIN,5,64,0.671875,0.328125,0
2010,2010_13_CAR_SEA,CAR,-4.5,67,0.1791044776119403,0.4925373134328358,0.3283582089552239
2010,2010_13_CAR_SEA,SEA,4.5,63,0.3968253968253968,0.25396825396825395,0.3492063492063492
2010,2010_13_CHI_DET,CHI,5,55,0.10909090909090909,0.8727272727272727,0.01818181818181818
2010,2010_13_CHI_DET,DET,-5,53,0.1320754716981132,0.8679245283018868,0
2010,2010_13_CLE_MIA,CLE,-6,54,0,1,0
2010,2010_13_CLE_MIA,MIA,6,65,0,0.9692307692307692,0.03076923076923077
2010,2010_13_DAL_IND,DAL,-5.5,64,0.25,0.75,0
2010,2010_13_DAL_IND,IND,5.5,57,0,0.3333333333333333,0.6666666666666666
2010,2010_13_DEN_KC,DEN,-9,55,0,0.5454545454545454,0.4545454545454546
2010,2010_13_DEN_KC,KC,9,71,0.6901408450704225,0.30985915492957744,0
2010,2010_13_HOU_PHI,HOU,-8.5,64,0,0.453125,0.546875
2010,2010_13_HOU_PHI,PHI,8.5,63,0.5079365079365079,0.492063492063492,0
2010,2010_13_JAX_TEN,JAX,-3,70,0.7285714285714285,0.2714285714285714,0
2010,2010_13_JAX_TEN,TEN,3,47,0,0.2127659574468085,0.7872340425531915
2010,2010_13_NO_CIN,CIN,-6.5,62,0,0.7096774193548387,0.2903225806451613
2010,2010_13_NO_CIN,NO,6.5,53,0.3018867924528302,0.6981132075471698,0
2010,2010_13_NYJ_NE,NE,4,58,0.7931034482758621,0.20689655172413793,0
2010,2010_13_NYJ_NE,NYJ,-4,65,0,0.16923076923076924,0.8307692307692308
2010,2010_13_OAK_SD,LAC,-12.5,51,0,0.1568627450980392,0.8431372549019608
2010,2010_13_OAK_SD,LV,-12.5,69,0.8985507246376812,0.10144927536231883,0
2010,2010_13_PIT_BAL,BAL,3,56,0.375,0.6071428571428571,0.01785714285714285
2010,2010_13_PIT_BAL,PIT,-3,64,0,0.84375,0.15625
2010,2010_13_SF_GB,GB,9,66,0.4545454545454546,0.5454545454545454,0
2010,2010_13_SF_GB,SF,-9,51,0,0.5686274509803921,0.43137254901960786
2010,2010_13_STL_ARI,ARI,-3,52,0,0.6153846153846154,0.38461538461538464
2010,2010_13_STL_ARI,LA,3,66,0.3333333333333333,0.6666666666666666,0
2010,2010_13_WAS_NYG,NYG,7,60,0.8833333333333333,0.11666666666666668,0
2010,2010_13_WAS_NYG,WAS,-7,64,0,0.046875,0.953125
2010,2010_14_ATL_CAR,ATL,7,73,0.8904109589041096,0.1095890410958904,0
2010,2010_14_ATL_CAR,CAR,-7,58,0,0.06896551724137931,0.9310344827586208
2010,2010_14_BAL_HOU,BAL,3,56,0.6428571428571429,0.35714285714285715,0
2010,2010_14_BAL_HOU,HOU,-3,83,0,0.24096385542168677,0.7590361445783133
2010,2010_14_CIN_PIT,CIN,-9,48,0,0.6041666666666666,0.3958333333333333
2010,2010_14_CIN_PIT,PIT,9,63,0.4444444444444444,0.5555555555555556,0
2010,2010_14_CLE_BUF,BUF,1,67,0.373134328358209,0.6268656716417911,0
2010,2010_14_CLE_BUF,CLE,-1,46,0,0.8478260869565217,0.15217391304347827
2010,2010_14_DEN_ARI,ARI,-4,72,0.7222222222222222,0.2777777777777778,0
2010,2010_14_DEN_ARI,DEN,4,73,0,0.4520547945205479,0.547945205479452
2010,2010_14_GB_DET,DET,-7,65,0.1076923076923077,0.8923076923076924,0
2010,2010_14_GB_DET,GB,7,61,0.03278688524590164,0.8688524590163934,0.09836065573770492
2010,2010_14_IND_TEN,IND,3,68,0.6176470588235294,0.38235294117647056,0
2010,2010_14_IND_TEN,TEN,-3,63,0,0.14285714285714285,0.8571428571428571
2010,2010_14_KC_SD,KC,-10,41,0,0.14634146341463414,0.8536585365853658
2010,2010_14_KC_SD,LAC,-10,69,0.855072463768116,0.14492753623188406,0
2010,2010_14_MIA_NYJ,MIA,-5,54,0.35185185185185186,0.6481481481481481,0
2010,2010_14_MIA_NYJ,NYJ,5,80,0,0.725,0.275
2010,2010_14_NE_CHI,CHI,-3,42,0,0.2619047619047619,0.7380952380952381
2010,2010_14_NE_CHI,NE,3,75,0.6933333333333334,0.30666666666666664,0
2010,2010_14_NYG_MIN,MIN,-4.5,61,0.06557377049180328,0.4262295081967213,0.5081967213114754
2010,2010_14_NYG_MIN,NYG,4.5,65,0.5538461538461539,0.4461538461538462,0
2010,2010_14_OAK_JAX,JAX,3.5,57,0.22807017543859648,0.631578947368421,0.14035087719298245
2010,2010_14_OAK_JAX,LV,-3.5,61,0.06557377049180328,0.5901639344262295,0.3442622950819672
2010,2010_14_PHI_DAL,DAL,-4,60,0,0.8333333333333334,0.16666666666666666
2010,2010_14_PHI_DAL,PHI,4,52,0.15384615384615383,0.8461538461538461,0
2010,2010_14_SEA_SF,SEA,-4.5,65,0,0.2923076923076923,0.7076923076923077
2010,2010_14_SEA_SF,SF,4.5,54,0.5740740740740741,0.42592592592592593,0
2010,2010_14_STL_NO,LA,-9.5,59,0,0.1016949152542373,0.8983050847457628
2010,2010_14_STL_NO,NO,9.5,70,0.8,0.2,0
2010,2010_14_TB_WAS,TB,1,50,0,0.98,0.02
2010,2010_14_TB_WAS,WAS,-1,65,0.07692307692307693,0.7692307692307693,0.15384615384615383
2010,2010_15_ARI_CAR,ARI,-2.5,53,0,0.2641509433962264,0.7358490566037735
2010,2010_15_ARI_CAR,CAR,2.5,64,0.8125,0.1875,0
2010,2010_15_ATL_SEA,ATL,5.5,70,0.3,0.7,0
2010,2010_15_ATL_SEA,SEA,-5.5,55,0,0.4,0.6
2010,2010_15_BUF_MIA,BUF,-5.5,55,0.2545454545454545,0.7454545454545455,0
2010,2010_15_BUF_MIA,MIA,5.5,66,0,0.6515151515151515,0.3484848484848485
2010,2010_15_CHI_MIN,CHI,5.5,57,0.631578947368421,0.3684210526315789,0
2010,2010_15_CHI_MIN,MIN,-5.5,61,0,0.32786885245901637,0.6721311475409836
2010,2010_15_CLE_CIN,CIN,1,64,0.46875,0.53125,0
2010,2010_15_CLE_CIN,CLE,-1,43,0,0.6744186046511628,0.32558139534883723
2010,2010_15_DEN_OAK,DEN,-9,51,0,0.7450980392156863,0.2549019607843137
2010,2010_15_DEN_OAK,LV,-9,64,0.234375,0.765625,0
2010,2010_15_DET_TB,DET,-3.5,57,0,0.9824561403508772,0.0175438596491228
2010,2010_15_DET_TB,TB,3.5,64,0.046875,0.953125,0
2010,2010_15_GB_NE,GB,-14,80,0.0625,0.9375,0
2010,2010_15_GB_NE,NE,14,43,0.04651162790697674,0.9534883720930232,0
2010,2010_15_HOU_TEN,HOU,-2,75,0,0.05333333333333334,0.9466666666666668
2010,2010_15_HOU_TEN,TEN,2,55,0.8363636363636363,0.16363636363636364,0
2010,2010_15_JAX_IND,IND,4,64,0.53125,0.46875,0
2010,2010_15_JAX_IND,JAX,-4,60,0,0.4,0.6
2010,2010_15_KC_STL,KC,-3,71,0.5774647887323944,0.4225352112676056,0
2010,2010_15_KC_STL,LA,-3,66,0,0.42424242424242425,0.5757575757575758
2010,2010_15_NO_BAL,BAL,1,62,0.5645161290322581,0.43548387096774194,0
2010,2010_15_NO_BAL,NO,-1,63,0,0.5555555555555556,0.4444444444444444
2010,2010_15_NYJ_PIT,NYJ,-3.5,57,0.17543859649122806,0.7894736842105263,0.03508771929824561
2010,2010_15_NYJ_PIT,PIT,3.5,69,0,0.927536231884058,0.07246376811594203
2010,2010_15_PHI_NYG,NYG,3,72,0.5833333333333334,0.4166666666666667,0
2010,2010_15_PHI_NYG,PHI,-3,58,0,0.2413793103448276,0.7586206896551724
2010,2010_15_SF_SD,LAC,-10,67,0.7611940298507462,0.23880597014925373,0
2010,2010_15_SF_SD,SF,-10,50,0,0.38,0.62
2010,2010_15_WAS_DAL,DAL,9.5,70,0.6,0.4,0
2010,2010_15_WAS_DAL,WAS,-9.5,61,0,0.29508196721311475,0.7049180327868853
2010,2010_16_BAL_CLE,BAL,3.5,57,0.43859649122807015,0.5614035087719298,0
2010,2010_16_BAL_CLE,CLE,-3.5,56,0,0.5,0.5
2010,2010_16_CAR_PIT,CAR,-14,49,0,0.3877551020408163,0.6122448979591837
2010,2010_16_CAR_PIT,PIT,14,64,0.8125,0.1875,0
2010,2010_16_DAL_ARI,ARI,-7,46,0.6521739130434783,0.34782608695652173,0
2010,2010_16_DAL_ARI,DAL,7,76,0,0.35526315789473684,0.6447368421052632
2010,2010_16_DET_MIA,DET,-3.5,49,0,0.6938775510204082,0.30612244897959184
2010,2010_16_DET_MIA,MIA,3.5,83,0.25301204819277107,0.6265060240963856,0.12048192771084336
2010,2010_16_HOU_DEN,DEN,-2,60,0,0.36666666666666664,0.6333333333333333
2010,2010_16_HOU_DEN,HOU,2,55,0.6,0.4,0
2010,2010_16_IND_OAK,IND,1,67,0.2835820895522388,0.6865671641791045,0.02985074626865671
2010,2010_16_IND_OAK,LV,1,64,0,0.6875,0.3125
2010,2010_16_MIN_PHI,MIN,-14,59,0.22033898305084745,0.7796610169491526,0
2010,2010_16_MIN_PHI,PHI,14,70,0.17142857142857143,0.4142857142857143,0.4142857142857143
2010,2010_16_NE_BUF,BUF,-7,60,0,0.26666666666666666,0.7333333333333333
2010,2010_16_NE_BUF,NE,7,66,0.6818181818181818,0.3181818181818182,0
2010,2010_16_NO_ATL,ATL,2,51,0.0784313725490196,0.9215686274509804,0
2010,2010_16_NO_ATL,NO,-2,72,0.05555555555555555,0.9166666666666666,0.02777777777777777
2010,2010_16_NYG_GB,GB,3,74,0.7567567567567568,0.24324324324324328,0
2010,2010_16_NYG_GB,NYG,-3,55,0,0.3636363636363637,0.6363636363636364
2010,2010_16_NYJ_CHI,CHI,1.5,52,0.19230769230769232,0.7115384615384616,0.09615384615384616
2010,2010_16_NYJ_CHI,NYJ,-1.5,68,0.10294117647058824,0.7941176470588235,0.10294117647058824
2010,2010_16_SD_CIN,CIN,-9,58,0.8103448275862069,0.1896551724137931,0
2010,2010_16_SD_CIN,LAC,9,63,0,0.1111111111111111,0.8888888888888888
2010,2010_16_SEA_TB,SEA,-5,52,0,0.38461538461538464,0.6153846153846154
2010,2010_16_SEA_TB,TB,5,56,0.5535714285714286,0.44642857142857145,0
2010,2010_16_SF_STL,LA,-2,66,0.3333333333333333,0.6666666666666666,0
2010,2010_16_SF_STL,SF,-2,57,0,0.5789473684210527,0.42105263157894735
2010,2010_16_TEN_KC,KC,4,77,0.9090909090909092,0.09090909090909093,0
2010,2010_16_TEN_KC,TEN,-4,55,0,0.18181818181818185,0.8181818181818182
2010,2010_16_WAS_JAX,JAX,7,62,0,0.8225806451612904,0.1774193548387097
2010,2010_16_WAS_JAX,WAS,-7,62,0.12903225806451613,0.8709677419354839,0
2010,2010_17_ARI_SF,ARI,-6,81,0,0.2345679012345679,0.7654320987654321
2010,2010_17_ARI_SF,SF,6,55,0.6,0.4,0
2010,2010_17_BUF_NYJ,BUF,-1,47,0,0.3617021276595745,0.6382978723404256
2010,2010_17_BUF_NYJ,NYJ,1,65,0.6923076923076923,0.3076923076923077,0
2010,2010_17_CAR_ATL,ATL,14,70,0.8428571428571429,0.15714285714285714,0
2010,2010_17_CAR_ATL,CAR,-14,56,0,0.08928571428571429,0.9107142857142856
2010,2010_17_CHI_GB,CHI,-11,65,0,0.6461538461538462,0.35384615384615387
2010,2010_17_CHI_GB,GB,11,52,0.1346153846153846,0.8653846153846154,0
2010,2010_17_CIN_BAL,BAL,9.5,48,0.5833333333333334,0.4166666666666667,0
2010,2010_17_CIN_BAL,CIN,-9.5,75,0,0.6533333333333333,0.3466666666666667
2010,2010_17_DAL_PHI,DAL,1.5,61,0,0.8524590163934426,0.14754098360655735
2010,2010_17_DAL_PHI,PHI,-1.5,69,0.18840579710144928,0.7971014492753623,0.0144927536231884
2010,2010_17_JAX_HOU,HOU,4.5,58,0.603448275862069,0.39655172413793105,0
2010,2010_17_JAX_HOU,JAX,-4.5,62,0,0.5483870967741935,0.4516129032258064
2010,2010_17_MIA_NE,MIA,-4,58,0,0.1896551724137931,0.8103448275862069
2010,2010_17_MIA_NE,NE,4,73,0.9178082191780822,0.0821917808219178,0
2010,2010_17_MIN_DET,DET,3.5,67,0.5373134328358209,0.4626865671641791,0
2010,2010_17_MIN_DET,MIN,-3.5,59,0,0.5932203389830508,0.4067796610169492
2010,2010_17_NYG_WAS,NYG,4.5,58,0.29310344827586204,0.7068965517241379,0
2010,2010_17_NYG_WAS,WAS,-4.5,66,0,0.5,0.5
2010,2010_17_OAK_KC,KC,4.5,72,0,0.5833333333333334,0.4166666666666667
2010,2010_17_OAK_KC,LV,-4.5,65,0.27692307692307694,0.7230769230769231,0
2010,2010_17_PIT_CLE,CLE,-6.5,64,0,0.140625,0.859375
2010,2010_17_PIT_CLE,PIT,6.5,62,0.9032258064516128,0.0967741935483871,0
2010,2010_17_SD_DEN,DEN,-5,66,0,0.3636363636363637,0.6363636363636364
2010,2010_17_SD_DEN,LAC,5,73,0.4520547945205479,0.4931506849315068,0.0547945205479452
2010,2010_17_STL_SEA,LA,3,54,0,0.8148148148148148,0.18518518518518515
2010,2010_17_STL_SEA,SEA,-3,69,0.4782608695652174,0.5217391304347826,0
2010,2010_17_TB_NO,NO,7,66,0.15151515151515152,0.6515151515151515,0.19696969696969696
2010,2010_17_TB_NO,TB,-7,52,0.25,0.7307692307692307,0.01923076923076923
2010,2010_17_TEN_IND,IND,9,67,0.05970149253731343,0.9402985074626866,0
2010,2010_17_TEN_IND,TEN,-9,64,0,0.84375,0.15625
2010,2010_18_BAL_KC,BAL,3,76,0.3684210526315789,0.631578947368421,0
2010,2010_18_BAL_KC,KC,-3,39,0.1282051282051282,0.6153846153846154,0.2564102564102564
2010,2010_18_GB_PHI,GB,-1,60,0.6166666666666667,0.38333333333333336,0
2010,2010_18_GB_PHI,PHI,1,60,0,0.38333333333333336,0.6166666666666667
2010,2010_18_NO_SEA,NO,9.5,81,0,0.5432098765432098,0.4567901234567901
2010,2010_18_NO_SEA,SEA,-9.5,60,0.4166666666666667,0.5833333333333334,0
2010,2010_18_NYJ_IND,IND,1,54,0.03703703703703703,0.9629629629629628,0
2010,2010_18_NYJ_IND,NYJ,-1,70,0,1,0
2010,2010_19_BAL_PIT,BAL,-3.5,52,0.15384615384615383,0.7307692307692307,0.1153846153846154
2010,2010_19_BAL_PIT,PIT,3.5,67,0.1044776119402985,0.6417910447761194,0.2537313432835821
2010,2010_19_GB_ATL,ATL,1,48,0,0.5625,0.4375
2010,2010_19_GB_ATL,GB,-1,68,0.5147058823529411,0.4852941176470588,0
2010,2010_19_NYJ_NE,NE,9.5,77,0,0.4155844155844156,0.5844155844155844
2010,2010_19_NYJ_NE,NYJ,-9.5,53,0.3584905660377358,0.6415094339622641,0
2010,2010_19_SEA_CHI,CHI,10,74,0.9594594594594594,0.04054054054054054,0
2010,2010_19_SEA_CHI,SEA,-10,60,0,0.13333333333333333,0.8666666666666667
2010,2010_20_GB_CHI,CHI,-3.5,64,0,0.171875,0.828125
2010,2010_20_GB_CHI,GB,3.5,61,0.6557377049180327,0.3442622950819672,0
2010,2010_20_NYJ_PIT,NYJ,-4,57,0,0.17543859649122806,0.8245614035087719
2010,2010_20_NYJ_PIT,PIT,4,60,0.6833333333333333,0.31666666666666665,0
2010,2010_21_PIT_GB,GB,3,53,0.5849056603773585,0.41509433962264153,0
2010,2010_21_PIT_GB,PIT,-3,64,0,0.3125,0.6875
2011,2011_01_ATL_CHI,ATL,1,65,0,0.26153846153846155,0.7384615384615385
2011,2011_01_ATL_CHI,CHI,-1,64,0.75,0.25,0
2011,2011_01_BUF_KC,BUF,-3.5,65,0.7846153846153846,0.2153846153846154,0
2011,2011_01_BUF_KC,KC,3.5,56,0,0.17857142857142858,0.8214285714285714
2011,2011_01_CAR_ARI,ARI,6.5,52,0.1346153846153846,0.75,0.1153846153846154
2011,2011_01_CAR_ARI,CAR,-6.5,68,0.19117647058823528,0.5882352941176471,0.22058823529411764
2011,2011_01_CIN_CLE,CIN,-6.5,62,0.20967741935483872,0.7903225806451613,0
2011,2011_01_CIN_CLE,CLE,6.5,67,0.22388059701492535,0.6119402985074627,0.16417910447761194
2011,2011_01_DAL_NYJ,DAL,-6.5,65,0.3384615384615385,0.6,0.06153846153846154
2011,2011_01_DAL_NYJ,NYJ,6.5,64,0.046875,0.671875,0.28125
2011,2011_01_DET_TB,DET,-1,68,0.36764705882352944,0.5735294117647058,0.0588235294117647
2011,2011_01_DET_TB,TB,1,62,0.01612903225806451,0.3548387096774194,0.6290322580645161
2011,2011_01_IND_HOU,HOU,9,63,0.7619047619047619,0.23809523809523808,0
2011,2011_01_IND_HOU,IND,-9,50,0,0.12,0.88
2011,2011_01_MIN_SD,LAC,-9,77,0.1038961038961039,0.8311688311688312,0.06493506493506493
2011,2011_01_MIN_SD,MIN,-9,43,0.11627906976744186,0.813953488372093,0.06976744186046512
2011,2011_01_NE_MIA,MIA,-7,72,0,0.5277777777777778,0.4722222222222222
2011,2011_01_NE_MIA,NE,7,71,0.5070422535211268,0.4929577464788733,0
2011,2011_01_NO_GB,GB,4.5,63,0.6507936507936508,0.3492063492063492,0
2011,2011_01_NO_GB,NO,-4.5,72,0,0.06944444444444445,0.9305555555555556
2011,2011_01_NYG_WAS,NYG,1,56,0.01785714285714285,0.6607142857142857,0.32142857142857145
2011,2011_01_NYG_WAS,WAS,-1,63,0.47619047619047616,0.5238095238095238,0
2011,2011_01_OAK_DEN,DEN,3,63,0,0.6349206349206349,0.36507936507936506
2011,2011_01_OAK_DEN,LV,-3,60,0.4666666666666667,0.5333333333333333,0
2011,2011_01_PHI_STL,LA,3.5,66,0,0.5909090909090909,0.4090909090909091
2011,2011_01_PHI_STL,PHI,3.5,63,0.42857142857142855,0.5714285714285714,0
2011,2011_01_PIT_BAL,BAL,1,61,0.8032786885245902,0.19672131147540983,0
2011,2011_01_PIT_BAL,PIT,-1,61,0,0.21311475409836064,0.7868852459016393
2011,2011_01_SEA_SF,SEA,-6,63,0,0.30158730158730157,0.6984126984126984
2011,2011_01_SEA_SF,SF,6,50,0.8,0.2,0
2011,2011_01_TEN_JAX,JAX,-1,72,0.8333333333333334,0.16666666666666666,0
2011,2011_01_TEN_JAX,TEN,1,48,0,0.22916666666666663,0.7708333333333334
2011,2011_02_ARI_WAS,ARI,-4.5,48,0,1,0
2011,2011_02_ARI_WAS,WAS,4.5,75,0.02666666666666667,0.8133333333333334,0.16
2011,2011_02_BAL_TEN,BAL,5.5,52,0,0.5576923076923077,0.4423076923076923
2011,2011_02_BAL_TEN,TEN,-5.5,71,0.4225352112676056,0.5774647887323944,0
2011,2011_02_CHI_NO,CHI,-4.5,63,0,0.4603174603174603,0.5396825396825397
2011,2011_02_CHI_NO,NO,4.5,67,0.6268656716417911,0.373134328358209,0
2011,2011_02_CIN_DEN,CIN,-3.5,62,0,0.7096774193548387,0.2903225806451613
2011,2011_02_CIN_DEN,DEN,3.5,62,0.25806451612903225,0.7419354838709677,0
2011,2011_02_CLE_IND,CLE,1,66,0.2727272727272727,0.7272727272727273,0
2011,2011_02_CLE_IND,IND,-1,63,0,0.7619047619047619,0.23809523809523808
2011,2011_02_DAL_SF,DAL,3,65,0,0.6461538461538462,0.35384615384615387
2011,2011_02_DAL_SF,SF,-3,50,0.58,0.42,0
2011,2011_02_GB_CAR,CAR,-10.5,71,0.23943661971830985,0.4647887323943662,0.29577464788732394
2011,2011_02_GB_CAR,GB,10.5,50,0.3,0.42,0.28
2011,2011_02_HOU_MIA,HOU,3,67,0.4925373134328358,0.5074626865671642,0
2011,2011_02_HOU_MIA,MIA,-3,60,0,0.6333333333333333,0.36666666666666664
2011,2011_02_JAX_NYJ,JAX,-9,54,0,0.2037037037037037,0.7962962962962963
2011,2011_02_JAX_NYJ,NYJ,9,57,0.8245614035087719,0.17543859649122806,0
2011,2011_02_KC_DET,DET,9,70,0.6571428571428571,0.34285714285714286,0
2011,2011_02_KC_DET,KC,-9,54,0,0.3703703703703703,0.6296296296296297
2011,2011_02_OAK_BUF,BUF,3.5,70,0,0.6571428571428571,0.34285714285714286
2011,2011_02_OAK_BUF,LV,-3.5,63,0.31746031746031744,0.6349206349206349,0.04761904761904761
2011,2011_02_PHI_ATL,ATL,-2.5,58,0.06896551724137931,0.7931034482758621,0.13793103448275862
2011,2011_02_PHI_ATL,PHI,2.5,67,0.02985074626865671,0.835820895522388,0.13432835820895522
2011,2011_02_SD_NE,LAC,-6.5,66,0,0.30303030303030304,0.696969696969697
2011,2011_02_SD_NE,NE,6.5,66,0.5606060606060606,0.4393939393939394,0
2011,2011_02_SEA_PIT,PIT,13.5,65,0.7230769230769231,0.27692307692307694,0
2011,2011_02_SEA_PIT,SEA,-13.5,47,0,0.1702127659574468,0.8297872340425532
2011,2011_02_STL_NYG,LA,-7,66,0,0.42424242424242425,0.5757575757575758
2011,2011_02_STL_NYG,NYG,7,68,0.6911764705882353,0.3088235294117647,0
2011,2011_02_TB_MIN,MIN,1,65,0.676923076923077,0.27692307692307694,0.04615384615384615
2011,2011_02_TB_MIN,TB,-1,52,0,0.40384615384615385,0.5961538461538461
2011,2011_03_ARI_SEA,ARI,3,69,0,0.9565217391304348,0.04347826086956521
2011,2011_03_ARI_SEA,SEA,-3,65,0.13846153846153847,0.8615384615384616,0
2011,2011_03_ATL_TB,ATL,-1,65,0,0.5076923076923077,0.49230769230769234
2011,2011_03_ATL_TB,TB,1,64,0.59375,0.40625,0
2011,2011_03_BAL_STL,BAL,5.5,74,0.8378378378378378,0.16216216216216217,0
2011,2011_03_BAL_STL,LA,5.5,63,0,0.1746031746031746,0.8253968253968254
2011,2011_03_DEN_TEN,DEN,-7,63,0.09523809523809525,0.9047619047619048,0
2011,2011_03_DEN_TEN,TEN,7,59,0.05084745762711865,0.9491525423728814,0
2011,2011_03_DET_MIN,DET,3,65,0,0.5230769230769231,0.47692307692307695
2011,2011_03_DET_MIN,MIN,-3,63,0.380952380952381,0.6190476190476191,0
2011,2011_03_GB_CHI,CHI,-4,52,0,0.4230769230769231,0.5769230769230769
2011,2011_03_GB_CHI,GB,4,69,0.5507246376811594,0.4492753623188406,0
2011,2011_03_HOU_NO,HOU,-3.5,66,0.15151515151515152,0.696969696969697,0.15151515151515152
2011,2011_03_HOU_NO,NO,3.5,66,0.04545454545454545,0.803030303030303,0.15151515151515152
2011,2011_03_JAX_CAR,CAR,3.5,62,0.08064516129032258,0.9193548387096774,0
2011,2011_03_JAX_CAR,JAX,-3.5,57,0.05263157894736842,0.8421052631578947,0.10526315789473684
2011,2011_03_KC_SD,KC,-14,52,0,0.25,0.75
2011,2011_03_KC_SD,LAC,-14,70,0.6,0.4,0
2011,2011_03_MIA_CLE,CLE,-1,56,0,0.8571428571428571,0.14285714285714285
2011,2011_03_MIA_CLE,MIA,1,72,0.09722222222222222,0.9027777777777778,0
2011,2011_03_NE_BUF,BUF,-7,59,0.05084745762711865,0.2033898305084746,0.7457627118644068
2011,2011_03_NE_BUF,NE,7,71,0.5211267605633803,0.3380281690140845,0.14084507042253522
2011,2011_03_NYG_PHI,NYG,-9,48,0.3541666666666667,0.6458333333333334,0
2011,2011_03_NYG_PHI,PHI,9,72,0.02777777777777777,0.6666666666666666,0.3055555555555556
2011,2011_03_NYJ_OAK,LV,1,58,0.22413793103448276,0.7241379310344828,0.05172413793103448
2011,2011_03_NYJ_OAK,NYJ,1,73,0.1232876712328767,0.547945205479452,0.3287671232876712
2011,2011_03_PIT_IND,IND,-10.5,62,0,0.8709677419354839,0.12903225806451613
2011,2011_03_PIT_IND,PIT,10.5,67,0.07462686567164178,0.9253731343283582,0
2011,2011_03_SF_CIN,CIN,1,53,0,0.9245283018867924,0.07547169811320754
2011,2011_03_SF_CIN,SF,-1,64,0.109375,0.890625,0
2011,2011_03_WAS_DAL,DAL,3.5,62,0,1,0
2011,2011_03_WAS_DAL,WAS,-3.5,61,0,0.9836065573770492,0.01639344262295082
2011,2011_04_ATL_SEA,ATL,6,77,0.6233766233766234,0.37662337662337664,0
2011,2011_04_ATL_SEA,SEA,-6,52,0,0.38461538461538464,0.6153846153846154
2011,2011_04_BUF_CIN,BUF,3,56,0.2857142857142857,0.7142857142857143,0
2011,2011_04_BUF_CIN,CIN,-3,70,0.01428571428571428,0.6714285714285714,0.3142857142857143
2011,2011_04_CAR_CHI,CAR,-7,71,0,0.6197183098591549,0.38028169014084506
2011,2011_04_CAR_CHI,CHI,7,49,0.40816326530612246,0.5918367346938775,0
2011,2011_04_DEN_GB,DEN,-12,55,0,0.3090909090909091,0.6909090909090909
2011,2011_04_DEN_GB,GB,12,67,0.7313432835820896,0.26865671641791045,0
2011,2011_04_DET_DAL,DAL,2.5,74,0.8108108108108109,0.13513513513513514,0.05405405405405406
2011,2011_04_DET_DAL,DET,-2.5,59,0,0.22033898305084745,0.7796610169491526
2011,2011_04_IND_TB,IND,-10,52,0,0.9423076923076924,0.05769230769230769
2011,2011_04_IND_TB,TB,10,75,0.08,0.8933333333333333,0.02666666666666667
2011,2011_04_MIA_SD,LAC,-6.5,61,0.4918032786885246,0.5081967213114754,0
2011,2011_04_MIA_SD,MIA,-6.5,55,0,0.6,0.4
2011,2011_04_MIN_KC,KC,-3,59,0.22033898305084745,0.7796610169491526,0
2011,2011_04_MIN_KC,MIN,3,62,0,0.6774193548387096,0.3225806451612903
2011,2011_04_NE_OAK,LV,6,66,0,0.48484848484848486,0.5151515151515151
2011,2011_04_NE_OAK,NE,6,60,0.5,0.5,0
2011,2011_04_NO_JAX,JAX,-9,62,0,0.41935483870967744,0.5806451612903226
2011,2011_04_NO_JAX,NO,9,80,0.475,0.525,0
2011,2011_04_NYG_ARI,ARI,-1,69,0.2753623188405797,0.7246376811594203,0
2011,2011_04_NYG_ARI,NYG,1,62,0,0.7419354838709677,0.25806451612903225
2011,2011_04_NYJ_BAL,BAL,5,70,0.6571428571428571,0.34285714285714286,0
2011,2011_04_NYJ_BAL,NYJ,-5,56,0,0.07142857142857142,0.9285714285714286
2011,2011_04_PIT_HOU,HOU,4,55,0.41818181818181815,0.5818181818181818,0
2011,2011_04_PIT_HOU,PIT,-4,56,0,0.42857142857142855,0.5714285714285714
2011,2011_04_SF_PHI,PHI,9.5,68,0.6176470588235294,0.38235294117647056,0
2011,2011_04_SF_PHI,SF,-9.5,60,0.06666666666666667,0.4666666666666667,0.4666666666666667
2011,2011_04_TEN_CLE,CLE,1,86,0,0.3720930232558139,0.627906976744186
2011,2011_04_TEN_CLE,TEN,-1,50,0.74,0.26,0
2011,2011_04_WAS_STL,LA,3,67,0,0.40298507462686567,0.5970149253731343
2011,2011_04_WAS_STL,WAS,3,67,0.6567164179104478,0.34328358208955223,0
2011,2011_05_ARI_MIN,ARI,-3.5,76,0,0.07894736842105263,0.9210526315789472
2011,2011_05_ARI_MIN,MIN,3.5,57,0.8771929824561403,0.12280701754385964,0
2011,2011_05_CHI_DET,CHI,-6.5,65,0,0.5076923076923077,0.49230769230769234
2011,2011_05_CHI_DET,DET,6.5,47,0.425531914893617,0.574468085106383,0
2011,2011_05_CIN_JAX,CIN,1,66,0.06060606060606061,0.8181818181818182,0.12121212121212122
2011,2011_05_CIN_JAX,JAX,-1,57,0.14035087719298245,0.8421052631578947,0.0175438596491228
2011,2011_05_GB_ATL,ATL,-6,54,0.35185185185185186,0.3703703703703703,0.2777777777777778
2011,2011_05_GB_ATL,GB,6,62,0.25806451612903225,0.27419354838709675,0.46774193548387094
2011,2011_05_KC_IND,IND,1,53,0.33962264150943394,0.660377358490566,0
2011,2011_05_KC_IND,KC,-1,67,0.07462686567164178,0.3880597014925373,0.5373134328358209
2011,2011_05_NO_CAR,CAR,-6.5,54,0.0925925925925926,0.5925925925925926,0.3148148148148148
2011,2011_05_NO_CAR,NO,6.5,74,0.1891891891891892,0.7837837837837838,0.02702702702702703
2011,2011_05_NYJ_NE,NE,7.5,72,0.6388888888888888,0.3611111111111111,0
2011,2011_05_NYJ_NE,NYJ,-7.5,52,0,0.40384615384615385,0.5961538461538461
2011,2011_05_OAK_HOU,HOU,4.5,78,0.20512820512820512,0.5384615384615384,0.2564102564102564
2011,2011_05_OAK_HOU,LV,-4.5,60,0.18333333333333332,0.55,0.26666666666666666
2011,2011_05_PHI_BUF,BUF,-3,61,0.7704918032786885,0.22950819672131148,0
2011,2011_05_PHI_BUF,PHI,3,59,0,0.3050847457627119,0.6949152542372882
2011,2011_05_SD_DEN,DEN,-3.5,44,0,0.5,0.5
2011,2011_05_SD_DEN,LAC,3.5,76,0.5263157894736842,0.47368421052631576,0
2011,2011_05_SEA_NYG,NYG,10,67,0,0.9402985074626866,0.05970149253731343
2011,2011_05_SEA_NYG,SEA,-10,74,0.10810810810810811,0.8918918918918919,0
2011,2011_05_TB_SF,SF,2.5,56,0.9107142857142856,0.08928571428571429,0
2011,2011_05_TB_SF,TB,-2.5,61,0,0.2459016393442623,0.7540983606557377
2011,2011_05_TEN_PIT,PIT,3,64,0.765625,0.234375,0
2011,2011_05_TEN_PIT,TEN,-3,70,0,0.24285714285714283,0.7571428571428571
2011,2011_06_BUF_NYG,BUF,-3,56,0.01785714285714285,0.6785714285714286,0.30357142857142855
2011,2011_06_BUF_NYG,NYG,3,63,0.14285714285714285,0.8571428571428571,0
2011,2011_06_CAR_ATL,ATL,3.5,58,0.15517241379310345,0.8448275862068966,0
2011,2011_06_CAR_ATL,CAR,-3.5,61,0,0.819672131147541,0.18032786885245905
2011,2011_06_CLE_OAK,CLE,-6.5,68,0,0.4117647058823529,0.5882352941176471
2011,2011_06_CLE_OAK,LV,-6.5,65,0.6461538461538462,0.35384615384615387,0
2011,2011_06_DAL_NE,DAL,-6.5,67,0,0.8507462686567164,0.14925373134328357
2011,2011_06_DAL_NE,NE,6.5,69,0.08695652173913043,0.9130434782608696,0
2011,2011_06_HOU_BAL,BAL,7,63,0.36507936507936506,0.6349206349206349,0
2011,2011_06_HOU_BAL,HOU,-7,66,0,0.7727272727272727,0.2272727272727273
2011,2011_06_IND_CIN,CIN,5,61,0.4098360655737705,0.5901639344262295,0
2011,2011_06_IND_CIN,IND,-5,58,0,0.6379310344827587,0.3620689655172414
2011,2011_06_JAX_PIT,JAX,-12.5,60,0,0.16666666666666666,0.8333333333333334
2011,2011_06_JAX_PIT,PIT,12.5,57,0.8245614035087719,0.17543859649122806,0
2011,2011_06_MIA_NYJ,MIA,-7,63,0,0.5079365079365079,0.492063492063492
2011,2011_06_MIA_NYJ,NYJ,7,56,0.5892857142857143,0.4107142857142857,0
2011,2011_06_MIN_CHI,CHI,1,60,0.95,0.05,0
2011,2011_06_MIN_CHI,MIN,-1,64,0,0.046875,0.953125
2011,2011_06_NO_TB,NO,6,65,0,0.47692307692307695,0.5230769230769231
2011,2011_06_NO_TB,TB,-6,64,0.515625,0.484375,0
2011,2011_06_PHI_WAS,PHI,3,69,0.6956521739130435,0.30434782608695654,0
2011,2011_06_PHI_WAS,WAS,-3,53,0,0.1320754716981132,0.8679245283018868
2011,2011_06_SF_DET,DET,5.5,73,0.0547945205479452,0.8767123287671232,0.0684931506849315
2011,2011_06_SF_DET,SF,-5.5,63,0.04761904761904761,0.873015873015873,0.07936507936507936
2011,2011_06_STL_GB,GB,14,58,0.7758620689655172,0.22413793103448276,0
2011,2011_06_STL_GB,LA,-14,72,0,0.2361111111111111,0.7638888888888888
2011,2011_07_ATL_DET,ATL,-4.5,68,0.5147058823529411,0.4852941176470588,0
2011,2011_07_ATL_DET,DET,4.5,55,0,0.509090909090909,0.4909090909090909
2011,2011_07_BAL_JAX,BAL,10,53,0,0.41509433962264153,0.5849056603773585
2011,2011_07_BAL_JAX,JAX,-10,63,0.5873015873015873,0.4126984126984127,0
2011,2011_07_CHI_TB,CHI,1.5,67,0.6119402985074627,0.3880597014925373,0
2011,2011_07_CHI_TB,TB,-1.5,64,0,0.328125,0.671875
2011,2011_07_DEN_MIA,DEN,1,67,0,0.5373134328358209,0.4626865671641791
2011,2011_07_DEN_MIA,MIA,-1,59,0.4745762711864407,0.5254237288135594,0
2011,2011_07_GB_MIN,GB,10,58,0.39655172413793105,0.603448275862069,0
2011,2011_07_GB_MIN,MIN,-10,65,0,0.5076923076923077,0.49230769230769234
2011,2011_07_HOU_TEN,HOU,-3,70,0.6142857142857143,0.3857142857142858,0
2011,2011_07_HOU_TEN,TEN,3,48,0,0.4375,0.5625
2011,2011_07_IND_NO,IND,-13.5,46,0,0.13043478260869565,0.8695652173913043
2011,2011_07_IND_NO,NO,13.5,75,0.92,0.08,0
2011,2011_07_KC_OAK,KC,-3.5,67,0.8208955223880597,0.1791044776119403,0
2011,2011_07_KC_OAK,LV,-3.5,63,0,0.15873015873015872,0.8412698412698413
2011,2011_07_PIT_ARI,ARI,-4,55,0,0.4,0.6
2011,2011_07_PIT_ARI,PIT,4,66,0.5909090909090909,0.4090909090909091,0
2011,2011_07_SD_NYJ,LAC,1,57,0.3333333333333333,0.5789473684210527,0.08771929824561403
2011,2011_07_SD_NYJ,NYJ,-1,64,0.125,0.515625,0.359375
2011,2011_07_SEA_CLE,CLE,3,82,0.2682926829268293,0.7317073170731707,0
2011,2011_07_SEA_CLE,SEA,-3,50,0,0.96,0.04
2011,2011_07_STL_DAL,DAL,14,59,0.9491525423728814,0.05084745762711865,0
2011,2011_07_STL_DAL,LA,-14,54,0,0.25925925925925924,0.7407407407407407
2011,2011_07_WAS_CAR,CAR,1.5,62,0.43548387096774194,0.5645161290322581,0
2011,2011_07_WAS_CAR,WAS,-1.5,62,0,0.5806451612903226,0.41935483870967744
2011,2011_08_ARI_BAL,ARI,-12,57,0.22807017543859648,0.7719298245614035,0
2011,2011_08_ARI_BAL,BAL,12,79,0.0379746835443038,0.5443037974683544,0.4177215189873418
2011,2011_08_CIN_SEA,CIN,1,57,0.45614035087719296,0.543859649122807,0
2011,2011_08_CIN_SEA,SEA,-1,71,0,0.29577464788732394,0.704225352112676
2011,2011_08_CLE_SF,CLE,-9,61,0,0.09836065573770492,0.9016393442622952
2011,2011_08_CLE_SF,SF,9,64,0.9375,0.0625,0
2011,2011_08_DAL_PHI,DAL,-3,49,0,0.1020408163265306,0.8979591836734694
2011,2011_08_DAL_PHI,PHI,3,70,0.8428571428571429,0.15714285714285714,0
2011,2011_08_DET_DEN,DEN,-3,76,0,0.27631578947368424,0.7236842105263158
2011,2011_08_DET_DEN,DET,3,61,0.639344262295082,0.3606557377049181,0
2011,2011_08_IND_TEN,IND,-9,77,0,0.2727272727272727,0.7272727272727273
2011,2011_08_IND_TEN,TEN,9,64,0.78125,0.21875,0
2011,2011_08_JAX_HOU,HOU,10,70,0.4428571428571429,0.5571428571428572,0
2011,2011_08_JAX_HOU,JAX,-10,57,0,0.5789473684210527,0.42105263157894735
2011,2011_08_MIA_NYG,MIA,-9.5,52,0.19230769230769232,0.75,0.05769230769230769
2011,2011_08_MIA_NYG,NYG,9.5,66,0.0303030303030303,0.6212121212121212,0.3484848484848485
2011,2011_08_MIN_CAR,CAR,3,65,0.18461538461538465,0.8,0.01538461538461538
2011,2011_08_MIN_CAR,MIN,-3,64,0,0.796875,0.203125
2011,2011_08_NE_PIT,NE,3,50,0,0.12,0.88
2011,2011_08_NE_PIT,PIT,-3,77,0.6753246753246753,0.3246753246753247,0
2011,2011_08_NO_STL,LA,13.5,71,0.5211267605633803,0.4788732394366197,0
2011,2011_08_NO_STL,NO,13.5,69,0,0.42028985507246375,0.5797101449275363
2011,2011_08_SD_KC,KC,-3,53,0.4339622641509434,0.5660377358490566,0
2011,2011_08_SD_KC,LAC,3,67,0.01492537313432835,0.5522388059701493,0.4328358208955224
2011,2011_08_WAS_BUF,BUF,4,61,0.819672131147541,0.18032786885245905,0
2011,2011_08_WAS_BUF,WAS,-4,54,0,0.2777777777777778,0.7222222222222222
2011,2011_09_ATL_IND,ATL,6.5,66,0.8181818181818182,0.18181818181818185,0
2011,2011_09_ATL_IND,IND,-6.5,56,0,0.26785714285714285,0.7321428571428571
2011,2011_09_BAL_PIT,BAL,-3.5,77,0.07792207792207792,0.8441558441558441,0.07792207792207792
2011,2011_09_BAL_PIT,PIT,3.5,58,0.10344827586206896,0.7586206896551724,0.13793103448275862
2011,2011_09_CHI_PHI,CHI,-9,66,0.16666666666666666,0.7575757575757576,0.07575757575757576
2011,2011_09_CHI_PHI,PHI,9,63,0,0.8571428571428571,0.14285714285714285
2011,2011_09_CIN_TEN,CIN,-1.5,69,0.13043478260869565,0.6666666666666666,0.2028985507246377
2011,2011_09_CIN_TEN,TEN,1.5,63,0.1111111111111111,0.7301587301587301,0.15873015873015872
2011,2011_09_CLE_HOU,CLE,-10.5,47,0,0.02127659574468085,0.9787234042553192
2011,2011_09_CLE_HOU,HOU,10.5,61,0.8524590163934426,0.14754098360655735,0
2011,2011_09_DEN_OAK,DEN,-7,61,0.08196721311475409,0.5573770491803278,0.3606557377049181
2011,2011_09_DEN_OAK,LV,-7,61,0.18032786885245905,0.639344262295082,0.18032786885245905
2011,2011_09_GB_SD,GB,5.5,56,0.6964285714285714,0.30357142857142855,0
2011,2011_09_GB_SD,LAC,5.5,69,0,0.391304347826087,0.6086956521739131
2011,2011_09_MIA_KC,KC,5,78,0,0.3333333333333333,0.6666666666666666
2011,2011_09_MIA_KC,MIA,-5,44,0.6818181818181818,0.3181818181818182,0
2011,2011_09_NYG_NE,NE,9.5,75,0,0.9066666666666666,0.09333333333333334
2011,2011_09_NYG_NE,NYG,-9.5,67,0.07462686567164178,0.9104477611940298,0.01492537313432835
2011,2011_09_NYJ_BUF,BUF,2.5,53,0,0.5094339622641509,0.49056603773584906
2011,2011_09_NYJ_BUF,NYJ,-2.5,65,0.3692307692307693,0.6307692307692307,0
2011,2011_09_SEA_DAL,DAL,11,59,0.3220338983050847,0.6779661016949152,0
2011,2011_09_SEA_DAL,SEA,-11,60,0,0.6166666666666667,0.38333333333333336
2011,2011_09_SF_WAS,SF,5,56,0.5535714285714286,0.44642857142857145,0
2011,2011_09_SF_WAS,WAS,-5,63,0,0.4126984126984127,0.5873015873015873
2011,2011_09_STL_ARI,ARI,1,55,0,0.7818181818181819,0.21818181818181817
2011,2011_09_STL_ARI,LA,-1,70,0.17142857142857143,0.8285714285714286,0
2011,2011_09_TB_NO,NO,9,63,0.7777777777777778,0.2222222222222222,0
2011,2011_09_TB_NO,TB,-9,58,0,0.1896551724137931,0.8103448275862069
2011,2011_10_ARI_PHI,ARI,-13.5,71,0,0.6619718309859155,0.3380281690140845
2011,2011_10_ARI_PHI,PHI,13.5,60,0.3,0.65,0.05
2011,2011_10_BAL_SEA,BAL,7,66,0,0.25757575757575757,0.7424242424242424
2011,2011_10_BAL_SEA,SEA,-7,67,0.7611940298507462,0.23880597014925373,0
2011,2011_10_BUF_DAL,BUF,-4.5,49,0,0.06122448979591836,0.9387755102040816
2011,2011_10_BUF_DAL,DAL,4.5,58,0.8793103448275862,0.1206896551724138,0
2011,2011_10_DEN_KC,DEN,-3,62,0.532258064516129,0.46774193548387094,0
2011,2011_10_DEN_KC,KC,3,61,0,0.5573770491803278,0.4426229508196721
2011,2011_10_DET_CHI,CHI,2.5,57,0.9298245614035088,0.07017543859649122,0
2011,2011_10_DET_CHI,DET,-2.5,87,0,0.06896551724137931,0.9310344827586208
2011,2011_10_HOU_TB,HOU,3.5,59,0.711864406779661,0.288135593220339,0
2011,2011_10_HOU_TB,TB,-3.5,56,0,0.26785714285714285,0.7321428571428571
2011,2011_10_JAX_IND,IND,-3,56,0,0.625,0.375
2011,2011_10_JAX_IND,JAX,3,61,0.18032786885245905,0.819672131147541,0
2011,2011_10_MIN_GB,GB,12.5,62,1,0,0
2011,2011_10_MIN_GB,MIN,-12.5,59,0,0.06779661016949153,0.9322033898305084
2011,2011_10_NE_NYJ,NE,-2.5,66,0.4696969696969697,0.5303030303030303,0
2011,2011_10_NE_NYJ,NYJ,2.5,68,0,0.6029411764705882,0.39705882352941174
2011,2011_10_NO_ATL,ATL,1,76,0,0.8157894736842105,0.18421052631578944
2011,2011_10_NO_ATL,NO,-1,53,0.3584905660377358,0.6415094339622641,0
2011,2011_10_NYG_SF,NYG,-4,70,0,0.6428571428571429,0.35714285714285715
2011,2011_10_NYG_SF,SF,4,49,0.30612244897959184,0.6938775510204082,0
2011,2011_10_OAK_SD,LAC,-7.5,67,0,0.26865671641791045,0.7313432835820896
2011,2011_10_OAK_SD,LV,-7.5,63,0.4126984126984127,0.5873015873015873,0
2011,2011_10_PIT_CIN,CIN,-3.5,56,0,0.6071428571428571,0.3928571428571429
2011,2011_10_PIT_CIN,PIT,3.5,65,0.35384615384615387,0.6461538461538462,0
2011,2011_10_STL_CLE,CLE,2.5,59,0,1,0
2011,2011_10_STL_CLE,LA,-2.5,55,0,1,0
2011,2011_10_TEN_CAR,CAR,3.5,64,0,0.203125,0.796875
2011,2011_10_TEN_CAR,TEN,-3.5,63,0.9365079365079364,0.06349206349206349,0
2011,2011_10_WAS_MIA,MIA,4,64,0.453125,0.546875,0
2011,2011_10_WAS_MIA,WAS,-4,51,0,0.7254901960784313,0.27450980392156865
2011,2011_11_ARI_SF,ARI,-10,48,0,0.2916666666666667,0.7083333333333334
2011,2011_11_ARI_SF,SF,10,84,0.7380952380952381,0.2619047619047619,0
2011,2011_11_BUF_MIA,BUF,-3,63,0,0.1746031746031746,0.8253968253968254
2011,2011_11_BUF_MIA,MIA,3,56,0.7678571428571429,0.23214285714285715,0
2011,2011_11_CAR_DET,CAR,-7,64,0.328125,0.46875,0.203125
2011,2011_11_CAR_DET,DET,7,65,0.13846153846153847,0.5692307692307692,0.2923076923076923
2011,2011_11_CIN_BAL,BAL,7,54,0.48148148148148145,0.5185185185185185,0
2011,2011_11_CIN_BAL,CIN,-7,78,0,0.5,0.5
2011,2011_11_DAL_WAS,DAL,7,65,0.07692307692307693,0.8153846153846154,0.1076923076923077
2011,2011_11_DAL_WAS,WAS,-7,56,0.14285714285714285,0.625,0.23214285714285715
2011,2011_11_JAX_CLE,CLE,1,53,0.1320754716981132,0.8679245283018868,0
2011,2011_11_JAX_CLE,JAX,-1,71,0,0.9014084507042254,0.09859154929577464
2011,2011_11_KC_NE,KC,-17,67,0,0.5074626865671642,0.4925373134328358
2011,2011_11_KC_NE,NE,17,65,0.6307692307692307,0.3692307692307693,0
2011,2011_11_NYJ_DEN,DEN,-6.5,56,0,1,0
2011,2011_11_NYJ_DEN,NYJ,6.5,70,0.05714285714285714,0.8428571428571429,0.1
2011,2011_11_OAK_MIN,LV,-1,68,0.5735294117647058,0.4264705882352941,0
2011,2011_11_OAK_MIN,MIN,1,61,0,0.47540983606557374,0.5245901639344263
2011,2011_11_PHI_NYG,NYG,6,55,0,0.7636363636363637,0.23636363636363636
2011,2011_11_PHI_NYG,PHI,-6,67,0.19402985074626863,0.8059701492537313,0
2011,2011_11_SD_CHI,CHI,4.5,61,0.4098360655737705,0.5901639344262295,0
2011,2011_11_SD_CHI,LAC,-4.5,48,0,0.7291666666666666,0.2708333333333333
2011,2011_11_SEA_STL,LA,-3,61,0.18032786885245905,0.4426229508196721,0.3770491803278688
2011,2011_11_SEA_STL,SEA,-3,68,0.29411764705882354,0.5588235294117647,0.14705882352941177
2011,2011_11_TB_GB,GB,13.5,58,0.6724137931034483,0.3275862068965517,0
2011,2011_11_TB_GB,TB,-13.5,59,0,0.288135593220339,0.711864406779661
2011,2011_11_TEN_ATL,ATL,6,64,0.921875,0.078125,0
2011,2011_11_TEN_ATL,TEN,-6,59,0,0.1016949152542373,0.8983050847457628
2011,2011_12_ARI_STL,ARI,-1,63,0.15873015873015872,0.8253968253968254,0.01587301587301587
2011,2011_12_ARI_STL,LA,-1,56,0.08928571428571429,0.6607142857142857,0.25
2011,2011_12_BUF_NYJ,BUF,-9.5,70,0,0.9428571428571428,0.05714285714285714
2011,2011_12_BUF_NYJ,NYJ,9.5,58,0,1,0
2011,2011_12_CAR_IND,CAR,3.5,64,0.25,0.75,0
2011,2011_12_CAR_IND,IND,-3.5,54,0,0.6111111111111112,0.3888888888888889
2011,2011_12_CHI_OAK,CHI,-3,65,0,0.5076923076923077,0.49230769230769234
2011,2011_12_CHI_OAK,LV,-3,68,0.5147058823529411,0.4852941176470588,0
2011,2011_12_CLE_CIN,CIN,6.5,64,0.046875,0.828125,0.125
2011,2011_12_CLE_CIN,CLE,-6.5,66,0.10606060606060606,0.8333333333333334,0.06060606060606061
2011,2011_12_DEN_SD,DEN,-4.5,58,0,0.7586206896551724,0.2413793103448276
2011,2011_12_DEN_SD,LAC,-4.5,62,0.3387096774193548,0.6612903225806451,0
2011,2011_12_GB_DET,DET,-4,67,0,0.5671641791044776,0.4328358208955224
2011,2011_12_GB_DET,GB,4,52,0.5961538461538461,0.40384615384615385,0
2011,2011_12_HOU_JAX,HOU,6,55,0.5272727272727272,0.41818181818181815,0.05454545454545454
2011,2011_12_HOU_JAX,JAX,-6,71,0.04225352112676056,0.4084507042253521,0.5492957746478874
2011,2011_12_MIA_DAL,DAL,7,57,0,1,0
2011,2011_12_MIA_DAL,MIA,-7,61,0,0.9836065573770492,0.01639344262295082
2011,2011_12_MIN_ATL,ATL,10,62,0.6290322580645161,0.3709677419354839,0
2011,2011_12_MIN_ATL,MIN,-10,53,0,0.3018867924528302,0.6981132075471698
2011,2011_12_NE_PHI,NE,3,69,0.5652173913043478,0.36231884057971014,0.07246376811594203
2011,2011_12_NE_PHI,PHI,-3,67,0.07462686567164178,0.23880597014925373,0.6865671641791045
2011,2011_12_NYG_NO,NO,7,69,0.5507246376811594,0.4492753623188406,0
2011,2011_12_NYG_NO,NYG,-7,70,0,0.3142857142857143,0.6857142857142857
2011,2011_12_PIT_KC,KC,-10.5,63,0,0.7936507936507936,0.2063492063492063
2011,2011_12_PIT_KC,PIT,10.5,58,0.2413793103448276,0.7586206896551724,0
2011,2011_12_SF_BAL,BAL,3,54,0.24074074074074073,0.7592592592592593,0
2011,2011_12_SF_BAL,SF,-3,54,0,0.7407407407407407,0.25925925925925924
2011,2011_12_TB_TEN,TB,-3,59,0.13559322033898305,0.711864406779661,0.15254237288135594
2011,2011_12_TB_TEN,TEN,3,69,0.37681159420289856,0.5217391304347826,0.10144927536231883
2011,2011_12_WAS_SEA,SEA,3,62,0.08064516129032258,0.8548387096774194,0.06451612903225806
2011,2011_12_WAS_SEA,WAS,-3,62,0.04838709677419355,0.8548387096774194,0.0967741935483871
2011,2011_13_ATL_HOU,ATL,1,63,0,0.4603174603174603,0.5396825396825397
2011,2011_13_ATL_HOU,HOU,-1,72,0.4305555555555556,0.5694444444444444,0
2011,2011_13_BAL_CLE,BAL,7,76,0.6578947368421053,0.34210526315789475,0
2011,2011_13_BAL_CLE,CLE,-7,55,0,0.4909090909090909,0.509090909090909
2011,2011_13_CAR_TB,CAR,1,61,0.7213114754098361,0.2786885245901639,0
2011,2011_13_CAR_TB,TB,-1,56,0,0.17857142857142858,0.8214285714285714
2011,2011_13_CIN_PIT,CIN,-7,55,0,0.3090909090909091,0.6909090909090909
2011,2011_13_CIN_PIT,PIT,7,56,0.6964285714285714,0.30357142857142855,0
2011,2011_13_DAL_ARI,ARI,-4,49,0,0.9591836734693876,0.04081632653061224
2011,2011_13_DAL_ARI,DAL,4,66,0.0303030303030303,0.9696969696969696,0
2011,2011_13_DEN_MIN,DEN,-1,49,0.1020408163265306,0.7346938775510204,0.16326530612244897
2011,2011_13_DEN_MIN,MIN,1,81,0.03703703703703703,0.9629629629629628,0
2011,2011_13_DET_NO,DET,-9.5,81,0,0.13580246913580246,0.8641975308641975
2011,2011_13_DET_NO,NO,9.5,67,0.5373134328358209,0.4626865671641791,0
2011,2011_13_GB_NYG,GB,7,77,0.11688311688311688,0.8831168831168831,0
2011,2011_13_GB_NYG,NYG,-7,61,0,0.819672131147541,0.18032786885245905
2011,2011_13_IND_NE,IND,-20.5,69,0,0.34782608695652173,0.6521739130434783
2011,2011_13_IND_NE,NE,20.5,62,0.532258064516129,0.46774193548387094,0
2011,2011_13_KC_CHI,CHI,9,55,0.09090909090909093,0.6363636363636364,0.2727272727272727
2011,2011_13_KC_CHI,KC,-9,69,0.3188405797101449,0.6811594202898551,0
2011,2011_13_NYJ_WAS,NYJ,3,60,0.05,0.95,0
2011,2011_13_NYJ_WAS,WAS,-3,71,0,0.7887323943661971,0.2112676056338028
2011,2011_13_OAK_MIA,LV,-3.5,57,0,0.22807017543859648,0.7719298245614035
2011,2011_13_OAK_MIA,MIA,3.5,68,0.8235294117647058,0.17647058823529413,0
2011,2011_13_PHI_SEA,PHI,3,56,0,0.26785714285714285,0.7321428571428571
2011,2011_13_PHI_SEA,SEA,-3,51,0.6470588235294118,0.35294117647058826,0
2011,2011_13_SD_JAX,JAX,-3,66,0,0.4393939393939394,0.5606060606060606
2011,2011_13_SD_JAX,LAC,3,51,0.43137254901960786,0.5686274509803921,0
2011,2011_13_STL_SF,LA,-14,49,0,0.30612244897959184,0.6938775510204082
2011,2011_13_STL_SF,SF,14,63,0.5873015873015873,0.4126984126984127,0
2011,2011_13_TEN_BUF,BUF,1,68,0,0.5147058823529411,0.4852941176470588
2011,2011_13_TEN_BUF,TEN,-1,56,0.5892857142857143,0.4107142857142857,0
2011,2011_14_ATL_CAR,ATL,3,67,0.07462686567164178,0.5373134328358209,0.3880597014925373
2011,2011_14_ATL_CAR,CAR,-3,64,0.328125,0.5625,0.109375
2011,2011_14_BUF_SD,BUF,-7,58,0,0.10344827586206896,0.896551724137931
2011,2011_14_BUF_SD,LAC,-7,66,0.7575757575757576,0.24242424242424243,0
2011,2011_14_CHI_DEN,CHI,-3.5,55,0.32727272727272727,0.6727272727272727,0
2011,2011_14_CHI_DEN,DEN,3.5,69,0,0.6521739130434783,0.34782608695652173
2011,2011_14_CLE_PIT,CLE,-14,69,0,0.7971014492753623,0.2028985507246377
2011,2011_14_CLE_PIT,PIT,14,53,0.4528301886792453,0.5471698113207547,0
2011,2011_14_HOU_CIN,CIN,2.5,58,0.5172413793103449,0.4827586206896552,0
2011,2011_14_HOU_CIN,HOU,-2.5,74,0,0.43243243243243246,0.5675675675675675
2011,2011_14_IND_BAL,BAL,16.5,70,0.9142857142857144,0.08571428571428572,0
2011,2011_14_IND_BAL,IND,-16.5,55,0,0.07272727272727272,0.9272727272727272
2011,2011_14_KC_NYJ,KC,-10.5,58,0,0.22413793103448276,0.7758620689655172
2011,2011_14_KC_NYJ,NYJ,10.5,66,0.6212121212121212,0.3787878787878788,0
2011,2011_14_MIN_DET,DET,10,55,0.8727272727272727,0.12727272727272726,0
2011,2011_14_MIN_DET,MIN,-10,82,0,0.12195121951219512,0.8780487804878049
2011,2011_14_NE_WAS,NE,7.5,57,0.22807017543859648,0.7719298245614035,0
2011,2011_14_NE_WAS,WAS,-7.5,69,0,0.782608695652174,0.21739130434782608
2011,2011_14_NO_TEN,NO,3.5,75,0.22666666666666663,0.7733333333333333,0
2011,2011_14_NO_TEN,TEN,-3.5,53,0,0.8113207547169812,0.18867924528301888
2011,2011_14_NYG_DAL,DAL,4.5,56,0.08928571428571429,0.8571428571428571,0.05357142857142857
2011,2011_14_NYG_DAL,NYG,-4.5,76,0,0.881578947368421,0.11842105263157894
2011,2011_14_OAK_GB,GB,11.5,56,0.9821428571428572,0.01785714285714285,0
2011,2011_14_OAK_GB,LV,-11.5,73,0,0.1095890410958904,0.8904109589041096
2011,2011_14_PHI_MIA,MIA,3,64,0.125,0.15625,0.71875
2011,2011_14_PHI_MIA,PHI,-3,66,0.5909090909090909,0.25757575757575757,0.15151515151515152
2011,2011_14_SF_ARI,ARI,-3.5,51,0.09803921568627452,0.7843137254901961,0.1176470588235294
2011,2011_14_SF_ARI,SF,3.5,63,0.04761904761904761,0.9523809523809524,0
2011,2011_14_STL_SEA,LA,-9,62,0,0.3870967741935484,0.6129032258064516
2011,2011_14_STL_SEA,SEA,9,67,0.8059701492537313,0.19402985074626863,0
2011,2011_14_TB_JAX,JAX,-3,64,0.65625,0.234375,0.109375
2011,2011_14_TB_JAX,TB,3,58,0.1206896551724138,0.43103448275862066,0.4482758620689655
2011,2011_15_BAL_SD,BAL,1,56,0,0.3928571428571429,0.6071428571428571
2011,2011_15_BAL_SD,LAC,1,60,0.6166666666666667,0.38333333333333336,0
2011,2011_15_CAR_HOU,CAR,-4.5,59,0.8305084745762712,0.1694915254237288,0
2011,2011_15_CAR_HOU,HOU,4.5,57,0,0.24561403508771928,0.7543859649122807
2011,2011_15_CIN_STL,CIN,7,59,0.2033898305084746,0.7966101694915254,0
2011,2011_15_CIN_STL,LA,7,63,0,0.6190476190476191,0.380952380952381
2011,2011_15_CLE_ARI,ARI,6,71,0.01408450704225352,0.8309859154929577,0.15492957746478872
2011,2011_15_CLE_ARI,CLE,-6,56,0.19642857142857145,0.8035714285714286,0
2011,2011_15_DAL_TB,DAL,7,67,0.8507462686567164,0.14925373134328357,0
2011,2011_15_DAL_TB,TB,-7,42,0,0.16666666666666666,0.8333333333333334
2011,2011_15_DET_OAK,DET,1,73,0,0.7534246575342466,0.2465753424657534
2011,2011_15_DET_OAK,LV,1,63,0.25396825396825395,0.746031746031746,0
2011,2011_15_GB_KC,GB,11,56,0,0.7857142857142857,0.21428571428571427
2011,2011_15_GB_KC,KC,-11,66,0.3787878787878788,0.6212121212121212,0
2011,2011_15_JAX_ATL,ATL,14,66,0.8939393939393939,0.10606060606060606,0
2011,2011_15_JAX_ATL,JAX,-14,46,0,0.06521739130434782,0.9347826086956522
2011,2011_15_MIA_BUF,BUF,-1,69,0.02898550724637681,0.391304347826087,0.5797101449275363
2011,2011_15_MIA_BUF,MIA,1,60,0.5,0.5,0
2011,2011_15_NE_DEN,DEN,-7,58,0.06896551724137931,0.3793103448275862,0.5517241379310345
2011,2011_15_NE_DEN,NE,7,70,0.5285714285714286,0.3857142857142858,0.08571428571428572
2011,2011_15_NO_MIN,MIN,-7,54,0,0.4074074074074074,0.5925925925925926
2011,2011_15_NO_MIN,NO,7,79,0.5316455696202531,0.4683544303797468,0
2011,2011_15_NYJ_PHI,NYJ,-3,60,0,0.18333333333333332,0.8166666666666667
2011,2011_15_NYJ_PHI,PHI,3,54,0.8888888888888888,0.1111111111111111,0
2011,2011_15_PIT_SF,PIT,-3,66,0,0.6060606060606061,0.3939393939393939
2011,2011_15_PIT_SF,SF,3,59,0.5254237288135594,0.4745762711864407,0
2011,2011_15_SEA_CHI,CHI,3.5,59,0.03389830508474576,0.6610169491525424,0.3050847457627119
2011,2011_15_SEA_CHI,SEA,-3.5,65,0.4461538461538462,0.5076923076923077,0.04615384615384615
2011,2011_15_TEN_IND,IND,-6.5,48,0.2708333333333333,0.7291666666666666,0
2011,2011_15_TEN_IND,TEN,6.5,76,0,0.5,0.5
2011,2011_15_WAS_NYG,NYG,5.5,61,0,0.19672131147540983,0.8032786885245902
2011,2011_15_WAS_NYG,WAS,-5.5,64,0.625,0.375,0
2011,2011_16_ARI_CIN,ARI,-3.5,66,0,0.12121212121212122,0.8787878787878788
2011,2011_16_ARI_CIN,CIN,3.5,67,0.9253731343283582,0.07462686567164178,0
2011,2011_16_ATL_NO,ATL,-7,74,0,0.35135135135135137,0.6486486486486487
2011,2011_16_ATL_NO,NO,7,62,0.5645161290322581,0.43548387096774194,0
2011,2011_16_CHI_GB,CHI,-13,69,0,0.4782608695652174,0.5217391304347826
2011,2011_16_CHI_GB,GB,13,49,0.5510204081632653,0.4489795918367347,0
2011,2011_16_CLE_BAL,BAL,10.5,59,0.9491525423728814,0.05084745762711865,0
2011,2011_16_CLE_BAL,CLE,-10.5,60,0,0.18333333333333332,0.8166666666666667
2011,2011_16_DEN_BUF,BUF,-3,55,0.4909090909090909,0.509090909090909,0
2011,2011_16_DEN_BUF,DEN,3,67,0,0.417910447761194,0.582089552238806
2011,2011_16_HOU_IND,HOU,7,50,0.2,0.76,0.04
2011,2011_16_HOU_IND,IND,-7,75,0,0.9466666666666668,0.05333333333333334
2011,2011_16_JAX_TEN,JAX,-8.5,71,0,0.19718309859154928,0.8028169014084507
2011,2011_16_JAX_TEN,TEN,8.5,62,0.7096774193548387,0.2903225806451613,0
2011,2011_16_MIA_NE,MIA,-7.5,64,0.296875,0.59375,0.109375
2011,2011_16_MIA_NE,NE,7.5,79,0.189873417721519,0.4556962025316456,0.35443037974683544
2011,2011_16_MIN_WAS,MIN,-6,58,0.15517241379310345,0.8448275862068966,0
2011,2011_16_MIN_WAS,WAS,6,67,0,0.746268656716418,0.2537313432835821
2011,2011_16_NYG_NYJ,NYG,-1.5,54,0.2777777777777778,0.5555555555555556,0.16666666666666666
2011,2011_16_NYG_NYJ,NYJ,1.5,89,0.16853932584269662,0.5056179775280899,0.3258426966292135
2011,2011_16_OAK_KC,KC,3,66,0,0.9393939393939394,0.06060606060606061
2011,2011_16_OAK_KC,LV,-3,48,0.14583333333333334,0.8541666666666666,0
2011,2011_16_PHI_DAL,DAL,-1.5,66,0,0.4696969696969697,0.5303030303030303
2011,2011_16_PHI_DAL,PHI,1.5,58,0.5517241379310345,0.4482758620689655,0
2011,2011_16_SD_DET,DET,-1,62,0.7258064516129032,0.27419354838709675,0
2011,2011_16_SD_DET,LAC,1,70,0,0.1,0.9
2011,2011_16_SF_SEA,SEA,-1.5,57,0.3157894736842105,0.5964912280701754,0.08771929824561403
2011,2011_16_SF_SEA,SF,1.5,67,0.1044776119402985,0.8805970149253731,0.01492537313432835
2011,2011_16_STL_PIT,LA,-10,63,0,0.380952380952381,0.6190476190476191
2011,2011_16_STL_PIT,PIT,10,50,0.68,0.32,0
2011,2011_16_TB_CAR,CAR,9,48,0.75,0.25,0
2011,2011_16_TB_CAR,TB,-9,59,0,0.2542372881355932,0.7457627118644068
2011,2011_17_BAL_CIN,BAL,2.5,52,0.4423076923076923,0.5576923076923077,0
2011,2011_17_BAL_CIN,CIN,-2.5,68,0,0.5588235294117647,0.4411764705882353
2011,2011_17_BUF_NE,BUF,-10,68,0.22058823529411764,0.5294117647058824,0.25
2011,2011_17_BUF_NE,NE,10,66,0.25757575757575757,0.4545454545454546,0.2878787878787879
2011,2011_17_CAR_NO,CAR,-7,49,0,0.6530612244897959,0.3469387755102041
2011,2011_17_CAR_NO,NO,7,70,0.5714285714285714,0.42857142857142855,0
2011,2011_17_CHI_MIN,CHI,-1.5,56,0.07142857142857142,0.8392857142857143,0.08928571428571429
2011,2011_17_CHI_MIN,MIN,1.5,71,0,0.943661971830986,0.05633802816901408
2011,2011_17_DAL_NYG,DAL,-3,59,0,0.11864406779661016,0.8813559322033898
2011,2011_17_DAL_NYG,NYG,3,63,0.8095238095238095,0.1904761904761905,0
2011,2011_17_DET_GB,DET,6.5,76,0.05263157894736842,0.8552631578947368,0.09210526315789472
2011,2011_17_DET_GB,GB,-6.5,70,0.07142857142857142,0.9142857142857144,0.01428571428571428
2011,2011_17_IND_JAX,IND,-3,65,0,0.38461538461538464,0.6153846153846154
2011,2011_17_IND_JAX,JAX,3,54,0.5925925925925926,0.4074074074074074,0
2011,2011_17_KC_DEN,DEN,1,71,0,0.8873239436619719,0.11267605633802816
2011,2011_17_KC_DEN,KC,-1,59,0.0847457627118644,0.9152542372881356,0
2011,2011_17_NYJ_MIA,MIA,1.5,57,0.10526315789473684,0.8947368421052632,0
2011,2011_17_NYJ_MIA,NYJ,-1.5,62,0,0.7741935483870968,0.2258064516129032
2011,2011_17_PIT_CLE,CLE,-7,56,0,0.9464285714285714,0.05357142857142857
2011,2011_17_PIT_CLE,PIT,7,78,0.07692307692307693,0.9230769230769232,0
2011,2011_17_SD_OAK,LAC,-2.5,54,0.5925925925925926,0.4074074074074074,0
2011,2011_17_SD_OAK,LV,-2.5,67,0,0.4328358208955224,0.5671641791044776
2011,2011_17_SEA_ARI,ARI,2.5,60,0.48333333333333334,0.5166666666666667,0
2011,2011_17_SEA_ARI,SEA,-2.5,70,0,0.6714285714285714,0.32857142857142857
2011,2011_17_SF_STL,LA,12.5,62,0.04838709677419355,0.27419354838709675,0.6774193548387096
2011,2011_17_SF_STL,SF,12.5,67,0.6268656716417911,0.3283582089552239,0.04477611940298507
2011,2011_17_TB_ATL,ATL,10,56,0.7857142857142857,0.21428571428571427,0
2011,2011_17_TB_ATL,TB,-10,61,0,0.04918032786885246,0.9508196721311476
2011,2011_17_TEN_HOU,HOU,-1,64,0.0625,0.78125,0.15625
2011,2011_17_TEN_HOU,TEN,1,59,0.0847457627118644,0.8135593220338984,0.1016949152542373
2011,2011_17_WAS_PHI,PHI,7,60,0.36666666666666664,0.6333333333333333,0
2011,2011_17_WAS_PHI,WAS,-7,71,0,0.5211267605633803,0.4788732394366197
2011,2011_18_ATL_NYG,ATL,-3,64,0,0.578125,0.421875
2011,2011_18_ATL_NYG,NYG,3,63,0.47619047619047616,0.5238095238095238,0
2011,2011_18_CIN_HOU,CIN,-4,65,0,0.5384615384615384,0.4615384615384616
2011,2011_18_CIN_HOU,HOU,4,56,0.5,0.5,0
2011,2011_18_DET_NO,DET,-10.5,53,0,0.6792452830188679,0.32075471698113206
2011,2011_18_DET_NO,NO,10.5,78,0.28205128205128205,0.717948717948718,0
2011,2011_18_PIT_DEN,DEN,-7.5,53,0.6226415094339622,0.37735849056603776,0
2011,2011_18_PIT_DEN,PIT,7.5,68,0,0.4705882352941176,0.5294117647058824
2011,2011_19_DEN_NE,DEN,-14,70,0,0.12857142857142856,0.8714285714285714
2011,2011_19_DEN_NE,NE,14,64,0.921875,0.078125,0
2011,2011_19_HOU_BAL,BAL,7.5,62,0.7258064516129032,0.27419354838709675,0
2011,2011_19_HOU_BAL,HOU,-7.5,62,0,0.46774193548387094,0.532258064516129
2011,2011_19_NO_SF,NO,3.5,80,0,0.525,0.475
2011,2011_19_NO_SF,SF,-3.5,67,0.417910447761194,0.582089552238806,0
2011,2011_19_NYG_GB,GB,8.5,73,0,0.5753424657534246,0.4246575342465753
2011,2011_19_NYG_GB,NYG,-8.5,58,0.3275862068965517,0.6724137931034483,0
2011,2011_20_BAL_NE,BAL,-7,70,0,0.9285714285714286,0.07142857142857142
2011,2011_20_BAL_NE,NE,7,65,0.13846153846153847,0.8615384615384616,0
2011,2011_20_NYG_SF,NYG,-2,75,0,0.9866666666666668,0.01333333333333333
2011,2011_20_NYG_SF,SF,2,54,0.07407407407407407,0.925925925925926,0
2011,2011_21_NYG_NE,NE,3,61,0.16393442622950818,0.7213114754098361,0.11475409836065574
2011,2011_21_NYG_NE,NYG,-3,70,0,0.8857142857142857,0.11428571428571428
2012,2012_01_ATL_KC,ATL,1,55,0.2909090909090909,0.7090909090909091,0
2012,2012_01_ATL_KC,KC,-1,68,0,0.5441176470588235,0.45588235294117646
2012,2012_01_BUF_NYJ,BUF,-3,57,0,0.19298245614035087,0.8070175438596491
2012,2012_01_BUF_NYJ,NYJ,3,62,0.7580645161290323,0.24193548387096775,0
2012,2012_01_CAR_TB,CAR,3,49,0,0.14285714285714285,0.8571428571428571
2012,2012_01_CAR_TB,TB,-3,58,0.7413793103448276,0.25862068965517243,0
2012,2012_01_CIN_BAL,BAL,7,57,0.6140350877192983,0.38596491228070173,0
2012,2012_01_CIN_BAL,CIN,-7,69,0,0.2753623188405797,0.7246376811594203
2012,2012_01_DAL_NYG,DAL,-3.5,54,0.2962962962962963,0.7037037037037037,0
2012,2012_01_DAL_NYG,NYG,3.5,54,0,0.5555555555555556,0.4444444444444444
2012,2012_01_IND_CHI,CHI,10,66,0.4545454545454546,0.5454545454545454,0
2012,2012_01_IND_CHI,IND,-10,63,0,0.2857142857142857,0.7142857142857143
2012,2012_01_JAX_MIN,JAX,-3.5,70,0.05714285714285714,0.7714285714285715,0.17142857142857143
2012,2012_01_JAX_MIN,MIN,3.5,51,0.27450980392156865,0.5686274509803921,0.1568627450980392
2012,2012_01_MIA_HOU,HOU,13,65,0.5384615384615384,0.4615384615384616,0
2012,2012_01_MIA_HOU,MIA,-13,57,0,0.5789473684210527,0.42105263157894735
2012,2012_01_NE_TEN,NE,4.5,66,0.7727272727272727,0.2272727272727273,0
2012,2012_01_NE_TEN,TEN,-4.5,61,0,0.3770491803278688,0.6229508196721312
2012,2012_01_PHI_CLE,CLE,-9,59,0.1016949152542373,0.8983050847457628,0
2012,2012_01_PHI_CLE,PHI,9,85,0.04705882352941176,0.788235294117647,0.16470588235294115
2012,2012_01_PIT_DEN,DEN,2.5,52,0.2115384615384615,0.7884615384615384,0
2012,2012_01_PIT_DEN,PIT,-2.5,70,0,0.9,0.1
2012,2012_01_SD_OAK,LAC,-1,53,0.4339622641509434,0.5660377358490566,0
2012,2012_01_SD_OAK,LV,-1,69,0,0.6666666666666666,0.3333333333333333
2012,2012_01_SEA_ARI,ARI,-1,56,0.17857142857142858,0.8214285714285714,0
2012,2012_01_SEA_ARI,SEA,1,70,0,0.7714285714285715,0.22857142857142856
2012,2012_01_SF_GB,GB,6,61,0,0.4918032786885246,0.5081967213114754
2012,2012_01_SF_GB,SF,-6,60,0.5166666666666667,0.48333333333333334,0
2012,2012_01_STL_DET,DET,9,66,0.01515151515151515,0.9393939393939394,0.04545454545454545
2012,2012_01_STL_DET,LA,-9,54,0,0.9629629629629628,0.03703703703703703
2012,2012_01_WAS_NO,NO,9.5,63,0,0.2063492063492063,0.7936507936507936
2012,2012_01_WAS_NO,WAS,-9.5,70,0.6428571428571429,0.35714285714285715,0
2012,2012_02_ARI_NE,ARI,-13,60,0.31666666666666665,0.6833333333333333,0
2012,2012_02_ARI_NE,NE,13,77,0,0.7272727272727273,0.2727272727272727
2012,2012_02_BAL_PHI,BAL,-3,65,0.2307692307692308,0.7692307692307693,0
2012,2012_02_BAL_PHI,PHI,3,73,0,0.9315068493150684,0.0684931506849315
2012,2012_02_CHI_GB,CHI,-5,57,0,0.2982456140350877,0.7017543859649122
2012,2012_02_CHI_GB,GB,5,63,0.4603174603174603,0.5396825396825397,0
2012,2012_02_CLE_CIN,CIN,7,61,0.7704918032786885,0.22950819672131148,0
2012,2012_02_CLE_CIN,CLE,-7,62,0,0.25806451612903225,0.7419354838709677
2012,2012_02_DAL_SEA,DAL,3,56,0,0.26785714285714285,0.7321428571428571
2012,2012_02_DAL_SEA,SEA,-3,63,0.746031746031746,0.25396825396825395,0
2012,2012_02_DEN_ATL,ATL,3,63,0.9523809523809524,0.04761904761904761,0
2012,2012_02_DEN_ATL,DEN,-3,67,0,0.07462686567164178,0.9253731343283582
2012,2012_02_DET_SF,DET,-7,59,0,0.2542372881355932,0.7457627118644068
2012,2012_02_DET_SF,SF,7,58,0.7931034482758621,0.20689655172413793,0
2012,2012_02_HOU_JAX,HOU,6.5,81,0.7037037037037037,0.2962962962962963,0
2012,2012_02_HOU_JAX,JAX,-6.5,38,0,0.34210526315789475,0.6578947368421053
2012,2012_02_KC_BUF,BUF,3,53,0.7358490566037735,0.2641509433962264,0
2012,2012_02_KC_BUF,KC,-3,70,0,0.12857142857142856,0.8714285714285714
2012,2012_02_MIN_IND,IND,-3,61,0.6229508196721312,0.3770491803278688,0
2012,2012_02_MIN_IND,MIN,3,64,0,0.46875,0.53125
2012,2012_02_NO_CAR,CAR,-3,61,0.5409836065573771,0.45901639344262296,0
2012,2012_02_NO_CAR,NO,3,76,0,0.4605263157894737,0.5394736842105263
2012,2012_02_NYJ_PIT,NYJ,-4.5,51,0,0.5882352941176471,0.4117647058823529
2012,2012_02_NYJ_PIT,PIT,4.5,62,0.43548387096774194,0.5645161290322581,0
2012,2012_02_OAK_MIA,LV,1,62,0,0.7258064516129032,0.27419354838709675
2012,2012_02_OAK_MIA,MIA,-1,73,0.4246575342465753,0.5753424657534246,0
2012,2012_02_TB_NYG,NYG,9,74,0.02702702702702703,0.5135135135135135,0.4594594594594595
2012,2012_02_TB_NYG,TB,-9,52,0.38461538461538464,0.4615384615384616,0.15384615384615383
2012,2012_02_TEN_SD,LAC,-6.5,75,0.84,0.16,0
2012,2012_02_TEN_SD,TEN,-6.5,40,0,0.05,0.95
2012,2012_02_WAS_STL,LA,3.5,62,0.1129032258064516,0.6451612903225806,0.24193548387096775
2012,2012_02_WAS_STL,WAS,3.5,59,0.15254237288135594,0.8135593220338984,0.03389830508474576
2012,2012_03_ATL_SD,ATL,-3,68,0.5735294117647058,0.4264705882352941,0
2012,2012_03_ATL_SD,LAC,-3,56,0,0.30357142857142855,0.6964285714285714
2012,2012_03_BUF_CLE,BUF,2.5,66,0.7121212121212122,0.2878787878787879,0
2012,2012_03_BUF_CLE,CLE,-2.5,60,0,0.25,0.75
2012,2012_03_CIN_WAS,CIN,-3,57,0.22807017543859648,0.7719298245614035,0
2012,2012_03_CIN_WAS,WAS,3,73,0,0.4246575342465753,0.5753424657534246
2012,2012_03_DET_TEN,DET,3.5,82,0,0.5,0.5
2012,2012_03_DET_TEN,TEN,-3.5,49,0.5306122448979592,0.4693877551020408,0
2012,2012_03_GB_SEA,GB,3,68,0.04411764705882353,0.8970588235294118,0.0588235294117647
2012,2012_03_GB_SEA,SEA,-3,51,0.0392156862745098,0.9215686274509804,0.0392156862745098
2012,2012_03_HOU_DEN,DEN,-1,75,0,0.25333333333333335,0.7466666666666667
2012,2012_03_HOU_DEN,HOU,1,65,0.7230769230769231,0.27692307692307694,0
2012,2012_03_JAX_IND,IND,3,73,0.2465753424657534,0.7123287671232876,0.0410958904109589
2012,2012_03_JAX_IND,JAX,-3,54,0.05555555555555555,0.9074074074074074,0.03703703703703703
2012,2012_03_KC_NO,KC,-9,73,0,0.6164383561643836,0.3835616438356164
2012,2012_03_KC_NO,NO,9,55,0.509090909090909,0.4909090909090909,0
2012,2012_03_NE_BAL,BAL,2.5,64,0,0.578125,0.421875
2012,2012_03_NE_BAL,NE,-2.5,77,0.3246753246753247,0.6753246753246753,0
2012,2012_03_NYG_CAR,CAR,2.5,55,0,0.2,0.8
2012,2012_03_NYG_CAR,NYG,-2.5,68,0.7352941176470589,0.2647058823529412,0
2012,2012_03_NYJ_MIA,MIA,-2.5,72,0.4027777777777778,0.5972222222222222,0
2012,2012_03_NYJ_MIA,NYJ,2.5,67,0,0.6268656716417911,0.373134328358209
2012,2012_03_PHI_ARI,ARI,-3,59,0.8135593220338984,0.1864406779661017,0
2012,2012_03_PHI_ARI,PHI,3,63,0,0.14285714285714285,0.8571428571428571
2012,2012_03_PIT_OAK,LV,3.5,56,0.05357142857142857,0.8214285714285714,0.125
2012,2012_03_PIT_OAK,PIT,3.5,68,0.04411764705882353,0.9558823529411764,0
2012,2012_03_SF_MIN,MIN,-6.5,73,0.5342465753424658,0.4657534246575342,0
2012,2012_03_SF_MIN,SF,6.5,58,0,0.3103448275862069,0.6896551724137931
2012,2012_03_STL_CHI,CHI,7,64,0.359375,0.640625,0
2012,2012_03_STL_CHI,LA,-7,57,0,0.5087719298245614,0.49122807017543857
2012,2012_03_TB_DAL,DAL,7,63,0.23809523809523808,0.7619047619047619,0
2012,2012_03_TB_DAL,TB,-7,55,0,0.7090909090909091,0.2909090909090909
2012,2012_04_CAR_ATL,ATL,7,66,0.04545454545454545,0.9545454545454546,0
2012,2012_04_CAR_ATL,CAR,-7,63,0.04761904761904761,0.7619047619047619,0.1904761904761905
2012,2012_04_CHI_DAL,CHI,-3,52,0.4230769230769231,0.5769230769230769,0
2012,2012_04_CHI_DAL,DAL,3,68,0,0.4264705882352941,0.5735294117647058
2012,2012_04_CIN_JAX,CIN,-1,62,0.4838709677419355,0.5161290322580645,0
2012,2012_04_CIN_JAX,JAX,1,58,0,0.603448275862069,0.39655172413793105
2012,2012_04_CLE_BAL,BAL,11.5,77,0.5194805194805194,0.4805194805194805,0
2012,2012_04_CLE_BAL,CLE,-11.5,69,0,0.391304347826087,0.6086956521739131
2012,2012_04_MIA_ARI,ARI,4,62,0.03225806451612903,0.5,0.46774193548387094
2012,2012_04_MIA_ARI,MIA,-4,68,0.35294117647058826,0.6470588235294118,0
2012,2012_04_MIN_DET,DET,3.5,75,0,0.4,0.6
2012,2012_04_MIN_DET,MIN,-3.5,56,0.5714285714285714,0.42857142857142855,0
2012,2012_04_NE_BUF,BUF,-3.5,69,0.17391304347826086,0.5072463768115942,0.3188405797101449
2012,2012_04_NE_BUF,NE,3.5,77,0.2987012987012987,0.5064935064935064,0.1948051948051948
2012,2012_04_NO_GB,GB,7.5,63,0.2698412698412698,0.6825396825396826,0.04761904761904761
2012,2012_04_NO_GB,NO,-7.5,75,0.08,0.7333333333333333,0.18666666666666668
2012,2012_04_NYG_PHI,NYG,-1.5,61,0,0.9344262295081968,0.06557377049180328
2012,2012_04_NYG_PHI,PHI,1.5,67,0.22388059701492535,0.7761194029850746,0
2012,2012_04_OAK_DEN,DEN,6.5,75,0.6133333333333333,0.38666666666666666,0
2012,2012_04_OAK_DEN,LV,-6.5,53,0,0.5094339622641509,0.49056603773584906
2012,2012_04_SD_KC,KC,-2.5,64,0,0.0625,0.9375
2012,2012_04_SD_KC,LAC,2.5,59,0.7966101694915254,0.2033898305084746,0
2012,2012_04_SEA_STL,LA,2,57,0.40350877192982454,0.5964912280701754,0
2012,2012_04_SEA_STL,SEA,2,61,0,0.5573770491803278,0.4426229508196721
2012,2012_04_SF_NYJ,NYJ,-3.5,50,0,0.52,0.48
2012,2012_04_SF_NYJ,SF,3.5,66,0.5606060606060606,0.4393939393939394,0
2012,2012_04_TEN_HOU,HOU,13,57,0.7719298245614035,0.22807017543859648,0
2012,2012_04_TEN_HOU,TEN,-13,59,0,0.22033898305084745,0.7796610169491526
2012,2012_04_WAS_TB,TB,1.5,58,0,0.5689655172413793,0.43103448275862066
2012,2012_04_WAS_TB,WAS,-1.5,66,0.5151515151515151,0.48484848484848486,0
2012,2012_05_ARI_STL,ARI,1,76,0,0.5789473684210527,0.42105263157894735
2012,2012_05_ARI_STL,LA,1,50,0.6,0.4,0
2012,2012_05_ATL_WAS,ATL,3,79,0.0379746835443038,0.9240506329113924,0.0379746835443038
2012,2012_05_ATL_WAS,WAS,-3,48,0.10416666666666669,0.8125,0.08333333333333333
2012,2012_05_BAL_KC,BAL,6,53,0.1509433962264151,0.8490566037735849,0
2012,2012_05_BAL_KC,KC,-6,67,0,0.8805970149253731,0.11940298507462686
2012,2012_05_BUF_SF,BUF,-10,45,0,0.6,0.4
2012,2012_05_BUF_SF,SF,10,63,0.6825396825396826,0.31746031746031744,0
2012,2012_05_CHI_JAX,CHI,6,73,0.3287671232876712,0.6712328767123288,0
2012,2012_05_CHI_JAX,JAX,-6,52,0,0.6346153846153846,0.36538461538461536
2012,2012_05_CLE_NYG,CLE,-7.5,54,0.16666666666666666,0.2777777777777778,0.5555555555555556
2012,2012_05_CLE_NYG,NYG,7.5,69,0.463768115942029,0.36231884057971014,0.17391304347826086
2012,2012_05_DEN_NE,DEN,-6,65,0,0.4153846153846154,0.5846153846153846
2012,2012_05_DEN_NE,NE,6,86,0.6511627906976745,0.3488372093023256,0
2012,2012_05_GB_IND,GB,6.5,60,0.5,0.4666666666666667,0.03333333333333333
2012,2012_05_GB_IND,IND,-6.5,88,0,0.5,0.5
2012,2012_05_HOU_NYJ,HOU,9.5,63,0.5079365079365079,0.492063492063492,0
2012,2012_05_HOU_NYJ,NYJ,-9.5,58,0,0.7068965517241379,0.29310344827586204
2012,2012_05_MIA_CIN,CIN,3,65,0.2,0.5692307692307692,0.2307692307692308
2012,2012_05_MIA_CIN,MIA,-3,59,0.3220338983050847,0.6440677966101694,0.03389830508474576
2012,2012_05_PHI_PIT,PHI,-4,56,0,0.5892857142857143,0.4107142857142857
2012,2012_05_PHI_PIT,PIT,4,67,0.3582089552238806,0.6417910447761194,0
2012,2012_05_SD_NO,LAC,-3.5,65,0.12307692307692308,0.6923076923076923,0.18461538461538465
2012,2012_05_SD_NO,NO,3.5,67,0.13432835820895522,0.6417910447761194,0.22388059701492535
2012,2012_05_SEA_CAR,CAR,1,52,0,0.8846153846153846,0.1153846153846154
2012,2012_05_SEA_CAR,SEA,-1,61,0.22950819672131148,0.7704918032786885,0
2012,2012_05_TEN_MIN,MIN,6,66,0.8181818181818182,0.18181818181818185,0
2012,2012_05_TEN_MIN,TEN,-6,68,0,0.17647058823529413,0.8235294117647058
2012,2012_06_BUF_ARI,ARI,5,67,0,0.9850746268656716,0.01492537313432835
2012,2012_06_BUF_ARI,BUF,-5,59,0.0847457627118644,0.9152542372881356,0
2012,2012_06_CIN_CLE,CIN,1,66,0.06060606060606061,0.6515151515151515,0.2878787878787879
2012,2012_06_CIN_CLE,CLE,-1,64,0.1875,0.8125,0
2012,2012_06_DAL_BAL,BAL,3,48,0.14583333333333334,0.8541666666666666,0
2012,2012_06_DAL_BAL,DAL,-3,79,0,0.569620253164557,0.43037974683544306
2012,2012_06_DEN_SD,DEN,-1,50,0.06,0.3,0.64
2012,2012_06_DEN_SD,LAC,-1,72,0.4861111111111111,0.4027777777777778,0.1111111111111111
2012,2012_06_DET_PHI,DET,-3.5,69,0,0.7681159420289855,0.2318840579710145
2012,2012_06_DET_PHI,PHI,3.5,74,0.32432432432432434,0.6756756756756757,0
2012,2012_06_GB_HOU,GB,-4,70,0.7428571428571429,0.2571428571428571,0
2012,2012_06_GB_HOU,HOU,4,69,0,0.18840579710144928,0.8115942028985508
2012,2012_06_IND_NYJ,IND,-3.5,64,0,0.25,0.75
2012,2012_06_IND_NYJ,NYJ,3.5,63,0.7301587301587301,0.2698412698412698,0
2012,2012_06_KC_TB,KC,-5,68,0,0.45588235294117646,0.5441176470588235
2012,2012_06_KC_TB,TB,5,50,0.64,0.36,0
2012,2012_06_MIN_WAS,MIN,1.5,80,0.025,0.2875,0.6875
2012,2012_06_MIN_WAS,WAS,-1.5,53,0.4528301886792453,0.5471698113207547,0
2012,2012_06_NE_SEA,NE,3.5,85,0.5058823529411764,0.4705882352941176,0.02352941176470588
2012,2012_06_NE_SEA,SEA,-3.5,53,0,0.6226415094339622,0.37735849056603776
2012,2012_06_NYG_SF,NYG,-7,63,0.6666666666666666,0.3333333333333333,0
2012,2012_06_NYG_SF,SF,7,60,0,0.5,0.5
2012,2012_06_OAK_ATL,ATL,10,53,0,1,0
2012,2012_06_OAK_ATL,LV,-10,68,0.01470588235294117,0.8970588235294118,0.08823529411764706
2012,2012_06_PIT_TEN,PIT,5.5,63,0.06349206349206349,0.9365079365079364,0
2012,2012_06_PIT_TEN,TEN,-5.5,69,0.04347826086956521,0.8695652173913043,0.08695652173913043
2012,2012_06_STL_MIA,LA,-5.5,69,0.0144927536231884,0.5652173913043478,0.42028985507246375
2012,2012_06_STL_MIA,MIA,5.5,48,0.5208333333333334,0.4791666666666667,0
2012,2012_07_ARI_MIN,ARI,-7,69,0,0.42028985507246375,0.5797101449275363
2012,2012_07_ARI_MIN,MIN,7,47,0.4893617021276595,0.5106382978723404,0
2012,2012_07_BAL_HOU,BAL,-6.5,59,0,0.2542372881355932,0.7457627118644068
2012,2012_07_BAL_HOU,HOU,6.5,75,0.7466666666666667,0.25333333333333335,0
2012,2012_07_CLE_IND,CLE,-1,58,0,0.6379310344827587,0.3620689655172414
2012,2012_07_CLE_IND,IND,1,69,0.3333333333333333,0.6666666666666666,0
2012,2012_07_DAL_CAR,CAR,-2.5,59,0,0.9152542372881356,0.0847457627118644
2012,2012_07_DAL_CAR,DAL,2.5,64,0.109375,0.890625,0
2012,2012_07_DET_CHI,CHI,6.5,68,0.9117647058823528,0.08823529411764706,0
2012,2012_07_DET_CHI,DET,-6.5,67,0,0.05970149253731343,0.9402985074626866
2012,2012_07_GB_STL,GB,4,64,0.546875,0.453125,0
2012,2012_07_GB_STL,LA,4,58,0,0.5689655172413793,0.43103448275862066
2012,2012_07_JAX_OAK,JAX,-6,57,0.43859649122807015,0.5614035087719298,0
2012,2012_07_JAX_OAK,LV,-6,72,0,0.3611111111111111,0.6388888888888888
2012,2012_07_NO_TB,NO,1,62,0.3548387096774194,0.27419354838709675,0.3709677419354839
2012,2012_07_NO_TB,TB,-1,67,0.29850746268656714,0.31343283582089554,0.3880597014925373
2012,2012_07_NYJ_NE,NE,11,63,0.42857142857142855,0.5714285714285714,0
2012,2012_07_NYJ_NE,NYJ,-11,72,0,0.5416666666666666,0.4583333333333333
2012,2012_07_PIT_CIN,CIN,-1,48,0.14583333333333334,0.625,0.22916666666666663
2012,2012_07_PIT_CIN,PIT,1,69,0.2463768115942029,0.6086956521739131,0.14492753623188406
2012,2012_07_SEA_SF,SEA,-7.5,53,0,0.7735849056603774,0.22641509433962265
2012,2012_07_SEA_SF,SF,7.5,55,0.2727272727272727,0.7272727272727273,0
2012,2012_07_TEN_BUF,BUF,4,60,0.13333333333333333,0.85,0.01666666666666666
2012,2012_07_TEN_BUF,TEN,-4,61,0,0.7540983606557377,0.2459016393442623
2012,2012_07_WAS_NYG,NYG,6.5,59,0.0847457627118644,0.9152542372881356,0
2012,2012_07_WAS_NYG,WAS,-6.5,69,0,0.7246376811594203,0.2753623188405797
2012,2012_08_ATL_PHI,ATL,-1.5,68,0.6617647058823529,0.3382352941176471,0
2012,2012_08_ATL_PHI,PHI,1.5,62,0,0.08064516129032258,0.9193548387096774
2012,2012_08_CAR_CHI,CAR,-7,77,0.2857142857142857,0.7012987012987013,0.01298701298701298
2012,2012_08_CAR_CHI,CHI,7,53,0.01886792452830188,0.660377358490566,0.32075471698113206
2012,2012_08_IND_TEN,IND,-3.5,64,0,0.828125,0.171875
2012,2012_08_IND_TEN,TEN,3.5,56,0.19642857142857145,0.8035714285714286,0
2012,2012_08_JAX_GB,GB,15,63,0.42857142857142855,0.5714285714285714,0
2012,2012_08_JAX_GB,JAX,-15,71,0,0.5492957746478874,0.4507042253521127
2012,2012_08_MIA_NYJ,MIA,-1,55,0.7454545454545455,0.2545454545454545,0
2012,2012_08_MIA_NYJ,NYJ,1,79,0,0.16455696202531644,0.8354430379746836
2012,2012_08_NE_STL,LA,7.5,57,0,0.2982456140350877,0.7017543859649122
2012,2012_08_NE_STL,NE,7.5,66,0.7121212121212122,0.2878787878787879,0
2012,2012_08_NO_DEN,DEN,6,70,0.6714285714285714,0.32857142857142857,0
2012,2012_08_NO_DEN,NO,-6,59,0,0.3728813559322034,0.6271186440677966
2012,2012_08_NYG_DAL,DAL,-1.5,81,0,0.4691358024691358,0.5308641975308642
2012,2012_08_NYG_DAL,NYG,1.5,58,0.5517241379310345,0.4482758620689655,0
2012,2012_08_OAK_KC,KC,1,58,0,0.5517241379310345,0.4482758620689655
2012,2012_08_OAK_KC,LV,-1,61,0.4918032786885246,0.5081967213114754,0
2012,2012_08_SD_CLE,CLE,-2.5,60,0.36666666666666664,0.6333333333333333,0
2012,2012_08_SD_CLE,LAC,2.5,68,0,0.7941176470588235,0.2058823529411765
2012,2012_08_SEA_DET,DET,3,73,0,0.958904109589041,0.0410958904109589
2012,2012_08_SEA_DET,SEA,-3,54,0,0.9444444444444444,0.05555555555555555
2012,2012_08_SF_ARI,ARI,-7,65,0,0.2153846153846154,0.7846153846153846
2012,2012_08_SF_ARI,SF,7,52,0.5192307692307693,0.4807692307692308,0
2012,2012_08_TB_MIN,MIN,5,59,0,0.288135593220339,0.711864406779661
2012,2012_08_TB_MIN,TB,-5,76,0.7631578947368421,0.23684210526315788,0
2012,2012_08_WAS_PIT,PIT,4.5,61,0.6885245901639344,0.3114754098360656,0
2012,2012_08_WAS_PIT,WAS,-4.5,55,0,0.23636363636363636,0.7636363636363637
2012,2012_09_ARI_GB,ARI,-10.5,66,0,0.21212121212121213,0.7878787878787878
2012,2012_09_ARI_GB,GB,10.5,66,0.6060606060606061,0.3939393939393939,0
2012,2012_09_BAL_CLE,BAL,3.5,61,0.4098360655737705,0.5901639344262295,0
2012,2012_09_BAL_CLE,CLE,-3.5,65,0,0.5384615384615384,0.4615384615384616
2012,2012_09_BUF_HOU,BUF,-11,57,0,0.631578947368421,0.3684210526315789
2012,2012_09_BUF_HOU,HOU,11,60,0.5333333333333333,0.4666666666666667,0
2012,2012_09_CAR_WAS,CAR,-3,50,0.46,0.54,0
2012,2012_09_CAR_WAS,WAS,3,75,0,0.4266666666666667,0.5733333333333334
2012,2012_09_CHI_TEN,CHI,4.5,62,0.8709677419354839,0.12903225806451613,0
2012,2012_09_CHI_TEN,TEN,-4.5,55,0,0.23636363636363636,0.7636363636363637
2012,2012_09_DAL_ATL,ATL,4,63,0.2857142857142857,0.7142857142857143,0
2012,2012_09_DAL_ATL,DAL,-4,54,0,0.7592592592592593,0.24074074074074073
2012,2012_09_DEN_CIN,CIN,-5,71,0,0.7183098591549296,0.28169014084507044
2012,2012_09_DEN_CIN,DEN,5,59,0.3050847457627119,0.6949152542372882,0
2012,2012_09_DET_JAX,DET,6,66,0.4696969696969697,0.5303030303030303,0
2012,2012_09_DET_JAX,JAX,-6,59,0,0.15254237288135594,0.847457627118644
2012,2012_09_KC_SD,KC,-7.5,60,0,0.4166666666666667,0.5833333333333334
2012,2012_09_KC_SD,LAC,-7.5,47,0.7659574468085106,0.23404255319148937,0
2012,2012_09_MIA_IND,IND,-2.5,75,0.08,0.9066666666666666,0.01333333333333333
2012,2012_09_MIA_IND,MIA,2.5,57,0.05263157894736842,0.912280701754386,0.03508771929824561
2012,2012_09_MIN_SEA,MIN,-4.5,53,0,0.6792452830188679,0.32075471698113206
2012,2012_09_MIN_SEA,SEA,4.5,70,0.42857142857142855,0.5714285714285714,0
2012,2012_09_PHI_NO,NO,2.5,53,0.8490566037735849,0.1509433962264151,0
2012,2012_09_PHI_NO,PHI,-2.5,76,0,0.34210526315789475,0.6578947368421053
2012,2012_09_PIT_NYG,NYG,3.5,48,0.375,0.5833333333333334,0.04166666666666666
2012,2012_09_PIT_NYG,PIT,-3.5,65,0.04615384615384615,0.8307692307692308,0.12307692307692308
2012,2012_09_TB_OAK,LV,-1,75,0,0.5066666666666667,0.49333333333333335
2012,2012_09_TB_OAK,TB,-1,62,0.25806451612903225,0.7419354838709677,0
2012,2012_10_ATL_NO,ATL,1,71,0,0.704225352112676,0.29577464788732394
2012,2012_10_ATL_NO,NO,-1,61,0.29508196721311475,0.7049180327868853,0
2012,2012_10_BUF_NE,BUF,-13.5,71,0,0.14084507042253522,0.8591549295774648
2012,2012_10_BUF_NE,NE,13.5,68,0.8235294117647058,0.17647058823529413,0
2012,2012_10_DAL_PHI,DAL,1,53,0.1320754716981132,0.7735849056603774,0.09433962264150944
2012,2012_10_DAL_PHI,PHI,-1,65,0.06153846153846154,0.5692307692307692,0.3692307692307693
2012,2012_10_DEN_CAR,CAR,-3.5,64,0,0.359375,0.640625
2012,2012_10_DEN_CAR,DEN,3.5,59,0.7966101694915254,0.2033898305084746,0
2012,2012_10_DET_MIN,DET,3,61,0,0.13114754098360656,0.8688524590163934
2012,2012_10_DET_MIN,MIN,-3,65,0.8923076923076924,0.1076923076923077,0
2012,2012_10_HOU_CHI,CHI,1,56,0,0.875,0.125
2012,2012_10_HOU_CHI,HOU,-1,60,0.16666666666666666,0.8333333333333334,0
2012,2012_10_IND_JAX,IND,3,61,0.6885245901639344,0.3114754098360656,0
2012,2012_10_IND_JAX,JAX,-3,63,0,0.31746031746031744,0.6825396825396826
2012,2012_10_KC_PIT,KC,-12.5,60,0.05,0.9,0.05
2012,2012_10_KC_PIT,PIT,12.5,62,0.0967741935483871,0.9032258064516128,0
2012,2012_10_NYG_CIN,CIN,-3.5,56,0.9107142857142856,0.08928571428571429,0
2012,2012_10_NYG_CIN,NYG,3.5,70,0,0.04285714285714286,0.9571428571428572
2012,2012_10_NYJ_SEA,NYJ,-5,50,0,0.54,0.46
2012,2012_10_NYJ_SEA,SEA,5,65,0.6615384615384615,0.3384615384615385,0
2012,2012_10_OAK_BAL,BAL,9.5,62,0.8387096774193549,0.16129032258064516,0
2012,2012_10_OAK_BAL,LV,-9.5,73,0,0.1917808219178082,0.8082191780821918
2012,2012_10_SD_TB,LAC,-3,65,0,0.7384615384615385,0.26153846153846155
2012,2012_10_SD_TB,TB,3,43,0.23255813953488372,0.7674418604651163,0
2012,2012_10_STL_SF,LA,-13.5,61,0.3606557377049181,0.6065573770491803,0.03278688524590164
2012,2012_10_STL_SF,SF,13.5,54,0,0.5925925925925926,0.4074074074074074
2012,2012_10_TEN_MIA,MIA,6.5,55,0,0.2,0.8
2012,2012_10_TEN_MIA,TEN,-6.5,57,0.7894736842105263,0.21052631578947367,0
2012,2012_11_ARI_ATL,ARI,-9.5,56,0.16071428571428573,0.8214285714285714,0.01785714285714285
2012,2012_11_ARI_ATL,ATL,9.5,68,0.07352941176470588,0.6911764705882353,0.2352941176470588
2012,2012_11_BAL_PIT,BAL,3,56,0.07142857142857142,0.9285714285714286,0
2012,2012_11_BAL_PIT,PIT,-3,69,0,0.9130434782608696,0.08695652173913043
2012,2012_11_CHI_SF,CHI,-3.5,56,0,0.05357142857142857,0.9464285714285714
2012,2012_11_CHI_SF,SF,3.5,53,0.7924528301886793,0.20754716981132076,0
2012,2012_11_CIN_KC,CIN,3,69,0.6231884057971014,0.37681159420289856,0
2012,2012_11_CIN_KC,KC,-3,59,0,0.3389830508474576,0.6610169491525424
2012,2012_11_CLE_DAL,CLE,-7,67,0.4626865671641791,0.5074626865671642,0.02985074626865671
2012,2012_11_CLE_DAL,DAL,7,64,0.0625,0.53125,0.40625
2012,2012_11_GB_DET,DET,-3,68,0.1176470588235294,0.8382352941176471,0.04411764705882353
2012,2012_11_GB_DET,GB,3,59,0.05084745762711865,0.8983050847457628,0.05084745762711865
2012,2012_11_IND_NE,IND,-10,75,0,0.37333333333333335,0.6266666666666667
2012,2012_11_IND_NE,NE,10,60,0.65,0.35,0
2012,2012_11_JAX_HOU,HOU,15,74,0.10810810810810811,0.5945945945945946,0.2972972972972973
2012,2012_11_JAX_HOU,JAX,-15,52,0.2692307692307692,0.7307692307692307,0
2012,2012_11_MIA_BUF,BUF,1,60,0.95,0.05,0
2012,2012_11_MIA_BUF,MIA,-1,55,0,0.16363636363636364,0.8363636363636363
2012,2012_11_NO_OAK,LV,6,69,0,0.17391304347826086,0.8260869565217391
2012,2012_11_NO_OAK,NO,6,54,0.7222222222222222,0.2777777777777778,0
2012,2012_11_NYJ_STL,LA,-3.5,64,0.046875,0.546875,0.40625
2012,2012_11_NYJ_STL,NYJ,-3.5,63,0.4126984126984127,0.5555555555555556,0.03174603174603174
2012,2012_11_PHI_WAS,PHI,-3.5,71,0,0.18309859154929575,0.8169014084507042
2012,2012_11_PHI_WAS,WAS,3.5,50,0.86,0.14,0
2012,2012_11_SD_DEN,DEN,7.5,69,0.5217391304347826,0.4782608695652174,0
2012,2012_11_SD_DEN,LAC,-7.5,67,0,0.3880597014925373,0.6119402985074627
2012,2012_11_TB_CAR,CAR,-1,63,0.25396825396825395,0.7142857142857143,0.03174603174603174
2012,2012_11_TB_CAR,TB,1,68,0.14705882352941177,0.6323529411764706,0.22058823529411764
2012,2012_12_ATL_TB,ATL,1,57,0.08771929824561403,0.8947368421052632,0.0175438596491228
2012,2012_12_ATL_TB,TB,-1,54,0.05555555555555555,0.9444444444444444,0
2012,2012_12_BAL_SD,BAL,1,73,0,0.5753424657534246,0.4246575342465753
2012,2012_12_BAL_SD,LAC,1,54,0.5740740740740741,0.42592592592592593,0
2012,2012_12_BUF_IND,BUF,-2,58,0,0.5862068965517241,0.41379310344827586
2012,2012_12_BUF_IND,IND,2,66,0.5,0.5,0
2012,2012_12_CAR_PHI,CAR,3,63,0.23809523809523808,0.7619047619047619,0
2012,2012_12_CAR_PHI,PHI,-3,48,0,0.875,0.125
2012,2012_12_DEN_KC,DEN,10,63,0.25396825396825395,0.746031746031746,0
2012,2012_12_DEN_KC,KC,-10,58,0.05172413793103448,0.8793103448275862,0.06896551724137931
2012,2012_12_GB_NYG,GB,-1,58,0,0.15517241379310345,0.8448275862068966
2012,2012_12_GB_NYG,NYG,1,61,0.7213114754098361,0.2786885245901639,0
2012,2012_12_HOU_DET,DET,-3.5,74,0.25675675675675674,0.7432432432432432,0
2012,2012_12_HOU_DET,HOU,3.5,61,0,0.6721311475409836,0.32786885245901637
2012,2012_12_MIN_CHI,CHI,6.5,70,0.8571428571428571,0.14285714285714285,0
2012,2012_12_MIN_CHI,MIN,-6.5,65,0,0.27692307692307694,0.7230769230769231
2012,2012_12_NE_NYJ,NE,7,64,0.609375,0.390625,0
2012,2012_12_NE_NYJ,NYJ,-7,66,0,0.2878787878787879,0.7121212121212122
2012,2012_12_OAK_CIN,CIN,9.5,63,0.9206349206349206,0.07936507936507936,0
2012,2012_12_OAK_CIN,LV,-9.5,61,0,0.08196721311475409,0.918032786885246
2012,2012_12_PIT_CLE,CLE,-1,64,0.3125,0.6875,0
2012,2012_12_PIT_CLE,PIT,1,55,0,0.7272727272727273,0.2727272727272727
2012,2012_12_SEA_MIA,MIA,-3,53,0.03773584905660377,0.8113207547169812,0.1509433962264151
2012,2012_12_SEA_MIA,SEA,3,56,0.10714285714285714,0.8392857142857143,0.05357142857142857
2012,2012_12_SF_NO,NO,-1,65,0.07692307692307693,0.5384615384615384,0.38461538461538464
2012,2012_12_SF_NO,SF,1,56,0.44642857142857145,0.5535714285714286,0
2012,2012_12_STL_ARI,ARI,1,77,0.06493506493506493,0.6233766233766234,0.3116883116883117
2012,2012_12_STL_ARI,LA,-1,53,0.33962264150943394,0.5283018867924528,0.1320754716981132
2012,2012_12_TEN_JAX,JAX,-3.5,59,0.3389830508474576,0.6610169491525424,0
2012,2012_12_TEN_JAX,TEN,3.5,70,0,0.7142857142857143,0.2857142857142857
2012,2012_12_WAS_DAL,DAL,3.5,73,0,0.273972602739726,0.726027397260274
2012,2012_12_WAS_DAL,WAS,-3.5,61,0.6721311475409836,0.32786885245901637,0
2012,2012_13_ARI_NYJ,ARI,-6,54,0,1,0
2012,2012_13_ARI_NYJ,NYJ,6,74,0.17567567567567569,0.8243243243243243,0
2012,2012_13_CAR_KC,CAR,5,51,0,0.6862745098039216,0.3137254901960784
2012,2012_13_CAR_KC,KC,-5,67,0.2835820895522388,0.7164179104477612,0
2012,2012_13_CIN_SD,CIN,-1,71,0.07042253521126761,0.9295774647887324,0
2012,2012_13_CIN_SD,LAC,-1,62,0.08064516129032258,0.7741935483870968,0.14516129032258066
2012,2012_13_CLE_OAK,CLE,2.5,66,0.3939393939393939,0.6060606060606061,0
2012,2012_13_CLE_OAK,LV,2.5,69,0,0.5507246376811594,0.4492753623188406
2012,2012_13_HOU_TEN,HOU,7,67,0.6417910447761194,0.3582089552238806,0
2012,2012_13_HOU_TEN,TEN,-7,68,0,0.2352941176470588,0.7647058823529411
2012,2012_13_IND_DET,DET,7,75,0.3333333333333333,0.6666666666666666,0
2012,2012_13_IND_DET,IND,-7,72,0,0.4861111111111111,0.5138888888888888
2012,2012_13_JAX_BUF,BUF,6,62,0.7419354838709677,0.25806451612903225,0
2012,2012_13_JAX_BUF,JAX,-6,62,0,0.4032258064516129,0.5967741935483871
2012,2012_13_MIN_GB,GB,7,73,0.4246575342465753,0.5753424657534246,0
2012,2012_13_MIN_GB,MIN,-7,53,0,0.5849056603773585,0.41509433962264153
2012,2012_13_NE_MIA,MIA,-7,58,0,0.5172413793103449,0.4827586206896552
2012,2012_13_NE_MIA,NE,7,74,0.527027027027027,0.47297297297297297,0
2012,2012_13_NO_ATL,ATL,3.5,54,0.7222222222222222,0.2777777777777778,0
2012,2012_13_NO_ATL,NO,-3.5,74,0,0.3783783783783784,0.6216216216216216
2012,2012_13_NYG_WAS,NYG,2.5,63,0.01587301587301587,0.984126984126984,0
2012,2012_13_NYG_WAS,WAS,-2.5,51,0.1176470588235294,0.8823529411764706,0
2012,2012_13_PHI_DAL,DAL,10.5,61,0.04918032786885246,0.8032786885245902,0.14754098360655735
2012,2012_13_PHI_DAL,PHI,-10.5,61,0,0.8688524590163934,0.13114754098360656
2012,2012_13_PIT_BAL,BAL,7,57,0.12280701754385964,0.8771929824561403,0
2012,2012_13_PIT_BAL,PIT,-7,65,0.01538461538461538,0.7538461538461538,0.2307692307692308
2012,2012_13_SEA_CHI,CHI,3,59,0.5254237288135594,0.4576271186440678,0.01694915254237288
2012,2012_13_SEA_CHI,SEA,-3,59,0,0.7457627118644068,0.2542372881355932
2012,2012_13_SF_STL,LA,7,53,0,0.8301886792452831,0.16981132075471697
2012,2012_13_SF_STL,SF,7,60,0.4,0.6,0
2012,2012_13_TB_DEN,DEN,9.5,65,0.4307692307692308,0.5692307692307692,0
2012,2012_13_TB_DEN,TB,-9.5,61,0,0.5409836065573771,0.45901639344262296
2012,2012_14_ARI_SEA,ARI,-10.5,58,0,0.1724137931034483,0.8275862068965517
2012,2012_14_ARI_SEA,SEA,10.5,64,0.859375,0.140625,0
2012,2012_14_ATL_CAR,ATL,3,62,0,0.08064516129032258,0.9193548387096774
2012,2012_14_ATL_CAR,CAR,-3,66,0.7878787878787878,0.21212121212121213,0
2012,2012_14_BAL_WAS,BAL,-1,54,0.16666666666666666,0.8333333333333334,0
2012,2012_14_BAL_WAS,WAS,1,64,0,0.78125,0.21875
2012,2012_14_CHI_MIN,CHI,1,73,0,0.1643835616438356,0.8356164383561644
2012,2012_14_CHI_MIN,MIN,-1,53,0.8867924528301887,0.11320754716981132,0
2012,2012_14_DAL_CIN,CIN,3.5,57,0.5263157894736842,0.47368421052631576,0
2012,2012_14_DAL_CIN,DAL,-3.5,70,0,0.5857142857142857,0.4142857142857143
2012,2012_14_DEN_OAK,DEN,10,75,0.7466666666666667,0.25333333333333335,0
2012,2012_14_DEN_OAK,LV,10,46,0,0.1956521739130435,0.8043478260869565
2012,2012_14_DET_GB,DET,-6,76,0.11842105263157894,0.6052631578947368,0.27631578947368424
2012,2012_14_DET_GB,GB,6,51,0.17647058823529413,0.7254901960784313,0.09803921568627452
2012,2012_14_HOU_NE,HOU,-5.5,65,0,0.12307692307692308,0.8769230769230769
2012,2012_14_HOU_NE,NE,5.5,70,0.9,0.1,0
2012,2012_14_KC_CLE,CLE,7,66,0.4696969696969697,0.5303030303030303,0
2012,2012_14_KC_CLE,KC,-7,52,0.05769230769230769,0.5,0.4423076923076923
2012,2012_14_MIA_SF,MIA,-10.5,57,0,0.49122807017543857,0.5087719298245614
2012,2012_14_MIA_SF,SF,10.5,52,0.4423076923076923,0.5576923076923077,0
2012,2012_14_NO_NYG,NO,-4,67,0,0.4925373134328358,0.5074626865671642
2012,2012_14_NO_NYG,NYG,4,60,0.5333333333333333,0.4666666666666667,0
2012,2012_14_NYJ_JAX,JAX,-3,69,0.07246376811594203,0.5362318840579711,0.391304347826087
2012,2012_14_NYJ_JAX,NYJ,3,61,0.26229508196721313,0.7377049180327869,0
2012,2012_14_PHI_TB,PHI,-8,72,0.04166666666666666,0.7777777777777778,0.18055555555555555
2012,2012_14_PHI_TB,TB,8,68,0.22058823529411764,0.6764705882352942,0.10294117647058824
2012,2012_14_SD_PIT,LAC,-7,77,0.5584415584415584,0.44155844155844154,0
2012,2012_14_SD_PIT,PIT,7,60,0,0.36666666666666664,0.6333333333333333
2012,2012_14_STL_BUF,BUF,3.5,58,0.1724137931034483,0.7758620689655172,0.05172413793103448
2012,2012_14_STL_BUF,LA,-3.5,66,0,0.803030303030303,0.19696969696969696
2012,2012_14_TEN_IND,IND,3.5,65,0.1076923076923077,0.5384615384615384,0.35384615384615387
2012,2012_14_TEN_IND,TEN,-3.5,60,0.13333333333333333,0.8,0.06666666666666667
2012,2012_15_CAR_SD,CAR,-3,74,0.8108108108108109,0.1891891891891892,0
2012,2012_15_CAR_SD,LAC,-3,45,0,0.06666666666666667,0.9333333333333332
2012,2012_15_CIN_PHI,CIN,4.5,70,0.5428571428571428,0.45714285714285713,0
2012,2012_15_CIN_PHI,PHI,-4.5,53,0,0.7547169811320755,0.24528301886792453
2012,2012_15_DEN_BAL,BAL,-3,61,0,0.39344262295081966,0.6065573770491803
2012,2012_15_DEN_BAL,DEN,3,73,0.5616438356164384,0.4383561643835616,0
2012,2012_15_DET_ARI,ARI,-5.5,51,0.4509803921568627,0.5490196078431373,0
2012,2012_15_DET_ARI,DET,5.5,74,0,0.47297297297297297,0.527027027027027
2012,2012_15_GB_CHI,CHI,-3,48,0,0.5208333333333334,0.4791666666666667
2012,2012_15_GB_CHI,GB,3,71,0.4647887323943662,0.5352112676056338,0
2012,2012_15_IND_HOU,HOU,10.5,66,0.6515151515151515,0.3484848484848485,0
2012,2012_15_IND_HOU,IND,-10.5,56,0,0.32142857142857145,0.6785714285714286
2012,2012_15_JAX_MIA,JAX,-7.5,57,0,0.47368421052631576,0.5263157894736842
2012,2012_15_JAX_MIA,MIA,7.5,63,0.5714285714285714,0.42857142857142855,0
2012,2012_15_KC_OAK,KC,-4.5,46,0,0.391304347826087,0.6086956521739131
2012,2012_15_KC_OAK,LV,-4.5,75,0.5333333333333333,0.4666666666666667,0
2012,2012_15_MIN_STL,LA,-1,77,0,0.2857142857142857,0.7142857142857143
2012,2012_15_MIN_STL,MIN,-1,57,0.7192982456140351,0.2807017543859649,0
2012,2012_15_NYG_ATL,ATL,1,64,0.9375,0.0625,0
2012,2012_15_NYG_ATL,NYG,-1,47,0,0.1702127659574468,0.8297872340425532
2012,2012_15_NYJ_TEN,NYJ,-1,63,0,0.9682539682539684,0.03174603174603174
2012,2012_15_NYJ_TEN,TEN,1,55,0.2545454545454545,0.7454545454545455,0
2012,2012_15_PIT_DAL,DAL,-1,62,0.2258064516129032,0.6935483870967742,0.08064516129032258
2012,2012_15_PIT_DAL,PIT,1,58,0,0.7931034482758621,0.20689655172413793
2012,2012_15_SEA_BUF,BUF,-4.5,66,0,0.10606060606060606,0.8939393939393939
2012,2012_15_SEA_BUF,SEA,4.5,57,0.6842105263157895,0.3157894736842105,0
2012,2012_15_SF_NE,NE,4,90,0,0.36666666666666664,0.6333333333333333
2012,2012_15_SF_NE,SF,-4,65,0.7692307692307693,0.2307692307692308,0
2012,2012_15_TB_NO,NO,3.5,64,0.796875,0.203125,0
2012,2012_15_TB_NO,TB,-3.5,71,0,0.19718309859154928,0.8028169014084507
2012,2012_15_WAS_CLE,CLE,4,52,0.1153846153846154,0.5961538461538461,0.28846153846153844
2012,2012_15_WAS_CLE,WAS,-4,73,0.4246575342465753,0.4931506849315068,0.0821917808219178
2012,2012_16_ATL_DET,ATL,3.5,55,0.6363636363636364,0.3636363636363637,0
2012,2012_16_ATL_DET,DET,-3.5,78,0,0.2948717948717949,0.7051282051282052
2012,2012_16_BUF_MIA,BUF,-5,65,0,0.35384615384615387,0.6461538461538462
2012,2012_16_BUF_MIA,MIA,5,60,0.5,0.5,0
2012,2012_16_CHI_ARI,ARI,-7,72,0,0.3472222222222222,0.6527777777777778
2012,2012_16_CHI_ARI,CHI,7,58,0.7586206896551724,0.2413793103448276,0
2012,2012_16_CIN_PIT,CIN,-3.5,63,0.1111111111111111,0.8888888888888888,0
2012,2012_16_CIN_PIT,PIT,3.5,62,0,0.935483870967742,0.06451612903225806
2012,2012_16_CLE_DEN,CLE,-11,59,0,0.22033898305084745,0.7796610169491526
2012,2012_16_CLE_DEN,DEN,11,74,0.6891891891891891,0.3108108108108108,0
2012,2012_16_IND_KC,IND,4.5,62,0.0967741935483871,0.9032258064516128,0
2012,2012_16_IND_KC,KC,-4.5,66,0,0.9393939393939394,0.06060606060606061
2012,2012_16_MIN_HOU,HOU,7.5,52,0,0.4807692307692308,0.5192307692307693
2012,2012_16_MIN_HOU,MIN,-7.5,70,0.5714285714285714,0.42857142857142855,0
2012,2012_16_NE_JAX,JAX,-14,73,0.3013698630136986,0.410958904109589,0.2876712328767123
2012,2012_16_NE_JAX,NE,14,71,0.19718309859154928,0.4929577464788733,0.30985915492957744
2012,2012_16_NO_DAL,DAL,1,51,0,0.6274509803921569,0.37254901960784315
2012,2012_16_NO_DAL,NO,-1,84,0.27380952380952384,0.7023809523809523,0.0238095238095238
2012,2012_16_NYG_BAL,BAL,-1,77,0.8181818181818182,0.18181818181818185,0
2012,2012_16_NYG_BAL,NYG,1,45,0,0.06666666666666667,0.9333333333333332
2012,2012_16_OAK_CAR,CAR,9.5,56,0.4642857142857143,0.5357142857142857,0
2012,2012_16_OAK_CAR,LV,-9.5,59,0,0.3898305084745763,0.6101694915254238
2012,2012_16_SD_NYJ,LAC,-3,52,0.25,0.7307692307692307,0.01923076923076923
2012,2012_16_SD_NYJ,NYJ,3,59,0.01694915254237288,0.6101694915254238,0.3728813559322034
2012,2012_16_SF_SEA,SEA,2.5,58,0.9655172413793104,0.03448275862068965,0
2012,2012_16_SF_SEA,SF,-2.5,56,0,0.05357142857142857,0.9464285714285714
2012,2012_16_STL_TB,LA,-3,52,0.5192307692307693,0.4807692307692308,0
2012,2012_16_STL_TB,TB,3,81,0,0.3950617283950617,0.6049382716049383
2012,2012_16_TEN_GB,GB,10.5,73,0.8493150684931506,0.1506849315068493,0
2012,2012_16_TEN_GB,TEN,-10.5,59,0,0.1016949152542373,0.8983050847457628
2012,2012_16_WAS_PHI,PHI,-3.5,75,0.12,0.5066666666666667,0.37333333333333335
2012,2012_16_WAS_PHI,WAS,3.5,52,0.34615384615384615,0.6346153846153846,0.01923076923076923
2012,2012_17_ARI_SF,ARI,-16,53,0,0.660377358490566,0.33962264150943394
2012,2012_17_ARI_SF,SF,16,65,0.4615384615384616,0.5384615384615384,0
2012,2012_17_BAL_CIN,BAL,-5.5,83,0,0.8072289156626506,0.1927710843373494
2012,2012_17_BAL_CIN,CIN,5.5,47,0.0851063829787234,0.9148936170212766,0
2012,2012_17_CAR_NO,CAR,-4,73,0.2054794520547945,0.7397260273972602,0.0547945205479452
2012,2012_17_CAR_NO,NO,4,63,0.07936507936507936,0.6507936507936508,0.2698412698412698
2012,2012_17_CHI_DET,CHI,3,65,0.5846153846153846,0.4153846153846154,0
2012,2012_17_CHI_DET,DET,-3,62,0,0.5645161290322581,0.43548387096774194
2012,2012_17_CLE_PIT,CLE,-10,62,0,0.6451612903225806,0.3548387096774194
2012,2012_17_CLE_PIT,PIT,10,51,0.29411764705882354,0.7058823529411765,0
2012,2012_17_DAL_WAS,DAL,-3,61,0,0.7213114754098361,0.2786885245901639
2012,2012_17_DAL_WAS,WAS,3,61,0.29508196721311475,0.7049180327868853,0
2012,2012_17_GB_MIN,GB,3,60,0,0.31666666666666665,0.6833333333333333
2012,2012_17_GB_MIN,MIN,-3,66,0.4545454545454546,0.5454545454545454,0
2012,2012_17_HOU_IND,HOU,6.5,59,0,0.6779661016949152,0.3220338983050847
2012,2012_17_HOU_IND,IND,-6.5,59,0.4067796610169492,0.5932203389830508,0
2012,2012_17_JAX_TEN,JAX,-6,71,0.08450704225352113,0.5211267605633803,0.39436619718309857
2012,2012_17_JAX_TEN,TEN,6,51,0.6078431372549019,0.392156862745098,0
2012,2012_17_KC_DEN,DEN,17,72,0.8194444444444444,0.18055555555555555,0
2012,2012_17_KC_DEN,KC,-17,47,0,0.425531914893617,0.574468085106383
2012,2012_17_MIA_NE,MIA,-11.5,57,0,0.24561403508771928,0.7543859649122807
2012,2012_17_MIA_NE,NE,11.5,75,0.7466666666666667,0.25333333333333335,0
2012,2012_17_NYJ_BUF,BUF,3.5,57,0.5614035087719298,0.43859649122807015,0
2012,2012_17_NYJ_BUF,NYJ,-3.5,71,0,0.7323943661971831,0.2676056338028169
2012,2012_17_OAK_SD,LAC,-9.5,50,0.64,0.36,0
2012,2012_17_OAK_SD,LV,-9.5,57,0,0.24561403508771928,0.7543859649122807
2012,2012_17_PHI_NYG,NYG,6.5,55,0.9090909090909092,0.09090909090909093,0
2012,2012_17_PHI_NYG,PHI,-6.5,65,0,0.13846153846153847,0.8615384615384616
2012,2012_17_STL_SEA,LA,-11,61,0,0.8524590163934426,0.14754098360655735
2012,2012_17_STL_SEA,SEA,11,53,0.05660377358490566,0.9433962264150944,0
2012,2012_17_TB_ATL,ATL,3,62,0,0.46774193548387094,0.532258064516129
2012,2012_17_TB_ATL,TB,-3,65,0.676923076923077,0.3230769230769231,0
2012,2012_18_CIN_HOU,CIN,-4,47,0,0.44680851063829785,0.5531914893617021
2012,2012_18_CIN_HOU,HOU,4,73,0.3287671232876712,0.6712328767123288,0
2012,2012_18_IND_BAL,BAL,7.5,53,0.32075471698113206,0.6792452830188679,0
2012,2012_18_IND_BAL,IND,-7.5,87,0,0.4942528735632184,0.5057471264367817
2012,2012_18_MIN_GB,GB,10.5,67,0.7164179104477612,0.2835820895522388,0
2012,2012_18_MIN_GB,MIN,-10.5,61,0,0.3442622950819672,0.6557377049180327
2012,2012_18_SEA_WAS,SEA,3,67,0.16417910447761194,0.5522388059701493,0.2835820895522388
2012,2012_18_SEA_WAS,WAS,-3,54,0.25925925925925924,0.5,0.24074074074074073
2012,2012_19_BAL_DEN,BAL,-9.5,55,0,0.509090909090909,0.4909090909090909
2012,2012_19_BAL_DEN,DEN,9.5,73,0.4520547945205479,0.547945205479452,0
2012,2012_19_GB_SF,GB,-3,56,0,0.5535714285714286,0.44642857142857145
2012,2012_19_GB_SF,SF,3,73,0.2602739726027397,0.7397260273972602,0
2012,2012_19_HOU_NE,HOU,-9.5,75,0,0.28,0.72
2012,2012_19_HOU_NE,NE,9.5,64,0.609375,0.390625,0
2012,2012_19_SEA_ATL,ATL,2.5,61,0.639344262295082,0.3606557377049181,0
2012,2012_19_SEA_ATL,SEA,-2.5,66,0,0.21212121212121213,0.7878787878787878
2012,2012_20_BAL_NE,BAL,-8,71,0.2535211267605634,0.7183098591549296,0.02816901408450704
2012,2012_20_BAL_NE,NE,8,80,0.05,0.6375,0.3125
2012,2012_20_SF_ATL,ATL,-3.5,66,0.42424242424242425,0.5606060606060606,0.01515151515151515
2012,2012_20_SF_ATL,SF,3.5,51,0.0588235294117647,0.37254901960784315,0.5686274509803921
2012,2012_21_BAL_SF,BAL,-4.5,70,0.5714285714285714,0.42857142857142855,0
2012,2012_21_BAL_SF,SF,4.5,60,0,0.5166666666666667,0.48333333333333334
2013,2013_01_ARI_STL,ARI,-3.5,70,0.02857142857142857,0.9285714285714286,0.04285714285714286
2013,2013_01_ARI_STL,LA,-3.5,62,0.08064516129032258,0.8064516129032258,0.1129032258064516
2013,2013_01_ATL_NO,ATL,-3.5,55,0.05454545454545454,0.8727272727272727,0.07272727272727272
2013,2013_01_ATL_NO,NO,3.5,64,0.1875,0.8125,0
2013,2013_01_BAL_DEN,BAL,-7.5,87,0,0.5747126436781609,0.42528735632183906
2013,2013_01_BAL_DEN,DEN,7.5,66,0.48484848484848486,0.5151515151515151,0
2013,2013_01_CIN_CHI,CHI,3,58,0.15517241379310345,0.7241379310344828,0.1206896551724138
2013,2013_01_CIN_CHI,CIN,-3,54,0.0925925925925926,0.9074074074074074,0
2013,2013_01_GB_SF,GB,-5,57,0,0.6666666666666666,0.3333333333333333
2013,2013_01_GB_SF,SF,5,75,0.29333333333333333,0.7066666666666667,0
2013,2013_01_HOU_SD,HOU,5,75,0.02666666666666667,0.4,0.5733333333333334
2013,2013_01_HOU_SD,LAC,5,51,0.5686274509803921,0.43137254901960786,0
2013,2013_01_KC_JAX,JAX,-3.5,70,0,0.2,0.8
2013,2013_01_KC_JAX,KC,3.5,61,0.7868852459016393,0.21311475409836064,0
2013,2013_01_MIA_CLE,CLE,2.5,72,0,0.7083333333333334,0.2916666666666667
2013,2013_01_MIA_CLE,MIA,-2.5,62,0.2258064516129032,0.7741935483870968,0
2013,2013_01_MIN_DET,DET,4,75,0.18666666666666668,0.7066666666666667,0.10666666666666667
2013,2013_01_MIN_DET,MIN,-4,52,0.15384615384615383,0.4807692307692308,0.36538461538461536
2013,2013_01_NE_BUF,BUF,-10,61,0.08196721311475409,0.7868852459016393,0.13114754098360656
2013,2013_01_NE_BUF,NE,10,87,0.09195402298850576,0.896551724137931,0.01149425287356321
2013,2013_01_NYG_DAL,DAL,3.5,73,0.5205479452054794,0.4794520547945205,0
2013,2013_01_NYG_DAL,NYG,-3.5,58,0,0.3103448275862069,0.6896551724137931
2013,2013_01_OAK_IND,IND,11,51,0.5098039215686274,0.4901960784313726,0
2013,2013_01_OAK_IND,LV,-11,63,0,0.6349206349206349,0.36507936507936506
2013,2013_01_PHI_WAS,PHI,-4,75,0.4133333333333334,0.5733333333333334,0.01333333333333333
2013,2013_01_PHI_WAS,WAS,4,70,0,0.21428571428571427,0.7857142857142857
2013,2013_01_SEA_CAR,CAR,-3,50,0,0.98,0.02
2013,2013_01_SEA_CAR,SEA,3,58,0.13793103448275862,0.8620689655172413,0
2013,2013_01_TB_NYJ,NYJ,-4,72,0.01388888888888888,0.9583333333333334,0.02777777777777777
2013,2013_01_TB_NYJ,TB,4,59,0.05084745762711865,0.9491525423728814,0
2013,2013_01_TEN_PIT,PIT,6,53,0.09433962264150944,0.5283018867924528,0.37735849056603776
2013,2013_01_TEN_PIT,TEN,-6,61,0.4426229508196721,0.5573770491803278,0
2013,2013_02_CAR_BUF,BUF,-3.5,72,0.05555555555555555,0.7777777777777778,0.16666666666666666
2013,2013_02_CAR_BUF,CAR,3.5,76,0.17105263157894737,0.8289473684210527,0
2013,2013_02_CLE_BAL,BAL,5.5,68,0.19117647058823528,0.8088235294117647,0
2013,2013_02_CLE_BAL,CLE,-5.5,62,0.06451612903225806,0.7903225806451613,0.14516129032258066
2013,2013_02_DAL_KC,DAL,-3,60,0,0.9833333333333332,0.01666666666666666
2013,2013_02_DAL_KC,KC,3,63,0.15873015873015872,0.8412698412698413,0
2013,2013_02_DEN_NYG,DEN,3.5,69,0.2028985507246377,0.7971014492753623,0
2013,2013_02_DEN_NYG,NYG,-3.5,69,0,0.6086956521739131,0.391304347826087
2013,2013_02_DET_ARI,ARI,-1,64,0,0.96875,0.03125
2013,2013_02_DET_ARI,DET,1,57,0,0.9298245614035088,0.07017543859649122
2013,2013_02_JAX_OAK,JAX,-3.5,61,0,0.5573770491803278,0.4426229508196721
2013,2013_02_JAX_OAK,LV,-3.5,60,0.55,0.45,0
2013,2013_02_MIA_IND,IND,1,72,0,0.9583333333333334,0.04166666666666666
2013,2013_02_MIA_IND,MIA,-1,64,0.15625,0.84375,0
2013,2013_02_MIN_CHI,CHI,6,64,0.15625,0.75,0.09375
2013,2013_02_MIN_CHI,MIN,-6,64,0.109375,0.765625,0.125
2013,2013_02_NO_TB,NO,3,69,0.14492753623188406,0.855072463768116,0
2013,2013_02_NO_TB,TB,-3,56,0.10714285714285714,0.875,0.01785714285714285
2013,2013_02_NYJ_NE,NE,10.5,63,0.5396825396825397,0.4603174603174603,0
2013,2013_02_NYJ_NE,NYJ,-10.5,71,0,0.647887323943662,0.352112676056338
2013,2013_02_PIT_CIN,CIN,7,79,0.5189873417721519,0.4810126582278481,0
2013,2013_02_PIT_CIN,PIT,-7,54,0,0.42592592592592593,0.5740740740740741
2013,2013_02_SD_PHI,LAC,-7.5,78,0.08974358974358974,0.9102564102564102,0
2013,2013_02_SD_PHI,PHI,7.5,58,0,0.8793103448275862,0.1206896551724138
2013,2013_02_SF_SEA,SEA,3,68,0.5882352941176471,0.4117647058823529,0
2013,2013_02_SF_SEA,SF,-3,51,0,0.5490196078431373,0.4509803921568627
2013,2013_02_STL_ATL,ATL,4,61,0.7377049180327869,0.26229508196721313,0
2013,2013_02_STL_ATL,LA,-4,72,0,0.08333333333333333,0.9166666666666666
2013,2013_02_TEN_HOU,HOU,7.5,67,0.1044776119402985,0.7313432835820896,0.16417910447761194
2013,2013_02_TEN_HOU,TEN,-7.5,67,0.04477611940298507,0.835820895522388,0.11940298507462686
2013,2013_02_WAS_GB,GB,9,67,0.7014925373134329,0.29850746268656714,0
2013,2013_02_WAS_GB,WAS,-9,57,0,0.15789473684210523,0.8421052631578947
2013,2013_03_ARI_NO,ARI,-8,55,0,0.6363636363636364,0.3636363636363637
2013,2013_03_ARI_NO,NO,8,71,0.6197183098591549,0.38028169014084506,0
2013,2013_03_ATL_MIA,ATL,-3,68,0.16176470588235295,0.8088235294117647,0.02941176470588235
2013,2013_03_ATL_MIA,MIA,3,54,0,0.8518518518518519,0.14814814814814814
2013,2013_03_BUF_NYJ,BUF,-2.5,74,0,0.3108108108108108,0.6891891891891891
2013,2013_03_BUF_NYJ,NYJ,2.5,70,0.6,0.4,0
2013,2013_03_CHI_PIT,CHI,2.5,57,0.6140350877192983,0.38596491228070173,0
2013,2013_03_CHI_PIT,PIT,-2.5,65,0,0.18461538461538465,0.8153846153846154
2013,2013_03_CLE_MIN,CLE,-7,75,0.17333333333333334,0.8266666666666667,0
2013,2013_03_CLE_MIN,MIN,7,79,0.05063291139240506,0.7848101265822784,0.16455696202531644
2013,2013_03_DET_WAS,DET,1,66,0.16666666666666666,0.7878787878787878,0.04545454545454545
2013,2013_03_DET_WAS,WAS,-1,74,0,0.7837837837837838,0.21621621621621623
2013,2013_03_GB_CIN,CIN,-3,54,0.2777777777777778,0.3888888888888889,0.3333333333333333
2013,2013_03_GB_CIN,GB,3,77,0.24675324675324675,0.5194805194805194,0.23376623376623376
2013,2013_03_HOU_BAL,BAL,1,57,0.6140350877192983,0.38596491228070173,0
2013,2013_03_HOU_BAL,HOU,-1,61,0,0.5245901639344263,0.47540983606557374
2013,2013_03_IND_SF,IND,-10.5,66,0.3181818181818182,0.6818181818181818,0
2013,2013_03_IND_SF,SF,10.5,52,0,0.7115384615384616,0.28846153846153844
2013,2013_03_JAX_SEA,JAX,-19.5,66,0,0.12121212121212122,0.8787878787878788
2013,2013_03_JAX_SEA,SEA,19.5,65,0.8461538461538461,0.15384615384615383,0
2013,2013_03_KC_PHI,KC,-3,74,0.5675675675675675,0.43243243243243246,0
2013,2013_03_KC_PHI,PHI,3,63,0,0.6507936507936508,0.3492063492063492
2013,2013_03_NYG_CAR,CAR,-1,72,0.7916666666666666,0.20833333333333337,0
2013,2013_03_NYG_CAR,NYG,1,50,0,0.3,0.7
2013,2013_03_OAK_DEN,DEN,16,71,0.8873239436619719,0.11267605633802816,0
2013,2013_03_OAK_DEN,LV,-16,51,0,0.0588235294117647,0.9411764705882352
2013,2013_03_SD_TEN,LAC,-3,53,0.18867924528301888,0.7547169811320755,0.05660377358490566
2013,2013_03_SD_TEN,TEN,3,67,0,0.746268656716418,0.2537313432835821
2013,2013_03_STL_DAL,DAL,3.5,59,0.864406779661017,0.13559322033898305,0
2013,2013_03_STL_DAL,LA,-3.5,67,0,0.1044776119402985,0.8955223880597015
2013,2013_03_TB_NE,NE,7.5,69,0.5942028985507246,0.4057971014492754,0
2013,2013_03_TB_NE,TB,-7.5,66,0,0.5,0.5
2013,2013_04_ARI_TB,ARI,-2.5,57,0.05263157894736842,0.22807017543859648,0.7192982456140351
2013,2013_04_ARI_TB,TB,2.5,75,0.7333333333333333,0.25333333333333335,0.01333333333333333
2013,2013_04_BAL_BUF,BAL,4,63,0,0.42857142857142855,0.5714285714285714
2013,2013_04_BAL_BUF,BUF,-4,74,0.6891891891891891,0.3108108108108108,0
2013,2013_04_CHI_DET,CHI,-3,66,0,0.2272727272727273,0.7727272727272727
2013,2013_04_CHI_DET,DET,3,63,0.5079365079365079,0.492063492063492,0
2013,2013_04_CIN_CLE,CIN,3.5,64,0,0.765625,0.234375
2013,2013_04_CIN_CLE,CLE,-3.5,68,0.3088235294117647,0.6911764705882353,0
2013,2013_04_DAL_SD,DAL,1,56,0,0.625,0.375
2013,2013_04_DAL_SD,LAC,1,70,0.18571428571428572,0.7,0.11428571428571428
2013,2013_04_IND_JAX,IND,9.5,70,0.6571428571428571,0.34285714285714286,0
2013,2013_04_IND_JAX,JAX,-9.5,54,0,0.3703703703703703,0.6296296296296297
2013,2013_04_MIA_NO,MIA,-7,57,0,0.3333333333333333,0.6666666666666666
2013,2013_04_MIA_NO,NO,7,62,0.5483870967741935,0.4516129032258064,0
2013,2013_04_NE_ATL,ATL,3,71,0,0.7183098591549296,0.28169014084507044
2013,2013_04_NE_ATL,NE,-3,59,0.23728813559322037,0.7627118644067796,0
2013,2013_04_NYG_KC,KC,3.5,67,0.2835820895522388,0.7164179104477612,0
2013,2013_04_NYG_KC,NYG,-3.5,61,0,0.7049180327868853,0.29508196721311475
2013,2013_04_NYJ_TEN,NYJ,-3.5,62,0,0.08064516129032258,0.9193548387096774
2013,2013_04_NYJ_TEN,TEN,3.5,63,0.9206349206349206,0.07936507936507936,0
2013,2013_04_PHI_DEN,DEN,10.5,70,0.7428571428571429,0.2571428571428571,0
2013,2013_04_PHI_DEN,PHI,-10.5,68,0,0.16176470588235295,0.8382352941176471
2013,2013_04_PIT_MIN,MIN,-3,50,0.6,0.4,0
2013,2013_04_PIT_MIN,PIT,3,74,0,0.33783783783783783,0.6621621621621622
2013,2013_04_SEA_HOU,HOU,-1,76,0.5526315789473685,0.4473684210526316,0
2013,2013_04_SEA_HOU,SEA,1,46,0,0.2608695652173913,0.7391304347826086
2013,2013_04_SF_STL,LA,3,62,0,0.4838709677419355,0.5161290322580645
2013,2013_04_SF_STL,SF,3,65,0.5846153846153846,0.4153846153846154,0
2013,2013_04_WAS_OAK,LV,3.5,65,0.4615384615384616,0.4153846153846154,0.12307692307692308
2013,2013_04_WAS_OAK,WAS,3.5,64,0.125,0.671875,0.203125
2013,2013_05_BAL_MIA,BAL,-2.5,73,0.0958904109589041,0.863013698630137,0.0410958904109589
2013,2013_05_BAL_MIA,MIA,2.5,56,0,0.8392857142857143,0.16071428571428573
2013,2013_05_BUF_CLE,BUF,-3.5,75,0.09333333333333334,0.7066666666666667,0.2
2013,2013_05_BUF_CLE,CLE,3.5,63,0.1746031746031746,0.8095238095238095,0.01587301587301587
2013,2013_05_CAR_ARI,ARI,-3,55,0.38181818181818183,0.6181818181818182,0
2013,2013_05_CAR_ARI,CAR,3,66,0,0.7727272727272727,0.2272727272727273
2013,2013_05_DEN_DAL,DAL,-7.5,53,0.2641509433962264,0.5660377358490566,0.16981132075471697
2013,2013_05_DEN_DAL,DEN,7.5,71,0.4225352112676056,0.39436619718309857,0.18309859154929575
2013,2013_05_DET_GB,DET,-10,63,0,0.5238095238095238,0.47619047619047616
2013,2013_05_DET_GB,GB,10,63,0.47619047619047616,0.5238095238095238,0
2013,2013_05_HOU_SF,HOU,-4,71,0,0.15492957746478872,0.8450704225352113
2013,2013_05_HOU_SF,SF,4,49,1,0,0
2013,2013_05_JAX_STL,JAX,-11,59,0,0.3559322033898305,0.6440677966101694
2013,2013_05_JAX_STL,LA,-11,69,0.7101449275362319,0.2898550724637681,0
2013,2013_05_KC_TEN,KC,2.5,67,0.2537313432835821,0.746268656716418,0
2013,2013_05_KC_TEN,TEN,-2.5,65,0.04615384615384615,0.6615384615384615,0.2923076923076923
2013,2013_05_NE_CIN,CIN,-2,68,0.27941176470588236,0.7205882352941176,0
2013,2013_05_NE_CIN,NE,2,59,0,0.7457627118644068,0.2542372881355932
2013,2013_05_NO_CHI,CHI,1,54,0,0.3333333333333333,0.6666666666666666
2013,2013_05_NO_CHI,NO,-1,65,0.676923076923077,0.3230769230769231,0
2013,2013_05_NYJ_ATL,ATL,10,69,0,0.7246376811594203,0.2753623188405797
2013,2013_05_NYJ_ATL,NYJ,-10,46,0.2608695652173913,0.7391304347826086,0
2013,2013_05_PHI_NYG,NYG,-1,70,0.08571428571428572,0.5285714285714286,0.3857142857142858
2013,2013_05_PHI_NYG,PHI,1,75,0.38666666666666666,0.56,0.05333333333333334
2013,2013_05_SD_OAK,LAC,6,69,0,0.15942028985507245,0.8405797101449275
2013,2013_05_SD_OAK,LV,6,53,0.9245283018867924,0.07547169811320754,0
2013,2013_05_SEA_IND,IND,-3,58,0.13793103448275862,0.6896551724137931,0.1724137931034483
2013,2013_05_SEA_IND,SEA,3,67,0.13432835820895522,0.7910447761194029,0.07462686567164178
2013,2013_06_ARI_SF,ARI,-10,63,0,0.5555555555555556,0.4444444444444444
2013,2013_06_ARI_SF,SF,10,68,0.35294117647058826,0.6470588235294118,0
2013,2013_06_CAR_MIN,CAR,-2.5,63,0.6031746031746031,0.3968253968253968,0
2013,2013_06_CAR_MIN,MIN,2.5,60,0,0.23333333333333336,0.7666666666666667
2013,2013_06_CIN_BUF,BUF,-6,65,0,0.6,0.4
2013,2013_06_CIN_BUF,CIN,6,73,0.5753424657534246,0.4246575342465753,0
2013,2013_06_DET_CLE,CLE,-1,65,0.12307692307692308,0.6307692307692307,0.24615384615384617
2013,2013_06_DET_CLE,DET,1,71,0.15492957746478872,0.6901408450704225,0.15492957746478872
2013,2013_06_GB_BAL,BAL,-1,61,0,0.7049180327868853,0.29508196721311475
2013,2013_06_GB_BAL,GB,1,63,0.4126984126984127,0.5873015873015873,0
2013,2013_06_IND_SD,IND,1,48,0,0.5833333333333334,0.4166666666666667
2013,2013_06_IND_SD,LAC,1,72,0.5972222222222222,0.4027777777777778,0
2013,2013_06_JAX_DEN,DEN,27,69,0.782608695652174,0.21739130434782608,0
2013,2013_06_JAX_DEN,JAX,-27,71,0,0.11267605633802816,0.8873239436619719
2013,2013_06_NO_NE,NE,2.5,82,0.24390243902439024,0.7560975609756098,0
2013,2013_06_NO_NE,NO,-2.5,63,0.09523809523809525,0.5079365079365079,0.3968253968253968
2013,2013_06_NYG_CHI,CHI,9.5,65,0.676923076923077,0.3230769230769231,0
2013,2013_06_NYG_CHI,NYG,-9.5,53,0,0.4339622641509434,0.5660377358490566
2013,2013_06_OAK_KC,KC,7.5,61,0.22950819672131148,0.7704918032786885,0
2013,2013_06_OAK_KC,LV,-7.5,71,0,0.5774647887323944,0.4225352112676056
2013,2013_06_PHI_TB,PHI,2.5,64,0.171875,0.828125,0
2013,2013_06_PHI_TB,TB,-2.5,66,0,0.8333333333333334,0.16666666666666666
2013,2013_06_PIT_NYJ,NYJ,-1,57,0,0.6140350877192983,0.38596491228070173
2013,2013_06_PIT_NYJ,PIT,1,61,0.45901639344262296,0.5409836065573771,0
2013,2013_06_STL_HOU,HOU,9.5,73,0,0.2876712328767123,0.7123287671232876
2013,2013_06_STL_HOU,LA,-9.5,41,0.5121951219512195,0.4878048780487805,0
2013,2013_06_TEN_SEA,SEA,11,62,0.25806451612903225,0.7419354838709677,0
2013,2013_06_TEN_SEA,TEN,-11,52,0,0.75,0.25
2013,2013_06_WAS_DAL,DAL,5.5,50,0.44,0.56,0
2013,2013_06_WAS_DAL,WAS,-5.5,75,0,0.44,0.56
2013,2013_07_BAL_PIT,BAL,-2.5,61,0,0.8360655737704918,0.16393442622950818
2013,2013_07_BAL_PIT,PIT,2.5,54,0.42592592592592593,0.5740740740740741,0
2013,2013_07_BUF_MIA,BUF,-6,65,0.3230769230769231,0.676923076923077,0
2013,2013_07_BUF_MIA,MIA,6,64,0.0625,0.609375,0.328125
2013,2013_07_CHI_WAS,CHI,1,51,0,0.6862745098039216,0.3137254901960784
2013,2013_07_CHI_WAS,WAS,-1,73,0.0821917808219178,0.9178082191780822,0
2013,2013_07_CIN_DET,CIN,-2.5,53,0.07547169811320754,0.9245283018867924,0
2013,2013_07_CIN_DET,DET,2.5,76,0.0131578947368421,0.8157894736842105,0.17105263157894737
2013,2013_07_CLE_GB,CLE,-7.5,68,0,0.07352941176470588,0.9264705882352942
2013,2013_07_CLE_GB,GB,7.5,65,0.9384615384615383,0.06153846153846154,0
2013,2013_07_DAL_PHI,DAL,-3,73,0.3698630136986301,0.6301369863013698,0
2013,2013_07_DAL_PHI,PHI,3,75,0,0.5866666666666667,0.4133333333333334
2013,2013_07_DEN_IND,DEN,6,72,0,0.3888888888888889,0.6111111111111112
2013,2013_07_DEN_IND,IND,-6,70,0.5142857142857142,0.4857142857142857,0
2013,2013_07_HOU_KC,HOU,-7,54,0,1,0
2013,2013_07_HOU_KC,KC,7,65,0.16923076923076924,0.8307692307692308,0
2013,2013_07_MIN_NYG,MIN,-4,68,0,0.4852941176470588,0.5147058823529411
2013,2013_07_MIN_NYG,NYG,4,72,0.3611111111111111,0.6388888888888888,0
2013,2013_07_NE_NYJ,NE,3.5,66,0.21212121212121213,0.7121212121212122,0.07575757575757576
2013,2013_07_NE_NYJ,NYJ,-3.5,75,0.22666666666666663,0.6666666666666666,0.10666666666666667
2013,2013_07_SD_JAX,JAX,-7.5,59,0,0.11864406779661016,0.8813559322033898
2013,2013_07_SD_JAX,LAC,7.5,64,0.640625,0.359375,0
2013,2013_07_SEA_ARI,ARI,-5,70,0,0.2857142857142857,0.7142857142857143
2013,2013_07_SEA_ARI,SEA,5,63,0.5873015873015873,0.4126984126984127,0
2013,2013_07_SF_TEN,SF,3,61,0.639344262295082,0.3606557377049181,0
2013,2013_07_SF_TEN,TEN,-3,57,0,0.2982456140350877,0.7017543859649122
2013,2013_07_STL_CAR,CAR,8,53,0.9245283018867924,0.07547169811320754,0
2013,2013_07_STL_CAR,LA,-8,59,0,0.288135593220339,0.711864406779661
2013,2013_07_TB_ATL,ATL,6,41,0.5609756097560976,0.4390243902439024,0
2013,2013_07_TB_ATL,TB,-6,75,0,0.22666666666666663,0.7733333333333333
2013,2013_08_ATL_ARI,ARI,2.5,51,0.7254901960784313,0.27450980392156865,0
2013,2013_08_ATL_ARI,ATL,-2.5,78,0,0.358974358974359,0.6410256410256411
2013,2013_08_BUF_NO,BUF,-10.5,68,0,0.4411764705882353,0.5588235294117647
2013,2013_08_BUF_NO,NO,10.5,61,0.7377049180327869,0.26229508196721313,0
2013,2013_08_CAR_TB,CAR,6.5,60,0.65,0.35,0
2013,2013_08_CAR_TB,TB,-6.5,68,0,0.14705882352941177,0.8529411764705882
2013,2013_08_CLE_KC,CLE,-7,52,0,0.5384615384615384,0.4615384615384616
2013,2013_08_CLE_KC,KC,7,70,0.3857142857142858,0.6142857142857143,0
2013,2013_08_DAL_DET,DAL,-3,55,0.09090909090909093,0.9090909090909092,0
2013,2013_08_DAL_DET,DET,3,77,0.05194805194805195,0.7272727272727273,0.22077922077922077
2013,2013_08_GB_MIN,GB,7,71,0.4788732394366197,0.5070422535211268,0.01408450704225352
2013,2013_08_GB_MIN,MIN,-7,43,0,0.4418604651162791,0.5581395348837209
2013,2013_08_MIA_NE,MIA,-6.5,79,0.24050632911392408,0.5569620253164557,0.20253164556962025
2013,2013_08_MIA_NE,NE,6.5,59,0.23728813559322037,0.423728813559322,0.3389830508474576
2013,2013_08_NYG_PHI,NYG,-5.5,70,0.7,0.3,0
2013,2013_08_NYG_PHI,PHI,5.5,58,0,0.3620689655172414,0.6379310344827587
2013,2013_08_NYJ_CIN,CIN,6,56,0.8214285714285714,0.17857142857142858,0
2013,2013_08_NYJ_CIN,NYJ,-6,65,0,0.04615384615384615,0.953846153846154
2013,2013_08_PIT_OAK,LV,2.5,58,0.9482758620689656,0.05172413793103448,0
2013,2013_08_PIT_OAK,PIT,2.5,68,0,0.0588235294117647,0.9411764705882352
2013,2013_08_SEA_STL,LA,13,71,0,0.9295774647887324,0.07042253521126761
2013,2013_08_SEA_STL,SEA,13,40,0.125,0.875,0
2013,2013_08_SF_JAX,JAX,-16,70,0,0.12857142857142856,0.8714285714285714
2013,2013_08_SF_JAX,SF,16,55,0.7090909090909091,0.2909090909090909,0
2013,2013_08_WAS_DEN,DEN,11,76,0.4342105263157895,0.3947368421052632,0.17105263157894737
2013,2013_08_WAS_DEN,WAS,-11,70,0.07142857142857142,0.4142857142857143,0.5142857142857142
2013,2013_09_ATL_CAR,ATL,-10,47,0,0.40425531914893614,0.5957446808510638
2013,2013_09_ATL_CAR,CAR,10,70,0.6857142857142857,0.3142857142857143,0
2013,2013_09_BAL_CLE,BAL,1,67,0,0.5671641791044776,0.4328358208955224
2013,2013_09_BAL_CLE,CLE,-1,68,0.45588235294117646,0.5441176470588235,0
2013,2013_09_CHI_GB,CHI,-10,75,0.14666666666666667,0.8533333333333334,0
2013,2013_09_CHI_GB,GB,10,55,0,0.9454545454545454,0.05454545454545454
2013,2013_09_CIN_MIA,CIN,3,80,0,0.7375,0.2625
2013,2013_09_CIN_MIA,MIA,-3,55,0.10909090909090909,0.8363636363636363,0.05454545454545454
2013,2013_09_IND_HOU,HOU,-1,67,0.8507462686567164,0.11940298507462686,0.02985074626865671
2013,2013_09_IND_HOU,IND,1,58,0.05172413793103448,0.2413793103448276,0.7068965517241379
2013,2013_09_KC_BUF,BUF,-4.5,77,0.24675324675324675,0.5324675324675324,0.22077922077922077
2013,2013_09_KC_BUF,KC,4.5,51,0.21568627450980393,0.6274509803921569,0.1568627450980392
2013,2013_09_MIN_DAL,DAL,10,63,0.14285714285714285,0.8571428571428571,0
2013,2013_09_MIN_DAL,MIN,-10,68,0.04411764705882353,0.7941176470588235,0.16176470588235295
2013,2013_09_NO_NYJ,NO,6,65,0,0.4307692307692308,0.5692307692307692
2013,2013_09_NO_NYJ,NYJ,-6,57,0.3684210526315789,0.631578947368421,0
2013,2013_09_PHI_OAK,LV,1,92,0,0.17391304347826086,0.8260869565217391
2013,2013_09_PHI_OAK,PHI,1,55,0.6727272727272727,0.32727272727272727,0
2013,2013_09_PIT_NE,NE,5.5,70,0.6714285714285714,0.32857142857142857,0
2013,2013_09_PIT_NE,PIT,-5.5,72,0,0.3472222222222222,0.6527777777777778
2013,2013_09_SD_WAS,LAC,-1,63,0,0.746031746031746,0.25396825396825395
2013,2013_09_SD_WAS,WAS,1,61,0.21311475409836064,0.7868852459016393,0
2013,2013_09_TB_SEA,SEA,16,53,0,0.6226415094339622,0.37735849056603776
2013,2013_09_TB_SEA,TB,-16,61,0.5737704918032787,0.4262295081967213,0
2013,2013_09_TEN_STL,LA,3,68,0,0.8529411764705882,0.14705882352941177
2013,2013_09_TEN_STL,TEN,3,60,0.08333333333333333,0.8666666666666667,0.05
2013,2013_10_BUF_PIT,BUF,-3,64,0,0.484375,0.515625
2013,2013_10_BUF_PIT,PIT,3,67,0.47761194029850745,0.5223880597014925,0
2013,2013_10_CAR_SF,CAR,-6,65,0.04615384615384615,0.8461538461538461,0.1076923076923077
2013,2013_10_CAR_SF,SF,6,52,0.1153846153846154,0.8846153846153846,0
2013,2013_10_CIN_BAL,BAL,1,64,0.890625,0.109375,0
2013,2013_10_CIN_BAL,CIN,-1,75,0,0.25333333333333335,0.7466666666666667
2013,2013_10_DAL_NO,DAL,-6,43,0,0.3953488372093023,0.6046511627906976
2013,2013_10_DAL_NO,NO,6,78,0.5641025641025641,0.4358974358974359,0
2013,2013_10_DEN_SD,DEN,7,60,0.7166666666666667,0.2833333333333333,0
2013,2013_10_DEN_SD,LAC,7,68,0,0.5294117647058824,0.4705882352941176
2013,2013_10_DET_CHI,CHI,-1,71,0,0.8591549295774648,0.14084507042253522
2013,2013_10_DET_CHI,DET,1,60,0.08333333333333333,0.9166666666666666,0
2013,2013_10_HOU_ARI,ARI,4,60,0.2833333333333333,0.7166666666666667,0
2013,2013_10_HOU_ARI,HOU,-4,67,0,0.7761194029850746,0.22388059701492535
2013,2013_10_JAX_TEN,JAX,-11.5,55,0.7454545454545455,0.2545454545454545,0
2013,2013_10_JAX_TEN,TEN,11.5,70,0,0.22857142857142856,0.7714285714285715
2013,2013_10_MIA_TB,MIA,1,58,0,0.3275862068965517,0.6724137931034483
2013,2013_10_MIA_TB,TB,-1,58,0.5344827586206896,0.46551724137931033,0
2013,2013_10_OAK_NYG,LV,-7.5,55,0.12727272727272726,0.8363636363636363,0.03636363636363636
2013,2013_10_OAK_NYG,NYG,7.5,60,0.2,0.8,0
2013,2013_10_PHI_GB,GB,-1,75,0,0.6933333333333334,0.30666666666666664
2013,2013_10_PHI_GB,PHI,1,55,0.5818181818181818,0.41818181818181815,0
2013,2013_10_SEA_ATL,ATL,-3.5,53,0,0.3584905660377358,0.6415094339622641
2013,2013_10_SEA_ATL,SEA,3.5,69,0.6376811594202898,0.36231884057971014,0
2013,2013_10_STL_IND,IND,7.5,68,0,0.22058823529411764,0.7794117647058824
2013,2013_10_STL_IND,LA,-7.5,54,0.9444444444444444,0.05555555555555555,0
2013,2013_10_WAS_MIN,MIN,-1,50,0.2,0.62,0.18
2013,2013_10_WAS_MIN,WAS,1,76,0.18421052631578944,0.631578947368421,0.18421052631578944
2013,2013_11_ARI_JAX,ARI,9.5,66,0.2727272727272727,0.4696969696969697,0.25757575757575757
2013,2013_11_ARI_JAX,JAX,-9.5,60,0.18333333333333332,0.3,0.5166666666666667
2013,2013_11_ATL_TB,ATL,-1,66,0,0.25757575757575757,0.7424242424242424
2013,2013_11_ATL_TB,TB,1,65,0.6307692307692307,0.3692307692307693,0
2013,2013_11_BAL_CHI,BAL,-4,70,0.21428571428571427,0.7857142857142857,0
2013,2013_11_BAL_CHI,CHI,4,52,0.09615384615384616,0.8846153846153846,0.01923076923076923
2013,2013_11_CLE_CIN,CIN,4,56,0.6071428571428571,0.30357142857142855,0.08928571428571429
2013,2013_11_CLE_CIN,CLE,-4,79,0.01265822784810126,0.379746835443038,0.6075949367088608
2013,2013_11_DET_PIT,DET,3,72,0.1388888888888889,0.5,0.3611111111111111
2013,2013_11_DET_PIT,PIT,-3,69,0.34782608695652173,0.6521739130434783,0
2013,2013_11_GB_NYG,GB,-3.5,52,0,0.4615384615384616,0.5384615384615384
2013,2013_11_GB_NYG,NYG,3.5,63,0.6825396825396826,0.31746031746031744,0
2013,2013_11_IND_TEN,IND,2.5,66,0.18181818181818185,0.24242424242424243,0.5757575757575758
2013,2013_11_IND_TEN,TEN,-2.5,54,0.42592592592592593,0.5,0.07407407407407407
2013,2013_11_KC_DEN,DEN,7.5,76,0.7105263157894737,0.2894736842105263,0
2013,2013_11_KC_DEN,KC,-7.5,73,0,0.3287671232876712,0.6712328767123288
2013,2013_11_MIN_SEA,MIN,-13,69,0,0.391304347826087,0.6086956521739131
2013,2013_11_MIN_SEA,SEA,13,48,0.5833333333333334,0.4166666666666667,0
2013,2013_11_NE_CAR,CAR,3,54,0.16666666666666666,0.8333333333333334,0
2013,2013_11_NE_CAR,NE,-3,67,0,0.6865671641791045,0.31343283582089554
2013,2013_11_NYJ_BUF,BUF,-1,64,0.609375,0.390625,0
2013,2013_11_NYJ_BUF,NYJ,1,56,0,0.32142857142857145,0.6785714285714286
2013,2013_11_OAK_HOU,HOU,10.5,71,0,0.5774647887323944,0.4225352112676056
2013,2013_11_OAK_HOU,LV,-10.5,62,0.43548387096774194,0.5645161290322581,0
2013,2013_11_SD_MIA,LAC,2.5,62,0,0.9032258064516128,0.0967741935483871
2013,2013_11_SD_MIA,MIA,-2.5,58,0.1206896551724138,0.8793103448275862,0
2013,2013_11_SF_NO,NO,3.5,66,0.04545454545454545,0.9242424242424242,0.0303030303030303
2013,2013_11_SF_NO,SF,-3.5,56,0.03571428571428571,0.8035714285714286,0.16071428571428573
2013,2013_11_WAS_PHI,PHI,4.5,61,0.8360655737704918,0.16393442622950818,0
2013,2013_11_WAS_PHI,WAS,-4.5,76,0,0.21052631578947367,0.7894736842105263
2013,2013_12_CAR_MIA,CAR,4.5,68,0,0.6176470588235294,0.38235294117647056
2013,2013_12_CAR_MIA,MIA,-4.5,61,0.4426229508196721,0.5081967213114754,0.04918032786885246
2013,2013_12_CHI_STL,CHI,-1,74,0,0.04054054054054054,0.9594594594594594
2013,2013_12_CHI_STL,LA,-1,50,0.86,0.14,0
2013,2013_12_DAL_NYG,DAL,-1,60,0.5,0.5,0
2013,2013_12_DAL_NYG,NYG,1,62,0,0.6451612903225806,0.3548387096774194
2013,2013_12_DEN_NE,DEN,-1,71,0.647887323943662,0.2535211267605634,0.09859154929577464
2013,2013_12_DEN_NE,NE,1,73,0.1506849315068493,0.2876712328767123,0.5616438356164384
2013,2013_12_IND_ARI,ARI,3.5,71,0.7746478873239436,0.22535211267605632,0
2013,2013_12_IND_ARI,IND,-3.5,55,0,0.2,0.8
2013,2013_12_JAX_HOU,HOU,10.5,56,0,0.75,0.25
2013,2013_12_JAX_HOU,JAX,-10.5,64,0.265625,0.734375,0
2013,2013_12_MIN_GB,GB,6,70,0,0.6285714285714286,0.37142857142857144
2013,2013_12_MIN_GB,MIN,-6,64,0.359375,0.640625,0
2013,2013_12_NO_ATL,ATL,-7.5,66,0,0.9696969696969696,0.0303030303030303
2013,2013_12_NO_ATL,NO,7.5,57,0.12280701754385964,0.8245614035087719,0.05263157894736842
2013,2013_12_NYJ_BAL,BAL,4,62,0.6129032258064516,0.3870967741935484,0
2013,2013_12_NYJ_BAL,NYJ,-4,55,0,0.41818181818181815,0.5818181818181818
2013,2013_12_PIT_CLE,CLE,2.5,72,0,0.3888888888888889,0.6111111111111112
2013,2013_12_PIT_CLE,PIT,-2.5,65,0.5692307692307692,0.4307692307692308,0
2013,2013_12_SD_KC,KC,3.5,58,0.06896551724137931,0.8793103448275862,0.05172413793103448
2013,2013_12_SD_KC,LAC,-3.5,67,0,0.7910447761194029,0.208955223880597
2013,2013_12_SF_WAS,SF,5.5,56,0.5357142857142857,0.4642857142857143,0
2013,2013_12_SF_WAS,WAS,-5.5,58,0,0.6551724137931034,0.3448275862068966
2013,2013_12_TB_DET,DET,7,72,0.06944444444444445,0.9305555555555556,0
2013,2013_12_TB_DET,TB,-7,45,0.13333333333333333,0.8444444444444444,0.02222222222222222
2013,2013_12_TEN_OAK,LV,2.5,55,0,0.9636363636363636,0.03636363636363636
2013,2013_12_TEN_OAK,TEN,2.5,73,0,1,0
2013,2013_13_ARI_PHI,ARI,-3.5,67,0,0.3283582089552239,0.6716417910447762
2013,2013_13_ARI_PHI,PHI,3.5,70,0.7571428571428571,0.24285714285714283,0
2013,2013_13_ATL_BUF,ATL,-5,79,0.02531645569620253,0.5569620253164557,0.4177215189873418
2013,2013_13_ATL_BUF,BUF,5,61,0.5573770491803278,0.4426229508196721,0
2013,2013_13_CHI_MIN,CHI,-2.5,55,0.18181818181818185,0.8181818181818182,0
2013,2013_13_CHI_MIN,MIN,2.5,72,0,0.7222222222222222,0.2777777777777778
2013,2013_13_CIN_SD,CIN,2.5,61,0.32786885245901637,0.6721311475409836,0
2013,2013_13_CIN_SD,LAC,2.5,63,0,0.7301587301587301,0.2698412698412698
2013,2013_13_DEN_KC,DEN,5,63,0.2857142857142857,0.4603174603174603,0.25396825396825395
2013,2013_13_DEN_KC,KC,-5,67,0.19402985074626863,0.4328358208955224,0.373134328358209
2013,2013_13_GB_DET,DET,7,76,0.5131578947368421,0.4868421052631579,0
2013,2013_13_GB_DET,GB,-7,42,0.04761904761904761,0.4047619047619048,0.5476190476190477
2013,2013_13_JAX_CLE,CLE,7.5,73,0.1232876712328767,0.7808219178082192,0.0958904109589041
2013,2013_13_JAX_CLE,JAX,-7.5,72,0.05555555555555555,0.7222222222222222,0.2222222222222222
2013,2013_13_MIA_NYJ,MIA,1,79,0.35443037974683544,0.6455696202531646,0
2013,2013_13_MIA_NYJ,NYJ,-1,54,0,0.46296296296296297,0.5370370370370371
2013,2013_13_NE_HOU,HOU,-7,58,0.05172413793103448,0.913793103448276,0.03448275862068965
2013,2013_13_NE_HOU,NE,7,69,0.04347826086956521,0.8115942028985508,0.14492753623188406
2013,2013_13_NO_SEA,NO,-6.5,55,0,0.10909090909090909,0.8909090909090909
2013,2013_13_NO_SEA,SEA,6.5,68,0.8529411764705882,0.14705882352941177,0
2013,2013_13_NYG_WAS,NYG,-1,52,0.19230769230769232,0.6730769230769231,0.1346153846153846
2013,2013_13_NYG_WAS,WAS,1,68,0.19117647058823528,0.6911764705882353,0.1176470588235294
2013,2013_13_OAK_DAL,DAL,10,63,0.25396825396825395,0.6031746031746031,0.14285714285714285
2013,2013_13_OAK_DAL,LV,-10,54,0.24074074074074073,0.5740740740740741,0.18518518518518515
2013,2013_13_PIT_BAL,BAL,3,59,0.864406779661017,0.13559322033898305,0
2013,2013_13_PIT_BAL,PIT,-3,62,0,0.24193548387096775,0.7580645161290323
2013,2013_13_STL_SF,LA,-7.5,67,0,0.14925373134328357,0.8507462686567164
2013,2013_13_STL_SF,SF,7.5,61,0.7704918032786885,0.22950819672131148,0
2013,2013_13_TB_CAR,CAR,7.5,63,0.5238095238095238,0.47619047619047616,0
2013,2013_13_TB_CAR,TB,-7.5,45,0,0.4888888888888889,0.5111111111111111
2013,2013_13_TEN_IND,IND,3.5,60,0.08333333333333333,0.9166666666666666,0
2013,2013_13_TEN_IND,TEN,-3.5,74,0,0.9324324324324323,0.06756756756756757
2013,2013_14_ATL_GB,ATL,-3.5,59,0.1016949152542373,0.864406779661017,0.03389830508474576
2013,2013_14_ATL_GB,GB,3.5,69,0.05797101449275362,0.7536231884057971,0.18840579710144928
2013,2013_14_BUF_TB,BUF,-3,61,0,0.18032786885245905,0.819672131147541
2013,2013_14_BUF_TB,TB,3,62,0.7741935483870968,0.2258064516129032,0
2013,2013_14_CAR_NO,CAR,-3,62,0,0.43548387096774194,0.5645161290322581
2013,2013_14_CAR_NO,NO,3,59,0.6610169491525424,0.3389830508474576,0
2013,2013_14_CLE_NE,CLE,-9.5,69,0.3333333333333333,0.6666666666666666,0
2013,2013_14_CLE_NE,NE,9.5,75,0,0.49333333333333335,0.5066666666666667
2013,2013_14_DAL_CHI,CHI,2,68,0.5588235294117647,0.4411764705882353,0
2013,2013_14_DAL_CHI,DAL,-2,54,0,0.48148148148148145,0.5185185185185185
2013,2013_14_DET_PHI,DET,-2.5,57,0.3157894736842105,0.5789473684210527,0.10526315789473684
2013,2013_14_DET_PHI,PHI,2.5,66,0.24242424242424243,0.5151515151515151,0.24242424242424243
2013,2013_14_HOU_JAX,HOU,3,80,0,0.2625,0.7375
2013,2013_14_HOU_JAX,JAX,-3,57,0.7368421052631579,0.2631578947368421,0
2013,2013_14_IND_CIN,CIN,7,67,0.8507462686567164,0.14925373134328357,0
2013,2013_14_IND_CIN,IND,-7,58,0,0.1896551724137931,0.8103448275862069
2013,2013_14_KC_WAS,KC,3.5,58,0.7931034482758621,0.20689655172413793,0
2013,2013_14_KC_WAS,WAS,-3.5,64,0,0.1875,0.8125
2013,2013_14_MIA_PIT,MIA,-3,60,0.05,0.95,0
2013,2013_14_MIA_PIT,PIT,3,63,0.09523809523809525,0.7619047619047619,0.14285714285714285
2013,2013_14_MIN_BAL,BAL,6,78,0.02564102564102564,0.9487179487179488,0.02564102564102564
2013,2013_14_MIN_BAL,MIN,-6,63,0.01587301587301587,0.9523809523809524,0.03174603174603174
2013,2013_14_NYG_SD,LAC,-4.5,70,0.8714285714285714,0.12857142857142856,0
2013,2013_14_NYG_SD,NYG,-4.5,54,0,0.14814814814814814,0.8518518518518519
2013,2013_14_OAK_NYJ,LV,-3,65,0,0.2153846153846154,0.7846153846153846
2013,2013_14_OAK_NYJ,NYJ,3,58,0.6551724137931034,0.3448275862068966,0
2013,2013_14_SEA_SF,SEA,-2.5,50,0,0.96,0.04
2013,2013_14_SEA_SF,SF,2.5,63,0.09523809523809525,0.9047619047619048,0
2013,2013_14_STL_ARI,ARI,4,64,0.5625,0.4375,0
2013,2013_14_STL_ARI,LA,-4,50,0,0.4,0.6
2013,2013_14_TEN_DEN,DEN,13,87,0.3793103448275862,0.5517241379310345,0.06896551724137931
2013,2013_14_TEN_DEN,TEN,-13,48,0,0.5416666666666666,0.4583333333333333
2013,2013_15_ARI_TEN,ARI,3,61,0.18032786885245905,0.819672131147541,0
2013,2013_15_ARI_TEN,TEN,-3,74,0,0.7027027027027027,0.2972972972972973
2013,2013_15_BAL_DET,BAL,-4.5,60,0.01666666666666666,0.9833333333333332,0
2013,2013_15_BAL_DET,DET,4.5,63,0.07936507936507936,0.8888888888888888,0.03174603174603174
2013,2013_15_BUF_JAX,BUF,4,70,0.3142857142857143,0.6,0.08571428571428572
2013,2013_15_BUF_JAX,JAX,-4,72,0.04166666666666666,0.6944444444444444,0.2638888888888889
2013,2013_15_CHI_CLE,CHI,-1,62,0.08064516129032258,0.7580645161290323,0.16129032258064516
2013,2013_15_CHI_CLE,CLE,1,56,0.26785714285714285,0.5535714285714286,0.17857142857142858
2013,2013_15_CIN_PIT,CIN,2,67,0,0.14925373134328357,0.8507462686567164
2013,2013_15_CIN_PIT,PIT,-2,62,0.8548387096774194,0.14516129032258066,0
2013,2013_15_GB_DAL,DAL,4,69,0.7246376811594203,0.2753623188405797,0
2013,2013_15_GB_DAL,GB,-4,65,0,0.24615384615384617,0.7538461538461538
2013,2013_15_HOU_IND,HOU,-6,63,0,0.25396825396825395,0.746031746031746
2013,2013_15_HOU_IND,IND,6,68,0.6617647058823529,0.3382352941176471,0
2013,2013_15_KC_OAK,KC,6.5,50,0.78,0.22,0
2013,2013_15_KC_OAK,LV,6.5,74,0,0.12162162162162164,0.8783783783783784
2013,2013_15_NE_MIA,MIA,2.5,63,0.04761904761904761,0.8412698412698413,0.1111111111111111
2013,2013_15_NE_MIA,NE,-2.5,77,0,0.8181818181818182,0.18181818181818185
2013,2013_15_NO_STL,LA,6.5,52,0.7884615384615384,0.2115384615384615,0
2013,2013_15_NO_STL,NO,6.5,80,0,0.1125,0.8875
2013,2013_15_NYJ_CAR,CAR,10,60,0.43333333333333335,0.5666666666666667,0
2013,2013_15_NYJ_CAR,NYJ,-10,60,0,0.5166666666666667,0.48333333333333334
2013,2013_15_PHI_MIN,MIN,-6.5,73,0.5616438356164384,0.4383561643835616,0
2013,2013_15_PHI_MIN,PHI,6.5,65,0,0.3076923076923077,0.6923076923076923
2013,2013_15_SD_DEN,DEN,10,53,0,0.4339622641509434,0.5660377358490566
2013,2013_15_SD_DEN,LAC,-10,64,0.421875,0.578125,0
2013,2013_15_SEA_NYG,NYG,-9.5,53,0,0.33962264150943394,0.660377358490566
2013,2013_15_SEA_NYG,SEA,9.5,67,0.582089552238806,0.417910447761194,0
2013,2013_15_SF_TB,SF,4.5,68,0.6617647058823529,0.3382352941176471,0
2013,2013_15_SF_TB,TB,-4.5,50,0,0.28,0.72
2013,2013_15_WAS_ATL,ATL,5.5,61,0.3606557377049181,0.639344262295082,0
2013,2013_15_WAS_ATL,WAS,-5.5,66,0,0.6515151515151515,0.3484848484848485
2013,2013_16_ARI_SEA,ARI,-8,66,0.07575757575757576,0.9242424242424242,0
2013,2013_16_ARI_SEA,SEA,8,51,0.0196078431372549,0.9215686274509804,0.0588235294117647
2013,2013_16_ATL_SF,ATL,-15.5,69,0,0.6376811594202898,0.36231884057971014
2013,2013_16_ATL_SF,SF,15.5,54,0.24074074074074073,0.7592592592592593,0
2013,2013_16_CHI_PHI,CHI,-2.5,61,0,0.04918032786885246,0.9508196721311476
2013,2013_16_CHI_PHI,PHI,2.5,61,0.9016393442622952,0.09836065573770492,0
2013,2013_16_CLE_NYJ,CLE,-2.5,64,0,0.84375,0.15625
2013,2013_16_CLE_NYJ,NYJ,2.5,73,0.1506849315068493,0.8082191780821918,0.0410958904109589
2013,2013_16_DAL_WAS,DAL,3,51,0.0784313725490196,0.5098039215686274,0.4117647058823529
2013,2013_16_DAL_WAS,WAS,-3,64,0.1875,0.75,0.0625
2013,2013_16_DEN_HOU,DEN,9,70,0.37142857142857144,0.6285714285714286,0
2013,2013_16_DEN_HOU,HOU,-9,66,0,0.7272727272727273,0.2727272727272727
2013,2013_16_IND_KC,IND,-7.5,69,0.4492753623188406,0.391304347826087,0.15942028985507245
2013,2013_16_IND_KC,KC,7.5,52,0.1153846153846154,0.4423076923076923,0.4423076923076923
2013,2013_16_MIA_BUF,BUF,1,73,0.7671232876712328,0.2328767123287671,0
2013,2013_16_MIA_BUF,MIA,-1,52,0,0.2692307692307692,0.7307692307692307
2013,2013_16_MIN_CIN,CIN,7.5,75,0.7866666666666666,0.21333333333333335,0
2013,2013_16_MIN_CIN,MIN,-7.5,48,0,0.3125,0.6875
2013,2013_16_NE_BAL,BAL,-1,73,0,0.0821917808219178,0.9178082191780822
2013,2013_16_NE_BAL,NE,1,62,0.7903225806451613,0.20967741935483872,0
2013,2013_16_NO_CAR,CAR,3.5,42,0.14285714285714285,0.8571428571428571,0
2013,2013_16_NO_CAR,NO,-3.5,81,0.07407407407407407,0.8765432098765432,0.04938271604938271
2013,2013_16_NYG_DET,DET,9.5,76,0.09210526315789472,0.9078947368421052,0
2013,2013_16_NYG_DET,NYG,-9.5,53,0.1320754716981132,0.7547169811320755,0.11320754716981132
2013,2013_16_OAK_SD,LAC,-10,67,0.29850746268656714,0.7014925373134329,0
2013,2013_16_OAK_SD,LV,-10,54,0,0.5,0.5
2013,2013_16_PIT_GB,GB,-1,72,0,0.8472222222222222,0.1527777777777778
2013,2013_16_PIT_GB,PIT,1,59,0.1016949152542373,0.8983050847457628,0
2013,2013_16_TB_STL,LA,-3.5,60,0.5666666666666667,0.43333333333333335,0
2013,2013_16_TB_STL,TB,-3.5,56,0,0.6607142857142857,0.3392857142857143
2013,2013_16_TEN_JAX,JAX,-4,57,0.21052631578947367,0.7543859649122807,0.03508771929824561
2013,2013_16_TEN_JAX,TEN,4,71,0.09859154929577464,0.6901408450704225,0.2112676056338028
2013,2013_17_BAL_CIN,BAL,-6.5,66,0,0.3939393939393939,0.6060606060606061
2013,2013_17_BAL_CIN,CIN,6.5,64,0.375,0.625,0
2013,2013_17_BUF_NE,BUF,-7.5,68,0,0.22058823529411764,0.7794117647058824
2013,2013_17_BUF_NE,NE,7.5,65,0.5846153846153846,0.4153846153846154,0
2013,2013_17_CAR_ATL,ATL,-5.5,68,0.19117647058823528,0.7794117647058824,0.02941176470588235
2013,2013_17_CAR_ATL,CAR,5.5,57,0.05263157894736842,0.8947368421052632,0.05263157894736842
2013,2013_17_CLE_PIT,CLE,-9.5,64,0,0.203125,0.796875
2013,2013_17_CLE_PIT,PIT,9.5,59,0.847457627118644,0.15254237288135594,0
2013,2013_17_DEN_OAK,DEN,10,72,0.8333333333333334,0.16666666666666666,0
2013,2013_17_DEN_OAK,LV,10,59,0,0.06779661016949153,0.9322033898305084
2013,2013_17_DET_MIN,DET,2.5,60,0.05,0.9,0.05
2013,2013_17_DET_MIN,MIN,-2.5,53,0.33962264150943394,0.6037735849056604,0.05660377358490566
2013,2013_17_GB_CHI,CHI,-3,49,0.06122448979591836,0.8775510204081632,0.06122448979591836
2013,2013_17_GB_CHI,GB,3,76,0,0.9342105263157896,0.06578947368421052
2013,2013_17_HOU_TEN,HOU,-7,57,0,0.631578947368421,0.3684210526315789
2013,2013_17_HOU_TEN,TEN,7,59,0.2711864406779661,0.7288135593220338,0
2013,2013_17_JAX_IND,IND,11,69,0.8840579710144928,0.11594202898550723,0
2013,2013_17_JAX_IND,JAX,-11,70,0,0.04285714285714286,0.9571428571428572
2013,2013_17_KC_SD,KC,-15.5,62,0.1774193548387097,0.8225806451612904,0
2013,2013_17_KC_SD,LAC,-15.5,57,0,0.7894736842105263,0.21052631578947367
2013,2013_17_NYJ_MIA,MIA,7.5,60,0,0.7833333333333333,0.21666666666666667
2013,2013_17_NYJ_MIA,NYJ,-7.5,67,0.3582089552238806,0.6417910447761194,0
2013,2013_17_PHI_DAL,DAL,-7.5,64,0,0.875,0.125
2013,2013_17_PHI_DAL,PHI,7.5,63,0.1111111111111111,0.8888888888888888,0
2013,2013_17_SF_ARI,ARI,3,70,0,0.35714285714285715,0.6428571428571429
2013,2013_17_SF_ARI,SF,-3,59,0.6610169491525424,0.3389830508474576,0
2013,2013_17_STL_SEA,LA,-13,49,0,0.3469387755102041,0.6530612244897959
2013,2013_17_STL_SEA,SEA,13,60,0.8166666666666667,0.18333333333333332,0
2013,2013_17_TB_NO,NO,11,60,0.65,0.35,0
2013,2013_17_TB_NO,TB,-11,62,0,0.20967741935483872,0.7903225806451613
2013,2013_17_WAS_NYG,NYG,3.5,67,0.3880597014925373,0.6119402985074627,0
2013,2013_17_WAS_NYG,WAS,-3.5,75,0,0.5866666666666667,0.4133333333333334
2013,2013_18_KC_IND,IND,-2,62,0,0.24193548387096775,0.7580645161290323
2013,2013_18_KC_IND,KC,2,80,0.575,0.425,0
2013,2013_18_NO_PHI,NO,-3,68,0.14705882352941177,0.8529411764705882,0
2013,2013_18_NO_PHI,PHI,3,57,0,0.8070175438596491,0.19298245614035087
2013,2013_18_SD_CIN,CIN,6.5,77,0,0.5064935064935064,0.4935064935064935
2013,2013_18_SD_CIN,LAC,-6.5,57,0.2982456140350877,0.7017543859649122,0
2013,2013_18_SF_GB,GB,-3,61,0,1,0
2013,2013_18_SF_GB,SF,3,63,0.09523809523809525,0.9047619047619048,0
2013,2013_19_IND_NE,IND,-7.5,65,0,0.1076923076923077,0.8923076923076924
2013,2013_19_IND_NE,NE,7.5,72,0.9444444444444444,0.05555555555555555,0
2013,2013_19_NO_SEA,NO,-10,68,0,0.19117647058823528,0.8088235294117647
2013,2013_19_NO_SEA,SEA,10,56,0.8392857142857143,0.16071428571428573,0
2013,2013_19_SD_DEN,DEN,8,69,0.855072463768116,0.14492753623188406,0
2013,2013_19_SD_DEN,LAC,-8,48,0,0.22916666666666663,0.7708333333333334
2013,2013_19_SF_CAR,CAR,0,54,0.07407407407407407,0.46296296296296297,0.46296296296296297
2013,2013_19_SF_CAR,SF,-0,65,0.3230769230769231,0.676923076923077,0
2013,2013_20_NE_DEN,DEN,5,70,0.6428571428571429,0.35714285714285715,0
2013,2013_20_NE_DEN,NE,-5,56,0,0.25,0.75
2013,2013_20_SF_SEA,SEA,4,55,0.18181818181818185,0.7272727272727273,0.09090909090909093
2013,2013_20_SF_SEA,SF,-4,53,0.01886792452830188,0.8490566037735849,0.1320754716981132
2013,2013_21_SEA_DEN,DEN,1.5,64,0,0.09375,0.90625
2013,2013_21_SEA_DEN,SEA,-1.5,55,0.7272727272727273,0.2727272727272727,0
2014,2014_01_BUF_CHI,BUF,-7,49,0.14285714285714285,0.8367346938775511,0.02040816326530612
2014,2014_01_BUF_CHI,CHI,7,65,0,0.9076923076923076,0.09230769230769233
2014,2014_01_CAR_TB,CAR,-5.5,67,0.4626865671641791,0.5373134328358209,0
2014,2014_01_CAR_TB,TB,5.5,55,0,0.4,0.6
2014,2014_01_CIN_BAL,BAL,1,85,0,0.27058823529411763,0.7294117647058823
2014,2014_01_CIN_BAL,CIN,-1,62,0.532258064516129,0.46774193548387094,0
2014,2014_01_CLE_PIT,CLE,-5.5,64,0,0.4375,0.5625
2014,2014_01_CLE_PIT,PIT,5.5,64,0.453125,0.546875,0
2014,2014_01_GB_SEA,GB,-4.5,57,0,0.49122807017543857,0.5087719298245614
2014,2014_01_GB_SEA,SEA,4.5,63,0.6507936507936508,0.3492063492063492,0
2014,2014_01_IND_DEN,DEN,8,65,0.7384615384615385,0.26153846153846155,0
2014,2014_01_IND_DEN,IND,-8,70,0,0.15714285714285714,0.8428571428571429
2014,2014_01_JAX_PHI,JAX,-10,70,0.4,0.4428571428571429,0.15714285714285714
2014,2014_01_JAX_PHI,PHI,10,81,0.07407407407407407,0.41975308641975306,0.5061728395061729
2014,2014_01_MIN_STL,LA,-3,62,0,0.4032258064516129,0.5967741935483871
2014,2014_01_MIN_STL,MIN,-3,54,0.48148148148148145,0.5185185185185185,0
2014,2014_01_NE_MIA,MIA,-3.5,69,0.21739130434782608,0.7536231884057971,0.02898550724637681
2014,2014_01_NE_MIA,NE,3.5,80,0.1,0.6375,0.2625
2014,2014_01_NO_ATL,ATL,-3,65,0,0.7230769230769231,0.27692307692307694
2014,2014_01_NO_ATL,NO,3,68,0.14705882352941177,0.8382352941176471,0.01470588235294117
2014,2014_01_NYG_DET,DET,6.5,60,0.8166666666666667,0.18333333333333332,0
2014,2014_01_NYG_DET,NYG,-6.5,57,0,0.24561403508771928,0.7543859649122807
2014,2014_01_OAK_NYJ,LV,-6.5,48,0,0.5625,0.4375
2014,2014_01_OAK_NYJ,NYJ,6.5,63,0.2857142857142857,0.7142857142857143,0
2014,2014_01_SD_ARI,ARI,3,64,0.046875,0.703125,0.25
2014,2014_01_SD_ARI,LAC,-3,60,0.2,0.8,0
2014,2014_01_SF_DAL,DAL,-3.5,63,0,0.1904761904761905,0.8095238095238095
2014,2014_01_SF_DAL,SF,3.5,52,0.9423076923076924,0.05769230769230769,0
2014,2014_01_TEN_KC,KC,3,56,0,0.5,0.5
2014,2014_01_TEN_KC,TEN,-3,73,0.547945205479452,0.4520547945205479,0
2014,2014_01_WAS_HOU,HOU,3,54,0.5555555555555556,0.4444444444444444,0
2014,2014_01_WAS_HOU,WAS,-3,63,0,0.47619047619047616,0.5238095238095238
2014,2014_02_ARI_NYG,ARI,-1,59,0.2711864406779661,0.7288135593220338,0
2014,2014_02_ARI_NYG,NYG,1,68,0,0.6911764705882353,0.3088235294117647
2014,2014_02_ATL_CIN,ATL,-5.5,65,0,0.35384615384615387,0.6461538461538462
2014,2014_02_ATL_CIN,CIN,5.5,68,0.5,0.5,0
2014,2014_02_CHI_SF,CHI,-7,50,0.04,0.12,0.84
2014,2014_02_CHI_SF,SF,7,65,0.6461538461538462,0.13846153846153847,0.2153846153846154
2014,2014_02_DAL_TEN,DAL,-3,76,0.631578947368421,0.3684210526315789,0
2014,2014_02_DAL_TEN,TEN,3,49,0,0.2653061224489796,0.7346938775510204
2014,2014_02_DET_CAR,CAR,1,61,0.39344262295081966,0.6065573770491803,0
2014,2014_02_DET_CAR,DET,-1,70,0,0.6571428571428571,0.34285714285714286
2014,2014_02_HOU_OAK,HOU,3,64,0.765625,0.234375,0
2014,2014_02_HOU_OAK,LV,3,59,0,0.05084745762711865,0.9491525423728814
2014,2014_02_JAX_WAS,JAX,-5,48,0,0.1875,0.8125
2014,2014_02_JAX_WAS,WAS,5,80,0.8375,0.1625,0
2014,2014_02_KC_DEN,DEN,13,45,0.37777777777777777,0.6222222222222222,0
2014,2014_02_KC_DEN,KC,-13,75,0,0.38666666666666666,0.6133333333333333
2014,2014_02_MIA_BUF,BUF,1,58,0.603448275862069,0.39655172413793105,0
2014,2014_02_MIA_BUF,MIA,-1,74,0,0.20270270270270271,0.7972972972972973
2014,2014_02_NE_MIN,MIN,-3.5,60,0,0.4,0.6
2014,2014_02_NE_MIN,NE,3.5,59,0.6440677966101694,0.3559322033898305,0
2014,2014_02_NO_CLE,CLE,-4.5,72,0.2916666666666667,0.7083333333333334,0
2014,2014_02_NO_CLE,NO,4.5,68,0,0.5147058823529411,0.4852941176470588
2014,2014_02_NYJ_GB,GB,7,66,0.19696969696969696,0.2727272727272727,0.5303030303030303
2014,2014_02_NYJ_GB,NYJ,-7,70,0.37142857142857144,0.34285714285714286,0.2857142857142857
2014,2014_02_PHI_IND,IND,3,71,0.3661971830985915,0.6338028169014085,0
2014,2014_02_PHI_IND,PHI,-3,64,0.015625,0.609375,0.375
2014,2014_02_PIT_BAL,BAL,2.5,63,0.7142857142857143,0.2857142857142857,0
2014,2014_02_PIT_BAL,PIT,-2.5,57,0,0.38596491228070173,0.6140350877192983
2014,2014_02_SEA_SD,LAC,4.5,75,0.6133333333333333,0.38666666666666666,0
2014,2014_02_SEA_SD,SEA,4.5,40,0,0.35,0.65
2014,2014_02_STL_TB,LA,-4,60,0,1,0
2014,2014_02_STL_TB,TB,4,51,0.0196078431372549,0.9607843137254902,0.0196078431372549
2014,2014_03_BAL_CLE,BAL,2,62,0,0.9838709677419356,0.01612903225806451
2014,2014_03_BAL_CLE,CLE,-2,55,0.14545454545454545,0.8545454545454545,0
2014,2014_03_CHI_NYJ,CHI,-1.5,60,0.7,0.3,0
2014,2014_03_CHI_NYJ,NYJ,1.5,72,0,0.2361111111111111,0.7638888888888888
2014,2014_03_DAL_STL,DAL,1.5,50,0.08,0.4,0.52
2014,2014_03_DAL_STL,LA,1.5,71,0.4084507042253521,0.4084507042253521,0.18309859154929575
2014,2014_03_DEN_SEA,DEN,-4,68,0,0.5,0.5
2014,2014_03_DEN_SEA,SEA,4,61,0.6557377049180327,0.3442622950819672,0
2014,2014_03_GB_DET,DET,1.5,71,0.4929577464788733,0.5070422535211268,0
2014,2014_03_GB_DET,GB,-1.5,51,0,0.8235294117647058,0.17647058823529413
2014,2014_03_HOU_NYG,HOU,-1,61,0,0.3114754098360656,0.6885245901639344
2014,2014_03_HOU_NYG,NYG,1,70,0.4714285714285714,0.5285714285714286,0
2014,2014_03_IND_JAX,IND,6,73,0.684931506849315,0.3150684931506849,0
2014,2014_03_IND_JAX,JAX,-6,55,0,0.10909090909090909,0.8909090909090909
2014,2014_03_KC_MIA,KC,-6,71,0.5211267605633803,0.4788732394366197,0
2014,2014_03_KC_MIA,MIA,6,67,0,0.582089552238806,0.417910447761194
2014,2014_03_MIN_NO,MIN,-10,52,0,0.5,0.5
2014,2014_03_MIN_NO,NO,10,66,0.5606060606060606,0.4393939393939394,0
2014,2014_03_OAK_NE,LV,-14,56,0,0.8571428571428571,0.14285714285714285
2014,2014_03_OAK_NE,NE,14,68,0.4411764705882353,0.5588235294117647,0
2014,2014_03_PIT_CAR,CAR,3,54,0,0.5,0.5
2014,2014_03_PIT_CAR,PIT,-3,62,0.4032258064516129,0.5967741935483871,0
2014,2014_03_SD_BUF,BUF,2.5,65,0,0.27692307692307694,0.7230769230769231
2014,2014_03_SD_BUF,LAC,-2.5,63,0.7777777777777778,0.2222222222222222,0
2014,2014_03_SF_ARI,ARI,-3,58,0.29310344827586204,0.5862068965517241,0.1206896551724138
2014,2014_03_SF_ARI,SF,3,61,0.22950819672131148,0.6065573770491803,0.16393442622950818
2014,2014_03_TB_ATL,ATL,6.5,65,0.8923076923076924,0.1076923076923077,0
2014,2014_03_TB_ATL,TB,-6.5,57,0,0.05263157894736842,0.9473684210526316
2014,2014_03_TEN_CIN,CIN,6.5,56,0.8035714285714286,0.19642857142857145,0
2014,2014_03_TEN_CIN,TEN,-6.5,63,0,0.2063492063492063,0.7936507936507936
2014,2014_03_WAS_PHI,PHI,4,64,0.25,0.75,0
2014,2014_03_WAS_PHI,WAS,-4,75,0,0.8133333333333334,0.18666666666666668
2014,2014_04_ATL_MIN,ATL,5.5,63,0,0.4444444444444444,0.5555555555555556
2014,2014_04_ATL_MIN,MIN,-5.5,74,0.527027027027027,0.47297297297297297,0
2014,2014_04_BUF_HOU,BUF,-3,68,0.07352941176470588,0.6323529411764706,0.29411764705882354
2014,2014_04_BUF_HOU,HOU,3,61,0.5081967213114754,0.4098360655737705,0.08196721311475409
2014,2014_04_CAR_BAL,BAL,3.5,60,0.6833333333333333,0.31666666666666665,0
2014,2014_04_CAR_BAL,CAR,-3.5,62,0,0.3870967741935484,0.6129032258064516
2014,2014_04_DET_NYJ,DET,-2,62,0.5645161290322581,0.43548387096774194,0
2014,2014_04_DET_NYJ,NYJ,2,62,0,0.43548387096774194,0.5645161290322581
2014,2014_04_GB_CHI,CHI,-2,77,0,0.6623376623376623,0.33766233766233766
2014,2014_04_GB_CHI,GB,2,47,0.3617021276595745,0.6382978723404256,0
2014,2014_04_JAX_SD,JAX,-13,65,0,0.5538461538461539,0.4461538461538462
2014,2014_04_JAX_SD,LAC,-13,61,0.4918032786885246,0.5081967213114754,0
2014,2014_04_MIA_OAK,LV,4,64,0,0.296875,0.703125
2014,2014_04_MIA_OAK,MIA,4,66,0.6666666666666666,0.3333333333333333,0
2014,2014_04_NE_KC,KC,-3,64,0.671875,0.328125,0
2014,2014_04_NE_KC,NE,3,49,0,0.22448979591836735,0.7755102040816326
2014,2014_04_NO_DAL,DAL,-3,62,0.7096774193548387,0.2903225806451613,0
2014,2014_04_NO_DAL,NO,3,59,0,0.2711864406779661,0.7288135593220338
2014,2014_04_NYG_WAS,NYG,-3,78,0.7435897435897436,0.2564102564102564,0
2014,2014_04_NYG_WAS,WAS,3,52,0,0.2307692307692308,0.7692307692307693
2014,2014_04_PHI_SF,PHI,-3.5,56,0.23214285714285715,0.6071428571428571,0.16071428571428573
2014,2014_04_PHI_SF,SF,3.5,74,0.12162162162162164,0.7702702702702703,0.10810810810810811
2014,2014_04_TB_PIT,PIT,7.5,72,0.2916666666666667,0.6666666666666666,0.04166666666666666
2014,2014_04_TB_PIT,TB,-7.5,62,0.04838709677419355,0.6774193548387096,0.27419354838709675
2014,2014_04_TEN_IND,IND,7.5,78,0.8589743589743589,0.14102564102564102,0
2014,2014_04_TEN_IND,TEN,-7.5,47,0,0.0851063829787234,0.9148936170212766
2014,2014_05_ARI_DEN,ARI,-8,56,0,0.5535714285714286,0.44642857142857145
2014,2014_05_ARI_DEN,DEN,8,74,0.5945945945945946,0.40540540540540543,0
2014,2014_05_ATL_NYG,ATL,-4,66,0,0.8333333333333334,0.16666666666666666
2014,2014_05_ATL_NYG,NYG,4,63,0.1746031746031746,0.7619047619047619,0.06349206349206349
2014,2014_05_BAL_IND,BAL,-2.5,56,0,0.5535714285714286,0.44642857142857145
2014,2014_05_BAL_IND,IND,2.5,79,0.4556962025316456,0.5443037974683544,0
2014,2014_05_BUF_DET,BUF,-4.5,67,0,0.3880597014925373,0.6119402985074627
2014,2014_05_BUF_DET,DET,4.5,56,0.5892857142857143,0.3928571428571429,0.01785714285714285
2014,2014_05_CHI_CAR,CAR,1.5,61,0.04918032786885246,0.639344262295082,0.3114754098360656
2014,2014_05_CHI_CAR,CHI,-1.5,61,0.2459016393442623,0.639344262295082,0.11475409836065574
2014,2014_05_CIN_NE,CIN,2.5,48,0,0.16666666666666666,0.8333333333333334
2014,2014_05_CIN_NE,NE,-2.5,79,0.8734177215189873,0.12658227848101267,0
2014,2014_05_CLE_TEN,CLE,1,74,0,0.14864864864864866,0.8513513513513513
2014,2014_05_CLE_TEN,TEN,-1,64,0.6875,0.296875,0.015625
2014,2014_05_HOU_DAL,DAL,5,67,0.22388059701492535,0.7761194029850746,0
2014,2014_05_HOU_DAL,HOU,-5,51,0,0.7254901960784313,0.27450980392156865
2014,2014_05_KC_SF,KC,-4,50,0,0.94,0.06
2014,2014_05_KC_SF,SF,4,67,0.19402985074626863,0.8059701492537313,0
2014,2014_05_MIN_GB,GB,8.5,51,0.8235294117647058,0.17647058823529413,0
2014,2014_05_MIN_GB,MIN,-8.5,75,0,0.12,0.88
2014,2014_05_NYJ_SD,LAC,-7,71,0.8169014084507042,0.18309859154929575,0
2014,2014_05_NYJ_SD,NYJ,-7,54,0,0.07407407407407407,0.925925925925926
2014,2014_05_PIT_JAX,JAX,-6,52,0,0.8653846153846154,0.1346153846153846
2014,2014_05_PIT_JAX,PIT,6,65,0.2,0.8,0
2014,2014_05_SEA_WAS,SEA,7,63,0.6349206349206349,0.36507936507936506,0
2014,2014_05_SEA_WAS,WAS,-7,54,0,0.5,0.5
2014,2014_05_STL_PHI,LA,-3.5,76,0,0.06578947368421052,0.9342105263157896
2014,2014_05_STL_PHI,PHI,3.5,69,1,0,0
2014,2014_05_TB_NO,NO,11,73,0.1780821917808219,0.589041095890411,0.2328767123287671
2014,2014_05_TB_NO,TB,-11,54,0.05555555555555555,0.7222222222222222,0.2222222222222222
2014,2014_06_BAL_TB,BAL,3.5,59,0.8813559322033898,0.11864406779661016,0
2014,2014_06_BAL_TB,TB,-3.5,67,0,0.08955223880597014,0.9104477611940298
2014,2014_06_CAR_CIN,CAR,-7,68,0.10294117647058824,0.8382352941176471,0.0588235294117647
2014,2014_06_CAR_CIN,CIN,7,55,0.3090909090909091,0.6,0.09090909090909093
2014,2014_06_CHI_ATL,ATL,3.5,53,0,0.6415094339622641,0.3584905660377358
2014,2014_06_CHI_ATL,CHI,-3.5,66,0.4090909090909091,0.5909090909090909,0
2014,2014_06_DAL_SEA,DAL,-10,68,0.10294117647058824,0.8382352941176471,0.0588235294117647
2014,2014_06_DAL_SEA,SEA,10,48,0,0.875,0.125
2014,2014_06_DEN_NYJ,DEN,10,67,0.4626865671641791,0.5223880597014925,0.01492537313432835
2014,2014_06_DEN_NYJ,NYJ,-10,62,0.01612903225806451,0.3870967741935484,0.5967741935483871
2014,2014_06_DET_MIN,DET,-1,65,0.5230769230769231,0.47692307692307695,0
2014,2014_06_DET_MIN,MIN,1,62,0,0.4838709677419355,0.5161290322580645
2014,2014_06_GB_MIA,GB,1.5,78,0.01282051282051282,0.8974358974358975,0.08974358974358974
2014,2014_06_GB_MIA,MIA,-1.5,55,0.10909090909090909,0.8545454545454545,0.03636363636363636
2014,2014_06_IND_HOU,HOU,-2.5,52,0,0.15384615384615383,0.8461538461538461
2014,2014_06_IND_HOU,IND,2.5,79,0.810126582278481,0.189873417721519,0
2014,2014_06_JAX_TEN,JAX,-4,74,0,0.581081081081081,0.4189189189189189
2014,2014_06_JAX_TEN,TEN,4,54,0.3703703703703703,0.6296296296296297,0
2014,2014_06_NE_BUF,BUF,1,66,0,0.48484848484848486,0.5151515151515151
2014,2014_06_NE_BUF,NE,-1,64,0.4375,0.5625,0
2014,2014_06_NYG_PHI,NYG,-1,60,0,0.06666666666666667,0.9333333333333332
2014,2014_06_NYG_PHI,PHI,1,71,0.7323943661971831,0.2676056338028169,0
2014,2014_06_PIT_CLE,CLE,2.5,56,0.8035714285714286,0.19642857142857145,0
2014,2014_06_PIT_CLE,PIT,-2.5,76,0,0.32894736842105265,0.6710526315789473
2014,2014_06_SD_OAK,LAC,7,66,0,0.8939393939393939,0.10606060606060606
2014,2014_06_SD_OAK,LV,7,54,0.03703703703703703,0.9629629629629628,0
2014,2014_06_SF_STL,LA,3.5,68,0.29411764705882354,0.3235294117647059,0.38235294117647056
2014,2014_06_SF_STL,SF,3.5,65,0.3230769230769231,0.4307692307692308,0.24615384615384617
2014,2014_06_WAS_ARI,ARI,5,68,0.3235294117647059,0.6764705882352942,0
2014,2014_06_WAS_ARI,WAS,-5,57,0,0.7192982456140351,0.2807017543859649
2014,2014_07_ARI_OAK,ARI,3.5,69,0.36231884057971014,0.6376811594202898,0
2014,2014_07_ARI_OAK,LV,3.5,47,0,0.5957446808510638,0.40425531914893614
2014,2014_07_ATL_BAL,ATL,-7,65,0,0.18461538461538465,0.8153846153846154
2014,2014_07_ATL_BAL,BAL,7,62,0.9193548387096774,0.08064516129032258,0
2014,2014_07_CAR_GB,CAR,-6.5,67,0,0.04477611940298507,0.9552238805970148
2014,2014_07_CAR_GB,GB,6.5,53,0.8867924528301887,0.11320754716981132,0
2014,2014_07_CIN_IND,CIN,-3,54,0,0.2222222222222222,0.7777777777777778
2014,2014_07_CIN_IND,IND,3,78,0.6410256410256411,0.358974358974359,0
2014,2014_07_CLE_JAX,CLE,4,73,0.0547945205479452,0.7945205479452054,0.1506849315068493
2014,2014_07_CLE_JAX,JAX,-4,67,0.34328358208955223,0.6567164179104478,0
2014,2014_07_HOU_PIT,HOU,-3,62,0.2903225806451613,0.24193548387096775,0.46774193548387094
2014,2014_07_HOU_PIT,PIT,3,59,0.5084745762711864,0.3050847457627119,0.1864406779661017
2014,2014_07_KC_SD,KC,-3,70,0.05714285714285714,0.9428571428571428,0
2014,2014_07_KC_SD,LAC,-3,49,0,0.9387755102040816,0.06122448979591836
2014,2014_07_MIA_CHI,CHI,3,51,0,0.29411764705882354,0.7058823529411765
2014,2014_07_MIA_CHI,MIA,-3,67,0.6716417910447762,0.3283582089552239,0
2014,2014_07_MIN_BUF,BUF,7,66,0,0.7121212121212122,0.2878787878787879
2014,2014_07_MIN_BUF,MIN,-7,60,0.16666666666666666,0.8333333333333334,0
2014,2014_07_NO_DET,DET,1.5,66,0,0.5757575757575758,0.42424242424242425
2014,2014_07_NO_DET,NO,-1.5,66,0.3636363636363637,0.6363636363636364,0
2014,2014_07_NYG_DAL,DAL,5,59,0.3050847457627119,0.6949152542372882,0
2014,2014_07_NYG_DAL,NYG,-5,59,0,0.576271186440678,0.423728813559322
2014,2014_07_NYJ_NE,NE,9.5,53,0.1320754716981132,0.8679245283018868,0
2014,2014_07_NYJ_NE,NYJ,-9.5,79,0,0.810126582278481,0.189873417721519
2014,2014_07_SEA_STL,LA,7,46,0.5869565217391305,0.4130434782608696,0
2014,2014_07_SEA_STL,SEA,7,68,0,0.22058823529411764,0.7794117647058824
2014,2014_07_SF_DEN,DEN,7,53,0.8301886792452831,0.16981132075471697,0
2014,2014_07_SF_DEN,SF,-7,70,0,0.12857142857142856,0.8714285714285714
2014,2014_07_TEN_WAS,TEN,-6,49,0,0.8571428571428571,0.14285714285714285
2014,2014_07_TEN_WAS,WAS,6,56,0.08928571428571429,0.9107142857142856,0
2014,2014_08_BAL_CIN,BAL,2.5,60,0,0.6833333333333333,0.31666666666666665
2014,2014_08_BAL_CIN,CIN,-2.5,63,0.3333333333333333,0.6507936507936508,0.01587301587301587
2014,2014_08_BUF_NYJ,BUF,-3,52,0.6923076923076923,0.3076923076923077,0
2014,2014_08_BUF_NYJ,NYJ,3,79,0,0.17721518987341772,0.8227848101265823
2014,2014_08_CHI_NE,CHI,-5.5,64,0,0.09375,0.90625
2014,2014_08_CHI_NE,NE,5.5,70,0.9285714285714286,0.07142857142857142,0
2014,2014_08_DET_ATL,ATL,-3.5,55,0.8181818181818182,0.18181818181818185,0
2014,2014_08_DET_ATL,DET,3.5,67,0,0.16417910447761194,0.835820895522388
2014,2014_08_GB_NO,GB,-2,63,0,0.5555555555555556,0.4444444444444444
2014,2014_08_GB_NO,NO,2,65,0.2923076923076923,0.7076923076923077,0
2014,2014_08_HOU_TEN,HOU,3.5,78,0.5128205128205128,0.4871794871794872,0
2014,2014_08_HOU_TEN,TEN,-3.5,55,0,0.4,0.6
2014,2014_08_IND_PIT,IND,5,56,0,0.16071428571428573,0.8392857142857143
2014,2014_08_IND_PIT,PIT,-5,81,0.8271604938271605,0.1728395061728395,0
2014,2014_08_MIA_JAX,JAX,-7,68,0,0.6029411764705882,0.39705882352941174
2014,2014_08_MIA_JAX,MIA,7,55,0.6181818181818182,0.38181818181818183,0
2014,2014_08_MIN_TB,MIN,-1,64,0.203125,0.796875,0
2014,2014_08_MIN_TB,TB,1,55,0,0.7454545454545455,0.2545454545454545
2014,2014_08_OAK_CLE,CLE,6.5,53,0.6226415094339622,0.37735849056603776,0
2014,2014_08_OAK_CLE,LV,-6.5,78,0,0.5384615384615384,0.4615384615384616
2014,2014_08_PHI_ARI,ARI,1,65,0.04615384615384615,0.953846153846154,0
2014,2014_08_PHI_ARI,PHI,-1,87,0,0.8735632183908046,0.1264367816091954
2014,2014_08_SD_DEN,DEN,9,65,0.5384615384615384,0.4615384615384616,0
2014,2014_08_SD_DEN,LAC,-9,58,0,0.4827586206896552,0.5172413793103449
2014,2014_08_SEA_CAR,CAR,-6,55,0.3090909090909091,0.6181818181818182,0.07272727272727272
2014,2014_08_SEA_CAR,SEA,6,58,0,0.9827586206896552,0.01724137931034482
2014,2014_08_STL_KC,KC,7.5,64,0.546875,0.453125,0
2014,2014_08_STL_KC,LA,-7.5,51,0,0.4117647058823529,0.5882352941176471
2014,2014_08_WAS_DAL,DAL,9.5,60,0,0.9,0.1
2014,2014_08_WAS_DAL,WAS,-9.5,55,0,1,0
2014,2014_09_ARI_DAL,ARI,-1.5,63,0.2063492063492063,0.5555555555555556,0.23809523809523808
2014,2014_09_ARI_DAL,DAL,1.5,59,0.15254237288135594,0.6101694915254238,0.23728813559322037
2014,2014_09_BAL_PIT,BAL,-2.5,66,0,0.4090909090909091,0.5909090909090909
2014,2014_09_BAL_PIT,PIT,2.5,65,0.5538461538461539,0.4461538461538462,0
2014,2014_09_DEN_NE,DEN,3,74,0,0.24324324324324328,0.7567567567567568
2014,2014_09_DEN_NE,NE,-3,79,0.6962025316455697,0.3037974683544304,0
2014,2014_09_IND_NYG,IND,3,71,0.6619718309859155,0.3380281690140845,0
2014,2014_09_IND_NYG,NYG,-3,75,0,0.37333333333333335,0.6266666666666667
2014,2014_09_JAX_CIN,CIN,10,67,0.7014925373134329,0.29850746268656714,0
2014,2014_09_JAX_CIN,JAX,-10,60,0,0.31666666666666665,0.6833333333333333
2014,2014_09_NO_CAR,CAR,-3,54,0,0.5370370370370371,0.46296296296296297
2014,2014_09_NO_CAR,NO,3,72,0.5,0.5,0
2014,2014_09_NYJ_KC,KC,9.5,56,0.7857142857142857,0.21428571428571427,0
2014,2014_09_NYJ_KC,NYJ,-9.5,69,0,0.04347826086956521,0.9565217391304348
2014,2014_09_OAK_SEA,LV,-13.5,59,0,0.3050847457627119,0.6949152542372882
2014,2014_09_OAK_SEA,SEA,13.5,71,0.8450704225352113,0.15492957746478872,0
2014,2014_09_PHI_HOU,HOU,-1.5,59,0,0.7796610169491526,0.22033898305084745
2014,2014_09_PHI_HOU,PHI,1.5,77,0.2597402597402597,0.7402597402597403,0
2014,2014_09_SD_MIA,LAC,-3,49,0,0.2653061224489796,0.7346938775510204
2014,2014_09_SD_MIA,MIA,3,74,0.8648648648648649,0.13513513513513514,0
2014,2014_09_STL_SF,LA,-10.5,51,0.0588235294117647,0.9215686274509804,0.0196078431372549
2014,2014_09_STL_SF,SF,10.5,62,0.1129032258064516,0.8870967741935484,0
2014,2014_09_TB_CLE,CLE,7,65,0.3230769230769231,0.676923076923077,0
2014,2014_09_TB_CLE,TB,-7,61,0,0.9016393442622952,0.09836065573770492
2014,2014_09_WAS_MIN,MIN,-1,71,0.04225352112676056,0.6338028169014085,0.323943661971831
2014,2014_09_WAS_MIN,WAS,1,61,0.22950819672131148,0.7213114754098361,0.04918032786885246
2014,2014_10_ATL_TB,ATL,3.5,58,0.20689655172413793,0.7931034482758621,0
2014,2014_10_ATL_TB,TB,-3.5,68,0,0.75,0.25
2014,2014_10_CAR_PHI,CAR,-7,81,0,0.12345679012345678,0.8765432098765432
2014,2014_10_CAR_PHI,PHI,7,58,0.8620689655172413,0.13793103448275862,0
2014,2014_10_CHI_GB,CHI,-9.5,67,0,0.08955223880597014,0.9104477611940298
2014,2014_10_CHI_GB,GB,9.5,64,0.8125,0.1875,0
2014,2014_10_CLE_CIN,CIN,6.5,63,0,0.31746031746031744,0.6825396825396826
2014,2014_10_CLE_CIN,CLE,-6.5,75,0.7866666666666666,0.21333333333333335,0
2014,2014_10_DAL_JAX,DAL,7.5,59,0.5932203389830508,0.4067796610169492,0
2014,2014_10_DAL_JAX,JAX,-7.5,65,0,0.2923076923076923,0.7076923076923077
2014,2014_10_DEN_OAK,DEN,13,74,0.4189189189189189,0.581081081081081,0
2014,2014_10_DEN_OAK,LV,13,62,0,0.46774193548387094,0.532258064516129
2014,2014_10_KC_BUF,BUF,2,71,0.5774647887323944,0.39436619718309857,0.02816901408450704
2014,2014_10_KC_BUF,KC,-2,59,0.1016949152542373,0.576271186440678,0.3220338983050847
2014,2014_10_MIA_DET,DET,3,63,0.380952380952381,0.6190476190476191,0
2014,2014_10_MIA_DET,MIA,-3,59,0,0.5932203389830508,0.4067796610169492
2014,2014_10_NYG_SEA,NYG,-9,62,0,0.6612903225806451,0.3387096774193548
2014,2014_10_NYG_SEA,SEA,9,62,0.20967741935483872,0.7903225806451613,0
2014,2014_10_PIT_NYJ,NYJ,-4.5,55,0.7454545454545455,0.2545454545454545,0
2014,2014_10_PIT_NYJ,PIT,4.5,60,0,0.1,0.9
2014,2014_10_SF_NO,NO,6,68,0,0.45588235294117646,0.5441176470588235
2014,2014_10_SF_NO,SF,-6,61,0.47540983606557374,0.47540983606557374,0.04918032786885246
2014,2014_10_STL_ARI,ARI,7,65,0.06153846153846154,0.9384615384615383,0
2014,2014_10_STL_ARI,LA,-7,57,0.0175438596491228,0.7368421052631579,0.24561403508771928
2014,2014_10_TEN_BAL,BAL,10.5,60,0.35,0.65,0
2014,2014_10_TEN_BAL,TEN,-10.5,54,0,0.7407407407407407,0.25925925925925924
2014,2014_11_ATL_CAR,ATL,2.5,73,0.3698630136986301,0.6301369863013698,0
2014,2014_11_ATL_CAR,CAR,-2.5,64,0,0.6875,0.3125
2014,2014_11_BUF_MIA,BUF,-4,59,0,0.7796610169491526,0.22033898305084745
2014,2014_11_BUF_MIA,MIA,4,62,0.2903225806451613,0.7096774193548387,0
2014,2014_11_CIN_NO,CIN,-8.5,56,0.5892857142857143,0.4107142857142857,0
2014,2014_11_CIN_NO,NO,8.5,67,0,0.5223880597014925,0.47761194029850745
2014,2014_11_DEN_STL,DEN,8,65,0,0.35384615384615387,0.6461538461538462
2014,2014_11_DEN_STL,LA,8,65,0.6461538461538462,0.35384615384615387,0
2014,2014_11_DET_ARI,ARI,-1,54,0.8333333333333334,0.16666666666666666,0
2014,2014_11_DET_ARI,DET,1,53,0,0.07547169811320754,0.9245283018867924
2014,2014_11_HOU_CLE,CLE,4.5,75,0,0.5866666666666667,0.4133333333333334
2014,2014_11_HOU_CLE,HOU,-4.5,82,0.4878048780487805,0.5121951219512195,0
2014,2014_11_MIN_CHI,CHI,2.5,73,0.410958904109589,0.589041095890411,0
2014,2014_11_MIN_CHI,MIN,-2.5,45,0,0.7111111111111111,0.28888888888888886
2014,2014_11_NE_IND,IND,3,56,0,0.4642857142857143,0.5357142857142857
2014,2014_11_NE_IND,NE,-3,70,0.5285714285714286,0.4714285714285714,0
2014,2014_11_OAK_SD,LAC,-10.5,68,0.75,0.25,0
2014,2014_11_OAK_SD,LV,-10.5,54,0,0.2777777777777778,0.7222222222222222
2014,2014_11_PHI_GB,GB,4.5,61,0.6885245901639344,0.3114754098360656,0
2014,2014_11_PHI_GB,PHI,-4.5,78,0,0.07692307692307693,0.9230769230769232
2014,2014_11_PIT_TEN,PIT,7,71,0.08450704225352113,0.8028169014084507,0.11267605633802816
2014,2014_11_PIT_TEN,TEN,-7,39,0.20512820512820512,0.7948717948717948,0
2014,2014_11_SEA_KC,KC,-1,44,0.13636363636363635,0.8636363636363636,0
2014,2014_11_SEA_KC,SEA,1,71,0,0.8028169014084507,0.19718309859154928
2014,2014_11_SF_NYG,NYG,-4,68,0,0.75,0.25
2014,2014_11_SF_NYG,SF,4,66,0.3484848484848485,0.6060606060606061,0.04545454545454545
2014,2014_11_TB_WAS,TB,-6.5,45,0.6,0.4,0
2014,2014_11_TB_WAS,WAS,6.5,69,0,0.463768115942029,0.5362318840579711
2014,2014_12_ARI_SEA,ARI,-7.5,49,0,0.42857142857142855,0.5714285714285714
2014,2014_12_ARI_SEA,SEA,7.5,56,0.7321428571428571,0.26785714285714285,0
2014,2014_12_BAL_NO,BAL,-2.5,56,0.30357142857142855,0.6964285714285714,0
2014,2014_12_BAL_NO,NO,2.5,69,0,0.6956521739130435,0.30434782608695654
2014,2014_12_CIN_HOU,CIN,-3,77,0.4935064935064935,0.5064935064935064,0
2014,2014_12_CIN_HOU,HOU,3,63,0,0.6349206349206349,0.36507936507936506
2014,2014_12_CLE_ATL,ATL,3,69,0,0.855072463768116,0.14492753623188406
2014,2014_12_CLE_ATL,CLE,-3,70,0.11428571428571428,0.8857142857142857,0
2014,2014_12_DAL_NYG,DAL,4,51,0.0392156862745098,0.35294117647058826,0.6078431372549019
2014,2014_12_DAL_NYG,NYG,-4,74,0.3918918918918919,0.581081081081081,0.02702702702702703
2014,2014_12_DET_NE,DET,-7.5,72,0,0.3055555555555556,0.6944444444444444
2014,2014_12_DET_NE,NE,7.5,73,0.7808219178082192,0.2191780821917808,0
2014,2014_12_GB_MIN,GB,7.5,59,0.1016949152542373,0.8983050847457628,0
2014,2014_12_GB_MIN,MIN,-7.5,64,0,0.796875,0.203125
2014,2014_12_JAX_IND,IND,13,70,0.4,0.6,0
2014,2014_12_JAX_IND,JAX,-13,53,0,0.5471698113207547,0.4528301886792453
2014,2014_12_KC_OAK,KC,7.5,62,0,0.4516129032258064,0.5483870967741935
2014,2014_12_KC_OAK,LV,7.5,65,0.4153846153846154,0.5846153846153846,0
2014,2014_12_MIA_DEN,DEN,6.5,69,0.05797101449275362,0.7101449275362319,0.2318840579710145
2014,2014_12_MIA_DEN,MIA,-6.5,57,0.07017543859649122,0.7543859649122807,0.17543859649122806
2014,2014_12_NYJ_BUF,BUF,2.5,62,0.6129032258064516,0.3870967741935484,0
2014,2014_12_NYJ_BUF,NYJ,-2.5,57,0,0.3333333333333333,0.6666666666666666
2014,2014_12_STL_SD,LA,-4,61,0.11475409836065574,0.5901639344262295,0.29508196721311475
2014,2014_12_STL_SD,LAC,-4,59,0.1694915254237288,0.8305084745762712,0
2014,2014_12_TB_CHI,CHI,4,56,0.3392857142857143,0.6428571428571429,0.01785714285714285
2014,2014_12_TB_CHI,TB,-4,75,0.24,0.4533333333333333,0.30666666666666664
2014,2014_12_TEN_PHI,PHI,11,80,0.9375,0.0625,0
2014,2014_12_TEN_PHI,TEN,-11,61,0,0.01639344262295082,0.9836065573770492
2014,2014_12_WAS_SF,SF,9,58,0.3103448275862069,0.6896551724137931,0
2014,2014_12_WAS_SF,WAS,-9,52,0,0.6923076923076923,0.3076923076923077
2014,2014_13_ARI_ATL,ARI,1.5,50,0,0.12,0.88
2014,2014_13_ARI_ATL,ATL,-1.5,74,0.8918918918918919,0.10810810810810811,0
2014,2014_13_CAR_MIN,CAR,-2.5,71,0,0.07042253521126761,0.9295774647887324
2014,2014_13_CAR_MIN,MIN,2.5,47,0.8723404255319149,0.1276595744680851,0
2014,2014_13_CHI_DET,CHI,-7.5,58,0.01724137931034482,0.4482758620689655,0.5344827586206896
2014,2014_13_CHI_DET,DET,7.5,70,0.5142857142857142,0.3857142857142858,0.1
2014,2014_13_CIN_TB,CIN,6,57,0.03508771929824561,0.7543859649122807,0.21052631578947367
2014,2014_13_CIN_TB,TB,-6,55,0.21818181818181817,0.7818181818181819,0
2014,2014_13_CLE_BUF,BUF,3,61,0.4098360655737705,0.5901639344262295,0
2014,2014_13_CLE_BUF,CLE,-3,66,0,0.6818181818181818,0.3181818181818182
2014,2014_13_DEN_KC,DEN,-1,79,0.8860759493670886,0.1139240506329114,0
2014,2014_13_DEN_KC,KC,1,43,0,0.13953488372093023,0.8604651162790697
2014,2014_13_MIA_NYJ,MIA,6.5,54,0,0.6111111111111112,0.3888888888888889
2014,2014_13_MIA_NYJ,NYJ,-6.5,64,0.53125,0.46875,0
2014,2014_13_NE_GB,GB,3,67,0.5074626865671642,0.4925373134328358,0
2014,2014_13_NE_GB,NE,-3,53,0,0.41509433962264153,0.5849056603773585
2014,2014_13_NO_PIT,NO,-3.5,54,0.46296296296296297,0.5370370370370371,0
2014,2014_13_NO_PIT,PIT,3.5,81,0,0.43209876543209874,0.5679012345679012
2014,2014_13_NYG_JAX,JAX,-3,63,0,0.3492063492063492,0.6507936507936508
2014,2014_13_NYG_JAX,NYG,3,73,0.3561643835616438,0.6438356164383562,0
2014,2014_13_OAK_STL,LA,-6.5,48,0.9166666666666666,0.08333333333333333,0
2014,2014_13_OAK_STL,LV,-6.5,75,0,0.04,0.96
2014,2014_13_PHI_DAL,DAL,3,57,0,0.3508771929824561,0.6491228070175439
2014,2014_13_PHI_DAL,PHI,-3,73,0.7123287671232876,0.2876712328767123,0
2014,2014_13_SD_BAL,BAL,6.5,63,0.492063492063492,0.5079365079365079,0
2014,2014_13_SD_BAL,LAC,-6.5,65,0,0.4307692307692308,0.5692307692307692
2014,2014_13_SEA_SF,SEA,-1,60,0.7333333333333333,0.26666666666666666,0
2014,2014_13_SEA_SF,SF,1,51,0,0.3333333333333333,0.6666666666666666
2014,2014_13_TEN_HOU,HOU,7,67,0.7910447761194029,0.208955223880597,0
2014,2014_13_TEN_HOU,TEN,-7,56,0,0.03571428571428571,0.9642857142857144
2014,2014_13_WAS_IND,IND,7.5,48,0.5625,0.4375,0
2014,2014_13_WAS_IND,WAS,-7.5,74,0,0.17567567567567569,0.8243243243243243
2014,2014_14_ATL_GB,ATL,-13.5,64,0,0.203125,0.796875
2014,2014_14_ATL_GB,GB,13.5,66,0.6818181818181818,0.3181818181818182,0
2014,2014_14_BAL_MIA,BAL,-3,61,0.13114754098360656,0.5081967213114754,0.3606557377049181
2014,2014_14_BAL_MIA,MIA,3,54,0.3703703703703703,0.48148148148148145,0.14814814814814814
2014,2014_14_BUF_DEN,BUF,-9,77,0,0.3246753246753247,0.6753246753246753
2014,2014_14_BUF_DEN,DEN,9,47,0.8085106382978723,0.1914893617021277,0
2014,2014_14_CAR_NO,CAR,-8.5,72,0.8333333333333334,0.16666666666666666,0
2014,2014_14_CAR_NO,NO,8.5,68,0,0.04411764705882353,0.9558823529411764
2014,2014_14_DAL_CHI,CHI,-3.5,60,0,0.36666666666666664,0.6333333333333333
2014,2014_14_DAL_CHI,DAL,3.5,60,0.36666666666666664,0.6333333333333333,0
2014,2014_14_HOU_JAX,HOU,6.5,60,0.31666666666666665,0.6666666666666666,0.01666666666666666
2014,2014_14_HOU_JAX,JAX,-6.5,66,0,0.7575757575757576,0.24242424242424243
2014,2014_14_IND_CLE,CLE,-3,62,0.3709677419354839,0.6290322580645161,0
2014,2014_14_IND_CLE,IND,3,75,0,0.7066666666666667,0.29333333333333333
2014,2014_14_KC_ARI,ARI,-2.5,64,0.171875,0.71875,0.109375
2014,2014_14_KC_ARI,KC,2.5,60,0.2,0.7,0.1
2014,2014_14_NE_SD,LAC,4,54,0.05555555555555555,0.7962962962962963,0.14814814814814814
2014,2014_14_NE_SD,NE,4,73,0.136986301369863,0.7671232876712328,0.0958904109589041
2014,2014_14_NYG_TEN,NYG,3,71,0.7323943661971831,0.2676056338028169,0
2014,2014_14_NYG_TEN,TEN,-3,56,0,0.125,0.875
2014,2014_14_NYJ_MIN,MIN,4.5,55,0.41818181818181815,0.5818181818181818,0
2014,2014_14_NYJ_MIN,NYJ,-4.5,68,0,0.6764705882352942,0.3235294117647059
2014,2014_14_PIT_CIN,CIN,3,58,0,0.7241379310344828,0.27586206896551724
2014,2014_14_PIT_CIN,PIT,-3,69,0.14492753623188406,0.8260869565217391,0.02898550724637681
2014,2014_14_SEA_PHI,PHI,-1.5,45,0,0.6222222222222222,0.37777777777777777
2014,2014_14_SEA_PHI,SEA,1.5,83,0.3493975903614458,0.5903614457831325,0.06024096385542168
2014,2014_14_SF_OAK,LV,8,60,0.2833333333333333,0.7166666666666667,0
2014,2014_14_SF_OAK,SF,8,56,0,0.6964285714285714,0.30357142857142855
2014,2014_14_STL_WAS,LA,2.5,55,0.6363636363636364,0.3636363636363637,0
2014,2014_14_STL_WAS,WAS,-2.5,55,0,0.43636363636363634,0.5636363636363636
2014,2014_14_TB_DET,DET,10.5,66,0.5757575757575758,0.42424242424242425,0
2014,2014_14_TB_DET,TB,-10.5,59,0,0.288135593220339,0.711864406779661
2014,2014_15_ARI_STL,ARI,-6,63,0.380952380952381,0.6190476190476191,0
2014,2014_15_ARI_STL,LA,-6,61,0,0.6557377049180327,0.3442622950819672
2014,2014_15_CIN_CLE,CIN,-2.5,71,0.704225352112676,0.29577464788732394,0
2014,2014_15_CIN_CLE,CLE,2.5,38,0,0.13157894736842105,0.868421052631579
2014,2014_15_DAL_PHI,DAL,-3.5,73,0.6712328767123288,0.3287671232876712,0
2014,2014_15_DAL_PHI,PHI,3.5,53,0,0.18867924528301888,0.8113207547169812
2014,2014_15_DEN_SD,DEN,4,61,0.4918032786885246,0.5081967213114754,0
2014,2014_15_DEN_SD,LAC,4,61,0,0.5737704918032787,0.4262295081967213
2014,2014_15_GB_BUF,BUF,-3.5,60,0.3,0.7,0
2014,2014_15_GB_BUF,GB,3.5,67,0,0.7313432835820896,0.26865671641791045
2014,2014_15_HOU_IND,HOU,-7,67,0,0.7313432835820896,0.26865671641791045
2014,2014_15_HOU_IND,IND,7,61,0.45901639344262296,0.5409836065573771,0
2014,2014_15_JAX_BAL,BAL,14,54,0.3148148148148148,0.6851851851851852,0
2014,2014_15_JAX_BAL,JAX,-14,69,0,0.7971014492753623,0.2028985507246377
2014,2014_15_MIA_NE,MIA,-9.5,74,0,0.22972972972972977,0.7702702702702703
2014,2014_15_MIA_NE,NE,9.5,63,0.746031746031746,0.25396825396825395,0
2014,2014_15_MIN_DET,DET,8,50,0.06,0.8,0.14
2014,2014_15_MIN_DET,MIN,-8,64,0.15625,0.8125,0.03125
2014,2014_15_NO_CHI,CHI,-3,58,0,0.4482758620689655,0.5517241379310345
2014,2014_15_NO_CHI,NO,3,63,0.6825396825396826,0.31746031746031744,0
2014,2014_15_NYJ_TEN,NYJ,3.5,60,0.05,0.95,0
2014,2014_15_NYJ_TEN,TEN,-3.5,62,0.03225806451612903,0.8709677419354839,0.0967741935483871
2014,2014_15_OAK_KC,KC,11,58,0.7586206896551724,0.2413793103448276,0
2014,2014_15_OAK_KC,LV,-11,76,0,0.2894736842105263,0.7105263157894737
2014,2014_15_PIT_ATL,ATL,-3,57,0,0.2982456140350877,0.7017543859649122
2014,2014_15_PIT_ATL,PIT,3,55,0.6,0.4,0
2014,2014_15_SF_SEA,SEA,10,59,0.2033898305084746,0.7966101694915254,0
2014,2014_15_SF_SEA,SF,-10,57,0,0.6842105263157895,0.3157894736842105
2014,2014_15_TB_CAR,CAR,3.5,74,0.4189189189189189,0.581081081081081,0
2014,2014_15_TB_CAR,TB,-3.5,54,0,0.5370370370370371,0.46296296296296297
2014,2014_15_WAS_NYG,NYG,7,57,0.3508771929824561,0.6491228070175439,0
2014,2014_15_WAS_NYG,WAS,-7,68,0.01470588235294117,0.8529411764705882,0.1323529411764706
2014,2014_16_ATL_NO,ATL,-6,62,0.3870967741935484,0.6129032258064516,0
2014,2014_16_ATL_NO,NO,6,68,0,0.4705882352941176,0.5294117647058824
2014,2014_16_BAL_HOU,BAL,6,68,0,0.27941176470588236,0.7205882352941176
2014,2014_16_BAL_HOU,HOU,-6,81,0.5679012345679012,0.43209876543209874,0
2014,2014_16_BUF_OAK,BUF,7,64,0.046875,0.71875,0.234375
2014,2014_16_BUF_OAK,LV,7,69,0.30434782608695654,0.6956521739130435,0
2014,2014_16_CLE_CAR,CAR,6,75,0.26666666666666666,0.7333333333333333,0
2014,2014_16_CLE_CAR,CLE,-6,46,0,0.8913043478260869,0.10869565217391304
2014,2014_16_DEN_CIN,CIN,-3.5,60,0.43333333333333335,0.5666666666666667,0
2014,2014_16_DEN_CIN,DEN,3.5,65,0,0.49230769230769234,0.5076923076923077
2014,2014_16_DET_CHI,CHI,-10,63,0.06349206349206349,0.8412698412698413,0.09523809523809525
2014,2014_16_DET_CHI,DET,10,66,0.2878787878787879,0.7121212121212122,0
2014,2014_16_GB_TB,GB,11.5,69,0.4782608695652174,0.5217391304347826,0
2014,2014_16_GB_TB,TB,-11.5,47,0,0.5957446808510638,0.40425531914893614
2014,2014_16_IND_DAL,DAL,3.5,62,0.7580645161290323,0.24193548387096775,0
2014,2014_16_IND_DAL,IND,-3.5,56,0,0,1
2014,2014_16_KC_PIT,KC,-2.5,66,0,0.6818181818181818,0.3181818181818182
2014,2014_16_KC_PIT,PIT,2.5,48,0.375,0.625,0
2014,2014_16_MIN_MIA,MIA,4.5,73,0.0547945205479452,0.6301369863013698,0.3150684931506849
2014,2014_16_MIN_MIA,MIN,-4.5,57,0.22807017543859648,0.6842105263157895,0.08771929824561403
2014,2014_16_NE_NYJ,NE,10,59,0.05084745762711865,0.9322033898305084,0.01694915254237288
2014,2014_16_NE_NYJ,NYJ,-10,61,0.09836065573770492,0.9016393442622952,0
2014,2014_16_NYG_STL,LA,-7,54,0,0.46296296296296297,0.5370370370370371
2014,2014_16_NYG_STL,NYG,-7,64,0.578125,0.421875,0
2014,2014_16_PHI_WAS,PHI,7,84,0,0.8571428571428571,0.14285714285714285
2014,2014_16_PHI_WAS,WAS,-7,53,0.18867924528301888,0.8113207547169812,0
2014,2014_16_SD_SF,LAC,-2,72,0,0.16666666666666666,0.8333333333333334
2014,2014_16_SD_SF,SF,2,64,0.828125,0.171875,0
2014,2014_16_SEA_ARI,ARI,-9.5,64,0,0.359375,0.640625
2014,2014_16_SEA_ARI,SEA,9.5,66,0.5303030303030303,0.4696969696969697,0
2014,2014_16_TEN_JAX,JAX,4,56,0.21428571428571427,0.75,0.03571428571428571
2014,2014_16_TEN_JAX,TEN,-4,65,0.01538461538461538,0.7846153846153846,0.2
2014,2014_17_ARI_SF,ARI,-6,67,0,0.9552238805970148,0.04477611940298507
2014,2014_17_ARI_SF,SF,6,57,0.24561403508771928,0.7543859649122807,0
2014,2014_17_BUF_NE,BUF,-4.5,56,0.5714285714285714,0.42857142857142855,0
2014,2014_17_BUF_NE,NE,4.5,62,0,0.3870967741935484,0.6129032258064516
2014,2014_17_CAR_ATL,ATL,2.5,69,0,0.3188405797101449,0.6811594202898551
2014,2014_17_CAR_ATL,CAR,-2.5,52,0.4423076923076923,0.5576923076923077,0
2014,2014_17_CHI_MIN,CHI,-7,59,0,0.847457627118644,0.15254237288135594
2014,2014_17_CHI_MIN,MIN,7,58,0.3793103448275862,0.6206896551724138,0
2014,2014_17_CIN_PIT,CIN,-3,70,0,0.5,0.5
2014,2014_17_CIN_PIT,PIT,3,56,0.5178571428571429,0.4821428571428571,0
2014,2014_17_CLE_BAL,BAL,14,63,0.15873015873015872,0.7777777777777778,0.06349206349206349
2014,2014_17_CLE_BAL,CLE,-14,59,0.06779661016949153,0.7796610169491526,0.15254237288135594
2014,2014_17_DAL_WAS,DAL,6,61,0.6721311475409836,0.32786885245901637,0
2014,2014_17_DAL_WAS,WAS,-6,68,0,0.1176470588235294,0.8823529411764706
2014,2014_17_DET_GB,DET,-9,66,0,0.4090909090909091,0.5909090909090909
2014,2014_17_DET_GB,GB,9,62,0.7096774193548387,0.2903225806451613,0
2014,2014_17_IND_TEN,IND,7.5,63,0.6825396825396826,0.31746031746031744,0
2014,2014_17_IND_TEN,TEN,-7.5,57,0,0.38596491228070173,0.6140350877192983
2014,2014_17_JAX_HOU,HOU,8.5,75,0.17333333333333334,0.8266666666666667,0
2014,2014_17_JAX_HOU,JAX,-8.5,53,0,0.7924528301886793,0.20754716981132076
2014,2014_17_NO_TB,NO,6,61,0.01639344262295082,0.26229508196721313,0.7213114754098361
2014,2014_17_NO_TB,TB,-6,64,0.390625,0.609375,0
2014,2014_17_NYJ_MIA,MIA,7,66,0,0.8939393939393939,0.10606060606060606
2014,2014_17_NYJ_MIA,NYJ,-7,62,0.12903225806451613,0.8225806451612904,0.04838709677419355
2014,2014_17_OAK_DEN,DEN,16.5,73,0.821917808219178,0.1780821917808219,0
2014,2014_17_OAK_DEN,LV,-16.5,57,0,0.10526315789473684,0.8947368421052632
2014,2014_17_PHI_NYG,NYG,-1,78,0,0.7435897435897436,0.2564102564102564
2014,2014_17_PHI_NYG,PHI,1,69,0.4057971014492754,0.5942028985507246,0
2014,2014_17_SD_KC,KC,3,56,0.7142857142857143,0.2857142857142857,0
2014,2014_17_SD_KC,LAC,-3,66,0,0.2727272727272727,0.7272727272727273
2014,2014_17_STL_SEA,LA,-11,60,0,0.6333333333333333,0.36666666666666664
2014,2014_17_STL_SEA,SEA,11,59,0.0847457627118644,0.9152542372881356,0
2014,2014_18_ARI_CAR,ARI,-5.5,47,0,0.44680851063829785,0.5531914893617021
2014,2014_18_ARI_CAR,CAR,5.5,74,0.47297297297297297,0.527027027027027,0
2014,2014_18_BAL_PIT,BAL,-3,51,0.4117647058823529,0.5882352941176471,0
2014,2014_18_BAL_PIT,PIT,3,72,0,0.5972222222222222,0.4027777777777778
2014,2014_18_CIN_IND,CIN,-3.5,59,0,0.6101694915254238,0.3898305084745763
2014,2014_18_CIN_IND,IND,3.5,69,0.43478260869565216,0.5652173913043478,0
2014,2014_18_DET_DAL,DAL,6,56,0,0.5178571428571429,0.4821428571428571
2014,2014_18_DET_DAL,DET,-6,67,0.5373134328358209,0.3582089552238806,0.1044776119402985
2014,2014_19_BAL_NE,BAL,-7,73,0.136986301369863,0.8082191780821918,0.0547945205479452
2014,2014_19_BAL_NE,NE,7,62,0,0.7741935483870968,0.2258064516129032
2014,2014_19_CAR_SEA,CAR,-13.5,68,0,0.6323529411764706,0.36764705882352944
2014,2014_19_CAR_SEA,SEA,13.5,49,0.3673469387755102,0.6326530612244898,0
2014,2014_19_DAL_GB,DAL,-5.5,51,0.09803921568627452,0.8235294117647058,0.0784313725490196
2014,2014_19_DAL_GB,GB,5.5,63,0.09523809523809525,0.8095238095238095,0.09523809523809525
2014,2014_19_IND_DEN,DEN,9.5,67,0.05970149253731343,0.47761194029850745,0.4626865671641791
2014,2014_19_IND_DEN,IND,-9.5,71,0.39436619718309857,0.5211267605633803,0.08450704225352113
2014,2014_20_GB_SEA,GB,-8.5,65,0.5384615384615384,0.4615384615384616,0
2014,2014_20_GB_SEA,SEA,8.5,63,0,0.15873015873015872,0.8412698412698413
2014,2014_20_IND_NE,IND,-7,51,0,0.21568627450980393,0.7843137254901961
2014,2014_20_IND_NE,NE,7,76,0.881578947368421,0.11842105263157894,0
2014,2014_21_NE_SEA,NE,1,70,0,0.7857142857142857,0.21428571428571427
2014,2014_21_NE_SEA,SEA,-1,53,0.3018867924528302,0.6981132075471698,0
2015,2015_01_BAL_DEN,BAL,-4.5,57,0,0.8245614035087719,0.17543859649122806
2015,2015_01_BAL_DEN,DEN,4.5,68,0.3382352941176471,0.6617647058823529,0
2015,2015_01_CAR_JAX,CAR,3,66,0.3939393939393939,0.6060606060606061,0
2015,2015_01_CAR_JAX,JAX,-3,65,0,0.6615384615384615,0.3384615384615385
2015,2015_01_CIN_OAK,CIN,3,63,0.6984126984126984,0.30158730158730157,0
2015,2015_01_CIN_OAK,LV,3,61,0,0.29508196721311475,0.7049180327868853
2015,2015_01_CLE_NYJ,CLE,-3.5,63,0,0.6507936507936508,0.3492063492063492
2015,2015_01_CLE_NYJ,NYJ,3.5,59,0.5084745762711864,0.4915254237288136,0
2015,2015_01_DET_SD,DET,-3.5,47,0.3404255319148936,0.4893617021276595,0.1702127659574468
2015,2015_01_DET_SD,LAC,-3.5,72,0.1527777777777778,0.5416666666666666,0.3055555555555556
2015,2015_01_GB_CHI,CHI,-5.5,70,0,0.7857142857142857,0.21428571428571427
2015,2015_01_GB_CHI,GB,5.5,51,0.13725490196078433,0.8627450980392157,0
2015,2015_01_IND_BUF,BUF,-1,52,0.7115384615384616,0.28846153846153844,0
2015,2015_01_IND_BUF,IND,1,67,0,0.22388059701492535,0.7761194029850746
2015,2015_01_KC_HOU,HOU,-1,73,0,0.136986301369863,0.863013698630137
2015,2015_01_KC_HOU,KC,1,64,0.671875,0.328125,0
2015,2015_01_MIA_WAS,MIA,4,54,0.2037037037037037,0.7222222222222222,0.07407407407407407
2015,2015_01_MIA_WAS,WAS,-4,68,0.07352941176470588,0.7647058823529411,0.16176470588235295
2015,2015_01_MIN_SF,MIN,2.5,54,0,0.6111111111111112,0.3888888888888889
2015,2015_01_MIN_SF,SF,-2.5,64,0.46875,0.53125,0
2015,2015_01_NO_ARI,ARI,2,56,0.21428571428571427,0.7857142857142857,0
2015,2015_01_NO_ARI,NO,-2,70,0,0.6285714285714286,0.37142857142857144
2015,2015_01_NYG_DAL,DAL,7,67,0,0.7910447761194029,0.208955223880597
2015,2015_01_NYG_DAL,NYG,-7,61,0.39344262295081966,0.6065573770491803,0
2015,2015_01_PHI_ATL,ATL,-3.5,67,0.582089552238806,0.417910447761194,0
2015,2015_01_PHI_ATL,PHI,3.5,68,0,0.5294117647058824,0.4705882352941176
2015,2015_01_PIT_NE,NE,7.5,57,0.6666666666666666,0.3333333333333333,0
2015,2015_01_PIT_NE,PIT,-7.5,66,0,0.3484848484848485,0.6515151515151515
2015,2015_01_SEA_STL,LA,3.5,50,0.14,0.62,0.24
2015,2015_01_SEA_STL,SEA,3.5,71,0,0.7887323943661971,0.2112676056338028
2015,2015_01_TEN_TB,TB,3,63,0,0.04761904761904761,0.9523809523809524
2015,2015_01_TEN_TB,TEN,-3,46,0.9130434782608696,0.08695652173913043,0
2015,2015_02_ARI_CHI,ARI,2,50,0.58,0.42,0
2015,2015_02_ARI_CHI,CHI,-2,62,0,0.4516129032258064,0.5483870967741935
2015,2015_02_ATL_NYG,ATL,-2,69,0,0.8405797101449275,0.15942028985507245
2015,2015_02_ATL_NYG,NYG,2,65,0.26153846153846155,0.7076923076923077,0.03076923076923077
2015,2015_02_BAL_OAK,BAL,6,70,0,0.7285714285714285,0.2714285714285714
2015,2015_02_BAL_OAK,LV,6,65,0.2,0.8,0
2015,2015_02_DAL_PHI,DAL,-7,68,0.39705882352941174,0.6029411764705882,0
2015,2015_02_DAL_PHI,PHI,7,55,0,0.3636363636363637,0.6363636363636364
2015,2015_02_DEN_KC,DEN,-3,70,0,0.6857142857142857,0.3142857142857143
2015,2015_02_DEN_KC,KC,3,58,0.06896551724137931,0.896551724137931,0.03448275862068965
2015,2015_02_DET_MIN,DET,-2.5,70,0,0.15714285714285714,0.8428571428571429
2015,2015_02_DET_MIN,MIN,2.5,60,0.7666666666666667,0.23333333333333336,0
2015,2015_02_HOU_CAR,CAR,3,71,0.323943661971831,0.676056338028169,0
2015,2015_02_HOU_CAR,HOU,-3,82,0,0.5975609756097561,0.4024390243902439
2015,2015_02_MIA_JAX,JAX,-5,65,0.26153846153846155,0.7384615384615385,0
2015,2015_02_MIA_JAX,MIA,5,61,0,0.7049180327868853,0.29508196721311475
2015,2015_02_NE_BUF,BUF,2,65,0.01538461538461538,0.27692307692307694,0.7076923076923077
2015,2015_02_NE_BUF,NE,-2,73,0.863013698630137,0.136986301369863,0
2015,2015_02_NYJ_IND,IND,6,61,0,0.5573770491803278,0.4426229508196721
2015,2015_02_NYJ_IND,NYJ,-6,62,0.5161290322580645,0.4838709677419355,0
2015,2015_02_SD_CIN,CIN,3.5,60,0.35,0.65,0
2015,2015_02_SD_CIN,LAC,-3.5,56,0,0.5535714285714286,0.44642857142857145
2015,2015_02_SEA_GB,GB,3.5,63,0.2698412698412698,0.7301587301587301,0
2015,2015_02_SEA_GB,SEA,-3.5,56,0,0.5535714285714286,0.44642857142857145
2015,2015_02_SF_PIT,PIT,6,48,0.5416666666666666,0.4583333333333333,0
2015,2015_02_SF_PIT,SF,-6,82,0,0.2195121951219512,0.7804878048780488
2015,2015_02_STL_WAS,LA,3,46,0,0.17391304347826086,0.8260869565217391
2015,2015_02_STL_WAS,WAS,-3,66,0.8939393939393939,0.10606060606060606,0
2015,2015_02_TB_NO,NO,9.5,68,0,0.45588235294117646,0.5441176470588235
2015,2015_02_TB_NO,TB,-9.5,59,0.423728813559322,0.576271186440678,0
2015,2015_02_TEN_CLE,CLE,1,46,0.9565217391304348,0.04347826086956521,0
2015,2015_02_TEN_CLE,TEN,-1,74,0,0.06756756756756757,0.9324324324324323
2015,2015_03_ATL_DAL,ATL,-1,68,0.16176470588235295,0.27941176470588236,0.5588235294117647
2015,2015_03_ATL_DAL,DAL,1,49,0.5714285714285714,0.30612244897959184,0.12244897959183672
2015,2015_03_BUF_MIA,BUF,-1,62,0.8870967741935484,0.1129032258064516,0
2015,2015_03_BUF_MIA,MIA,1,70,0,0.11428571428571428,0.8857142857142857
2015,2015_03_CHI_SEA,CHI,-16.5,46,0,0.6521739130434783,0.34782608695652173
2015,2015_03_CHI_SEA,SEA,16.5,61,0.7377049180327869,0.26229508196721313,0
2015,2015_03_CIN_BAL,BAL,2.5,67,0,0.6119402985074627,0.3880597014925373
2015,2015_03_CIN_BAL,CIN,-2.5,63,0.5714285714285714,0.42857142857142855,0
2015,2015_03_DEN_DET,DEN,3,61,0.14754098360655735,0.8524590163934426,0
2015,2015_03_DEN_DET,DET,-3,67,0,0.7761194029850746,0.22388059701492535
2015,2015_03_IND_TEN,IND,3,53,0.11320754716981132,0.49056603773584906,0.3962264150943397
2015,2015_03_IND_TEN,TEN,-3,74,0.22972972972972977,0.44594594594594594,0.32432432432432434
2015,2015_03_JAX_NE,JAX,-14.5,55,0,0.10909090909090909,0.8909090909090909
2015,2015_03_JAX_NE,NE,14.5,74,0.9324324324324323,0.06756756756756757,0
2015,2015_03_KC_GB,GB,4.5,68,0.8088235294117647,0.19117647058823528,0
2015,2015_03_KC_GB,KC,-4.5,65,0,0.09230769230769233,0.9076923076923076
2015,2015_03_NO_CAR,CAR,10,62,0.1935483870967742,0.8064516129032258,0
2015,2015_03_NO_CAR,NO,-10,63,0,0.7301587301587301,0.2698412698412698
2015,2015_03_OAK_CLE,CLE,3.5,68,0,0.3382352941176471,0.6617647058823529
2015,2015_03_OAK_CLE,LV,-3.5,61,0.47540983606557374,0.5245901639344263,0
2015,2015_03_PHI_NYJ,NYJ,3,75,0,0.21333333333333335,0.7866666666666666
2015,2015_03_PHI_NYJ,PHI,-3,64,0.671875,0.328125,0
2015,2015_03_PIT_STL,LA,-1.5,49,0,0.7755102040816326,0.22448979591836735
2015,2015_03_PIT_STL,PIT,-1.5,55,0.2909090909090909,0.7090909090909091,0
2015,2015_03_SD_MIN,LAC,-2.5,72,0,0.2638888888888889,0.7361111111111112
2015,2015_03_SD_MIN,MIN,2.5,54,0.4444444444444444,0.5555555555555556,0
2015,2015_03_SF_ARI,ARI,7,66,0.9242424242424242,0.07575757575757576,0
2015,2015_03_SF_ARI,SF,-7,50,0,0.14,0.86
2015,2015_03_TB_HOU,HOU,6,85,0.25882352941176473,0.7411764705882353,0
2015,2015_03_TB_HOU,TB,-6,56,0,0.875,0.125
2015,2015_03_WAS_NYG,NYG,3,63,0.9047619047619048,0.09523809523809525,0
2015,2015_03_WAS_NYG,WAS,-3,70,0,0.07142857142857142,0.9285714285714286
2015,2015_04_BAL_PIT,BAL,3,67,0,0.8208955223880597,0.1791044776119403
2015,2015_04_BAL_PIT,PIT,-3,51,0.392156862745098,0.6078431372549019,0
2015,2015_04_CAR_TB,CAR,3,54,0.6296296296296297,0.3703703703703703,0
2015,2015_04_CAR_TB,TB,-3,75,0,0.38666666666666666,0.6133333333333333
2015,2015_04_CLE_SD,CLE,-4.5,66,0,0.8484848484848485,0.15151515151515152
2015,2015_04_CLE_SD,LAC,-4.5,61,0.11475409836065574,0.8852459016393442,0
2015,2015_04_DAL_NO,DAL,-3,56,0,0.8392857142857143,0.16071428571428573
2015,2015_04_DAL_NO,NO,3,67,0.11940298507462686,0.8805970149253731,0
2015,2015_04_DET_SEA,DET,-10,53,0,0.5660377358490566,0.4339622641509434
2015,2015_04_DET_SEA,SEA,10,60,0.65,0.35,0
2015,2015_04_GB_SF,GB,7.5,68,0.38235294117647056,0.6176470588235294,0
2015,2015_04_GB_SF,SF,-7.5,50,0,0.58,0.42
2015,2015_04_HOU_ATL,ATL,4,63,0.7619047619047619,0.23809523809523808,0
2015,2015_04_HOU_ATL,HOU,-4,75,0,0.12,0.88
2015,2015_04_JAX_IND,IND,4,65,0,1,0
2015,2015_04_JAX_IND,JAX,-4,65,0,1,0
2015,2015_04_KC_CIN,CIN,3.5,50,0.46,0.54,0
2015,2015_04_KC_CIN,KC,-3.5,73,0,0.410958904109589,0.589041095890411
2015,2015_04_MIN_DEN,DEN,7,51,0.5686274509803921,0.43137254901960786,0
2015,2015_04_MIN_DEN,MIN,-7,69,0,0.5072463768115942,0.4927536231884058
2015,2015_04_NYG_BUF,BUF,6,68,0,0.2058823529411765,0.7941176470588235
2015,2015_04_NYG_BUF,NYG,-6,62,0.7096774193548387,0.2903225806451613,0
2015,2015_04_NYJ_MIA,MIA,-2.5,58,0,0.2413793103448276,0.7586206896551724
2015,2015_04_NYJ_MIA,NYJ,2.5,68,0.8529411764705882,0.14705882352941177,0
2015,2015_04_OAK_CHI,CHI,-3,75,0.06666666666666667,0.8933333333333333,0.04
2015,2015_04_OAK_CHI,LV,3,57,0,1,0
2015,2015_04_PHI_WAS,PHI,3,51,0.1176470588235294,0.4509803921568627,0.43137254901960786
2015,2015_04_PHI_WAS,WAS,-3,79,0.16455696202531644,0.8354430379746836,0
2015,2015_04_STL_ARI,ARI,7,69,0,0.8405797101449275,0.15942028985507245
2015,2015_04_STL_ARI,LA,-7,50,0.12,0.88,0
2015,2015_05_ARI_DET,ARI,4.5,41,0.6585365853658537,0.34146341463414637,0
2015,2015_05_ARI_DET,DET,-4.5,89,0,0.39325842696629215,0.6067415730337079
2015,2015_05_BUF_TEN,BUF,-1,47,0,0.7021276595744681,0.2978723404255319
2015,2015_05_BUF_TEN,TEN,1,62,0.1774193548387097,0.8225806451612904,0
2015,2015_05_CHI_KC,CHI,-10,72,0,0.3611111111111111,0.6388888888888888
2015,2015_05_CHI_KC,KC,10,58,0.8620689655172413,0.13793103448275862,0
2015,2015_05_CLE_BAL,BAL,6,64,0.390625,0.609375,0
2015,2015_05_CLE_BAL,CLE,-6,69,0,0.5072463768115942,0.4927536231884058
2015,2015_05_DEN_OAK,DEN,5,55,0.10909090909090909,0.8909090909090909,0
2015,2015_05_DEN_OAK,LV,5,67,0,0.8059701492537313,0.19402985074626863
2015,2015_05_IND_HOU,HOU,4.5,70,0,0.35714285714285715,0.6428571428571429
2015,2015_05_IND_HOU,IND,-4.5,56,0.6071428571428571,0.3928571428571429,0
2015,2015_05_JAX_TB,JAX,-1,56,0,0.6428571428571429,0.35714285714285715
2015,2015_05_JAX_TB,TB,1,59,0.423728813559322,0.576271186440678,0
2015,2015_05_NE_DAL,DAL,-8,65,0,0.4,0.6
2015,2015_05_NE_DAL,NE,8,53,0.5094339622641509,0.49056603773584906,0
2015,2015_05_NO_PHI,NO,-6.5,68,0,0.5588235294117647,0.4411764705882353
2015,2015_05_NO_PHI,PHI,6.5,79,0.31645569620253167,0.6835443037974683,0
2015,2015_05_PIT_SD,LAC,-4,69,0.21739130434782608,0.782608695652174,0
2015,2015_05_PIT_SD,PIT,-4,55,0,0.6727272727272727,0.32727272727272727
2015,2015_05_SEA_CIN,CIN,3,69,0,0.6231884057971014,0.37681159420289856
2015,2015_05_SEA_CIN,SEA,-3,48,0.2708333333333333,0.7291666666666666,0
2015,2015_05_SF_NYG,NYG,7.5,75,0.28,0.72,0
2015,2015_05_SF_NYG,SF,-7.5,63,0,0.5714285714285714,0.42857142857142855
2015,2015_05_STL_GB,GB,8.5,58,0.7758620689655172,0.22413793103448276,0
2015,2015_05_STL_GB,LA,-8.5,69,0,0.2318840579710145,0.7681159420289855
2015,2015_05_WAS_ATL,ATL,7.5,77,0,1,0
2015,2015_05_WAS_ATL,WAS,-7.5,51,0.09803921568627452,0.8431372549019608,0.0588235294117647
2015,2015_06_ARI_PIT,ARI,5.5,64,0,0.828125,0.171875
2015,2015_06_ARI_PIT,PIT,-5.5,52,0.2115384615384615,0.7884615384615384,0
2015,2015_06_ATL_NO,ATL,3,70,0,0.4,0.6
2015,2015_06_ATL_NO,NO,-3,71,0.7183098591549296,0.28169014084507044,0
2015,2015_06_BAL_SF,BAL,2.5,74,0,0.3108108108108108,0.6891891891891891
2015,2015_06_BAL_SF,SF,-2.5,55,0.5818181818181818,0.41818181818181815,0
2015,2015_06_CAR_SEA,CAR,-7,70,0,0.6,0.4
2015,2015_06_CAR_SEA,SEA,7,60,0.31666666666666665,0.6166666666666667,0.06666666666666667
2015,2015_06_CHI_DET,CHI,-3.5,67,0.04477611940298507,0.5970149253731343,0.3582089552238806
2015,2015_06_CHI_DET,DET,3.5,59,0.11864406779661016,0.7457627118644068,0.13559322033898305
2015,2015_06_CIN_BUF,BUF,-3,66,0,0.42424242424242425,0.5757575757575758
2015,2015_06_CIN_BUF,CIN,3,59,0.5084745762711864,0.4915254237288136,0
2015,2015_06_DEN_CLE,CLE,-3.5,72,0,0.8333333333333334,0.16666666666666666
2015,2015_06_DEN_CLE,DEN,3.5,65,0.3384615384615385,0.6615384615384615,0
2015,2015_06_HOU_JAX,HOU,-2.5,65,0.1076923076923077,0.8923076923076924,0
2015,2015_06_HOU_JAX,JAX,2.5,77,0,0.7012987012987013,0.2987012987012987
2015,2015_06_KC_MIN,KC,-3.5,57,0,0.22807017543859648,0.7719298245614035
2015,2015_06_KC_MIN,MIN,3.5,65,0.49230769230769234,0.5076923076923077,0
2015,2015_06_MIA_TEN,MIA,-2.5,63,0.6507936507936508,0.3492063492063492,0
2015,2015_06_MIA_TEN,TEN,2.5,64,0,0.296875,0.703125
2015,2015_06_NE_IND,IND,-8,74,0,0.6351351351351351,0.36486486486486486
2015,2015_06_NE_IND,NE,8,62,0.27419354838709675,0.7258064516129032,0
2015,2015_06_NYG_PHI,NYG,-3.5,64,0,0.453125,0.546875
2015,2015_06_NYG_PHI,PHI,3.5,73,0.821917808219178,0.1780821917808219,0
2015,2015_06_SD_GB,GB,10.5,48,0.5,0.5,0
2015,2015_06_SD_GB,LAC,-10.5,89,0,0.4606741573033708,0.5393258426966292
2015,2015_06_WAS_NYJ,NYJ,7.5,65,0.4615384615384616,0.5384615384615384,0
2015,2015_06_WAS_NYJ,WAS,-7.5,62,0,0.6129032258064516,0.3870967741935484
2015,2015_07_ATL_TEN,ATL,5.5,67,0.1791044776119403,0.8208955223880597,0
2015,2015_07_ATL_TEN,TEN,-5.5,52,0.09615384615384616,0.903846153846154,0
2015,2015_07_BAL_ARI,ARI,10,58,0.5862068965517241,0.41379310344827586,0
2015,2015_07_BAL_ARI,BAL,-10,58,0,0.603448275862069,0.39655172413793105
2015,2015_07_BUF_JAX,BUF,3.5,74,0,0.33783783783783783,0.6621621621621622
2015,2015_07_BUF_JAX,JAX,-3.5,59,0.576271186440678,0.423728813559322,0
2015,2015_07_CLE_STL,CLE,-6.5,65,0,0.5846153846153846,0.4153846153846154
2015,2015_07_CLE_STL,LA,-6.5,49,0.7755102040816326,0.22448979591836735,0
2015,2015_07_DAL_NYG,DAL,-3,69,0,0.6666666666666666,0.3333333333333333
2015,2015_07_DAL_NYG,NYG,3,47,0.2765957446808511,0.723404255319149,0
2015,2015_07_HOU_MIA,HOU,-4.5,78,0,0.03846153846153846,0.9615384615384616
2015,2015_07_HOU_MIA,MIA,4.5,56,0.8928571428571429,0.10714285714285714,0
2015,2015_07_MIN_DET,DET,1,50,0.22,0.3,0.48
2015,2015_07_MIN_DET,MIN,-1,73,0.3287671232876712,0.4931506849315068,0.1780821917808219
2015,2015_07_NO_IND,IND,5.5,61,0,0.11475409836065574,0.8852459016393442
2015,2015_07_NO_IND,NO,-5.5,79,0.6835443037974683,0.31645569620253167,0
2015,2015_07_NYJ_NE,NE,7,66,0.2878787878787879,0.7121212121212122,0
2015,2015_07_NYJ_NE,NYJ,-7,70,0,0.8857142857142857,0.11428571428571428
2015,2015_07_OAK_SD,LAC,-3.5,80,0,0.15,0.85
2015,2015_07_OAK_SD,LV,-3.5,57,0.8421052631578947,0.15789473684210523,0
2015,2015_07_PHI_CAR,CAR,3,57,0.8947368421052632,0.10526315789473684,0
2015,2015_07_PHI_CAR,PHI,-3,81,0,0.382716049382716,0.6172839506172839
2015,2015_07_PIT_KC,KC,4,61,0.4426229508196721,0.5573770491803278,0
2015,2015_07_PIT_KC,PIT,-4,54,0,0.7037037037037037,0.2962962962962963
2015,2015_07_SEA_SF,SEA,6.5,67,0.7014925373134329,0.29850746268656714,0
2015,2015_07_SEA_SF,SF,-6.5,45,0,0.37777777777777777,0.6222222222222222
2015,2015_07_TB_WAS,TB,-3,60,0.5666666666666667,0.43333333333333335,0
2015,2015_07_TB_WAS,WAS,3,59,0,0.5423728813559322,0.4576271186440678
2015,2015_08_ARI_CLE,ARI,7,74,0.22972972972972977,0.5,0.2702702702702703
2015,2015_08_ARI_CLE,CLE,-7,61,0.32786885245901637,0.45901639344262296,0.21311475409836064
2015,2015_08_CIN_PIT,CIN,-1,62,0.04838709677419355,0.9193548387096774,0.03225806451612903
2015,2015_08_CIN_PIT,PIT,1,67,0.14925373134328357,0.7164179104477612,0.13432835820895522
2015,2015_08_DET_KC,DET,-3,58,0,0.25862068965517243,0.7413793103448276
2015,2015_08_DET_KC,KC,3,62,0.8064516129032258,0.1935483870967742,0
2015,2015_08_GB_DEN,DEN,-2.5,63,0.746031746031746,0.25396825396825395,0
2015,2015_08_GB_DEN,GB,2.5,46,0,0.2391304347826087,0.7608695652173914
2015,2015_08_IND_CAR,CAR,5,62,0.6451612903225806,0.3548387096774194,0
2015,2015_08_IND_CAR,IND,-5,75,0,0.49333333333333335,0.5066666666666667
2015,2015_08_MIA_NE,MIA,-8,62,0,0.16129032258064516,0.8387096774193549
2015,2015_08_MIA_NE,NE,8,66,0.8181818181818182,0.18181818181818185,0
2015,2015_08_MIN_CHI,CHI,-1,59,0.05084745762711865,0.9491525423728814,0
2015,2015_08_MIN_CHI,MIN,1,56,0.01785714285714285,0.8571428571428571,0.125
2015,2015_08_NYG_NO,NO,3,76,0.35526315789473684,0.5131578947368421,0.13157894736842105
2015,2015_08_NYG_NO,NYG,-3,65,0,0.5538461538461539,0.4461538461538462
2015,2015_08_NYJ_OAK,LV,3,59,0.6610169491525424,0.3389830508474576,0
2015,2015_08_NYJ_OAK,NYJ,3,71,0,0.2112676056338028,0.7887323943661971
2015,2015_08_SD_BAL,BAL,4.5,64,0.046875,0.921875,0.03125
2015,2015_08_SD_BAL,LAC,-4.5,63,0,1,0
2015,2015_08_SEA_DAL,DAL,-4.5,56,0.01785714285714285,0.9642857142857144,0.01785714285714285
2015,2015_08_SEA_DAL,SEA,4.5,60,0,1,0
2015,2015_08_SF_STL,LA,-8,61,0.6885245901639344,0.3114754098360656,0
2015,2015_08_SF_STL,SF,-8,64,0,0.421875,0.578125
2015,2015_08_TB_ATL,ATL,8,68,0,0.5588235294117647,0.4411764705882353
2015,2015_08_TB_ATL,TB,-8,48,0.5,0.5,0
2015,2015_08_TEN_HOU,HOU,3.5,60,0.4666666666666667,0.5333333333333333,0
2015,2015_08_TEN_HOU,TEN,-3.5,58,0,0.5517241379310345,0.4482758620689655
2015,2015_09_ATL_SF,ATL,9.5,61,0,0.9508196721311476,0.04918032786885246
2015,2015_09_ATL_SF,SF,-9.5,61,0.22950819672131148,0.7704918032786885,0
2015,2015_09_CHI_SD,CHI,-3.5,67,0,0.5223880597014925,0.47761194029850745
2015,2015_09_CHI_SD,LAC,-3.5,63,0.5714285714285714,0.4126984126984127,0.01587301587301587
2015,2015_09_CLE_CIN,CIN,13,63,0.6984126984126984,0.30158730158730157,0
2015,2015_09_CLE_CIN,CLE,-13,53,0,0.3962264150943397,0.6037735849056604
2015,2015_09_DEN_IND,DEN,3.5,51,0,0.4705882352941176,0.5294117647058824
2015,2015_09_DEN_IND,IND,-3.5,76,0.5921052631578947,0.40789473684210525,0
2015,2015_09_GB_CAR,CAR,-2,66,0.6818181818181818,0.3181818181818182,0
2015,2015_09_GB_CAR,GB,2,72,0,0.2361111111111111,0.7638888888888888
2015,2015_09_JAX_NYJ,JAX,-7.5,65,0,0.4307692307692308,0.5692307692307692
2015,2015_09_JAX_NYJ,NYJ,7.5,61,0.6229508196721312,0.3770491803278688,0
2015,2015_09_MIA_BUF,BUF,4,48,0.5,0.5,0
2015,2015_09_MIA_BUF,MIA,-4,62,0,0.3548387096774194,0.6451612903225806
2015,2015_09_NYG_TB,NYG,1.5,72,0.5277777777777778,0.4722222222222222,0
2015,2015_09_NYG_TB,TB,-1.5,59,0,0.5254237288135594,0.4745762711864407
2015,2015_09_OAK_PIT,LV,-6,68,0,0.6764705882352942,0.3235294117647059
2015,2015_09_OAK_PIT,PIT,6,81,0.20987654320987653,0.7901234567901234,0
2015,2015_09_PHI_DAL,DAL,-3,71,0.1267605633802817,0.8450704225352113,0.02816901408450704
2015,2015_09_PHI_DAL,PHI,3,62,0,0.8870967741935484,0.1129032258064516
2015,2015_09_STL_MIN,LA,-2,66,0,0.9090909090909092,0.09090909090909093
2015,2015_09_STL_MIN,MIN,2,56,0.2857142857142857,0.7142857142857143,0
2015,2015_09_TEN_NO,NO,7,68,0.16176470588235295,0.8382352941176471,0
2015,2015_09_TEN_NO,TEN,-7,58,0,0.6724137931034483,0.3275862068965517
2015,2015_09_WAS_NE,NE,13.5,74,0.8243243243243243,0.17567567567567569,0
2015,2015_09_WAS_NE,WAS,-13.5,56,0,0.01785714285714285,0.9821428571428572
2015,2015_10_ARI_SEA,ARI,-3,80,0.375,0.625,0
2015,2015_10_ARI_SEA,SEA,3,51,0,0.35294117647058826,0.6470588235294118
2015,2015_10_BUF_NYJ,BUF,-2.5,63,0.6031746031746031,0.3968253968253968,0
2015,2015_10_BUF_NYJ,NYJ,2.5,59,0,0.5254237288135594,0.4745762711864407
2015,2015_10_CAR_TEN,CAR,3.5,62,0.2903225806451613,0.7096774193548387,0
2015,2015_10_CAR_TEN,TEN,-3.5,46,0,0.7391304347826086,0.2608695652173913
2015,2015_10_CHI_STL,CHI,-7.5,61,0.5737704918032787,0.4262295081967213,0
2015,2015_10_CHI_STL,LA,-7.5,59,0,0.3898305084745763,0.6101694915254238
2015,2015_10_CLE_PIT,CLE,-7,65,0,0.3692307692307693,0.6307692307692307
2015,2015_10_CLE_PIT,PIT,7,57,0.5789473684210527,0.42105263157894735,0
2015,2015_10_DAL_TB,DAL,1,52,0,0.9615384615384616,0.03846153846153846
2015,2015_10_DAL_TB,TB,-1,66,0,1,0
2015,2015_10_DET_GB,DET,-10.5,64,0.328125,0.671875,0
2015,2015_10_DET_GB,GB,10.5,80,0,0.675,0.325
2015,2015_10_HOU_CIN,CIN,10,62,0,0.9838709677419356,0.01612903225806451
2015,2015_10_HOU_CIN,HOU,-10,59,0.05084745762711865,0.9491525423728814,0
2015,2015_10_JAX_BAL,BAL,4,67,0.07462686567164178,0.9253731343283582,0
2015,2015_10_JAX_BAL,JAX,-4,70,0,0.9857142857142858,0.01428571428571428
2015,2015_10_KC_DEN,DEN,4,65,0,0.2,0.8
2015,2015_10_KC_DEN,KC,-4,63,0.873015873015873,0.12698412698412698,0
2015,2015_10_MIA_PHI,MIA,-5.5,64,0.015625,0.734375,0.25
2015,2015_10_MIA_PHI,PHI,5.5,87,0.3793103448275862,0.6206896551724138,0
2015,2015_10_MIN_OAK,LV,-3,64,0,0.5,0.5
2015,2015_10_MIN_OAK,MIN,-3,59,0.6779661016949152,0.3220338983050847,0
2015,2015_10_NE_NYG,NE,7,66,0.0303030303030303,0.803030303030303,0.16666666666666666
2015,2015_10_NE_NYG,NYG,-7,70,0.3142857142857143,0.6857142857142857,0
2015,2015_10_NO_WAS,NO,1,55,0,0.2727272727272727,0.7272727272727273
2015,2015_10_NO_WAS,WAS,-1,59,0.6271186440677966,0.3728813559322034,0
2015,2015_11_BUF_NE,BUF,-7,67,0,0.5970149253731343,0.40298507462686567
2015,2015_11_BUF_NE,NE,7,62,0.3870967741935484,0.6129032258064516,0
2015,2015_11_CIN_ARI,ARI,4,56,0.26785714285714285,0.7321428571428571,0
2015,2015_11_CIN_ARI,CIN,-4,71,0.01408450704225352,0.6338028169014085,0.352112676056338
2015,2015_11_DAL_MIA,DAL,2.5,67,0.3880597014925373,0.6119402985074627,0
2015,2015_11_DAL_MIA,MIA,-2.5,41,0,0.6585365853658537,0.34146341463414637
2015,2015_11_DEN_CHI,CHI,-2.5,59,0,0.7627118644067796,0.23728813559322037
2015,2015_11_DEN_CHI,DEN,2.5,67,0.29850746268656714,0.7014925373134329,0
2015,2015_11_GB_MIN,GB,1,68,0.4852941176470588,0.5147058823529411,0
2015,2015_11_GB_MIN,MIN,-1,62,0,0.41935483870967744,0.5806451612903226
2015,2015_11_IND_ATL,ATL,3.5,71,0.5211267605633803,0.38028169014084506,0.09859154929577464
2015,2015_11_IND_ATL,IND,-3.5,61,0,0.4426229508196721,0.5573770491803278
2015,2015_11_KC_SD,KC,3,59,0.4745762711864407,0.5254237288135594,0
2015,2015_11_KC_SD,LAC,3,57,0,0.40350877192982454,0.5964912280701754
2015,2015_11_NYJ_HOU,HOU,-4,70,0.4,0.6,0
2015,2015_11_NYJ_HOU,NYJ,4,62,0,0.3870967741935484,0.6129032258064516
2015,2015_11_OAK_DET,DET,-2,68,0.25,0.75,0
2015,2015_11_OAK_DET,LV,2,47,0,0.8723404255319149,0.1276595744680851
2015,2015_11_SF_SEA,SEA,14,71,0.9154929577464788,0.08450704225352113,0
2015,2015_11_SF_SEA,SF,-14,52,0,0.05769230769230769,0.9423076923076924
2015,2015_11_STL_BAL,BAL,3,72,0.02777777777777777,0.8194444444444444,0.1527777777777778
2015,2015_11_STL_BAL,LA,-3,56,0.14285714285714285,0.8571428571428571,0
2015,2015_11_TB_PHI,PHI,7,72,0.04166666666666666,0.2916666666666667,0.6666666666666666
2015,2015_11_TB_PHI,TB,-7,69,0.6231884057971014,0.37681159420289856,0
2015,2015_11_TEN_JAX,JAX,3,58,0.05172413793103448,0.9482758620689656,0
2015,2015_11_TEN_JAX,TEN,-3,63,0.03174603174603174,0.8253968253968254,0.14285714285714285
2015,2015_11_WAS_CAR,CAR,7,75,0.6,0.4,0
2015,2015_11_WAS_CAR,WAS,-7,47,0,0.2765957446808511,0.723404255319149
2015,2015_12_ARI_SF,ARI,7.5,68,0.17647058823529413,0.8235294117647058,0
2015,2015_12_ARI_SF,SF,-7.5,55,0,0.8727272727272727,0.12727272727272726
2015,2015_12_BAL_CLE,BAL,-6,57,0.19298245614035087,0.8070175438596491,0
2015,2015_12_BAL_CLE,CLE,6,68,0.02941176470588235,0.7205882352941176,0.25
2015,2015_12_BUF_KC,BUF,-4.5,67,0.05970149253731343,0.7313432835820896,0.208955223880597
2015,2015_12_BUF_KC,KC,4.5,57,0.3508771929824561,0.6491228070175439,0
2015,2015_12_CAR_DAL,CAR,1,64,0.828125,0.171875,0
2015,2015_12_CAR_DAL,DAL,-1,55,0,0.41818181818181815,0.5818181818181818
2015,2015_12_CHI_GB,CHI,-7.5,62,0.08064516129032258,0.9193548387096774,0
2015,2015_12_CHI_GB,GB,7.5,73,0.0273972602739726,0.9315068493150684,0.0410958904109589
2015,2015_12_MIA_NYJ,MIA,-4.5,70,0,0.35714285714285715,0.6428571428571429
2015,2015_12_MIA_NYJ,NYJ,4.5,71,0.6338028169014085,0.3661971830985915,0
2015,2015_12_MIN_ATL,ATL,2,56,0,0.7142857142857143,0.2857142857142857
2015,2015_12_MIN_ATL,MIN,-2,64,0.328125,0.671875,0
2015,2015_12_NE_DEN,DEN,-2.5,74,0,0.6351351351351351,0.36486486486486486
2015,2015_12_NE_DEN,NE,2.5,58,0.5517241379310345,0.41379310344827586,0.03448275862068965
2015,2015_12_NO_HOU,HOU,3.5,63,0.8253968253968254,0.1746031746031746,0
2015,2015_12_NO_HOU,NO,-3.5,56,0,0.08928571428571429,0.9107142857142856
2015,2015_12_NYG_WAS,NYG,1,67,0,0.2835820895522388,0.7164179104477612
2015,2015_12_NYG_WAS,WAS,-1,64,0.71875,0.28125,0
2015,2015_12_OAK_TEN,LV,1,68,0.04411764705882353,0.8970588235294118,0.0588235294117647
2015,2015_12_OAK_TEN,TEN,-1,56,0,0.8571428571428571,0.14285714285714285
2015,2015_12_PHI_DET,DET,3,70,0.6714285714285714,0.32857142857142857,0
2015,2015_12_PHI_DET,PHI,-3,57,0,0.3684210526315789,0.631578947368421
2015,2015_12_PIT_SEA,PIT,-3,74,0.06756756756756757,0.8108108108108109,0.12162162162162164
2015,2015_12_PIT_SEA,SEA,3,58,0.10344827586206896,0.896551724137931,0
2015,2015_12_SD_JAX,JAX,5,70,0.08571428571428572,0.4,0.5142857142857142
2015,2015_12_SD_JAX,LAC,-5,69,0.5652173913043478,0.42028985507246375,0.0144927536231884
2015,2015_12_STL_CIN,CIN,10.5,58,0.7413793103448276,0.25862068965517243,0
2015,2015_12_STL_CIN,LA,-10.5,71,0,0.15492957746478872,0.8450704225352113
2015,2015_12_TB_IND,IND,3,68,0.35294117647058826,0.6323529411764706,0.01470588235294117
2015,2015_12_TB_IND,TB,-3,62,0,0.7096774193548387,0.2903225806451613
2015,2015_13_ARI_STL,ARI,3.5,75,0.56,0.44,0
2015,2015_13_ARI_STL,LA,3.5,48,0,0.5,0.5
2015,2015_13_ATL_TB,ATL,-1,66,0.04545454545454545,0.9393939393939394,0.01515151515151515
2015,2015_13_ATL_TB,TB,1,62,0.08064516129032258,0.9193548387096774,0
2015,2015_13_BAL_MIA,BAL,-3.5,75,0,0.7733333333333333,0.22666666666666663
2015,2015_13_BAL_MIA,MIA,3.5,46,0.1956521739130435,0.8043478260869565,0
2015,2015_13_CAR_NO,CAR,5.5,74,0.05405405405405406,0.7702702702702703,0.17567567567567569
2015,2015_13_CAR_NO,NO,-5.5,57,0.10526315789473684,0.7192982456140351,0.17543859649122806
2015,2015_13_CIN_CLE,CIN,7.5,56,0.6785714285714286,0.32142857142857145,0
2015,2015_13_CIN_CLE,CLE,-7.5,60,0,0.23333333333333336,0.7666666666666667
2015,2015_13_DAL_WAS,DAL,-2,54,0.03703703703703703,0.9629629629629628,0
2015,2015_13_DAL_WAS,WAS,2,60,0.11666666666666668,0.8166666666666667,0.06666666666666667
2015,2015_13_DEN_SD,DEN,6,65,0.7846153846153846,0.2153846153846154,0
2015,2015_13_DEN_SD,LAC,6,62,0,0.2903225806451613,0.7096774193548387
2015,2015_13_GB_DET,DET,-2.5,63,0.8095238095238095,0.1904761904761905,0
2015,2015_13_GB_DET,GB,2.5,62,0,0.14516129032258066,0.8548387096774194
2015,2015_13_HOU_BUF,BUF,3,58,0.5344827586206896,0.46551724137931033,0
2015,2015_13_HOU_BUF,HOU,-3,70,0,0.32857142857142857,0.6714285714285714
2015,2015_13_IND_PIT,IND,-10,56,0,0.4642857142857143,0.5357142857142857
2015,2015_13_IND_PIT,PIT,10,70,0.5142857142857142,0.4857142857142857,0
2015,2015_13_JAX_TEN,JAX,-3,58,0,0.43103448275862066,0.5689655172413793
2015,2015_13_JAX_TEN,TEN,3,67,0.3582089552238806,0.6417910447761194,0
2015,2015_13_KC_OAK,KC,3,46,0.08695652173913043,0.8043478260869565,0.10869565217391304
2015,2015_13_KC_OAK,LV,3,76,0.09210526315789472,0.7236842105263158,0.18421052631578944
2015,2015_13_NYJ_NYG,NYG,-2,54,0.6851851851851852,0.3148148148148148,0
2015,2015_13_NYJ_NYG,NYJ,2,65,0,0.49230769230769234,0.5076923076923077
2015,2015_13_PHI_NE,NE,9.5,84,0.1904761904761905,0.42857142857142855,0.380952380952381
2015,2015_13_PHI_NE,PHI,-9.5,57,0.3684210526315789,0.38596491228070173,0.24561403508771928
2015,2015_13_SEA_MIN,MIN,-2.5,48,0,0.3333333333333333,0.6666666666666666
2015,2015_13_SEA_MIN,SEA,2.5,64,0.546875,0.453125,0
2015,2015_13_SF_CHI,CHI,6,71,0.15492957746478872,0.8450704225352113,0
2015,2015_13_SF_CHI,SF,-6,55,0,0.7636363636363637,0.23636363636363636
2015,2015_14_ATL_CAR,ATL,-8.5,61,0,0.08196721311475409,0.918032786885246
2015,2015_14_ATL_CAR,CAR,8.5,59,0.8135593220338984,0.1864406779661017,0
2015,2015_14_BUF_PHI,BUF,-1,68,0,0.75,0.25
2015,2015_14_BUF_PHI,PHI,1,71,0.39436619718309857,0.6056338028169014,0
2015,2015_14_DAL_GB,DAL,-6,51,0,0.29411764705882354,0.7058823529411765
2015,2015_14_DAL_GB,GB,6,79,0.5949367088607594,0.4050632911392405,0
2015,2015_14_DET_STL,DET,3,69,0,0.5362318840579711,0.463768115942029
2015,2015_14_DET_STL,LA,3,51,0.4117647058823529,0.5882352941176471,0
2015,2015_14_IND_JAX,IND,-1,69,0.0144927536231884,0.6086956521739131,0.37681159420289856
2015,2015_14_IND_JAX,JAX,1,62,0.4838709677419355,0.4838709677419355,0.03225806451612903
2015,2015_14_MIN_ARI,ARI,10,64,0.3125,0.6875,0
2015,2015_14_MIN_ARI,MIN,-10,63,0,0.6825396825396826,0.31746031746031744
2015,2015_14_NE_HOU,HOU,-4,51,0,0.4509803921568627,0.5490196078431373
2015,2015_14_NE_HOU,NE,4,61,0.5245901639344263,0.47540983606557374,0
2015,2015_14_NO_TB,NO,-6,76,0.6578947368421053,0.34210526315789475,0
2015,2015_14_NO_TB,TB,6,51,0,0.43137254901960786,0.5686274509803921
2015,2015_14_NYG_MIA,MIA,-2.5,63,0.03174603174603174,0.8412698412698413,0.12698412698412698
2015,2015_14_NYG_MIA,NYG,2.5,60,0.18333333333333332,0.7833333333333333,0.03333333333333333
2015,2015_14_OAK_DEN,DEN,6,77,0.23376623376623376,0.7272727272727273,0.03896103896103896
2015,2015_14_OAK_DEN,LV,-6,51,0.13725490196078433,0.6078431372549019,0.2549019607843137
2015,2015_14_PIT_CIN,CIN,1,55,0,0.2909090909090909,0.7090909090909091
2015,2015_14_PIT_CIN,PIT,-1,67,0.5223880597014925,0.47761194029850745,0
2015,2015_14_SD_KC,KC,11.5,50,0.56,0.44,0
2015,2015_14_SD_KC,LAC,-11.5,66,0,0.42424242424242425,0.5757575757575758
2015,2015_14_SEA_BAL,BAL,-10.5,54,0,0.48148148148148145,0.5185185185185185
2015,2015_14_SEA_BAL,SEA,10.5,66,0.5454545454545454,0.4545454545454546,0
2015,2015_14_SF_CLE,CLE,2.5,70,0.7142857142857143,0.2857142857142857,0
2015,2015_14_SF_CLE,SF,-2.5,54,0,0.48148148148148145,0.5185185185185185
2015,2015_14_TEN_NYJ,NYJ,8,71,0.7746478873239436,0.22535211267605632,0
2015,2015_14_TEN_NYJ,TEN,-8,58,0,0.10344827586206896,0.896551724137931
2015,2015_14_WAS_CHI,CHI,4,56,0,0.44642857142857145,0.5535714285714286
2015,2015_14_WAS_CHI,WAS,-4,66,0.4090909090909091,0.5909090909090909,0
2015,2015_15_ARI_PHI,ARI,3.5,72,0.4305555555555556,0.5694444444444444,0
2015,2015_15_ARI_PHI,PHI,-3.5,63,0,0.5555555555555556,0.4444444444444444
2015,2015_15_ATL_JAX,ATL,-2,67,0.208955223880597,0.7910447761194029,0
2015,2015_15_ATL_JAX,JAX,2,59,0,0.6271186440677966,0.3728813559322034
2015,2015_15_BUF_WAS,BUF,2.5,63,0,0.15873015873015872,0.8412698412698413
2015,2015_15_BUF_WAS,WAS,-2.5,54,0.8148148148148148,0.18518518518518515,0
2015,2015_15_CAR_NYG,CAR,4.5,76,0.5526315789473685,0.4473684210526316,0
2015,2015_15_CAR_NYG,NYG,-4.5,73,0,0.5205479452054794,0.4794520547945205
2015,2015_15_CHI_MIN,CHI,-4,62,0,0.08064516129032258,0.9193548387096774
2015,2015_15_CHI_MIN,MIN,4,57,0.7368421052631579,0.2631578947368421,0
2015,2015_15_CIN_SF,CIN,7,61,0.5901639344262295,0.4098360655737705,0
2015,2015_15_CIN_SF,SF,-7,71,0,0.3661971830985915,0.6338028169014085
2015,2015_15_CLE_SEA,CLE,-14.5,52,0,0.4807692307692308,0.5192307692307693
2015,2015_15_CLE_SEA,SEA,14.5,67,0.5970149253731343,0.40298507462686567,0
2015,2015_15_DEN_PIT,DEN,-7.5,70,0.45714285714285713,0.3857142857142858,0.15714285714285714
2015,2015_15_DEN_PIT,PIT,7.5,71,0.07042253521126761,0.43661971830985913,0.4929577464788733
2015,2015_15_DET_NO,DET,-2.5,49,0.7551020408163265,0.24489795918367344,0
2015,2015_15_DET_NO,NO,2.5,71,0,0.23943661971830985,0.7605633802816901
2015,2015_15_GB_OAK,GB,4,68,0.5735294117647058,0.4264705882352941,0
2015,2015_15_GB_OAK,LV,4,75,0,0.4533333333333333,0.5466666666666666
2015,2015_15_HOU_IND,HOU,-2.5,64,0.046875,0.5625,0.390625
2015,2015_15_HOU_IND,IND,2.5,54,0.3888888888888889,0.5925925925925926,0.01851851851851851
2015,2015_15_KC_BAL,BAL,-6.5,67,0,0.22388059701492535,0.7761194029850746
2015,2015_15_KC_BAL,KC,6.5,54,0.7407407407407407,0.25925925925925924,0
2015,2015_15_MIA_SD,LAC,-1,72,0.8333333333333334,0.16666666666666666,0
2015,2015_15_MIA_SD,MIA,-1,55,0,0.2,0.8
2015,2015_15_NYJ_DAL,DAL,-3,56,0.05357142857142857,0.9107142857142856,0.03571428571428571
2015,2015_15_NYJ_DAL,NYJ,3,66,0,1,0
2015,2015_15_TB_STL,LA,-1,49,0.7551020408163265,0.24489795918367344,0
2015,2015_15_TB_STL,TB,-1,77,0,0.15584415584415584,0.8441558441558441
2015,2015_15_TEN_NE,NE,14.5,63,0.8253968253968254,0.1746031746031746,0
2015,2015_15_TEN_NE,TEN,-14.5,60,0,0.1,0.9
2015,2015_16_CAR_ATL,ATL,-7,60,0.25,0.75,0
2015,2015_16_CAR_ATL,CAR,7,52,0,0.903846153846154,0.09615384615384616
2015,2015_16_CHI_TB,CHI,-3,67,0.26865671641791045,0.6567164179104478,0.07462686567164178
2015,2015_16_CHI_TB,TB,3,53,0.11320754716981132,0.6226415094339622,0.2641509433962264
2015,2015_16_CIN_DEN,CIN,-3.5,67,0.16417910447761194,0.835820895522388,0
2015,2015_16_CIN_DEN,DEN,3.5,50,0.08,0.62,0.3
2015,2015_16_CLE_KC,CLE,-11.5,67,0,0.4477611940298507,0.5522388059701493
2015,2015_16_CLE_KC,KC,11.5,50,0.72,0.28,0
2015,2015_16_DAL_BUF,BUF,6.5,58,0.15517241379310345,0.8448275862068966,0
2015,2015_16_DAL_BUF,DAL,-6.5,55,0,1,0
2015,2015_16_GB_ARI,ARI,6,54,0.6481481481481481,0.35185185185185186,0
2015,2015_16_GB_ARI,GB,-6,63,0,0.30158730158730157,0.6984126984126984
2015,2015_16_HOU_TEN,HOU,3.5,66,0.8181818181818182,0.18181818181818185,0
2015,2015_16_HOU_TEN,TEN,-3.5,63,0,0.2698412698412698,0.7301587301587301
2015,2015_16_IND_MIA,IND,-2.5,53,0.5283018867924528,0.4716981132075472,0
2015,2015_16_IND_MIA,MIA,2.5,69,0,0.6811594202898551,0.3188405797101449
2015,2015_16_JAX_NO,JAX,-2.5,52,0,0.1346153846153846,0.8653846153846154
2015,2015_16_JAX_NO,NO,2.5,68,0.7205882352941176,0.27941176470588236,0
2015,2015_16_NE_NYJ,NE,2.5,54,0,0.48148148148148145,0.5185185185185185
2015,2015_16_NE_NYJ,NYJ,-2.5,64,0.3125,0.6875,0
2015,2015_16_NYG_MIN,MIN,7,65,0.6,0.4,0
2015,2015_16_NYG_MIN,NYG,-7,58,0,0.3275862068965517,0.6724137931034483
2015,2015_16_PIT_BAL,BAL,-11,73,0.5205479452054794,0.4794520547945205,0
2015,2015_16_PIT_BAL,PIT,11,57,0,0.49122807017543857,0.5087719298245614
2015,2015_16_SD_OAK,LAC,-4,71,0.2676056338028169,0.7323943661971831,0
2015,2015_16_SD_OAK,LV,-4,51,0,0.9607843137254902,0.0392156862745098
2015,2015_16_SF_DET,DET,8.5,64,0.515625,0.484375,0
2015,2015_16_SF_DET,SF,-8.5,59,0,0.7288135593220338,0.2711864406779661
2015,2015_16_STL_SEA,LA,-11,51,0.5686274509803921,0.43137254901960786,0
2015,2015_16_STL_SEA,SEA,11,67,0,0.2835820895522388,0.7164179104477612
2015,2015_16_WAS_PHI,PHI,3.5,77,0,0.5454545454545454,0.4545454545454546
2015,2015_16_WAS_PHI,WAS,-3.5,70,0.4428571428571429,0.5571428571428572,0
2015,2015_17_BAL_CIN,BAL,-10,76,0,0.618421052631579,0.3815789473684211
2015,2015_17_BAL_CIN,CIN,10,56,0.3392857142857143,0.6607142857142857,0
2015,2015_17_DET_CHI,CHI,-2.5,52,0,0.75,0.25
2015,2015_17_DET_CHI,DET,2.5,61,0.11475409836065574,0.8852459016393442,0
2015,2015_17_JAX_HOU,HOU,5,74,0.8108108108108109,0.1891891891891892,0
2015,2015_17_JAX_HOU,JAX,-5,54,0,0.24074074074074073,0.7592592592592593
2015,2015_17_MIN_GB,GB,3,74,0,0.47297297297297297,0.527027027027027
2015,2015_17_MIN_GB,MIN,-3,49,0.2653061224489796,0.7346938775510204,0
2015,2015_17_NE_MIA,MIA,-10,71,0.11267605633802816,0.8873239436619719,0
2015,2015_17_NE_MIA,NE,10,53,0,0.8113207547169812,0.18867924528301888
2015,2015_17_NO_ATL,ATL,6,63,0,1,0
2015,2015_17_NO_ATL,NO,-6,63,0.03174603174603174,0.9682539682539684,0
2015,2015_17_NYJ_BUF,BUF,-2.5,72,0.7083333333333334,0.2916666666666667,0
2015,2015_17_NYJ_BUF,NYJ,2.5,55,0,0.41818181818181815,0.5818181818181818
2015,2015_17_OAK_KC,KC,6.5,64,0.6875,0.3125,0
2015,2015_17_OAK_KC,LV,-6.5,54,0,0.3333333333333333,0.6666666666666666
2015,2015_17_PHI_NYG,NYG,4,80,0.0875,0.6625,0.25
2015,2015_17_PHI_NYG,PHI,-4,63,0.1111111111111111,0.8571428571428571,0.03174603174603174
2015,2015_17_PIT_CLE,CLE,-13,76,0,0.7894736842105263,0.21052631578947367
2015,2015_17_PIT_CLE,PIT,13,53,0.2830188679245283,0.71698113207547165,0
2015,2015_17_SD_DEN,DEN,10,63,0.04761904761904761,0.9523809523809524,0
2015,2015_17_SD_DEN,LAC,-10,67,0,0.8805970149253731,0.11940298507462686
2015,2015_17_SEA_ARI,ARI,6,58,0,0.25862068965517243,0.7413793103448276
2015,2015_17_SEA_ARI,SEA,-6,67,0.7014925373134329,0.29850746268656714,0
2015,2015_17_STL_SF,LA,3,60,0,0.9666666666666668,0.03333333333333333
2015,2015_17_STL_SF,SF,-3,64,0.09375,0.90625,0
2015,2015_17_TB_CAR,CAR,10,60,0.5166666666666667,0.48333333333333334,0
2015,2015_17_TB_CAR,TB,-10,71,0,0.2535211267605634,0.7464788732394366
2015,2015_17_TEN_IND,IND,3.5,68,0.3382352941176471,0.6617647058823529,0
2015,2015_17_TEN_IND,TEN,-3.5,57,0,0.5614035087719298,0.43859649122807015
2015,2015_17_WAS_DAL,DAL,3,68,0,0.17647058823529413,0.8235294117647058
2015,2015_17_WAS_DAL,WAS,-3,60,0.9,0.1,0
2015,2015_18_GB_WAS,GB,-2,68,0.27941176470588236,0.5735294117647058,0.14705882352941177
2015,2015_18_GB_WAS,WAS,2,69,0.2318840579710145,0.37681159420289856,0.391304347826087
2015,2015_18_KC_HOU,HOU,-3,61,0,0.39344262295081966,0.6065573770491803
2015,2015_18_KC_HOU,KC,3,60,0.7333333333333333,0.26666666666666666,0
2015,2015_18_PIT_CIN,CIN,-2,67,0.01492537313432835,0.5671641791044776,0.417910447761194
2015,2015_18_PIT_CIN,PIT,2,69,0.30434782608695654,0.6956521739130435,0
2015,2015_18_SEA_MIN,MIN,-4,54,0.16666666666666666,0.8333333333333334,0
2015,2015_18_SEA_MIN,SEA,4,55,0,0.8727272727272727,0.12727272727272726
2015,2015_19_GB_ARI,ARI,7,60,0.1,0.9,0
2015,2015_19_GB_ARI,GB,-7,67,0,0.8507462686567164,0.14925373134328357
2015,2015_19_KC_NE,KC,-6,82,0,0.3170731707317073,0.6829268292682927
2015,2015_19_KC_NE,NE,6,52,0.5,0.5,0
2015,2015_19_PIT_DEN,DEN,7,70,0.11428571428571428,0.8857142857142857,0
2015,2015_19_PIT_DEN,PIT,-7,58,0,0.8793103448275862,0.1206896551724138
2015,2015_19_SEA_CAR,CAR,2.5,61,0.9344262295081968,0.06557377049180328,0
2015,2015_19_SEA_CAR,SEA,-2.5,63,0,0.03174603174603174,0.9682539682539684
2015,2015_20_ARI_CAR,ARI,-3.5,60,0,0.15,0.85
2015,2015_20_ARI_CAR,CAR,3.5,62,0.8709677419354839,0.12903225806451613,0
2015,2015_20_NE_DEN,DEN,-2.5,64,0.515625,0.484375,0
2015,2015_20_NE_DEN,NE,2.5,76,0,0.3157894736842105,0.6842105263157895
2015,2015_21_CAR_DEN,CAR,4.5,75,0,0.4666666666666667,0.5333333333333333
2015,2015_21_CAR_DEN,DEN,-4.5,56,0.6071428571428571,0.3928571428571429,0
2016,2016_01_BUF_BAL,BAL,3,62,0.27419354838709675,0.7258064516129032,0
2016,2016_01_BUF_BAL,BUF,-3,48,0,0.8125,0.1875
2016,2016_01_CAR_DEN,CAR,3,66,0.24242424242424243,0.7575757575757576,0
2016,2016_01_CAR_DEN,DEN,-3,55,0,0.8,0.2
2016,2016_01_CHI_HOU,CHI,-5.5,54,0.05555555555555555,0.6296296296296297,0.3148148148148148
2016,2016_01_CHI_HOU,HOU,5.5,70,0.17142857142857143,0.8285714285714286,0
2016,2016_01_CIN_NYJ,CIN,-1,55,0,0.8909090909090909,0.10909090909090909
2016,2016_01_CIN_NYJ,NYJ,1,66,0.21212121212121213,0.7878787878787878,0
2016,2016_01_CLE_PHI,CLE,-3.5,50,0,0.58,0.42
2016,2016_01_CLE_PHI,PHI,3.5,73,0.5342465753424658,0.4657534246575342,0
2016,2016_01_DET_IND,DET,-2.5,63,0.4126984126984127,0.5873015873015873,0
2016,2016_01_DET_IND,IND,2.5,68,0,0.4411764705882353,0.5588235294117647
2016,2016_01_GB_JAX,GB,3.5,58,0.1896551724137931,0.8103448275862069,0
2016,2016_01_GB_JAX,JAX,-3.5,67,0,0.8059701492537313,0.19402985074626863
2016,2016_01_LA_SF,LA,2.5,59,0,0.2711864406779661,0.7288135593220338
2016,2016_01_LA_SF,SF,-2.5,76,0.7894736842105263,0.21052631578947367,0
2016,2016_01_MIA_SEA,MIA,-10.5,54,0,0.9444444444444444,0.05555555555555555
2016,2016_01_MIA_SEA,SEA,10.5,78,0.1153846153846154,0.8589743589743589,0.02564102564102564
2016,2016_01_MIN_TEN,MIN,2.5,60,0.15,0.65,0.2
2016,2016_01_MIN_TEN,TEN,-2.5,65,0.15384615384615383,0.6153846153846154,0.2307692307692308
2016,2016_01_NE_ARI,ARI,9,59,0,0.8305084745762712,0.1694915254237288
2016,2016_01_NE_ARI,NE,-9,65,0.2153846153846154,0.7846153846153846,0
2016,2016_01_NYG_DAL,DAL,1,73,0.0958904109589041,0.9041095890410958,0
2016,2016_01_NYG_DAL,NYG,-1,54,0.05555555555555555,0.8518518518518519,0.0925925925925926
2016,2016_01_OAK_NO,LV,-2.5,63,0,0.5714285714285714,0.42857142857142855
2016,2016_01_OAK_NO,NO,2.5,63,0.3968253968253968,0.6031746031746031,0
2016,2016_01_PIT_WAS,PIT,2.5,67,0.5074626865671642,0.4925373134328358,0
2016,2016_01_PIT_WAS,WAS,-2.5,55,0,0.43636363636363634,0.5636363636363636
2016,2016_01_SD_KC,KC,6.5,60,0,0.21666666666666667,0.7833333333333333
2016,2016_01_SD_KC,LAC,-6.5,68,0.6470588235294118,0.35294117647058826,0
2016,2016_01_TB_ATL,ATL,2.5,63,0,0.4126984126984127,0.5873015873015873
2016,2016_01_TB_ATL,TB,-2.5,58,0.3620689655172414,0.6379310344827587,0
2016,2016_02_ATL_OAK,ATL,-4,64,0.171875,0.828125,0
2016,2016_02_ATL_OAK,LV,-4,71,0,0.7746478873239436,0.22535211267605632
2016,2016_02_BAL_CLE,BAL,4,71,0.11267605633802816,0.352112676056338,0.5352112676056338
2016,2016_02_BAL_CLE,CLE,-4,59,0.3220338983050847,0.6440677966101694,0.03389830508474576
2016,2016_02_CIN_PIT,CIN,-3,73,0,0.6164383561643836,0.3835616438356164
2016,2016_02_CIN_PIT,PIT,3,74,0.36486486486486486,0.6351351351351351,0
2016,2016_02_DAL_WAS,DAL,-3.5,64,0.046875,0.953125,0
2016,2016_02_DAL_WAS,WAS,3.5,64,0.078125,0.828125,0.09375
2016,2016_02_GB_MIN,GB,1.5,64,0,0.859375,0.140625
2016,2016_02_GB_MIN,MIN,-1.5,56,0.25,0.75,0
2016,2016_02_IND_DEN,DEN,5,65,0.2923076923076923,0.7076923076923077,0
2016,2016_02_IND_DEN,IND,-5,65,0,0.6,0.4
2016,2016_02_JAX_SD,JAX,-3,63,0,0.07936507936507936,0.9206349206349206
2016,2016_02_JAX_SD,LAC,-3,63,0.8571428571428571,0.14285714285714285,0
2016,2016_02_KC_HOU,HOU,-1,67,0.5522388059701493,0.4477611940298507,0
2016,2016_02_KC_HOU,KC,1,60,0,0.43333333333333335,0.5666666666666667
2016,2016_02_MIA_NE,MIA,-5.5,60,0,0.05,0.95
2016,2016_02_MIA_NE,NE,5.5,74,0.8783783783783784,0.12162162162162164,0
2016,2016_02_NO_NYG,NO,-3.5,59,0,0.847457627118644,0.15254237288135594
2016,2016_02_NO_NYG,NYG,3.5,71,0.15492957746478872,0.8450704225352113,0
2016,2016_02_NYJ_BUF,BUF,1.5,49,0,0.40816326530612246,0.5918367346938775
2016,2016_02_NYJ_BUF,NYJ,-1.5,70,0.21428571428571427,0.7857142857142857,0
2016,2016_02_PHI_CHI,CHI,3,50,0,0.68,0.32
2016,2016_02_PHI_CHI,PHI,-3,64,0.28125,0.71875,0
2016,2016_02_SEA_LA,LA,-5.5,56,0.375,0.625,0
2016,2016_02_SEA_LA,SEA,5.5,61,0,0.7868852459016393,0.21311475409836064
2016,2016_02_SF_CAR,CAR,12,77,0.5584415584415584,0.44155844155844154,0
2016,2016_02_SF_CAR,SF,-12,64,0,0.5625,0.4375
2016,2016_02_TB_ARI,ARI,7.5,65,0.676923076923077,0.3230769230769231,0
2016,2016_02_TB_ARI,TB,-7.5,75,0,0.25333333333333335,0.7466666666666667
2016,2016_02_TEN_DET,DET,6,67,0.746268656716418,0.2537313432835821,0
2016,2016_02_TEN_DET,TEN,-6,59,0,0.3559322033898305,0.6440677966101694
2016,2016_03_ARI_BUF,ARI,5,77,0,0.11688311688311688,0.8831168831168831
2016,2016_03_ARI_BUF,BUF,-5,59,0.6779661016949152,0.3220338983050847,0
2016,2016_03_ATL_NO,ATL,-2.5,61,0.5081967213114754,0.4918032786885246,0
2016,2016_03_ATL_NO,NO,2.5,79,0,0.4177215189873418,0.5822784810126582
2016,2016_03_BAL_JAX,BAL,1,63,0.15873015873015872,0.8412698412698413,0
2016,2016_03_BAL_JAX,JAX,-1,63,0.09523809523809525,0.7936507936507936,0.1111111111111111
2016,2016_03_CHI_DAL,CHI,-6.5,62,0,0.04838709677419355,0.9516129032258064
2016,2016_03_CHI_DAL,DAL,6.5,65,0.8153846153846154,0.18461538461538465,0
2016,2016_03_CLE_MIA,CLE,-10,67,0,0.8507462686567164,0.14925373134328357
2016,2016_03_CLE_MIA,MIA,10,57,0.3157894736842105,0.6842105263157895,0
2016,2016_03_DEN_CIN,CIN,3.5,63,0.06349206349206349,0.746031746031746,0.1904761904761905
2016,2016_03_DEN_CIN,DEN,-3.5,59,0.11864406779661016,0.8135593220338984,0.06779661016949153
2016,2016_03_DET_GB,DET,-6,67,0,0.208955223880597,0.7910447761194029
2016,2016_03_DET_GB,GB,6,47,0.7872340425531915,0.2127659574468085,0
2016,2016_03_HOU_NE,HOU,-1,70,0,0.18571428571428572,0.8142857142857143
2016,2016_03_HOU_NE,NE,1,57,0.7894736842105263,0.21052631578947367,0
2016,2016_03_LA_TB,LA,-3.5,60,0.15,0.75,0.1
2016,2016_03_LA_TB,TB,3.5,81,0.18518518518518515,0.5925925925925926,0.2222222222222222
2016,2016_03_MIN_CAR,CAR,6,72,0.2222222222222222,0.4861111111111111,0.2916666666666667
2016,2016_03_MIN_CAR,MIN,-6,52,0.36538461538461536,0.38461538461538464,0.25
2016,2016_03_NYJ_KC,KC,3,59,0.7457627118644068,0.2542372881355932,0
2016,2016_03_NYJ_KC,NYJ,-3,66,0,0.18181818181818185,0.8181818181818182
2016,2016_03_OAK_TEN,LV,1.5,60,0.55,0.45,0
2016,2016_03_OAK_TEN,TEN,-1.5,63,0,0.492063492063492,0.5079365079365079
2016,2016_03_PIT_PHI,PHI,-3.5,61,0.8032786885245902,0.19672131147540983,0
2016,2016_03_PIT_PHI,PIT,3.5,58,0,0.27586206896551724,0.7241379310344828
2016,2016_03_SD_IND,IND,1.5,65,0.16923076923076924,0.8307692307692308,0
2016,2016_03_SD_IND,LAC,-1.5,58,0.03448275862068965,0.7931034482758621,0.1724137931034483
2016,2016_03_SF_SEA,SEA,10.5,64,0.875,0.125,0
2016,2016_03_SF_SEA,SF,-10.5,56,0,0.05357142857142857,0.9464285714285714
2016,2016_03_WAS_NYG,NYG,3.5,61,0.13114754098360656,0.8688524590163934,0
2016,2016_03_WAS_NYG,WAS,-3.5,65,0,0.8153846153846154,0.18461538461538465
2016,2016_04_BUF_NE,BUF,-3.5,73,0.7945205479452054,0.2054794520547945,0
2016,2016_04_BUF_NE,NE,3.5,52,0,0.1346153846153846,0.8653846153846154
2016,2016_04_CAR_ATL,ATL,-2.5,63,0.873015873015873,0.12698412698412698,0
2016,2016_04_CAR_ATL,CAR,2.5,64,0,0.140625,0.859375
2016,2016_04_CLE_WAS,CLE,-7.5,68,0.01470588235294117,0.5441176470588235,0.4411764705882353
2016,2016_04_CLE_WAS,WAS,7.5,56,0.3392857142857143,0.6607142857142857,0
2016,2016_04_DAL_SF,DAL,1,70,0.14285714285714285,0.6428571428571429,0.21428571428571427
2016,2016_04_DAL_SF,SF,-1,52,0.40384615384615385,0.4615384615384616,0.1346153846153846
2016,2016_04_DEN_TB,DEN,3.5,64,0.734375,0.265625,0
2016,2016_04_DEN_TB,TB,-3.5,65,0,0.6,0.4
2016,2016_04_DET_CHI,CHI,-3,64,0.46875,0.53125,0
2016,2016_04_DET_CHI,DET,3,56,0,0.6607142857142857,0.3392857142857143
2016,2016_04_IND_JAX,IND,-1,72,0,0.4166666666666667,0.5833333333333334
2016,2016_04_IND_JAX,JAX,1,65,0.7230769230769231,0.27692307692307694,0
2016,2016_04_KC_PIT,KC,-3,72,0,0.08333333333333333,0.9166666666666666
2016,2016_04_KC_PIT,PIT,3,53,0.8301886792452831,0.16981132075471697,0
2016,2016_04_LA_ARI,ARI,10,74,0.08108108108108109,0.8648648648648649,0.05405405405405406
2016,2016_04_LA_ARI,LA,-10,54,0.05555555555555555,0.9444444444444444,0
2016,2016_04_MIA_CIN,CIN,7.5,65,0.4461538461538462,0.5538461538461539,0
2016,2016_04_MIA_CIN,MIA,-7.5,43,0,0.3720930232558139,0.627906976744186
2016,2016_04_NO_SD,LAC,-4,67,0.4328358208955224,0.5671641791044776,0
2016,2016_04_NO_SD,NO,-4,68,0,0.75,0.25
2016,2016_04_NYG_MIN,MIN,3.5,67,0.8656716417910447,0.13432835820895522,0
2016,2016_04_NYG_MIN,NYG,-3.5,63,0,0.14285714285714285,0.8571428571428571
2016,2016_04_OAK_BAL,BAL,3.5,79,0,0.7088607594936709,0.2911392405063291
2016,2016_04_OAK_BAL,LV,-3.5,51,0.21568627450980393,0.7058823529411765,0.0784313725490196
2016,2016_04_SEA_NYJ,NYJ,-1,65,0,0.5846153846153846,0.4153846153846154
2016,2016_04_SEA_NYJ,SEA,1,57,0.49122807017543857,0.5087719298245614,0
2016,2016_04_TEN_HOU,HOU,4,62,0.5483870967741935,0.4516129032258064,0
2016,2016_04_TEN_HOU,TEN,-4,62,0,0.5483870967741935,0.4516129032258064
2016,2016_05_ARI_SF,ARI,3.5,64,0.40625,0.546875,0.046875
2016,2016_05_ARI_SF,SF,-3.5,74,0.06756756756756757,0.5,0.43243243243243246
2016,2016_05_ATL_DEN,ATL,-3.5,61,0.4918032786885246,0.5081967213114754,0
2016,2016_05_ATL_DEN,DEN,3.5,64,0,0.3125,0.6875
2016,2016_05_BUF_LA,BUF,2.5,51,0.2549019607843137,0.7450980392156863,0
2016,2016_05_BUF_LA,LA,-2.5,64,0,0.765625,0.234375
2016,2016_05_CHI_IND,CHI,-4,61,0,0.819672131147541,0.18032786885245905
2016,2016_05_CHI_IND,IND,4,63,0.23809523809523808,0.7619047619047619,0
2016,2016_05_CIN_DAL,CIN,2.5,64,0,0.125,0.875
2016,2016_05_CIN_DAL,DAL,-2.5,50,0.8,0.2,0
2016,2016_05_HOU_MIN,HOU,-6,60,0,0.05,0.95
2016,2016_05_HOU_MIN,MIN,6,67,0.8805970149253731,0.11940298507462686,0
2016,2016_05_NE_CLE,CLE,-10,58,0,0.2413793103448276,0.7586206896551724
2016,2016_05_NE_CLE,NE,10,75,0.7866666666666666,0.21333333333333335,0
2016,2016_05_NYG_GB,GB,7,74,0.6351351351351351,0.36486486486486486,0
2016,2016_05_NYG_GB,NYG,-7,54,0,0.25925925925925924,0.7407407407407407
2016,2016_05_NYJ_PIT,NYJ,-10,58,0,0.7758620689655172,0.22413793103448276
2016,2016_05_NYJ_PIT,PIT,10,70,0.37142857142857144,0.6285714285714286,0
2016,2016_05_PHI_DET,DET,-3.5,54,0.2777777777777778,0.7222222222222222,0
2016,2016_05_PHI_DET,PHI,3.5,57,0.05263157894736842,0.45614035087719296,0.49122807017543857
2016,2016_05_SD_OAK,LAC,-3.5,51,0,0.7450980392156863,0.2549019607843137
2016,2016_05_SD_OAK,LV,-3.5,68,0.1323529411764706,0.7647058823529411,0.10294117647058824
2016,2016_05_TB_CAR,CAR,6,53,0.01886792452830188,0.981132075471698,0
2016,2016_05_TB_CAR,TB,-6,68,0.01470588235294117,0.9411764705882352,0.04411764705882353
2016,2016_05_TEN_MIA,MIA,2.5,41,0,0.7317073170731707,0.2682926829268293
2016,2016_05_TEN_MIA,TEN,-2.5,68,0.39705882352941174,0.6029411764705882,0
2016,2016_05_WAS_BAL,BAL,4,69,0.07246376811594203,0.6956521739130435,0.2318840579710145
2016,2016_05_WAS_BAL,WAS,-4,60,0.26666666666666666,0.7333333333333333,0
2016,2016_06_ATL_SEA,ATL,-7,64,0.0625,0.6875,0.25
2016,2016_06_ATL_SEA,SEA,7,62,0.12903225806451613,0.7580645161290323,0.1129032258064516
2016,2016_06_BAL_NYG,BAL,-3.5,76,0.07894736842105263,0.881578947368421,0.03947368421052631
2016,2016_06_BAL_NYG,NYG,3.5,64,0.0625,0.90625,0.03125
2016,2016_06_CAR_NO,CAR,2.5,75,0,0.2,0.8
2016,2016_06_CAR_NO,NO,-2.5,70,0.5571428571428572,0.4428571428571429,0
2016,2016_06_CIN_NE,CIN,-7.5,65,0,0.7076923076923077,0.2923076923076923
2016,2016_06_CIN_NE,NE,7.5,61,0.39344262295081966,0.6065573770491803,0
2016,2016_06_CLE_TEN,CLE,-7.5,63,0,0.3492063492063492,0.6507936507936508
2016,2016_06_CLE_TEN,TEN,7.5,56,0.5,0.5,0
2016,2016_06_DAL_GB,DAL,-5,62,0.43548387096774194,0.5645161290322581,0
2016,2016_06_DAL_GB,GB,5,67,0,0.40298507462686567,0.5970149253731343
2016,2016_06_DEN_SD,DEN,3,68,0,0.16176470588235295,0.8382352941176471
2016,2016_06_DEN_SD,LAC,3,60,0.65,0.35,0
2016,2016_06_IND_HOU,HOU,3,62,0,0.3870967741935484,0.6129032258064516
2016,2016_06_IND_HOU,IND,-3,62,0.5645161290322581,0.43548387096774194,0
2016,2016_06_JAX_CHI,CHI,2.5,77,0.4935064935064935,0.5064935064935064,0
2016,2016_06_JAX_CHI,JAX,-2.5,54,0.05555555555555555,0.2777777777777778,0.6666666666666666
2016,2016_06_KC_OAK,KC,1,62,0.5483870967741935,0.4516129032258064,0
2016,2016_06_KC_OAK,LV,1,52,0.01923076923076923,0.5384615384615384,0.4423076923076923
2016,2016_06_LA_DET,DET,2.5,56,0.01785714285714285,0.8392857142857143,0.14285714285714285
2016,2016_06_LA_DET,LA,-2.5,55,0,0.9818181818181818,0.01818181818181818
2016,2016_06_NYJ_ARI,ARI,7.5,68,0.7647058823529411,0.2352941176470588,0
2016,2016_06_NYJ_ARI,NYJ,-7.5,52,0,0.3076923076923077,0.6923076923076923
2016,2016_06_PHI_WAS,PHI,3,47,0,0.3617021276595745,0.6382978723404256
2016,2016_06_PHI_WAS,WAS,-3,66,0.6212121212121212,0.3787878787878788,0
2016,2016_06_PIT_MIA,MIA,-7.5,67,0.5223880597014925,0.47761194029850745,0
2016,2016_06_PIT_MIA,PIT,7.5,52,0,0.4615384615384616,0.5384615384615384
2016,2016_06_SF_BUF,BUF,7.5,73,0.3561643835616438,0.6438356164383562,0
2016,2016_06_SF_BUF,SF,-7.5,59,0,0.6610169491525424,0.3389830508474576
2016,2016_07_BAL_NYJ,BAL,-2,56,0,0.6785714285714286,0.32142857142857145
2016,2016_07_BAL_NYJ,NYJ,2,65,0.3230769230769231,0.676923076923077,0
2016,2016_07_BUF_MIA,BUF,2.5,54,0,0.7037037037037037,0.2962962962962963
2016,2016_07_BUF_MIA,MIA,-2.5,66,0.04545454545454545,0.8333333333333334,0.12121212121212122
2016,2016_07_CHI_GB,CHI,-7.5,44,0,0.7272727272727273,0.2727272727272727
2016,2016_07_CHI_GB,GB,7.5,80,0.35,0.65,0
2016,2016_07_CLE_CIN,CIN,11.5,61,0.5901639344262295,0.4098360655737705,0
2016,2016_07_CLE_CIN,CLE,-11.5,63,0,0.47619047619047616,0.5238095238095238
2016,2016_07_HOU_DEN,DEN,8.5,59,0.5254237288135594,0.4745762711864407,0
2016,2016_07_HOU_DEN,HOU,-8.5,67,0,0.5373134328358209,0.4626865671641791
2016,2016_07_IND_TEN,IND,-4,63,0.25396825396825395,0.746031746031746,0
2016,2016_07_IND_TEN,TEN,4,67,0,0.7014925373134329,0.29850746268656714
2016,2016_07_MIN_PHI,MIN,2.5,73,0,0.5205479452054794,0.4794520547945205
2016,2016_07_MIN_PHI,PHI,-2.5,53,0.49056603773584906,0.5094339622641509,0
2016,2016_07_NE_PIT,NE,7.5,54,0.3888888888888889,0.6111111111111112,0
2016,2016_07_NE_PIT,PIT,-7.5,68,0,0.5882352941176471,0.4117647058823529
2016,2016_07_NO_KC,KC,6,50,0.68,0.32,0
2016,2016_07_NO_KC,NO,-6,70,0,0.3142857142857143,0.6857142857142857
2016,2016_07_NYG_LA,LA,-3,76,0.1973684210526316,0.5131578947368421,0.2894736842105263
2016,2016_07_NYG_LA,NYG,3,55,0.05454545454545454,0.6363636363636364,0.3090909090909091
2016,2016_07_OAK_JAX,JAX,1.5,59,0,0.3728813559322034,0.6271186440677966
2016,2016_07_OAK_JAX,LV,-1.5,69,0.463768115942029,0.5362318840579711,0
2016,2016_07_SD_ATL,ATL,4.5,56,0.5892857142857143,0.4107142857142857,0
2016,2016_07_SD_ATL,LAC,-4.5,70,0,0.5,0.5
2016,2016_07_SEA_ARI,ARI,2.5,74,0.1891891891891892,0.8108108108108109,0
2016,2016_07_SEA_ARI,SEA,-2.5,42,0,0.9761904761904762,0.0238095238095238
2016,2016_07_TB_SF,SF,1,66,0.12121212121212122,0.4545454545454546,0.42424242424242425
2016,2016_07_TB_SF,TB,-1,72,0.3611111111111111,0.4861111111111111,0.1527777777777778
2016,2016_07_WAS_DET,DET,-1,51,0.2549019607843137,0.7450980392156863,0
2016,2016_07_WAS_DET,WAS,1,70,0,0.7857142857142857,0.21428571428571427
2016,2016_08_ARI_CAR,ARI,-2.5,64,0,0.09375,0.90625
2016,2016_08_ARI_CAR,CAR,2.5,64,1,0,0
2016,2016_08_DET_HOU,DET,-1,56,0,0.30357142857142855,0.6964285714285714
2016,2016_08_DET_HOU,HOU,1,60,0.75,0.25,0
2016,2016_08_GB_ATL,ATL,3,55,0,0.8909090909090909,0.10909090909090909
2016,2016_08_GB_ATL,GB,-3,60,0.01666666666666666,0.9666666666666668,0.01666666666666666
2016,2016_08_JAX_TEN,JAX,-3,67,0,0.11940298507462686,0.8805970149253731
2016,2016_08_JAX_TEN,TEN,3,66,0.7272727272727273,0.2727272727272727,0
2016,2016_08_KC_IND,IND,-3,61,0,0.47540983606557374,0.5245901639344263
2016,2016_08_KC_IND,KC,3,70,0.4428571428571429,0.5571428571428572,0
2016,2016_08_MIN_CHI,CHI,-5.5,61,0.7540983606557377,0.2459016393442623,0
2016,2016_08_MIN_CHI,MIN,5.5,60,0,0.3,0.7
2016,2016_08_NE_BUF,BUF,-5.5,68,0,0.2058823529411765,0.7941176470588235
2016,2016_08_NE_BUF,NE,5.5,60,0.65,0.35,0
2016,2016_08_NYJ_CLE,CLE,-2.5,70,0.22857142857142856,0.5,0.2714285714285714
2016,2016_08_NYJ_CLE,NYJ,2.5,70,0.12857142857142856,0.5,0.37142857142857144
2016,2016_08_OAK_TB,LV,-1,65,0,0.7538461538461538,0.24615384615384617
2016,2016_08_OAK_TB,TB,1,55,0.16363636363636364,0.8,0.03636363636363636
2016,2016_08_PHI_DAL,DAL,5,64,0.015625,0.671875,0.3125
2016,2016_08_PHI_DAL,PHI,-5,71,0.22535211267605632,0.7746478873239436,0
2016,2016_08_SD_DEN,DEN,3.5,62,0.46774193548387094,0.532258064516129,0
2016,2016_08_SD_DEN,LAC,-3.5,77,0,0.5454545454545454,0.4545454545454546
2016,2016_08_SEA_NO,NO,-1,72,0.1388888888888889,0.7361111111111112,0.125
2016,2016_08_SEA_NO,SEA,1,52,0.03846153846153846,0.8846153846153846,0.07692307692307693
2016,2016_08_WAS_CIN,CIN,3,67,0.23880597014925373,0.7611940298507462,0
2016,2016_08_WAS_CIN,WAS,-3,68,0,0.9558823529411764,0.04411764705882353
2016,2016_09_ATL_TB,ATL,4.5,68,0.5147058823529411,0.4852941176470588,0
2016,2016_09_ATL_TB,TB,-4.5,70,0,0.5142857142857142,0.4857142857142857
2016,2016_09_BUF_SEA,BUF,-5.5,81,0,0.5308641975308642,0.4691358024691358
2016,2016_09_BUF_SEA,SEA,5.5,41,0.4146341463414634,0.5853658536585366,0
2016,2016_09_CAR_LA,CAR,3,61,0.5573770491803278,0.4426229508196721,0
2016,2016_09_CAR_LA,LA,-3,67,0,0.582089552238806,0.417910447761194
2016,2016_09_DAL_CLE,CLE,-7,44,0,0.4090909090909091,0.5909090909090909
2016,2016_09_DAL_CLE,DAL,7,67,0.6716417910447762,0.3283582089552239,0
2016,2016_09_DEN_OAK,DEN,-1,51,0,0.2352941176470588,0.7647058823529411
2016,2016_09_DEN_OAK,LV,-1,73,0.8493150684931506,0.1506849315068493,0
2016,2016_09_DET_MIN,DET,-4,50,0,0.96,0.04
2016,2016_09_DET_MIN,MIN,4,67,0,0.9850746268656716,0.01492537313432835
2016,2016_09_IND_GB,GB,7.5,64,0,0.40625,0.59375
2016,2016_09_IND_GB,IND,-7.5,63,0.47619047619047616,0.5238095238095238,0
2016,2016_09_JAX_KC,JAX,-7,75,0,0.4,0.6
2016,2016_09_JAX_KC,KC,7,54,0.6296296296296297,0.3703703703703703,0
2016,2016_09_NO_SF,NO,5,80,0.75,0.25,0
2016,2016_09_NO_SF,SF,-5,57,0,0.3333333333333333,0.6666666666666666
2016,2016_09_NYJ_MIA,MIA,3.5,61,0.2459016393442623,0.7540983606557377,0
2016,2016_09_NYJ_MIA,NYJ,-3.5,53,0,0.9056603773584906,0.09433962264150944
2016,2016_09_PHI_NYG,NYG,3,59,0.7457627118644068,0.2542372881355932,0
2016,2016_09_PHI_NYG,PHI,-3,74,0,0.17567567567567569,0.8243243243243243
2016,2016_09_PIT_BAL,BAL,-3.5,60,0.7666666666666667,0.23333333333333336,0
2016,2016_09_PIT_BAL,PIT,3.5,64,0,0.1875,0.8125
2016,2016_09_TEN_SD,LAC,-3.5,70,0.6285714285714286,0.37142857142857144,0
2016,2016_09_TEN_SD,TEN,-3.5,61,0,0.2786885245901639,0.7213114754098361
2016,2016_10_ATL_PHI,ATL,-2,48,0,0.7083333333333334,0.2916666666666667
2016,2016_10_ATL_PHI,PHI,2,73,0.2465753424657534,0.7534246575342466,0
2016,2016_10_CHI_TB,CHI,2.5,54,0,0.48148148148148145,0.5185185185185185
2016,2016_10_CHI_TB,TB,-2.5,68,0.7941176470588235,0.2058823529411765,0
2016,2016_10_CIN_NYG,CIN,1,55,0,1,0
2016,2016_10_CIN_NYG,NYG,-1,70,0.08571428571428572,0.9142857142857144,0
2016,2016_10_CLE_BAL,BAL,7.5,74,0.3783783783783784,0.6216216216216216,0
2016,2016_10_CLE_BAL,CLE,-7.5,48,0,0.625,0.375
2016,2016_10_DAL_PIT,DAL,-3,59,0.01694915254237288,0.9491525423728814,0.03389830508474576
2016,2016_10_DAL_PIT,PIT,3,66,0.21212121212121213,0.7272727272727273,0.06060606060606061
2016,2016_10_DEN_NO,DEN,-3,81,0.3333333333333333,0.6296296296296297,0.03703703703703703
2016,2016_10_DEN_NO,NO,3,51,0.0392156862745098,0.6862745098039216,0.27450980392156865
2016,2016_10_GB_TEN,GB,3,73,0,0.0547945205479452,0.9452054794520548
2016,2016_10_GB_TEN,TEN,-3,58,0.9827586206896552,0.01724137931034482,0
2016,2016_10_HOU_JAX,HOU,-3,61,0.3442622950819672,0.6557377049180327,0
2016,2016_10_HOU_JAX,JAX,3,73,0,0.7123287671232876,0.2876712328767123
2016,2016_10_KC_CAR,CAR,3,68,0.45588235294117646,0.5441176470588235,0
2016,2016_10_KC_CAR,KC,-3,61,0.03278688524590164,0.39344262295081966,0.5737704918032787
2016,2016_10_LA_NYJ,LA,1,64,0,1,0
2016,2016_10_LA_NYJ,NYJ,-1,58,0.05172413793103448,0.9482758620689656,0
2016,2016_10_MIA_SD,LAC,-4,71,0,0.971830985915493,0.02816901408450704
2016,2016_10_MIA_SD,MIA,-4,49,0.02040816326530612,0.8163265306122449,0.16326530612244897
2016,2016_10_MIN_WAS,MIN,-2.5,64,0,0.546875,0.453125
2016,2016_10_MIN_WAS,WAS,2.5,61,0.3770491803278688,0.6229508196721312,0
2016,2016_10_SEA_NE,NE,7.5,62,0,0.8870967741935484,0.1129032258064516
2016,2016_10_SEA_NE,SEA,-7.5,66,0.07575757575757576,0.9242424242424242,0
2016,2016_10_SF_ARI,ARI,14,73,0.6575342465753424,0.3424657534246575,0
2016,2016_10_SF_ARI,SF,-14,61,0,0.29508196721311475,0.7049180327868853
2016,2016_11_ARI_MIN,ARI,-2,70,0,0.45714285714285713,0.5428571428571428
2016,2016_11_ARI_MIN,MIN,2,53,0.660377358490566,0.33962264150943394,0
2016,2016_11_BAL_DAL,BAL,-7,52,0,0.6153846153846154,0.38461538461538464
2016,2016_11_BAL_DAL,DAL,7,67,0.373134328358209,0.6268656716417911,0
2016,2016_11_BUF_CIN,BUF,-2.5,63,0.1746031746031746,0.8253968253968254,0
2016,2016_11_BUF_CIN,CIN,2.5,70,0,0.9142857142857144,0.08571428571428572
2016,2016_11_CHI_NYG,CHI,-7,59,0.05084745762711865,0.576271186440678,0.3728813559322034
2016,2016_11_CHI_NYG,NYG,7,62,0.3064516129032258,0.6612903225806451,0.03225806451612903
2016,2016_11_GB_WAS,GB,-2.5,65,0,0.5692307692307692,0.4307692307692308
2016,2016_11_GB_WAS,WAS,2.5,60,0.4166666666666667,0.5833333333333334,0
2016,2016_11_HOU_OAK,HOU,-6.5,74,0.08108108108108109,0.7702702702702703,0.14864864864864866
2016,2016_11_HOU_OAK,LV,-6.5,49,0.20408163265306123,0.7755102040816326,0.02040816326530612
2016,2016_11_JAX_DET,DET,5.5,56,0.23214285714285715,0.7678571428571429,0
2016,2016_11_JAX_DET,JAX,-5.5,61,0,0.918032786885246,0.08196721311475409
2016,2016_11_MIA_LA,LA,1,59,0.576271186440678,0.3389830508474576,0.0847457627118644
2016,2016_11_MIA_LA,MIA,-1,57,0,0.6491228070175439,0.3508771929824561
2016,2016_11_NE_SF,NE,10.5,69,0.43478260869565216,0.5652173913043478,0
2016,2016_11_NE_SF,SF,-10.5,62,0,0.5645161290322581,0.43548387096774194
2016,2016_11_NO_CAR,CAR,3.5,62,0.5161290322580645,0.4838709677419355,0
2016,2016_11_NO_CAR,NO,-3.5,71,0,0.323943661971831,0.676056338028169
2016,2016_11_PHI_SEA,PHI,-6.5,73,0,0.3835616438356164,0.6164383561643836
2016,2016_11_PHI_SEA,SEA,6.5,60,0.6833333333333333,0.31666666666666665,0
2016,2016_11_PIT_CLE,CLE,-8,62,0,0.27419354838709675,0.7258064516129032
2016,2016_11_PIT_CLE,PIT,8,64,0.53125,0.46875,0
2016,2016_11_TB_KC,KC,7,51,0,0.7254901960784313,0.27450980392156865
2016,2016_11_TB_KC,TB,-7,74,0.12162162162162164,0.8783783783783784,0
2016,2016_11_TEN_IND,IND,3,54,0.8518518518518519,0.14814814814814814,0
2016,2016_11_TEN_IND,TEN,-3,70,0,0.07142857142857142,0.9285714285714286
2016,2016_12_ARI_ATL,ARI,-3.5,61,0,0.47540983606557374,0.5245901639344263
2016,2016_12_ARI_ATL,ATL,3.5,65,0.49230769230769234,0.5076923076923077,0
2016,2016_12_CAR_OAK,CAR,-3.5,56,0,0.6428571428571429,0.35714285714285715
2016,2016_12_CAR_OAK,LV,-3.5,69,0.4057971014492754,0.4782608695652174,0.11594202898550723
2016,2016_12_CIN_BAL,BAL,3.5,67,0.7761194029850746,0.22388059701492535,0
2016,2016_12_CIN_BAL,CIN,-3.5,71,0,0.2676056338028169,0.7323943661971831
2016,2016_12_GB_PHI,GB,-4,64,0.390625,0.609375,0
2016,2016_12_GB_PHI,PHI,4,58,0,0.7931034482758621,0.20689655172413793
2016,2016_12_JAX_BUF,BUF,8.5,51,0.17647058823529413,0.8235294117647058,0
2016,2016_12_JAX_BUF,JAX,-8.5,64,0,0.796875,0.203125
2016,2016_12_KC_DEN,DEN,3.5,58,0,0.8620689655172413,0.13793103448275862
2016,2016_12_KC_DEN,KC,-3.5,63,0.09523809523809525,0.6984126984126984,0.2063492063492063
2016,2016_12_LA_NO,LA,-7.5,51,0,0.37254901960784315,0.6274509803921569
2016,2016_12_LA_NO,NO,7.5,70,0.5857142857142857,0.4142857142857143,0
2016,2016_12_MIN_DET,DET,2,58,0,1,0
2016,2016_12_MIN_DET,MIN,-2,53,0,1,0
2016,2016_12_NE_NYJ,NE,9,68,0.04411764705882353,0.8382352941176471,0.1176470588235294
2016,2016_12_NE_NYJ,NYJ,-9,55,0.14545454545454545,0.8181818181818182,0.03636363636363636
2016,2016_12_NYG_CLE,CLE,-6.5,71,0,0.4929577464788733,0.5070422535211268
2016,2016_12_NYG_CLE,NYG,6.5,53,0.4339622641509434,0.5660377358490566,0
2016,2016_12_PIT_IND,IND,-8,63,0,0.2063492063492063,0.7936507936507936
2016,2016_12_PIT_IND,PIT,8,50,0.78,0.22,0
2016,2016_12_SD_HOU,HOU,-2.5,64,0,0.6875,0.3125
2016,2016_12_SD_HOU,LAC,2.5,49,0.2857142857142857,0.6938775510204082,0.02040816326530612
2016,2016_12_SEA_TB,SEA,5,61,0,0.08196721311475409,0.918032786885246
2016,2016_12_SEA_TB,TB,-5,60,0.75,0.25,0
2016,2016_12_SF_MIA,MIA,7,58,0.3793103448275862,0.6206896551724138,0
2016,2016_12_SF_MIA,SF,-7,72,0.01388888888888888,0.4305555555555556,0.5555555555555556
2016,2016_12_TEN_CHI,CHI,-6.5,76,0,0.3947368421052632,0.6052631578947368
2016,2016_12_TEN_CHI,TEN,6.5,51,0.5686274509803921,0.43137254901960786,0
2016,2016_12_WAS_DAL,DAL,5.5,52,0.6153846153846154,0.38461538461538464,0
2016,2016_12_WAS_DAL,WAS,-5.5,72,0,0.3472222222222222,0.6527777777777778
2016,2016_13_BUF_OAK,BUF,-3,69,0.21739130434782608,0.4927536231884058,0.2898550724637681
2016,2016_13_BUF_OAK,LV,-3,67,0.22388059701492535,0.5970149253731343,0.1791044776119403
2016,2016_13_CAR_SEA,CAR,-8.5,54,0,0.1111111111111111,0.8888888888888888
2016,2016_13_CAR_SEA,SEA,8.5,71,0.8591549295774648,0.14084507042253522,0
2016,2016_13_DAL_MIN,DAL,3,48,0.14583333333333334,0.8541666666666666,0
2016,2016_13_DAL_MIN,MIN,-3,69,0,0.782608695652174,0.21739130434782608
2016,2016_13_DEN_JAX,DEN,3.5,54,0.3888888888888889,0.6111111111111112,0
2016,2016_13_DEN_JAX,JAX,-3.5,81,0,0.5679012345679012,0.43209876543209874
2016,2016_13_DET_NO,DET,-6.5,67,0.6268656716417911,0.373134328358209,0
2016,2016_13_DET_NO,NO,6.5,56,0,0.2857142857142857,0.7142857142857143
2016,2016_13_HOU_GB,GB,7,57,0.3684210526315789,0.631578947368421,0
2016,2016_13_HOU_GB,HOU,-7,64,0,0.640625,0.359375
2016,2016_13_IND_NYJ,IND,-1,67,0.8656716417910447,0.13432835820895522,0
2016,2016_13_IND_NYJ,NYJ,1,51,0,0.1176470588235294,0.8823529411764706
2016,2016_13_KC_ATL,ATL,5,66,0.06060606060606061,0.6515151515151515,0.2878787878787879
2016,2016_13_KC_ATL,KC,-5,45,0.26666666666666666,0.7111111111111111,0.02222222222222222
2016,2016_13_LA_NE,LA,-13,48,0,0.22916666666666663,0.7708333333333334
2016,2016_13_LA_NE,NE,13,73,0.8082191780821918,0.1917808219178082,0
2016,2016_13_MIA_BAL,BAL,3.5,66,0.8333333333333334,0.16666666666666666,0
2016,2016_13_MIA_BAL,MIA,-3.5,58,0,0.1206896551724138,0.8793103448275862
2016,2016_13_NYG_PIT,NYG,-7,54,0,0.3333333333333333,0.6666666666666666
2016,2016_13_NYG_PIT,PIT,7,68,0.6764705882352942,0.3235294117647059,0
2016,2016_13_PHI_CIN,CIN,1,63,0.8095238095238095,0.1904761904761905,0
2016,2016_13_PHI_CIN,PHI,-1,79,0,0.13924050632911392,0.8607594936708861
2016,2016_13_SF_CHI,CHI,0,57,0.45614035087719296,0.543859649122807,0
2016,2016_13_SF_CHI,SF,-0,54,0,0.6111111111111112,0.3888888888888889
2016,2016_13_TB_SD,LAC,-3.5,53,0.1320754716981132,0.6792452830188679,0.18867924528301888
2016,2016_13_TB_SD,TB,-3.5,58,0.05172413793103448,0.9310344827586208,0.01724137931034482
2016,2016_13_WAS_ARI,ARI,2.5,70,0.08571428571428572,0.9142857142857144,0
2016,2016_13_WAS_ARI,WAS,-2.5,56,0,0.8928571428571429,0.10714285714285714
2016,2016_14_ARI_MIA,ARI,2,62,0,0.3225806451612903,0.6774193548387096
2016,2016_14_ARI_MIA,MIA,-2,57,0.49122807017543857,0.5087719298245614,0
2016,2016_14_ATL_LA,ATL,4.5,57,0.7719298245614035,0.22807017543859648,0
2016,2016_14_ATL_LA,LA,-4.5,67,0,0.208955223880597,0.7910447761194029
2016,2016_14_BAL_NE,BAL,-6,68,0,0.27941176470588236,0.7205882352941176
2016,2016_14_BAL_NE,NE,6,64,0.625,0.375,0
2016,2016_14_CHI_DET,CHI,-7.5,50,0,0.8,0.2
2016,2016_14_CHI_DET,DET,7.5,65,0.26153846153846155,0.7384615384615385,0
2016,2016_14_CIN_CLE,CIN,4,70,0.8142857142857143,0.18571428571428572,0
2016,2016_14_CIN_CLE,CLE,-4,53,0,0.05660377358490566,0.9433962264150944
2016,2016_14_DAL_NYG,DAL,3.5,65,0.2,0.7230769230769231,0.07692307692307693
2016,2016_14_DAL_NYG,NYG,-3.5,62,0.2258064516129032,0.7741935483870968,0
2016,2016_14_DEN_TEN,DEN,-2,64,0,0.203125,0.796875
2016,2016_14_DEN_TEN,TEN,2,62,0.8225806451612904,0.1774193548387097,0
2016,2016_14_HOU_IND,HOU,-6.5,64,0.359375,0.640625,0
2016,2016_14_HOU_IND,IND,6.5,60,0,0.6333333333333333,0.36666666666666664
2016,2016_14_MIN_JAX,JAX,-3,65,0,0.8769230769230769,0.12307692307692308
2016,2016_14_MIN_JAX,MIN,3,61,0.18032786885245905,0.819672131147541,0
2016,2016_14_NO_TB,NO,-2,58,0,0.6896551724137931,0.3103448275862069
2016,2016_14_NO_TB,TB,2,61,0.47540983606557374,0.5245901639344263,0
2016,2016_14_NYJ_SF,NYJ,-3,75,0,0.2,0.8
2016,2016_14_NYJ_SF,SF,3,49,0.8571428571428571,0.14285714285714285,0
2016,2016_14_OAK_KC,KC,3.5,51,0.5882352941176471,0.4117647058823529,0
2016,2016_14_OAK_KC,LV,-3.5,73,0,0.3013698630136986,0.6986301369863014
2016,2016_14_PIT_BUF,BUF,-1,48,0,0.5,0.5
2016,2016_14_PIT_BUF,PIT,1,70,0.4714285714285714,0.5285714285714286,0
2016,2016_14_SD_CAR,CAR,1,67,0.8656716417910447,0.13432835820895522,0
2016,2016_14_SD_CAR,LAC,-1,64,0,0.171875,0.828125
2016,2016_14_SEA_GB,GB,-3,53,0.6792452830188679,0.32075471698113206,0
2016,2016_14_SEA_GB,SEA,3,68,0,0.25,0.75
2016,2016_14_WAS_PHI,PHI,-1.5,76,0.03947368421052631,0.9078947368421052,0.05263157894736842
2016,2016_14_WAS_PHI,WAS,1.5,44,0.04545454545454545,0.9545454545454546,0
2016,2016_15_CAR_WAS,CAR,-7,71,0.6197183098591549,0.38028169014084506,0
2016,2016_15_CAR_WAS,WAS,7,60,0,0.43333333333333335,0.5666666666666667
2016,2016_15_CLE_BUF,BUF,10.5,66,0.7878787878787878,0.21212121212121213,0
2016,2016_15_CLE_BUF,CLE,-10.5,54,0,0.25925925925925924,0.7407407407407407
2016,2016_15_DET_NYG,DET,-4,59,0,0.7796610169491526,0.22033898305084745
2016,2016_15_DET_NYG,NYG,4,62,0.4516129032258064,0.5483870967741935,0
2016,2016_15_GB_CHI,CHI,-4.5,63,0,0.6666666666666666,0.3333333333333333
2016,2016_15_GB_CHI,GB,4.5,57,0.14035087719298245,0.8596491228070176,0
2016,2016_15_IND_MIN,IND,-5,68,0.5882352941176471,0.4117647058823529,0
2016,2016_15_IND_MIN,MIN,5,56,0,0.17857142857142858,0.8214285714285714
2016,2016_15_JAX_HOU,HOU,3.5,76,0.03947368421052631,0.42105263157894735,0.5394736842105263
2016,2016_15_JAX_HOU,JAX,-3.5,50,0.5,0.5,0
2016,2016_15_LA_SEA,LA,-15,56,0,0.25,0.75
2016,2016_15_LA_SEA,SEA,15,55,0.6545454545454545,0.34545454545454546,0
2016,2016_15_MIA_NYJ,MIA,2.5,46,0.391304347826087,0.6086956521739131,0
2016,2016_15_MIA_NYJ,NYJ,-2.5,72,0.09722222222222222,0.4861111111111111,0.4166666666666667
2016,2016_15_NE_DEN,DEN,-3,61,0,0.6557377049180327,0.3442622950819672
2016,2016_15_NE_DEN,NE,3,72,0.4583333333333333,0.5416666666666666,0
2016,2016_15_NO_ARI,ARI,3,56,0,0.6785714285714286,0.32142857142857145
2016,2016_15_NO_ARI,NO,-3,81,0.13580246913580246,0.8641975308641975,0
2016,2016_15_OAK_SD,LAC,2.5,55,0.03636363636363636,0.9272727272727272,0.03636363636363636
2016,2016_15_OAK_SD,LV,2.5,58,0,1,0
2016,2016_15_PHI_BAL,BAL,5,55,0.4727272727272727,0.5272727272727272,0
2016,2016_15_PHI_BAL,PHI,-5,80,0,0.575,0.425
2016,2016_15_PIT_CIN,CIN,-3,56,0.42857142857142855,0.5714285714285714,0
2016,2016_15_PIT_CIN,PIT,3,62,0.1129032258064516,0.3709677419354839,0.5161290322580645
2016,2016_15_SF_ATL,ATL,13.5,65,0.9076923076923076,0.09230769230769233,0
2016,2016_15_SF_ATL,SF,-13.5,55,0,0.09090909090909093,0.9090909090909092
2016,2016_15_TB_DAL,DAL,7,70,0.4,0.6,0
2016,2016_15_TB_DAL,TB,-7,59,0,0.5084745762711864,0.4915254237288136
2016,2016_15_TEN_KC,KC,6,57,0.9473684210526316,0.05263157894736842,0
2016,2016_15_TEN_KC,TEN,-6,61,0,0.29508196721311475,0.7049180327868853
2016,2016_16_ARI_SEA,ARI,-9,56,0.32142857142857145,0.6785714285714286,0
2016,2016_16_ARI_SEA,SEA,9,78,0,0.5384615384615384,0.4615384615384616
2016,2016_16_ATL_CAR,ATL,3,61,0.7213114754098361,0.2786885245901639,0
2016,2016_16_ATL_CAR,CAR,-3,67,0,0.14925373134328357,0.8507462686567164
2016,2016_16_BAL_PIT,BAL,-5.5,72,0.06944444444444445,0.8888888888888888,0.04166666666666666
2016,2016_16_BAL_PIT,PIT,5.5,52,0.09615384615384616,0.8076923076923077,0.09615384615384616
2016,2016_16_CIN_HOU,CIN,-3,63,0,1,0
2016,2016_16_CIN_HOU,HOU,3,57,0.12280701754385964,0.8771929824561403,0
2016,2016_16_DEN_KC,DEN,-3.5,57,0,0.15789473684210523,0.8421052631578947
2016,2016_16_DEN_KC,KC,3.5,73,0.9041095890410958,0.0958904109589041,0
2016,2016_16_DET_DAL,DAL,6.5,52,0.4423076923076923,0.5576923076923077,0
2016,2016_16_DET_DAL,DET,-6.5,70,0,0.5714285714285714,0.42857142857142855
2016,2016_16_IND_OAK,IND,-3.5,52,0,0.5576923076923077,0.4423076923076923
2016,2016_16_IND_OAK,LV,-3.5,69,0.5652173913043478,0.43478260869565216,0
2016,2016_16_MIA_BUF,BUF,4.5,72,0,0.5416666666666666,0.4583333333333333
2016,2016_16_MIA_BUF,MIA,-4.5,56,0.6071428571428571,0.3928571428571429,0
2016,2016_16_MIN_GB,GB,6,58,0.7413793103448276,0.25862068965517243,0
2016,2016_16_MIN_GB,MIN,-6,74,0,0.21621621621621623,0.7837837837837838
2016,2016_16_NYG_PHI,NYG,-2,88,0,0.18181818181818185,0.8181818181818182
2016,2016_16_NYG_PHI,PHI,2,53,0.8301886792452831,0.16981132075471697,0
2016,2016_16_NYJ_NE,NE,17,67,0.8656716417910447,0.13432835820895522,0
2016,2016_16_NYJ_NE,NYJ,-17,55,0,0.10909090909090909,0.8909090909090909
2016,2016_16_SD_CLE,CLE,-4.5,66,0.42424242424242425,0.5757575757575758,0
2016,2016_16_SD_CLE,LAC,4.5,64,0,0.75,0.25
2016,2016_16_SF_LA,LA,6,56,0.6785714285714286,0.32142857142857145,0
2016,2016_16_SF_LA,SF,-6,68,0.01470588235294117,0.25,0.7352941176470589
2016,2016_16_TB_NO,NO,3,64,0.390625,0.609375,0
2016,2016_16_TB_NO,TB,-3,58,0,0.3793103448275862,0.6206896551724138
2016,2016_16_TEN_JAX,JAX,-4,68,0.8088235294117647,0.19117647058823528,0
2016,2016_16_TEN_JAX,TEN,4,64,0,0.078125,0.921875
2016,2016_16_WAS_CHI,CHI,-3,67,0,0.22388059701492535,0.7761194029850746
2016,2016_16_WAS_CHI,WAS,3,63,0.6984126984126984,0.30158730158730157,0
2016,2016_17_ARI_LA,ARI,7,67,0.47761194029850745,0.5223880597014925,0
2016,2016_17_ARI_LA,LA,-7,57,0,0.3157894736842105,0.6842105263157895
2016,2016_17_BAL_CIN,BAL,2.5,70,0,0.14285714285714285,0.8571428571428571
2016,2016_17_BAL_CIN,CIN,-2.5,64,0.859375,0.140625,0
2016,2016_17_BUF_NYJ,BUF,3.5,62,0,0.3870967741935484,0.6129032258064516
2016,2016_17_BUF_NYJ,NYJ,-3.5,60,0.6666666666666666,0.3333333333333333,0
2016,2016_17_CAR_TB,CAR,-3.5,67,0,0.8805970149253731,0.11940298507462686
2016,2016_17_CAR_TB,TB,3.5,62,0.01612903225806451,0.9838709677419356,0
2016,2016_17_CHI_MIN,CHI,-6,59,0,0.13559322033898305,0.864406779661017
2016,2016_17_CHI_MIN,MIN,6,59,0.8305084745762712,0.1694915254237288,0
2016,2016_17_CLE_PIT,CLE,-3.5,61,0.26229508196721313,0.7049180327868853,0.03278688524590164
2016,2016_17_CLE_PIT,PIT,3.5,60,0,0.7166666666666667,0.2833333333333333
2016,2016_17_DAL_PHI,DAL,-6.5,52,0.01923076923076923,0.8269230769230769,0.15384615384615383
2016,2016_17_DAL_PHI,PHI,6.5,75,0.29333333333333333,0.7066666666666667,0
2016,2016_17_GB_DET,DET,-3.5,64,0,0.78125,0.21875
2016,2016_17_GB_DET,GB,3.5,68,0.25,0.75,0
2016,2016_17_HOU_TEN,HOU,-3,72,0,0.4444444444444444,0.5555555555555556
2016,2016_17_HOU_TEN,TEN,3,58,0.8620689655172413,0.13793103448275862,0
2016,2016_17_JAX_IND,IND,5.5,64,0,0.703125,0.296875
2016,2016_17_JAX_IND,JAX,-5.5,71,0.4788732394366197,0.5070422535211268,0.01408450704225352
2016,2016_17_KC_SD,KC,5.5,60,0.4666666666666667,0.5333333333333333,0
2016,2016_17_KC_SD,LAC,5.5,64,0,0.546875,0.453125
2016,2016_17_NE_MIA,MIA,-7.5,57,0,0.05263157894736842,0.9473684210526316
2016,2016_17_NE_MIA,NE,7.5,63,0.6984126984126984,0.30158730158730157,0
2016,2016_17_NO_ATL,ATL,7.5,58,0.913793103448276,0.08620689655172414,0
2016,2016_17_NO_ATL,NO,-7.5,74,0,0.14864864864864866,0.8513513513513513
2016,2016_17_NYG_WAS,NYG,-10,68,0.4705882352941176,0.5294117647058824,0
2016,2016_17_NYG_WAS,WAS,10,54,0,0.5740740740740741,0.42592592592592593
2016,2016_17_OAK_DEN,DEN,1,65,0.7692307692307693,0.2307692307692308,0
2016,2016_17_OAK_DEN,LV,-1,50,0,0.26,0.74
2016,2016_17_SEA_SF,SEA,11.5,63,0.3968253968253968,0.492063492063492,0.1111111111111111
2016,2016_17_SEA_SF,SF,-11.5,57,0.14035087719298245,0.631578947368421,0.22807017543859648
2016,2016_18_DET_SEA,DET,-8,50,0,0.42,0.58
2016,2016_18_DET_SEA,SEA,8,68,0.6029411764705882,0.39705882352941174,0
2016,2016_18_MIA_PIT,MIA,-11,62,0,0.06451612903225806,0.935483870967742
2016,2016_18_MIA_PIT,PIT,11,52,0.8269230769230769,0.17307692307692307,0
2016,2016_18_NYG_GB,GB,5,69,0.4782608695652174,0.5217391304347826,0
2016,2016_18_NYG_GB,NYG,-5,63,0,0.5396825396825397,0.4603174603174603
2016,2016_18_OAK_HOU,HOU,4,67,0.5522388059701493,0.4477611940298507,0
2016,2016_18_OAK_HOU,LV,-4,69,0,0.3188405797101449,0.6811594202898551
2016,2016_19_GB_DAL,DAL,5.5,63,0,0.31746031746031744,0.6825396825396826
2016,2016_19_GB_DAL,GB,-5.5,63,0.5714285714285714,0.42857142857142855,0
2016,2016_19_HOU_NE,HOU,-16,66,0,0.42424242424242425,0.5757575757575758
2016,2016_19_HOU_NE,NE,16,64,0.625,0.375,0
2016,2016_19_PIT_KC,KC,2.5,49,0,0.6122448979591837,0.3877551020408163
2016,2016_19_PIT_KC,PIT,-2.5,63,0.2698412698412698,0.7301587301587301,0
2016,2016_19_SEA_ATL,ATL,6.5,66,0.6060606060606061,0.3939393939393939,0
2016,2016_19_SEA_ATL,SEA,-6.5,54,0,0.4444444444444444,0.5555555555555556
2016,2016_20_GB_ATL,ATL,6.5,68,0.8088235294117647,0.19117647058823528,0
2016,2016_20_GB_ATL,GB,-6.5,64,0,0.0625,0.9375
2016,2016_20_PIT_NE,NE,5.5,67,0.582089552238806,0.417910447761194,0
2016,2016_20_PIT_NE,PIT,-5.5,67,0,0.26865671641791045,0.7313432835820896
2016,2016_21_NE_ATL,ATL,-3,45,0.6222222222222222,0.37777777777777777,0
2016,2016_21_NE_ATL,NE,3,85,0,0.21176470588235297,0.788235294117647
2017,2017_01_ARI_DET,ARI,2.5,67,0.11940298507462686,0.7014925373134329,0.1791044776119403
2017,2017_01_ARI_DET,DET,-2.5,68,0.10294117647058824,0.8382352941176471,0.0588235294117647
2017,2017_01_ATL_CHI,ATL,6.5,53,0.09433962264150944,0.9056603773584906,0
2017,2017_01_ATL_CHI,CHI,-6.5,63,0,0.7142857142857143,0.2857142857142857
2017,2017_01_BAL_CIN,BAL,-2.5,60,0.5833333333333334,0.4166666666666667,0
2017,2017_01_BAL_CIN,CIN,2.5,58,0,0.4482758620689655,0.5517241379310345
2017,2017_01_CAR_SF,CAR,4.5,59,0.6101694915254238,0.3898305084745763,0
2017,2017_01_CAR_SF,SF,-4.5,54,0,0.5,0.5
2017,2017_01_IND_LA,IND,-3.5,48,0,0.3333333333333333,0.6666666666666666
2017,2017_01_IND_LA,LA,3.5,61,0.819672131147541,0.18032786885245905,0
2017,2017_01_JAX_HOU,HOU,5.5,69,0,0.3188405797101449,0.6811594202898551
2017,2017_01_JAX_HOU,JAX,-5.5,58,0.5172413793103449,0.4827586206896552,0
2017,2017_01_KC_NE,KC,-8,62,0.12903225806451613,0.5967741935483871,0.27419354838709675
2017,2017_01_KC_NE,NE,8,73,0.2054794520547945,0.7123287671232876,0.0821917808219178
2017,2017_01_LAC_DEN,DEN,3,67,0.5223880597014925,0.47761194029850745,0
2017,2017_01_LAC_DEN,LAC,-3,56,0,0.6607142857142857,0.3392857142857143
2017,2017_01_NO_MIN,MIN,3,61,0.6065573770491803,0.39344262295081966,0
2017,2017_01_NO_MIN,NO,-3,59,0,0.5084745762711864,0.4915254237288136
2017,2017_01_NYG_DAL,DAL,6,70,0.5,0.5,0
2017,2017_01_NYG_DAL,NYG,-6,52,0,0.28846153846153844,0.7115384615384616
2017,2017_01_NYJ_BUF,BUF,7,69,0.2608695652173913,0.7391304347826086,0
2017,2017_01_NYJ_BUF,NYJ,-7,54,0,0.6111111111111112,0.3888888888888889
2017,2017_01_OAK_TEN,LV,-2.5,62,0.25806451612903225,0.7419354838709677,0
2017,2017_01_OAK_TEN,TEN,2.5,63,0,0.7301587301587301,0.2698412698412698
2017,2017_01_PHI_WAS,PHI,2,64,0.296875,0.703125,0
2017,2017_01_PHI_WAS,WAS,-2,61,0,0.7868852459016393,0.21311475409836064
2017,2017_01_PIT_CLE,CLE,-10,62,0,0.6774193548387096,0.3225806451612903
2017,2017_01_PIT_CLE,PIT,10,51,0.37254901960784315,0.6274509803921569,0
2017,2017_01_SEA_GB,GB,2.5,71,0.28169014084507044,0.7183098591549296,0
2017,2017_01_SEA_GB,SEA,-2.5,48,0,0.7916666666666666,0.20833333333333337
2017,2017_02_ARI_IND,ARI,7,61,0,0.3442622950819672,0.6557377049180327
2017,2017_02_ARI_IND,IND,-7,69,0.6956521739130435,0.30434782608695654,0
2017,2017_02_BUF_CAR,BUF,-6.5,51,0,0.6470588235294118,0.35294117647058826
2017,2017_02_BUF_CAR,CAR,6.5,65,0.4,0.6,0
2017,2017_02_CHI_TB,CHI,-7,62,0,0.1774193548387097,0.8225806451612904
2017,2017_02_CHI_TB,TB,7,65,0.7538461538461538,0.24615384615384617,0
2017,2017_02_CLE_BAL,BAL,7.5,67,0.8059701492537313,0.19402985074626863,0
2017,2017_02_CLE_BAL,CLE,-7.5,66,0,0.2272727272727273,0.7727272727272727
2017,2017_02_DAL_DEN,DAL,2.5,66,0,0.15151515151515152,0.8484848484848485
2017,2017_02_DAL_DEN,DEN,-2.5,72,0.6944444444444444,0.3055555555555556,0
2017,2017_02_DET_NYG,DET,-3,56,0.4107142857142857,0.5892857142857143,0
2017,2017_02_DET_NYG,NYG,3,55,0,0.41818181818181815,0.5818181818181818
2017,2017_02_GB_ATL,ATL,3.5,58,0.603448275862069,0.39655172413793105,0
2017,2017_02_GB_ATL,GB,-3.5,67,0,0.29850746268656714,0.7014925373134329
2017,2017_02_HOU_CIN,CIN,5.5,62,0,0.967741935483871,0.03225806451612903
2017,2017_02_HOU_CIN,HOU,-5.5,62,0.08064516129032258,0.9193548387096774,0
2017,2017_02_MIA_LAC,LAC,3.5,54,0.2777777777777778,0.7222222222222222,0
2017,2017_02_MIA_LAC,MIA,-3.5,67,0,0.9104477611940298,0.08955223880597014
2017,2017_02_MIN_PIT,MIN,-8.5,60,0,0.15,0.85
2017,2017_02_MIN_PIT,PIT,8.5,67,0.8208955223880597,0.1791044776119403,0
2017,2017_02_NE_NO,NE,5.5,72,0.6527777777777778,0.3472222222222222,0
2017,2017_02_NE_NO,NO,-5.5,62,0,0.24193548387096775,0.7580645161290323
2017,2017_02_NYJ_OAK,LV,-14,55,0.6,0.4,0
2017,2017_02_NYJ_OAK,NYJ,-14,52,0,0.3269230769230769,0.6730769230769231
2017,2017_02_PHI_KC,KC,4,51,0.1176470588235294,0.8823529411764706,0
2017,2017_02_PHI_KC,PHI,-4,69,0,0.7536231884057971,0.2463768115942029
2017,2017_02_SF_SEA,SEA,13.5,75,0.08,0.92,0
2017,2017_02_SF_SEA,SF,-13.5,48,0,1,0
2017,2017_02_TEN_JAX,JAX,-1,61,0,0.6065573770491803,0.39344262295081966
2017,2017_02_TEN_JAX,TEN,1,62,0.3548387096774194,0.6451612903225806,0
2017,2017_02_WAS_LA,LA,3,48,0,0.75,0.25
2017,2017_02_WAS_LA,WAS,-3,68,0.29411764705882354,0.7058823529411765,0
2017,2017_03_ATL_DET,ATL,3,64,0.296875,0.703125,0
2017,2017_03_ATL_DET,DET,-3,66,0,0.6060606060606061,0.3939393939393939
2017,2017_03_BAL_JAX,BAL,3,54,0,0.1111111111111111,0.8888888888888888
2017,2017_03_BAL_JAX,JAX,-3,65,0.8153846153846154,0.18461538461538465,0
2017,2017_03_CIN_GB,CIN,-7,56,0.375,0.625,0
2017,2017_03_CIN_GB,GB,7,61,0,0.5081967213114754,0.4918032786885246
2017,2017_03_CLE_IND,CLE,-1,69,0,0.2608695652173913,0.7391304347826086
2017,2017_03_CLE_IND,IND,1,62,0.6451612903225806,0.3548387096774194,0
2017,2017_03_DAL_ARI,ARI,-3,75,0.22666666666666663,0.5066666666666667,0.26666666666666666
2017,2017_03_DAL_ARI,DAL,3,44,0.18181818181818185,0.8181818181818182,0
2017,2017_03_DEN_BUF,BUF,-3.5,60,0.3333333333333333,0.6666666666666666,0
2017,2017_03_DEN_BUF,DEN,3.5,66,0,0.803030303030303,0.19696969696969696
2017,2017_03_HOU_NE,HOU,-13.5,67,0.07462686567164178,0.8059701492537313,0.11940298507462686
2017,2017_03_HOU_NE,NE,13.5,60,0,0.9166666666666666,0.08333333333333333
2017,2017_03_KC_LAC,KC,3,51,0.7254901960784313,0.27450980392156865,0
2017,2017_03_KC_LAC,LAC,-3,68,0,0.4852941176470588,0.5147058823529411
2017,2017_03_LA_SF,LA,3,59,0.6610169491525424,0.3389830508474576,0
2017,2017_03_LA_SF,SF,-3,74,0,0.5,0.5
2017,2017_03_MIA_NYJ,MIA,5.5,63,0,0.30158730158730157,0.6984126984126984
2017,2017_03_MIA_NYJ,NYJ,-5.5,58,0.4827586206896552,0.5172413793103449,0
2017,2017_03_NO_CAR,CAR,5.5,59,0,0.4406779661016949,0.559322033898305
2017,2017_03_NO_CAR,NO,-5.5,57,0.631578947368421,0.3684210526315789,0
2017,2017_03_NYG_PHI,NYG,-5,64,0,0.703125,0.296875
2017,2017_03_NYG_PHI,PHI,5,72,0.3472222222222222,0.6111111111111112,0.04166666666666666
2017,2017_03_OAK_WAS,LV,3.5,47,0,0.10638297872340426,0.8936170212765957
2017,2017_03_OAK_WAS,WAS,-3.5,65,0.8769230769230769,0.12307692307692308,0
2017,2017_03_PIT_CHI,CHI,-7,58,0.3448275862068966,0.6551724137931034,0
2017,2017_03_PIT_CHI,PIT,7,59,0,0.6610169491525424,0.3389830508474576
2017,2017_03_SEA_TEN,SEA,-2,72,0,0.5277777777777778,0.4722222222222222
2017,2017_03_SEA_TEN,TEN,2,65,0.2923076923076923,0.7076923076923077,0
2017,2017_03_TB_MIN,MIN,0,67,0.6268656716417911,0.373134328358209,0
2017,2017_03_TB_MIN,TB,-0,51,0,0.21568627450980393,0.7843137254901961
2017,2017_04_BUF_ATL,ATL,8,72,0,0.8611111111111112,0.1388888888888889
2017,2017_04_BUF_ATL,BUF,-8,57,0.17543859649122806,0.8245614035087719,0
2017,2017_04_CAR_NE,CAR,-9,60,0.15,0.85,0
2017,2017_04_CAR_NE,NE,9,67,0,0.8208955223880597,0.1791044776119403
2017,2017_04_CHI_GB,CHI,-7.5,64,0,0.015625,0.984375
2017,2017_04_CHI_GB,GB,7.5,52,0.8076923076923077,0.19230769230769232,0
2017,2017_04_CIN_CLE,CIN,3,63,0.6190476190476191,0.380952380952381,0
2017,2017_04_CIN_CLE,CLE,-3,61,0,0.3606557377049181,0.639344262295082
2017,2017_04_DET_MIN,DET,-2.5,65,0.27692307692307694,0.7230769230769231,0
2017,2017_04_DET_MIN,MIN,2.5,54,0,0.7592592592592593,0.24074074074074073
2017,2017_04_IND_SEA,IND,-12.5,57,0,0.631578947368421,0.3684210526315789
2017,2017_04_IND_SEA,SEA,12.5,62,0.3225806451612903,0.6774193548387096,0
2017,2017_04_JAX_NYJ,JAX,4,63,0,0.7777777777777778,0.2222222222222222
2017,2017_04_JAX_NYJ,NYJ,-4,58,0.4482758620689655,0.5517241379310345,0
2017,2017_04_LA_DAL,DAL,5,64,0.203125,0.578125,0.21875
2017,2017_04_LA_DAL,LA,-5,67,0.16417910447761194,0.47761194029850745,0.3582089552238806
2017,2017_04_NO_MIA,MIA,-4,47,0,0.5531914893617021,0.44680851063829785
2017,2017_04_NO_MIA,NO,4,69,0.43478260869565216,0.5652173913043478,0
2017,2017_04_NYG_TB,NYG,-2.5,77,0,0.5974025974025974,0.4025974025974026
2017,2017_04_NYG_TB,TB,2.5,60,0.4666666666666667,0.5333333333333333,0
2017,2017_04_OAK_DEN,DEN,3.5,59,0.6101694915254238,0.3898305084745763,0
2017,2017_04_OAK_DEN,LV,-3.5,53,0,0.3962264150943397,0.6037735849056604
2017,2017_04_PHI_LAC,LAC,1.5,53,0,0.5471698113207547,0.4528301886792453
2017,2017_04_PHI_LAC,PHI,-1.5,72,0.625,0.375,0
2017,2017_04_PIT_BAL,BAL,-3.5,66,0,0.24242424242424243,0.7575757575757576
2017,2017_04_PIT_BAL,PIT,3.5,72,0.625,0.375,0
2017,2017_04_SF_ARI,ARI,6.5,71,0,1,0
2017,2017_04_SF_ARI,SF,-6.5,63,0,1,0
2017,2017_04_TEN_HOU,HOU,-2.5,78,0.9487179487179488,0.05128205128205128,0
2017,2017_04_TEN_HOU,TEN,2.5,40,0,0.075,0.925
2017,2017_04_WAS_KC,KC,6.5,71,0.02816901408450704,0.943661971830986,0.02816901408450704
2017,2017_04_WAS_KC,WAS,-6.5,49,0.1836734693877551,0.7959183673469388,0.02040816326530612
2017,2017_05_ARI_PHI,ARI,-6,60,0,0.06666666666666667,0.9333333333333332
2017,2017_05_ARI_PHI,PHI,6,62,0.8387096774193549,0.16129032258064516,0
2017,2017_05_BAL_OAK,BAL,-3,62,0.8870967741935484,0.1129032258064516,0
2017,2017_05_BAL_OAK,LV,-3,54,0,0.07407407407407407,0.925925925925926
2017,2017_05_BUF_CIN,BUF,-3,67,0,0.9552238805970148,0.04477611940298507
2017,2017_05_BUF_CIN,CIN,3,60,0.2,0.8,0
2017,2017_05_CAR_DET,CAR,-2,61,0.4262295081967213,0.5737704918032787,0
2017,2017_05_CAR_DET,DET,2,56,0,0.4821428571428571,0.5178571428571429
2017,2017_05_GB_DAL,DAL,2.5,72,0.2777777777777778,0.6944444444444444,0.02777777777777777
2017,2017_05_GB_DAL,GB,-2.5,58,0,0.603448275862069,0.39655172413793105
2017,2017_05_JAX_PIT,JAX,-7.5,53,0.33962264150943394,0.660377358490566,0
2017,2017_05_JAX_PIT,PIT,7.5,76,0,0.6842105263157895,0.3157894736842105
2017,2017_05_KC_HOU,HOU,-2,55,0,0.2,0.8
2017,2017_05_KC_HOU,KC,2,73,0.6027397260273972,0.3972602739726027,0
2017,2017_05_LAC_NYG,LAC,-3,71,0,0.8309859154929577,0.16901408450704225
2017,2017_05_LAC_NYG,NYG,3,66,0.18181818181818185,0.7121212121212122,0.10606060606060606
2017,2017_05_MIN_CHI,CHI,-3.5,56,0,0.7857142857142857,0.21428571428571427
2017,2017_05_MIN_CHI,MIN,3.5,67,0.04477611940298507,0.9552238805970148,0
2017,2017_05_NE_TB,NE,3.5,66,0.3939393939393939,0.6060606060606061,0
2017,2017_05_NE_TB,TB,-3.5,67,0,0.4925373134328358,0.5074626865671642
2017,2017_05_NYJ_CLE,CLE,-1.5,70,0,0.8857142857142857,0.11428571428571428
2017,2017_05_NYJ_CLE,NYJ,1.5,48,0.1875,0.8125,0
2017,2017_05_SEA_LA,LA,2,70,0.05714285714285714,0.8571428571428571,0.08571428571428572
2017,2017_05_SEA_LA,SEA,-2,64,0.09375,0.6875,0.21875
2017,2017_05_SF_IND,IND,-1,57,0.21052631578947367,0.7894736842105263,0
2017,2017_05_SF_IND,SF,1,65,0,0.6,0.4
2017,2017_05_TEN_MIA,MIA,0,58,0.43103448275862066,0.5689655172413793,0
2017,2017_05_TEN_MIA,TEN,-0,58,0,0.5344827586206896,0.46551724137931033
2017,2017_06_CHI_BAL,BAL,5.5,67,0,0.6716417910447762,0.3283582089552239
2017,2017_06_CHI_BAL,CHI,-5.5,63,0.380952380952381,0.6190476190476191,0
2017,2017_06_CLE_HOU,CLE,-7.5,63,0,0.31746031746031744,0.6825396825396826
2017,2017_06_CLE_HOU,HOU,7.5,62,0.7258064516129032,0.27419354838709675,0
2017,2017_06_DET_NO,DET,-6,76,0,0.18421052631578944,0.8157894736842105
2017,2017_06_DET_NO,NO,6,67,0.8507462686567164,0.14925373134328357,0
2017,2017_06_GB_MIN,GB,3,65,0,0.3692307692307693,0.6307692307692307
2017,2017_06_GB_MIN,MIN,-3,69,0.5217391304347826,0.4782608695652174,0
2017,2017_06_IND_TEN,IND,-7,57,0.03508771929824561,0.7719298245614035,0.19298245614035087
2017,2017_06_IND_TEN,TEN,7,66,0.07575757575757576,0.8787878787878788,0.04545454545454545
2017,2017_06_LAC_OAK,LAC,-3,63,0,0.8253968253968254,0.1746031746031746
2017,2017_06_LAC_OAK,LV,-3,53,0.22641509433962265,0.7735849056603774,0
2017,2017_06_LA_JAX,JAX,1,66,0,0.5909090909090909,0.4090909090909091
2017,2017_06_LA_JAX,LA,-1,54,0.46296296296296297,0.5370370370370371,0
2017,2017_06_MIA_ATL,ATL,14,55,0.32727272727272727,0.6727272727272727,0
2017,2017_06_MIA_ATL,MIA,-14,63,0,0.4444444444444444,0.5555555555555556
2017,2017_06_NE_NYJ,NE,9,62,0.25806451612903225,0.5483870967741935,0.1935483870967742
2017,2017_06_NE_NYJ,NYJ,-9,73,0.2602739726027397,0.4383561643835616,0.3013698630136986
2017,2017_06_NYG_DEN,DEN,14,73,0,0.3698630136986301,0.6301369863013698
2017,2017_06_NYG_DEN,NYG,-14,54,0.5370370370370371,0.46296296296296297,0
2017,2017_06_PHI_CAR,CAR,3,79,0.02531645569620253,0.6708860759493671,0.3037974683544304
2017,2017_06_PHI_CAR,PHI,-3,58,0.25862068965517243,0.6896551724137931,0.05172413793103448
2017,2017_06_PIT_KC,KC,3.5,52,0,0.34615384615384615,0.6538461538461539
2017,2017_06_PIT_KC,PIT,-3.5,61,0.4262295081967213,0.5737704918032787,0
2017,2017_06_SF_WAS,SF,-12,70,0,0.4142857142857143,0.5857142857142857
2017,2017_06_SF_WAS,WAS,12,70,0.6142857142857143,0.3857142857142858,0
2017,2017_06_TB_ARI,ARI,-2.5,55,0.8363636363636363,0.16363636363636364,0
2017,2017_06_TB_ARI,TB,2.5,64,0,0.09375,0.90625
2017,2017_07_ARI_LA,ARI,-3,47,0,0.5319148936170213,0.46808510638297873
2017,2017_07_ARI_LA,LA,3,77,0.7272727272727273,0.2727272727272727,0
2017,2017_07_ATL_NE,ATL,-3,56,0,0.30357142857142855,0.6964285714285714
2017,2017_07_ATL_NE,NE,3,64,0.6875,0.3125,0
2017,2017_07_BAL_MIN,BAL,-5,64,0,0.484375,0.515625
2017,2017_07_BAL_MIN,MIN,5,64,0.359375,0.640625,0
2017,2017_07_CAR_CHI,CAR,2.5,69,0,0.21739130434782608,0.782608695652174
2017,2017_07_CAR_CHI,CHI,-2.5,34,1,0,0
2017,2017_07_CIN_PIT,CIN,-4,50,0,0.64,0.36
2017,2017_07_CIN_PIT,PIT,4,65,0.49230769230769234,0.5076923076923077,0
2017,2017_07_DAL_SF,DAL,6.5,69,0.7536231884057971,0.2463768115942029,0
2017,2017_07_DAL_SF,SF,-6.5,65,0,0.09230769230769233,0.9076923076923076
2017,2017_07_DEN_LAC,DEN,1,59,0,0.1694915254237288,0.8305084745762712
2017,2017_07_DEN_LAC,LAC,-1,55,0.9090909090909092,0.09090909090909093,0
2017,2017_07_JAX_IND,IND,-3,67,0,0.07462686567164178,0.9253731343283582
2017,2017_07_JAX_IND,JAX,3,64,0.78125,0.21875,0
2017,2017_07_KC_OAK,KC,3,60,0.35,0.65,0
2017,2017_07_KC_OAK,LV,3,73,0.0136986301369863,0.7123287671232876,0.273972602739726
2017,2017_07_NO_GB,GB,-3.5,50,0.12,0.82,0.06
2017,2017_07_NO_GB,NO,3.5,72,0.1527777777777778,0.7916666666666666,0.05555555555555555
2017,2017_07_NYJ_MIA,MIA,3,65,0.06153846153846154,0.7692307692307693,0.16923076923076924
2017,2017_07_NYJ_MIA,NYJ,-3,51,0.27450980392156865,0.6862745098039216,0.0392156862745098
2017,2017_07_SEA_NYG,NYG,-4,57,0.05263157894736842,0.7192982456140351,0.22807017543859648
2017,2017_07_SEA_NYG,SEA,4,70,0.18571428571428572,0.6428571428571429,0.17142857142857143
2017,2017_07_TB_BUF,BUF,3,67,0.2835820895522388,0.7014925373134329,0.01492537313432835
2017,2017_07_TB_BUF,TB,-3,70,0,0.7714285714285715,0.22857142857142856
2017,2017_07_TEN_CLE,CLE,-5.5,60,0,1,0
2017,2017_07_TEN_CLE,TEN,5.5,58,0.06896551724137931,0.9310344827586208,0
2017,2017_07_WAS_PHI,PHI,5,60,0.5,0.5,0
2017,2017_07_WAS_PHI,WAS,-5,61,0,0.45901639344262296,0.5409836065573771
2017,2017_08_ATL_NYJ,ATL,6.5,62,0.14516129032258066,0.8548387096774194,0
2017,2017_08_ATL_NYJ,NYJ,-6.5,57,0.08771929824561403,0.7719298245614035,0.14035087719298245
2017,2017_08_CAR_TB,CAR,-1.5,61,0.5901639344262295,0.4098360655737705,0
2017,2017_08_CAR_TB,TB,1.5,63,0,0.5714285714285714,0.42857142857142855
2017,2017_08_CHI_NO,CHI,-7.5,65,0,0.35384615384615387,0.6461538461538462
2017,2017_08_CHI_NO,NO,7.5,57,0.631578947368421,0.3684210526315789,0
2017,2017_08_DAL_WAS,DAL,3,63,0.3968253968253968,0.5555555555555556,0.04761904761904761
2017,2017_08_DAL_WAS,WAS,-3,58,0.1896551724137931,0.46551724137931033,0.3448275862068966
2017,2017_08_DEN_KC,DEN,-7,70,0,0.08571428571428572,0.9142857142857144
2017,2017_08_DEN_KC,KC,7,58,0.896551724137931,0.10344827586206896,0
2017,2017_08_HOU_SEA,HOU,-6,69,0.05797101449275362,0.9130434782608696,0.02898550724637681
2017,2017_08_HOU_SEA,SEA,6,62,0,0.9838709677419356,0.01612903225806451
2017,2017_08_IND_CIN,CIN,11,51,0.0784313725490196,0.8235294117647058,0.09803921568627452
2017,2017_08_IND_CIN,IND,-11,71,0.09859154929577464,0.9014084507042254,0
2017,2017_08_LAC_NE,LAC,-6.5,51,0,0.37254901960784315,0.6274509803921569
2017,2017_08_LAC_NE,NE,6.5,82,0.6585365853658537,0.34146341463414637,0
2017,2017_08_MIA_BAL,BAL,3,59,0.864406779661017,0.13559322033898305,0
2017,2017_08_MIA_BAL,MIA,-3,66,0,0.13636363636363635,0.8636363636363636
2017,2017_08_MIN_CLE,CLE,-11,59,0.01694915254237288,0.6440677966101694,0.3389830508474576
2017,2017_08_MIN_CLE,MIN,11,78,0.2435897435897436,0.7435897435897436,0.01282051282051282
2017,2017_08_OAK_BUF,BUF,2.5,62,0.5483870967741935,0.4516129032258064,0
2017,2017_08_OAK_BUF,LV,-2.5,63,0,0.492063492063492,0.5079365079365079
2017,2017_08_PIT_DET,DET,-3,69,0,0.927536231884058,0.07246376811594203
2017,2017_08_PIT_DET,PIT,3,57,0.22807017543859648,0.7719298245614035,0
2017,2017_08_SF_PHI,PHI,13,64,0.59375,0.40625,0
2017,2017_08_SF_PHI,SF,-13,64,0,0.328125,0.671875
2017,2017_09_ARI_SF,ARI,2.5,70,0.4714285714285714,0.5285714285714286,0
2017,2017_09_ARI_SF,SF,-2.5,73,0,0.410958904109589,0.589041095890411
2017,2017_09_ATL_CAR,ATL,3,57,0.14035087719298245,0.43859649122807015,0.42105263157894735
2017,2017_09_ATL_CAR,CAR,-3,63,0.47619047619047616,0.5238095238095238,0
2017,2017_09_BAL_TEN,BAL,-3,77,0,0.37662337662337664,0.6233766233766234
2017,2017_09_BAL_TEN,TEN,3,50,0.6,0.4,0
2017,2017_09_BUF_NYJ,BUF,3,69,0,0.4782608695652174,0.5217391304347826
2017,2017_09_BUF_NYJ,NYJ,-3,59,0.3898305084745763,0.6101694915254238,0
2017,2017_09_CIN_JAX,CIN,-6,35,0,0.5142857142857142,0.4857142857142857
2017,2017_09_CIN_JAX,JAX,6,77,0.5974025974025974,0.4025974025974026,0
2017,2017_09_DEN_PHI,DEN,-7,60,0,0.16666666666666666,0.8333333333333334
2017,2017_09_DEN_PHI,PHI,7,66,0.8939393939393939,0.10606060606060606,0
2017,2017_09_DET_GB,DET,2.5,67,0.746268656716418,0.2537313432835821,0
2017,2017_09_DET_GB,GB,-2.5,58,0,0.3448275862068966,0.6551724137931034
2017,2017_09_IND_HOU,HOU,6,67,0,0.6268656716417911,0.373134328358209
2017,2017_09_IND_HOU,IND,-6,60,0.5,0.5,0
2017,2017_09_KC_DAL,DAL,2,65,0.2923076923076923,0.7076923076923077,0
2017,2017_09_KC_DAL,KC,-2,55,0,0.6545454545454545,0.34545454545454546
2017,2017_09_LA_NYG,LA,5.5,60,0.7,0.3,0
2017,2017_09_LA_NYG,NYG,-5.5,65,0,0.35384615384615387,0.6461538461538462
2017,2017_09_OAK_MIA,LV,3,55,0.12727272727272726,0.8727272727272727,0
2017,2017_09_OAK_MIA,MIA,-3,61,0.04918032786885246,0.7049180327868853,0.2459016393442623
2017,2017_09_TB_NO,NO,7,57,0.7192982456140351,0.2807017543859649,0
2017,2017_09_TB_NO,TB,-7,57,0,0.17543859649122806,0.8245614035087719
2017,2017_09_WAS_SEA,SEA,8,74,0.08108108108108109,0.6621621621621622,0.25675675675675674
2017,2017_09_WAS_SEA,WAS,-8,60,0.21666666666666667,0.7666666666666667,0.01666666666666666
2017,2017_10_CIN_TEN,CIN,-4.5,50,0,0.72,0.28
2017,2017_10_CIN_TEN,TEN,4.5,84,0.1904761904761905,0.8095238095238095,0
2017,2017_10_CLE_DET,CLE,-10.5,77,0.01298701298701298,0.7142857142857143,0.2727272727272727
2017,2017_10_CLE_DET,DET,10.5,47,0.1276595744680851,0.8723404255319149,0
2017,2017_10_DAL_ATL,ATL,3.5,64,0.46875,0.53125,0
2017,2017_10_DAL_ATL,DAL,-3.5,59,0,0.5254237288135594,0.4745762711864407
2017,2017_10_GB_CHI,CHI,4.5,57,0,0.6666666666666666,0.3333333333333333
2017,2017_10_GB_CHI,GB,-4.5,64,0.515625,0.484375,0
2017,2017_10_HOU_LA,HOU,-12,63,0,0.6507936507936508,0.3492063492063492
2017,2017_10_HOU_LA,LA,12,63,0.4603174603174603,0.5396825396825397,0
2017,2017_10_LAC_JAX,JAX,5,70,0.05714285714285714,0.8142857142857143,0.12857142857142856
2017,2017_10_LAC_JAX,LAC,-5,63,0.1746031746031746,0.7777777777777778,0.04761904761904761
2017,2017_10_MIA_CAR,CAR,8,69,0.6376811594202898,0.36231884057971014,0
2017,2017_10_MIA_CAR,MIA,-8,53,0,0.3962264150943397,0.6037735849056604
2017,2017_10_MIN_WAS,MIN,1,58,0.603448275862069,0.39655172413793105,0
2017,2017_10_MIN_WAS,WAS,-1,72,0,0.4583333333333333,0.5416666666666666
2017,2017_10_NE_DEN,DEN,-7,60,0,0.25,0.75
2017,2017_10_NE_DEN,NE,7,67,0.835820895522388,0.16417910447761194,0
2017,2017_10_NO_BUF,BUF,-2,45,0,0.35555555555555557,0.6444444444444445
2017,2017_10_NO_BUF,NO,2,69,0.6811594202898551,0.3188405797101449,0
2017,2017_10_NYG_SF,NYG,3,63,0,0.6666666666666666,0.3333333333333333
2017,2017_10_NYG_SF,SF,-3,55,0.3636363636363637,0.6363636363636364,0
2017,2017_10_NYJ_TB,NYJ,-1,64,0,0.65625,0.34375
2017,2017_10_NYJ_TB,TB,1,65,0.4153846153846154,0.5846153846153846,0
2017,2017_10_PIT_IND,IND,-10.5,55,0.6,0.4,0
2017,2017_10_PIT_IND,PIT,10.5,62,0.03225806451612903,0.5645161290322581,0.4032258064516129
2017,2017_10_SEA_ARI,ARI,-6,73,0,0.589041095890411,0.410958904109589
2017,2017_10_SEA_ARI,SEA,6,58,0.1896551724137931,0.8103448275862069,0
2017,2017_11_ARI_HOU,ARI,-2.5,54,0,0.7037037037037037,0.2962962962962963
2017,2017_11_ARI_HOU,HOU,2.5,67,0.13432835820895522,0.8656716417910447,0
2017,2017_11_ATL_SEA,ATL,-1,56,0.42857142857142855,0.5714285714285714,0
2017,2017_11_ATL_SEA,SEA,1,68,0,0.5147058823529411,0.4852941176470588
2017,2017_11_BAL_GB,BAL,2.5,56,0.5,0.5,0
2017,2017_11_BAL_GB,GB,-2.5,67,0,0.4626865671641791,0.5373134328358209
2017,2017_11_BUF_LAC,BUF,-7,62,0,0.20967741935483872,0.7903225806451613
2017,2017_11_BUF_LAC,LAC,7,69,0.8260869565217391,0.17391304347826086,0
2017,2017_11_CIN_DEN,CIN,-2.5,51,0.21568627450980393,0.7843137254901961,0
2017,2017_11_CIN_DEN,DEN,2.5,79,0,0.8354430379746836,0.16455696202531644
2017,2017_11_DET_CHI,CHI,-3,61,0.08196721311475409,0.819672131147541,0.09836065573770492
2017,2017_11_DET_CHI,DET,3,57,0.14035087719298245,0.7017543859649122,0.15789473684210523
2017,2017_11_JAX_CLE,CLE,-7.5,54,0,0.7592592592592593,0.24074074074074073
2017,2017_11_JAX_CLE,JAX,7.5,75,0.21333333333333335,0.7866666666666666,0
2017,2017_11_KC_NYG,KC,10,65,0,0.9846153846153848,0.01538461538461538
2017,2017_11_KC_NYG,NYG,-10,59,0.15254237288135594,0.847457627118644,0
2017,2017_11_LA_MIN,LA,-1,54,0,0.6296296296296297,0.3703703703703703
2017,2017_11_LA_MIN,MIN,1,72,0.2222222222222222,0.7777777777777778,0
2017,2017_11_NE_OAK,LV,7,71,0,0.2535211267605634,0.7464788732394366
2017,2017_11_NE_OAK,NE,7,58,0.6379310344827587,0.3620689655172414,0
2017,2017_11_PHI_DAL,DAL,-6,62,0,0.6935483870967742,0.3064516129032258
2017,2017_11_PHI_DAL,PHI,6,57,0.3333333333333333,0.6666666666666666,0
2017,2017_11_TB_MIA,MIA,-1,60,0,0.5,0.5
2017,2017_11_TB_MIA,TB,1,62,0.3709677419354839,0.6290322580645161,0
2017,2017_11_TEN_PIT,PIT,7,66,0.5757575757575758,0.42424242424242425,0
2017,2017_11_TEN_PIT,TEN,-7,57,0,0.49122807017543857,0.5087719298245614
2017,2017_11_WAS_NO,NO,9.5,63,0,0.6666666666666666,0.3333333333333333
2017,2017_11_WAS_NO,WAS,-9.5,64,0.28125,0.71875,0
2017,2017_12_BUF_KC,BUF,-8.5,66,0.4545454545454546,0.5454545454545454,0
2017,2017_12_BUF_KC,KC,8.5,56,0,0.6071428571428571,0.3928571428571429
2017,2017_12_CAR_NYJ,CAR,5.5,64,0.25,0.734375,0.015625
2017,2017_12_CAR_NYJ,NYJ,-5.5,63,0.01587301587301587,0.7619047619047619,0.2222222222222222
2017,2017_12_CHI_PHI,CHI,-14,48,0,0.20833333333333337,0.7916666666666666
2017,2017_12_CHI_PHI,PHI,14,70,0.7714285714285715,0.22857142857142856,0
2017,2017_12_CLE_CIN,CIN,7.5,57,0.7894736842105263,0.21052631578947367,0
2017,2017_12_CLE_CIN,CLE,-7.5,66,0,0.25757575757575757,0.7424242424242424
2017,2017_12_DEN_OAK,DEN,-3.5,57,0,0.3333333333333333,0.6666666666666666
2017,2017_12_DEN_OAK,LV,-3.5,60,0.6333333333333333,0.36666666666666664,0
2017,2017_12_GB_PIT,GB,-14,54,0.1111111111111111,0.7777777777777778,0.1111111111111111
2017,2017_12_GB_PIT,PIT,14,70,0.01428571428571428,0.9857142857142858,0
2017,2017_12_HOU_BAL,BAL,7.5,63,0.3492063492063492,0.6507936507936508,0
2017,2017_12_HOU_BAL,HOU,-7.5,64,0.015625,0.796875,0.1875
2017,2017_12_JAX_ARI,ARI,-6.5,69,0.4927536231884058,0.5072463768115942,0
2017,2017_12_JAX_ARI,JAX,6.5,57,0,0.49122807017543857,0.5087719298245614
2017,2017_12_LAC_DAL,DAL,-1,49,0,0.5306122448979592,0.4693877551020408
2017,2017_12_LAC_DAL,LAC,1,62,0.3709677419354839,0.6290322580645161,0
2017,2017_12_MIA_NE,MIA,-17,59,0,0.05084745762711865,0.9491525423728814
2017,2017_12_MIA_NE,NE,17,63,0.8095238095238095,0.1904761904761905,0
2017,2017_12_MIN_DET,DET,-2.5,53,0,0.16981132075471697,0.8301886792452831
2017,2017_12_MIN_DET,MIN,2.5,70,0.7285714285714285,0.2714285714285714,0
2017,2017_12_NO_LA,LA,2.5,70,0.6571428571428571,0.34285714285714286,0
2017,2017_12_NO_LA,NO,-2.5,52,0,0.3076923076923077,0.6923076923076923
2017,2017_12_NYG_WAS,NYG,-7,55,0,0.8,0.2
2017,2017_12_NYG_WAS,WAS,7,66,0.12121212121212122,0.8787878787878788,0
2017,2017_12_SEA_SF,SEA,7,63,0.36507936507936506,0.6349206349206349,0
2017,2017_12_SEA_SF,SF,-7,66,0,0.6515151515151515,0.3484848484848485
2017,2017_12_TB_ATL,ATL,10.5,63,0.6984126984126984,0.30158730158730157,0
2017,2017_12_TB_ATL,TB,-10.5,68,0,0.27941176470588236,0.7205882352941176
2017,2017_12_TEN_IND,IND,-3,61,0.2459016393442623,0.7540983606557377,0
2017,2017_12_TEN_IND,TEN,3,51,0.13725490196078433,0.7058823529411765,0.1568627450980392
2017,2017_13_CAR_NO,CAR,-5.5,53,0,0.3962264150943397,0.6037735849056604
2017,2017_13_CAR_NO,NO,5.5,61,0.6557377049180327,0.3442622950819672,0
2017,2017_13_CLE_LAC,CLE,-13.5,57,0,0.43859649122807015,0.5614035087719298
2017,2017_13_CLE_LAC,LAC,13.5,67,0.417910447761194,0.582089552238806,0
2017,2017_13_DEN_MIA,DEN,1,67,0,0.2537313432835821,0.746268656716418
2017,2017_13_DEN_MIA,MIA,-1,64,0.609375,0.390625,0
2017,2017_13_DET_BAL,BAL,2.5,62,0.7096774193548387,0.2903225806451613,0
2017,2017_13_DET_BAL,DET,-2.5,61,0,0.29508196721311475,0.7049180327868853
2017,2017_13_HOU_TEN,HOU,-7,73,0,0.7534246575342466,0.2465753424657534
2017,2017_13_HOU_TEN,TEN,7,50,0.2,0.8,0
2017,2017_13_IND_JAX,IND,-10,64,0,0.140625,0.859375
2017,2017_13_IND_JAX,JAX,10,64,0.828125,0.171875,0
2017,2017_13_KC_NYJ,KC,3.5,46,0,0.6739130434782609,0.32608695652173914
2017,2017_13_KC_NYJ,NYJ,-3.5,83,0.24096385542168677,0.6867469879518072,0.07228915662650602
2017,2017_13_LA_ARI,ARI,-7.5,62,0,0.3548387096774194,0.6451612903225806
2017,2017_13_LA_ARI,LA,7.5,56,0.5357142857142857,0.4642857142857143,0
2017,2017_13_MIN_ATL,ATL,2,51,0,1,0
2017,2017_13_MIN_ATL,MIN,-2,60,0.15,0.85,0
2017,2017_13_NE_BUF,BUF,-7.5,64,0,0.484375,0.515625
2017,2017_13_NE_BUF,NE,7.5,66,0.4393939393939394,0.5606060606060606,0
2017,2017_13_NYG_OAK,LV,-10,65,0.3384615384615385,0.6615384615384615,0
2017,2017_13_NYG_OAK,NYG,-10,61,0,0.5901639344262295,0.4098360655737705
2017,2017_13_PHI_SEA,PHI,3.5,74,0,0.5135135135135135,0.4864864864864865
2017,2017_13_PHI_SEA,SEA,-3.5,57,0.631578947368421,0.3684210526315789,0
2017,2017_13_PIT_CIN,CIN,-4.5,60,0.8166666666666667,0.18333333333333332,0
2017,2017_13_PIT_CIN,PIT,4.5,63,0.01587301587301587,0.3492063492063492,0.6349206349206349
2017,2017_13_SF_CHI,CHI,2.5,36,0.19444444444444445,0.8055555555555556,0
2017,2017_13_SF_CHI,SF,-2.5,72,0,0.9027777777777778,0.09722222222222222
2017,2017_13_TB_GB,GB,3,44,0.18181818181818185,0.8181818181818182,0
2017,2017_13_TB_GB,TB,-3,74,0,0.7702702702702703,0.22972972972972977
2017,2017_13_WAS_DAL,DAL,-1.5,65,0.6461538461538462,0.35384615384615387,0
2017,2017_13_WAS_DAL,WAS,1.5,60,0,0.3,0.7
2017,2017_14_BAL_PIT,BAL,-6,61,0.11475409836065574,0.6065573770491803,0.2786885245901639
2017,2017_14_BAL_PIT,PIT,6,83,0.3373493975903614,0.3614457831325301,0.30120481927710846
2017,2017_14_CHI_CIN,CHI,-6,71,0.4084507042253521,0.5915492957746479,0
2017,2017_14_CHI_CIN,CIN,6,53,0,0.5094339622641509,0.49056603773584906
2017,2017_14_DAL_NYG,DAL,4,58,0.10344827586206896,0.8620689655172413,0.03448275862068965
2017,2017_14_DAL_NYG,NYG,-4,75,0,0.7466666666666667,0.25333333333333335
2017,2017_14_DET_TB,DET,-0,62,0.25806451612903225,0.7419354838709677,0
2017,2017_14_DET_TB,TB,0,68,0,0.7794117647058824,0.22058823529411764
2017,2017_14_GB_CLE,CLE,-2.5,53,0.5849056603773585,0.41509433962264153,0
2017,2017_14_GB_CLE,GB,2.5,67,0,0.4925373134328358,0.5074626865671642
2017,2017_14_IND_BUF,BUF,3.5,49,0.32653061224489793,0.673469387755102,0
2017,2017_14_IND_BUF,IND,-3.5,62,0.01612903225806451,0.5806451612903226,0.4032258064516129
2017,2017_14_MIN_CAR,CAR,-2.5,60,0.48333333333333334,0.5166666666666667,0
2017,2017_14_MIN_CAR,MIN,2.5,71,0,0.4225352112676056,0.5774647887323944
2017,2017_14_NE_MIA,MIA,-10,67,0.4328358208955224,0.5671641791044776,0
2017,2017_14_NE_MIA,NE,10,55,0,0.4909090909090909,0.509090909090909
2017,2017_14_NO_ATL,ATL,2.5,63,0.04761904761904761,0.9365079365079364,0.01587301587301587
2017,2017_14_NO_ATL,NO,-2.5,52,0.01923076923076923,0.9615384615384616,0.01923076923076923
2017,2017_14_NYJ_DEN,DEN,-1,67,0.8059701492537313,0.19402985074626863,0
2017,2017_14_NYJ_DEN,NYJ,1,47,0,0.10638297872340426,0.8936170212765957
2017,2017_14_OAK_KC,KC,4.5,70,0.8142857142857143,0.18571428571428572,0
2017,2017_14_OAK_KC,LV,-4.5,55,0,0.14545454545454545,0.8545454545454545
2017,2017_14_PHI_LA,LA,-1,44,0,0.8181818181818182,0.18181818181818185
2017,2017_14_PHI_LA,PHI,1,85,0.1411764705882353,0.8470588235294118,0.01176470588235294
2017,2017_14_SEA_JAX,JAX,3,61,0.5245901639344263,0.47540983606557374,0
2017,2017_14_SEA_JAX,SEA,-3,57,0,0.5964912280701754,0.40350877192982454
2017,2017_14_SF_HOU,HOU,1,64,0.046875,0.65625,0.296875
2017,2017_14_SF_HOU,SF,-1,62,0.20967741935483872,0.7903225806451613,0
2017,2017_14_TEN_ARI,ARI,-2.5,61,0.09836065573770492,0.9016393442622952,0
2017,2017_14_TEN_ARI,TEN,2.5,56,0.01785714285714285,0.8035714285714286,0.17857142857142858
2017,2017_14_WAS_LAC,LAC,6,71,0.7183098591549296,0.28169014084507044,0
2017,2017_14_WAS_LAC,WAS,-6,50,0,0.1,0.9
2017,2017_15_ARI_WAS,ARI,-4,79,0,0.6455696202531646,0.35443037974683544
2017,2017_15_ARI_WAS,WAS,4,46,0.4782608695652174,0.5217391304347826,0
2017,2017_15_ATL_TB,ATL,7,67,0.26865671641791045,0.7313432835820896,0
2017,2017_15_ATL_TB,TB,-7,53,0,0.5849056603773585,0.41509433962264153
2017,2017_15_BAL_CLE,BAL,6.5,72,0.3888888888888889,0.6111111111111112,0
2017,2017_15_BAL_CLE,CLE,-6.5,58,0,0.5172413793103449,0.4827586206896552
2017,2017_15_CHI_DET,CHI,-5,63,0,0.1904761904761905,0.8095238095238095
2017,2017_15_CHI_DET,DET,5,56,0.5,0.5,0
2017,2017_15_CIN_MIN,CIN,-12.5,51,0,0.1176470588235294,0.8823529411764706
2017,2017_15_CIN_MIN,MIN,12.5,58,0.7931034482758621,0.20689655172413793,0
2017,2017_15_DAL_OAK,DAL,3,59,0.11864406779661016,0.8813559322033898,0
2017,2017_15_DAL_OAK,LV,3,61,0,0.8032786885245902,0.19672131147540983
2017,2017_15_DEN_IND,DEN,3,73,0.3287671232876712,0.4383561643835616,0.2328767123287671
2017,2017_15_DEN_IND,IND,-3,52,0.36538461538461536,0.40384615384615385,0.2307692307692308
2017,2017_15_GB_CAR,CAR,3,67,0.29850746268656714,0.7014925373134329,0
2017,2017_15_GB_CAR,GB,-3,66,0,0.4545454545454546,0.5454545454545454
2017,2017_15_HOU_JAX,HOU,-10.5,56,0,0.14285714285714285,0.8571428571428571
2017,2017_15_HOU_JAX,JAX,10.5,66,0.7575757575757576,0.24242424242424243,0
2017,2017_15_LAC_KC,KC,1,63,0.3968253968253968,0.6031746031746031,0
2017,2017_15_LAC_KC,LAC,-1,60,0,0.55,0.45
2017,2017_15_LA_SEA,LA,1,68,0.8529411764705882,0.14705882352941177,0
2017,2017_15_LA_SEA,SEA,-1,54,0,0.16666666666666666,0.8333333333333334
2017,2017_15_MIA_BUF,BUF,3.5,60,0.6166666666666667,0.38333333333333336,0
2017,2017_15_MIA_BUF,MIA,-3.5,73,0,0.3287671232876712,0.6712328767123288
2017,2017_15_NE_PIT,NE,2.5,54,0,0.7222222222222222,0.2777777777777778
2017,2017_15_NE_PIT,PIT,-2.5,63,0.2698412698412698,0.7142857142857143,0.01587301587301587
2017,2017_15_NYJ_NO,NO,16.5,63,0.492063492063492,0.5079365079365079,0
2017,2017_15_NYJ_NO,NYJ,-16.5,68,0,0.5,0.5
2017,2017_15_PHI_NYG,NYG,-7.5,81,0.08641975308641975,0.7654320987654321,0.14814814814814814
2017,2017_15_PHI_NYG,PHI,7.5,65,0.13846153846153847,0.6153846153846154,0.24615384615384617
2017,2017_15_TEN_SF,SF,2.5,67,0.16417910447761194,0.835820895522388,0
2017,2017_15_TEN_SF,TEN,-2.5,62,0,0.8548387096774194,0.14516129032258066
2017,2017_16_ATL_NO,ATL,-5.5,60,0,0.35,0.65
2017,2017_16_ATL_NO,NO,5.5,57,0.7017543859649122,0.2982456140350877,0
2017,2017_16_BUF_NE,BUF,-11,68,0,0.75,0.25
2017,2017_16_BUF_NE,NE,11,66,0.2727272727272727,0.7272727272727273,0
2017,2017_16_CLE_CHI,CHI,5.5,59,0.711864406779661,0.288135593220339,0
2017,2017_16_CLE_CHI,CLE,-5.5,57,0,0.49122807017543857,0.5087719298245614
2017,2017_16_DEN_WAS,DEN,-3,70,0,0.45714285714285713,0.5428571428571428
2017,2017_16_DEN_WAS,WAS,3,64,0.578125,0.421875,0
2017,2017_16_DET_CIN,CIN,-3,76,0.18421052631578944,0.8157894736842105,0
2017,2017_16_DET_CIN,DET,3,59,0,0.7627118644067796,0.23728813559322037
2017,2017_16_IND_BAL,BAL,13.5,68,0.5441176470588235,0.45588235294117646,0
2017,2017_16_IND_BAL,IND,-13.5,59,0,0.4745762711864407,0.5254237288135594
2017,2017_16_JAX_SF,JAX,4,79,0,0.3670886075949367,0.6329113924050633
2017,2017_16_JAX_SF,SF,-4,65,0.6923076923076923,0.3076923076923077,0
2017,2017_16_LAC_NYJ,LAC,7.5,70,0.32857142857142857,0.6714285714285714,0
2017,2017_16_LAC_NYJ,NYJ,-7.5,61,0,0.7704918032786885,0.22950819672131148
2017,2017_16_LA_TEN,LA,5.5,65,0.12307692307692308,0.8769230769230769,0
2017,2017_16_LA_TEN,TEN,-5.5,66,0,1,0
2017,2017_16_MIA_KC,KC,11,72,0.7222222222222222,0.2777777777777778,0
2017,2017_16_MIA_KC,MIA,-11,53,0,0.4716981132075472,0.5283018867924528
2017,2017_16_MIN_GB,GB,-8.5,65,0,0.3076923076923077,0.6923076923076923
2017,2017_16_MIN_GB,MIN,8.5,58,0.7241379310344828,0.27586206896551724,0
2017,2017_16_NYG_ARI,ARI,3,63,0.5714285714285714,0.42857142857142855,0
2017,2017_16_NYG_ARI,NYG,-3,67,0,0.4328358208955224,0.5671641791044776
2017,2017_16_OAK_PHI,LV,-10,62,0,0.935483870967742,0.06451612903225806
2017,2017_16_OAK_PHI,PHI,10,61,0.03278688524590164,0.9672131147540984,0
2017,2017_16_PIT_HOU,HOU,-8,52,0,0.34615384615384615,0.6538461538461539
2017,2017_16_PIT_HOU,PIT,8,55,0.6545454545454545,0.34545454545454546,0
2017,2017_16_SEA_DAL,DAL,4.5,68,0,0.7794117647058824,0.22058823529411764
2017,2017_16_SEA_DAL,SEA,-4.5,51,0.19607843137254904,0.803921568627451,0
2017,2017_16_TB_CAR,CAR,10,58,0.01724137931034482,0.9827586206896552,0
2017,2017_16_TB_CAR,TB,-10,57,0.08771929824561403,0.8596491228070176,0.05263157894736842
2017,2017_17_ARI_SEA,ARI,-8,67,0.3880597014925373,0.6119402985074627,0
2017,2017_17_ARI_SEA,SEA,8,54,0,0.46296296296296297,0.5370370370370371
2017,2017_17_BUF_MIA,BUF,2.5,61,0.8032786885245902,0.19672131147540983,0
2017,2017_17_BUF_MIA,MIA,-2.5,67,0,0.23880597014925373,0.7611940298507462
2017,2017_17_CAR_ATL,ATL,5,70,0.4428571428571429,0.5571428571428572,0
2017,2017_17_CAR_ATL,CAR,-5,59,0,0.6271186440677966,0.3728813559322034
2017,2017_17_CHI_MIN,CHI,-13.5,53,0,0.05660377358490566,0.9433962264150944
2017,2017_17_CHI_MIN,MIN,13.5,65,0.8923076923076924,0.1076923076923077,0
2017,2017_17_CIN_BAL,BAL,8,74,0.08108108108108109,0.6891891891891891,0.22972972972972977
2017,2017_17_CIN_BAL,CIN,-8,72,0.20833333333333337,0.75,0.04166666666666666
2017,2017_17_CLE_PIT,CLE,-5,63,0,0.6031746031746031,0.3968253968253968
2017,2017_17_CLE_PIT,PIT,5,57,0.6666666666666666,0.3333333333333333,0
2017,2017_17_DAL_PHI,DAL,3.5,63,0.2222222222222222,0.7777777777777778,0
2017,2017_17_DAL_PHI,PHI,-3.5,55,0,0.7818181818181819,0.21818181818181817
2017,2017_17_GB_DET,DET,7.5,53,0.6037735849056604,0.3962264150943397,0
2017,2017_17_GB_DET,GB,-7.5,63,0,0.4126984126984127,0.5873015873015873
2017,2017_17_HOU_IND,HOU,-5.5,53,0.05660377358490566,0.8301886792452831,0.11320754716981132
2017,2017_17_HOU_IND,IND,5.5,60,0.25,0.75,0
2017,2017_17_JAX_TEN,JAX,-2.5,60,0,0.6,0.4
2017,2017_17_JAX_TEN,TEN,2.5,62,0.6774193548387096,0.3225806451612903,0
2017,2017_17_KC_DEN,DEN,3,65,0,0.6461538461538462,0.35384615384615387
2017,2017_17_KC_DEN,KC,-3,64,0.28125,0.71875,0
2017,2017_17_NO_TB,NO,6,58,0.03448275862068965,0.9482758620689656,0.01724137931034482
2017,2017_17_NO_TB,TB,-6,81,0,1,0
2017,2017_17_NYJ_NE,NE,17,80,0.65,0.35,0
2017,2017_17_NYJ_NE,NYJ,-17,58,0,0.3275862068965517,0.6724137931034483
2017,2017_17_OAK_LAC,LAC,7,66,0.5454545454545454,0.4545454545454546,0
2017,2017_17_OAK_LAC,LV,-7,53,0,0.41509433962264153,0.5849056603773585
2017,2017_17_SF_LA,LA,-6.5,63,0,0.380952380952381,0.6190476190476191
2017,2017_17_SF_LA,SF,6.5,61,0.5573770491803278,0.4426229508196721,0
2017,2017_17_WAS_NYG,NYG,-5,71,0.7746478873239436,0.22535211267605632,0
2017,2017_17_WAS_NYG,WAS,5,56,0,0.4821428571428571,0.5178571428571429
2017,2017_18_ATL_LA,ATL,-6.5,69,0.4492753623188406,0.5507246376811594,0
2017,2017_18_ATL_LA,LA,6.5,64,0,0.359375,0.640625
2017,2017_18_BUF_JAX,BUF,-8.5,74,0,0.6621621621621622,0.33783783783783783
2017,2017_18_BUF_JAX,JAX,8.5,57,0.22807017543859648,0.7719298245614035,0
2017,2017_18_CAR_NO,CAR,-6.5,71,0,0.4084507042253521,0.5915492957746479
2017,2017_18_CAR_NO,NO,6.5,55,0.7090909090909091,0.2909090909090909,0
2017,2017_18_TEN_KC,KC,8.5,53,0.5849056603773585,0.41509433962264153,0
2017,2017_18_TEN_KC,TEN,-8.5,61,0.06557377049180328,0.22950819672131148,0.7049180327868853
2017,2017_19_ATL_PHI,ATL,2.5,59,0,0.9152542372881356,0.0847457627118644
2017,2017_19_ATL_PHI,PHI,-2.5,60,0.15,0.85,0
2017,2017_19_JAX_PIT,JAX,-7,60,0.75,0.25,0
2017,2017_19_JAX_PIT,PIT,7,78,0,0.19230769230769232,0.8076923076923077
2017,2017_19_NO_MIN,MIN,5.5,71,0.6901408450704225,0.30985915492957744,0
2017,2017_19_NO_MIN,NO,-5.5,66,0,0.3636363636363637,0.6363636363636364
2017,2017_19_TEN_NE,NE,13.5,77,0.6103896103896104,0.3896103896103896,0
2017,2017_19_TEN_NE,TEN,-13.5,62,0,0.3709677419354839,0.6290322580645161
2017,2017_20_JAX_NE,JAX,-7.5,69,0.2898550724637681,0.6666666666666666,0.04347826086956521
2017,2017_20_JAX_NE,NE,7.5,58,0.05172413793103448,0.6206896551724138,0.3275862068965517
2017,2017_20_MIN_PHI,MIN,3,67,0,0.3880597014925373,0.6119402985074627
2017,2017_20_MIN_PHI,PHI,-3,61,0.7377049180327869,0.26229508196721313,0
2017,2017_21_PHI_NE,NE,4.5,70,0,0.6571428571428571,0.34285714285714286
2017,2017_21_PHI_NE,PHI,-4.5,71,0.1267605633802817,0.8732394366197183,0
2018,2018_01_ATL_PHI,ATL,-1,65,0,0.9384615384615383,0.06153846153846154
2018,2018_01_ATL_PHI,PHI,1,63,0.01587301587301587,0.984126984126984,0
2018,2018_01_BUF_BAL,BAL,7.5,74,0.8243243243243243,0.17567567567567569,0
2018,2018_01_BUF_BAL,BUF,-7.5,61,0,0.09836065573770492,0.9016393442622952
2018,2018_01_CHI_GB,CHI,-6.5,66,0.6060606060606061,0.3939393939393939,0
2018,2018_01_CHI_GB,GB,6.5,59,0.06779661016949153,0.2542372881355932,0.6779661016949152
2018,2018_01_CIN_IND,CIN,1,50,0.06,0.62,0.32
2018,2018_01_CIN_IND,IND,-1,77,0.44155844155844154,0.5324675324675324,0.02597402597402597
2018,2018_01_DAL_CAR,CAR,2.5,57,0.5964912280701754,0.40350877192982454,0
2018,2018_01_DAL_CAR,DAL,-2.5,56,0,0.23214285714285715,0.7678571428571429
2018,2018_01_HOU_NE,HOU,-6,70,0,0.2714285714285714,0.7285714285714285
2018,2018_01_HOU_NE,NE,6,72,0.7361111111111112,0.2638888888888889,0
2018,2018_01_JAX_NYG,JAX,2.5,60,0.16666666666666666,0.8333333333333334,0
2018,2018_01_JAX_NYG,NYG,-2.5,62,0,0.8387096774193549,0.16129032258064516
2018,2018_01_KC_LAC,KC,-3.5,55,0.6727272727272727,0.32727272727272727,0
2018,2018_01_KC_LAC,LAC,3.5,74,0,0.40540540540540543,0.5945945945945946
2018,2018_01_LA_OAK,LA,6,59,0.3728813559322034,0.576271186440678,0.05084745762711865
2018,2018_01_LA_OAK,LV,6,64,0.125,0.609375,0.265625
2018,2018_01_NYJ_DET,DET,7,66,0.04545454545454545,0.4696969696969697,0.48484848484848486
2018,2018_01_NYJ_DET,NYJ,-7,54,0.2962962962962963,0.6296296296296297,0.07407407407407407
2018,2018_01_PIT_CLE,CLE,-3.5,74,0,0.7162162162162162,0.28378378378378377
2018,2018_01_PIT_CLE,PIT,3.5,63,0.47619047619047616,0.5238095238095238,0
2018,2018_01_SEA_DEN,DEN,3,72,0.2916666666666667,0.7083333333333334,0
2018,2018_01_SEA_DEN,SEA,-3,55,0,0.8363636363636363,0.16363636363636364
2018,2018_01_SF_MIN,MIN,6,71,0.6338028169014085,0.3661971830985915,0
2018,2018_01_SF_MIN,SF,-6,61,0,0.4426229508196721,0.5573770491803278
2018,2018_01_TB_NO,NO,10,59,0,0.4067796610169492,0.5932203389830508
2018,2018_01_TB_NO,TB,-10,58,0.4827586206896552,0.5172413793103449,0
2018,2018_01_TEN_MIA,MIA,-1,56,0.5535714285714286,0.44642857142857145,0
2018,2018_01_TEN_MIA,TEN,1,67,0,0.6119402985074627,0.3880597014925373
2018,2018_01_WAS_ARI,ARI,2,50,0,0.2,0.8
2018,2018_01_WAS_ARI,WAS,-2,74,0.6216216216216216,0.3783783783783784,0
2018,2018_02_ARI_LA,ARI,-13.5,43,0,0.20930232558139536,0.7906976744186046
2018,2018_02_ARI_LA,LA,13.5,67,0.7313432835820896,0.26865671641791045,0
2018,2018_02_BAL_CIN,BAL,-1,79,0,0.06329113924050633,0.9367088607594936
2018,2018_02_BAL_CIN,CIN,1,70,0.9,0.1,0
2018,2018_02_CAR_ATL,ATL,5.5,60,0.48333333333333334,0.5166666666666667,0
2018,2018_02_CAR_ATL,CAR,-5.5,65,0,0.4153846153846154,0.5846153846153846
2018,2018_02_CLE_NO,CLE,-10,60,0.2,0.6666666666666666,0.13333333333333333
2018,2018_02_CLE_NO,NO,10,60,0.05,0.85,0.1
2018,2018_02_DET_SF,DET,-6,73,0,0.4520547945205479,0.547945205479452
2018,2018_02_DET_SF,SF,6,59,0.559322033898305,0.4406779661016949,0
2018,2018_02_HOU_TEN,HOU,3.5,61,0,0.5245901639344263,0.47540983606557374
2018,2018_02_HOU_TEN,TEN,-3.5,57,0.5964912280701754,0.40350877192982454,0
2018,2018_02_IND_WAS,IND,-6,58,0.4827586206896552,0.5172413793103449,0
2018,2018_02_IND_WAS,WAS,6,69,0,0.3188405797101449,0.6811594202898551
2018,2018_02_KC_PIT,KC,-4.5,52,0.6923076923076923,0.3076923076923077,0
2018,2018_02_KC_PIT,PIT,4.5,74,0,0.35135135135135137,0.6486486486486487
2018,2018_02_LAC_BUF,BUF,-7.5,59,0,0.11864406779661016,0.8813559322033898
2018,2018_02_LAC_BUF,LAC,7.5,54,0.7777777777777778,0.2222222222222222,0
2018,2018_02_MIA_NYJ,MIA,-3,55,0.6181818181818182,0.38181818181818183,0
2018,2018_02_MIA_NYJ,NYJ,3,63,0,0.36507936507936506,0.6349206349206349
2018,2018_02_MIN_GB,GB,-2,64,0.59375,0.40625,0
2018,2018_02_MIN_GB,MIN,2,55,0,0.4909090909090909,0.509090909090909
2018,2018_02_NE_JAX,JAX,-2,68,0.8676470588235294,0.1323529411764706,0
2018,2018_02_NE_JAX,NE,2,60,0,0.11666666666666668,0.8833333333333333
2018,2018_02_NYG_DAL,DAL,3,48,0.9166666666666666,0.08333333333333333,0
2018,2018_02_NYG_DAL,NYG,-3,67,0,0.1044776119402985,0.8955223880597015
2018,2018_02_OAK_DEN,DEN,5.5,64,0,0.515625,0.484375
2018,2018_02_OAK_DEN,LV,-5.5,60,0.38333333333333336,0.6166666666666667,0
2018,2018_02_PHI_TB,PHI,3,74,0,0.43243243243243246,0.5675675675675675
2018,2018_02_PHI_TB,TB,-3,57,0.7543859649122807,0.24561403508771928,0
2018,2018_02_SEA_CHI,CHI,5,62,0.8387096774193549,0.16129032258064516,0
2018,2018_02_SEA_CHI,SEA,-5,61,0,0.21311475409836064,0.7868852459016393
2018,2018_03_BUF_MIN,BUF,-16.5,63,0.8095238095238095,0.1904761904761905,0
2018,2018_03_BUF_MIN,MIN,16.5,65,0,0.09230769230769233,0.9076923076923076
2018,2018_03_CHI_ARI,ARI,-6,48,0.4375,0.5416666666666666,0.02083333333333333
2018,2018_03_CHI_ARI,CHI,6,69,0.04347826086956521,0.4782608695652174,0.4782608695652174
2018,2018_03_CIN_CAR,CAR,2.5,65,0.5384615384615384,0.4615384615384616,0
2018,2018_03_CIN_CAR,CIN,-2.5,60,0,0.6166666666666667,0.38333333333333336
2018,2018_03_DAL_SEA,DAL,-1,58,0,0.3103448275862069,0.6896551724137931
2018,2018_03_DAL_SEA,SEA,1,66,0.5757575757575758,0.42424242424242425,0
2018,2018_03_DEN_BAL,BAL,5.5,66,0.3787878787878788,0.6212121212121212,0
2018,2018_03_DEN_BAL,DEN,-5.5,61,0,0.5081967213114754,0.4918032786885246
2018,2018_03_GB_WAS,GB,2.5,66,0,0.12121212121212122,0.8787878787878788
2018,2018_03_GB_WAS,WAS,-2.5,53,0.8490566037735849,0.1509433962264151,0
2018,2018_03_IND_PHI,IND,-6.5,56,0,0.8035714285714286,0.19642857142857145
2018,2018_03_IND_PHI,PHI,6.5,77,0.11688311688311688,0.8831168831168831,0
2018,2018_03_LAC_LA,LA,7.5,70,0.6571428571428571,0.34285714285714286,0
2018,2018_03_LAC_LA,LAC,-7.5,52,0,0.1153846153846154,0.8846153846153846
2018,2018_03_NE_DET,DET,-7,69,0.7536231884057971,0.2463768115942029,0
2018,2018_03_NE_DET,NE,7,47,0,0.1702127659574468,0.8297872340425532
2018,2018_03_NO_ATL,ATL,1.5,59,0.01694915254237288,0.9830508474576272,0
2018,2018_03_NO_ATL,NO,-1.5,61,0,0.8524590163934426,0.14754098360655735
2018,2018_03_NYG_HOU,HOU,6.5,60,0,0.26666666666666666,0.7333333333333333
2018,2018_03_NYG_HOU,NYG,-6.5,59,0.6779661016949152,0.3220338983050847,0
2018,2018_03_NYJ_CLE,CLE,3,72,0.04166666666666666,0.5555555555555556,0.4027777777777778
2018,2018_03_NYJ_CLE,NYJ,-3,63,0.4126984126984127,0.47619047619047616,0.1111111111111111
2018,2018_03_OAK_MIA,LV,-3,72,0.09722222222222222,0.8055555555555556,0.09722222222222222
2018,2018_03_OAK_MIA,MIA,3,38,0.05263157894736842,0.8947368421052632,0.05263157894736842
2018,2018_03_PIT_TB,PIT,-1,60,0.6333333333333333,0.31666666666666665,0.05
2018,2018_03_PIT_TB,TB,1,68,0,0.39705882352941174,0.6029411764705882
2018,2018_03_SF_KC,KC,6,66,0.8333333333333334,0.16666666666666666,0
2018,2018_03_SF_KC,SF,-6,63,0,0.1111111111111111,0.8888888888888888
2018,2018_03_TEN_JAX,JAX,10,56,0,0.9464285714285714,0.05357142857142857
2018,2018_03_TEN_JAX,TEN,-10,59,0.0847457627118644,0.9152542372881356,0
2018,2018_04_BAL_PIT,BAL,-3,72,0.4166666666666667,0.5833333333333334,0
2018,2018_04_BAL_PIT,PIT,3,58,0,0.5344827586206896,0.46551724137931033
2018,2018_04_BUF_GB,BUF,-8.5,56,0,0.23214285714285715,0.7678571428571429
2018,2018_04_BUF_GB,GB,8.5,74,0.8243243243243243,0.17567567567567569,0
2018,2018_04_CIN_ATL,ATL,3.5,66,0.12121212121212122,0.8787878787878788,0
2018,2018_04_CIN_ATL,CIN,-3.5,67,0,0.9104477611940298,0.08955223880597014
2018,2018_04_CLE_OAK,CLE,-2.5,70,0.14285714285714285,0.7857142857142857,0.07142857142857142
2018,2018_04_CLE_OAK,LV,-2.5,72,0.04166666666666666,0.625,0.3333333333333333
2018,2018_04_DET_DAL,DAL,2.5,64,0.296875,0.703125,0
2018,2018_04_DET_DAL,DET,-2.5,53,0,0.7924528301886793,0.20754716981132076
2018,2018_04_HOU_IND,HOU,1,70,0.7571428571428571,0.24285714285714283,0
2018,2018_04_HOU_IND,IND,-1,66,0,0.4545454545454546,0.5454545454545454
2018,2018_04_KC_DEN,DEN,-3.5,59,0.11864406779661016,0.8135593220338984,0.06779661016949153
2018,2018_04_KC_DEN,KC,3.5,71,0,0.7887323943661971,0.2112676056338028
2018,2018_04_MIA_NE,MIA,-6.5,45,0,0.26666666666666666,0.7333333333333333
2018,2018_04_MIA_NE,NE,6.5,72,0.6944444444444444,0.3055555555555556,0
2018,2018_04_MIN_LA,LA,7.5,54,0.5555555555555556,0.4444444444444444,0
2018,2018_04_MIN_LA,MIN,-7.5,71,0,0.5070422535211268,0.4929577464788733
2018,2018_04_NO_NYG,NO,3.5,64,0.40625,0.546875,0.046875
2018,2018_04_NO_NYG,NYG,-3.5,58,0,0.5172413793103449,0.4827586206896552
2018,2018_04_NYJ_JAX,JAX,7.5,74,0.7162162162162162,0.28378378378378377,0
2018,2018_04_NYJ_JAX,NYJ,-7.5,51,0,0.2352941176470588,0.7647058823529411
2018,2018_04_PHI_TEN,PHI,3,68,0.29411764705882354,0.7058823529411765,0
2018,2018_04_PHI_TEN,TEN,-3,51,0.0588235294117647,0.7647058823529411,0.17647058823529413
2018,2018_04_SEA_ARI,ARI,-3.5,56,0.07142857142857142,0.8214285714285714,0.10714285714285714
2018,2018_04_SEA_ARI,SEA,3.5,61,0.06557377049180328,0.9344262295081968,0
2018,2018_04_SF_LAC,LAC,10,64,0.203125,0.5625,0.234375
2018,2018_04_SF_LAC,SF,-10,59,0.3898305084745763,0.5254237288135594,0.0847457627118644
2018,2018_04_TB_CHI,CHI,3,56,0.8392857142857143,0.16071428571428573,0
2018,2018_04_TB_CHI,TB,-3,60,0,0.15,0.85
2018,2018_05_ARI_SF,ARI,-3,45,0.6,0.4,0
2018,2018_05_ARI_SF,SF,3,92,0,0.5652173913043478,0.43478260869565216
2018,2018_05_ATL_PIT,ATL,-3.5,70,0,0.4714285714285714,0.5285714285714286
2018,2018_05_ATL_PIT,PIT,3.5,57,0.43859649122807015,0.5614035087719298,0
2018,2018_05_BAL_CLE,BAL,3,72,0,0.9861111111111112,0.01388888888888888
2018,2018_05_BAL_CLE,CLE,-3,61,0.14754098360655735,0.8524590163934426,0
2018,2018_05_DAL_HOU,DAL,-3.5,52,0,1,0
2018,2018_05_DAL_HOU,HOU,3.5,69,0.17391304347826086,0.8260869565217391,0
2018,2018_05_DEN_NYJ,DEN,1,72,0,0.3472222222222222,0.6527777777777778
2018,2018_05_DEN_NYJ,NYJ,-1,60,0.65,0.35,0
2018,2018_05_GB_DET,DET,1,56,0.8392857142857143,0.16071428571428573,0
2018,2018_05_GB_DET,GB,-1,75,0,0.16,0.84
2018,2018_05_IND_NE,IND,-10.5,81,0,0.19753086419753085,0.8024691358024691
2018,2018_05_IND_NE,NE,10.5,65,0.8,0.2,0
2018,2018_05_JAX_KC,JAX,-3,83,0,0.14457831325301204,0.8554216867469879
2018,2018_05_JAX_KC,KC,3,67,0.8507462686567164,0.14925373134328357,0
2018,2018_05_LA_SEA,LA,7.5,61,0.04918032786885246,0.918032786885246,0.03278688524590164
2018,2018_05_LA_SEA,SEA,-7.5,55,0,1,0
2018,2018_05_MIA_CIN,CIN,6,57,0.07017543859649122,0.6140350877192983,0.3157894736842105
2018,2018_05_MIA_CIN,MIA,-6,59,0.2542372881355932,0.559322033898305,0.1864406779661017
2018,2018_05_MIN_PHI,MIN,-3.5,59,0.4576271186440678,0.5423728813559322,0
2018,2018_05_MIN_PHI,PHI,3.5,54,0,0.3703703703703703,0.6296296296296297
2018,2018_05_NYG_CAR,CAR,7,65,0.6461538461538462,0.35384615384615387,0
2018,2018_05_NYG_CAR,NYG,-7,54,0,0.5925925925925926,0.4074074074074074
2018,2018_05_OAK_LAC,LAC,5.5,56,0.5892857142857143,0.4107142857142857,0
2018,2018_05_OAK_LAC,LV,-5.5,47,0,0.44680851063829785,0.5531914893617021
2018,2018_05_TEN_BUF,BUF,-6,64,0.28125,0.71875,0
2018,2018_05_TEN_BUF,TEN,6,53,0,1,0
2018,2018_05_WAS_NO,NO,5.5,59,0.7627118644067796,0.23728813559322037,0
2018,2018_05_WAS_NO,WAS,-5.5,60,0,0.26666666666666666,0.7333333333333333
2018,2018_06_ARI_MIN,ARI,-10,55,0,0.34545454545454546,0.6545454545454545
2018,2018_06_ARI_MIN,MIN,10,68,0.5588235294117647,0.4411764705882353,0
2018,2018_06_BAL_TEN,BAL,2.5,71,0.7323943661971831,0.2676056338028169,0
2018,2018_06_BAL_TEN,TEN,-2.5,40,0,0.25,0.75
2018,2018_06_BUF_HOU,BUF,-10.5,58,0.01724137931034482,0.5862068965517241,0.39655172413793105
2018,2018_06_BUF_HOU,HOU,10.5,56,0.5535714285714286,0.44642857142857145,0
2018,2018_06_CAR_WAS,CAR,1,58,0,0.1724137931034483,0.8275862068965517
2018,2018_06_CAR_WAS,WAS,-1,66,0.9393939393939394,0.06060606060606061,0
2018,2018_06_CHI_MIA,CHI,7.5,57,0.12280701754385964,0.8596491228070176,0.0175438596491228
2018,2018_06_CHI_MIA,MIA,-7.5,62,0.20967741935483872,0.5161290322580645,0.27419354838709675
2018,2018_06_IND_NYJ,IND,-2.5,66,0,0.3636363636363637,0.6363636363636364
2018,2018_06_IND_NYJ,NYJ,2.5,64,0.578125,0.421875,0
2018,2018_06_JAX_DAL,DAL,-3,72,0.875,0.125,0
2018,2018_06_JAX_DAL,JAX,3,47,0,0.1276595744680851,0.8723404255319149
2018,2018_06_KC_NE,KC,-4,53,0,0.3962264150943397,0.6037735849056604
2018,2018_06_KC_NE,NE,4,74,0.3783783783783784,0.6216216216216216,0
2018,2018_06_LAC_CLE,CLE,1,72,0,0.4305555555555556,0.5694444444444444
2018,2018_06_LAC_CLE,LAC,-1,56,0.6785714285714286,0.32142857142857145,0
2018,2018_06_LA_DEN,DEN,-7,59,0,0.3898305084745763,0.6101694915254238
2018,2018_06_LA_DEN,LA,7,70,0.7,0.3,0
2018,2018_06_PHI_NYG,NYG,-1.5,64,0,0.25,0.75
2018,2018_06_PHI_NYG,PHI,1.5,68,0.8088235294117647,0.19117647058823528,0
2018,2018_06_PIT_CIN,CIN,1,58,0,0.8620689655172413,0.13793103448275862
2018,2018_06_PIT_CIN,PIT,-1,66,0.06060606060606061,0.9090909090909092,0.0303030303030303
2018,2018_06_SEA_OAK,LV,3,56,0,0.14285714285714285,0.8571428571428571
2018,2018_06_SEA_OAK,SEA,3,59,0.6440677966101694,0.3559322033898305,0
2018,2018_06_SF_GB,GB,9,69,0.15942028985507245,0.6811594202898551,0.15942028985507245
2018,2018_06_SF_GB,SF,-9,55,0.16363636363636364,0.7818181818181819,0.05454545454545454
2018,2018_06_TB_ATL,ATL,3,64,0.640625,0.359375,0
2018,2018_06_TB_ATL,TB,-3,62,0,0.3225806451612903,0.6774193548387096
2018,2018_07_BUF_IND,BUF,-7,55,0,0.2909090909090909,0.7090909090909091
2018,2018_07_BUF_IND,IND,7,56,0.6607142857142857,0.3392857142857143,0
2018,2018_07_CAR_PHI,CAR,-5,57,0,0.40350877192982454,0.5964912280701754
2018,2018_07_CAR_PHI,PHI,5,65,0.5384615384615384,0.4615384615384616,0
2018,2018_07_CIN_KC,CIN,-6.5,54,0,0.14814814814814814,0.8518518518518519
2018,2018_07_CIN_KC,KC,6.5,70,0.8571428571428571,0.14285714285714285,0
2018,2018_07_CLE_TB,CLE,-3.5,56,0,0.35714285714285715,0.6428571428571429
2018,2018_07_CLE_TB,TB,3.5,74,0.7027027027027027,0.2972972972972973,0
2018,2018_07_DAL_WAS,DAL,1.5,61,0,0.39344262295081966,0.6065573770491803
2018,2018_07_DAL_WAS,WAS,-1.5,58,0.46551724137931033,0.5344827586206896,0
2018,2018_07_DEN_ARI,ARI,-1,66,0,0.07575757575757576,0.9242424242424242
2018,2018_07_DEN_ARI,DEN,1,52,0.903846153846154,0.09615384615384616,0
2018,2018_07_DET_MIA,DET,3,56,0.6071428571428571,0.3928571428571429,0
2018,2018_07_DET_MIA,MIA,-3,54,0,0.4074074074074074,0.5925925925925926
2018,2018_07_HOU_JAX,HOU,-4,60,0.6,0.4,0
2018,2018_07_HOU_JAX,JAX,4,68,0,0.2352941176470588,0.7647058823529411
2018,2018_07_LA_SF,LA,8,58,0.7068965517241379,0.29310344827586204,0
2018,2018_07_LA_SF,SF,-8,58,0,0.27586206896551724,0.7241379310344828
2018,2018_07_MIN_NYJ,MIN,3.5,64,0.328125,0.671875,0
2018,2018_07_MIN_NYJ,NYJ,-3.5,69,0,0.4927536231884058,0.5072463768115942
2018,2018_07_NE_CHI,CHI,-1,76,0.09210526315789472,0.6710526315789473,0.23684210526315788
2018,2018_07_NE_CHI,NE,1,64,0.390625,0.609375,0
2018,2018_07_NO_BAL,BAL,2.5,64,0.109375,0.8125,0.078125
2018,2018_07_NO_BAL,NO,-2.5,69,0.08695652173913043,0.8115942028985508,0.10144927536231883
2018,2018_07_NYG_ATL,ATL,4.5,61,0.5409836065573771,0.45901639344262296,0
2018,2018_07_NYG_ATL,NYG,-4.5,62,0,0.6290322580645161,0.3709677419354839
2018,2018_07_TEN_LAC,LAC,6.5,43,0.5813953488372093,0.4186046511627907,0
2018,2018_07_TEN_LAC,TEN,-6.5,67,0,0.6119402985074627,0.3880597014925373
2018,2018_08_BAL_CAR,BAL,2.5,64,0,0.296875,0.703125
2018,2018_08_BAL_CAR,CAR,-2.5,61,0.7704918032786885,0.22950819672131148,0
2018,2018_08_CLE_PIT,CLE,-8.5,59,0.01694915254237288,0.559322033898305,0.423728813559322
2018,2018_08_CLE_PIT,PIT,8.5,67,0.5970149253731343,0.40298507462686567,0
2018,2018_08_DEN_KC,DEN,-8.5,69,0,0.391304347826087,0.6086956521739131
2018,2018_08_DEN_KC,KC,8.5,54,0.48148148148148145,0.5185185185185185,0
2018,2018_08_GB_LA,GB,-7.5,52,0.05769230769230769,0.75,0.19230769230769232
2018,2018_08_GB_LA,LA,7.5,74,0.1891891891891892,0.7432432432432432,0.06756756756756757
2018,2018_08_IND_OAK,IND,3.5,69,0.13043478260869565,0.7536231884057971,0.11594202898550723
2018,2018_08_IND_OAK,LV,3.5,46,0.04347826086956521,0.7608695652173914,0.1956521739130435
2018,2018_08_MIA_HOU,HOU,7.5,54,0.6666666666666666,0.3333333333333333,0
2018,2018_08_MIA_HOU,MIA,-7.5,65,0,0.47692307692307695,0.5230769230769231
2018,2018_08_NE_BUF,BUF,-13.5,62,0,0.6129032258064516,0.3870967741935484
2018,2018_08_NE_BUF,NE,13.5,69,0.2898550724637681,0.7101449275362319,0
2018,2018_08_NO_MIN,MIN,-2.5,66,0.04545454545454545,0.6212121212121212,0.3333333333333333
2018,2018_08_NO_MIN,NO,2.5,53,0.4528301886792453,0.5471698113207547,0
2018,2018_08_NYJ_CHI,CHI,8.5,65,0.6,0.4,0
2018,2018_08_NYJ_CHI,NYJ,-8.5,54,0,0.5370370370370371,0.46296296296296297
2018,2018_08_PHI_JAX,JAX,-4,62,0.01612903225806451,0.6774193548387096,0.3064516129032258
2018,2018_08_PHI_JAX,PHI,4,59,0.1694915254237288,0.8305084745762712,0
2018,2018_08_SEA_DET,DET,3,56,0,0.32142857142857145,0.6785714285714286
2018,2018_08_SEA_DET,SEA,-3,61,0.5901639344262295,0.3606557377049181,0.04918032786885246
2018,2018_08_SF_ARI,ARI,-2.5,64,0,0.796875,0.203125
2018,2018_08_SF_ARI,SF,2.5,63,0.3333333333333333,0.5714285714285714,0.09523809523809525
2018,2018_08_TB_CIN,CIN,3.5,61,0.6721311475409836,0.32786885245901637,0
2018,2018_08_TB_CIN,TB,-3.5,83,0,0.2289156626506024,0.7710843373493976
2018,2018_08_WAS_NYG,NYG,-1,67,0,0.5970149253731343,0.40298507462686567
2018,2018_08_WAS_NYG,WAS,1,64,0.40625,0.59375,0
2018,2018_09_ATL_WAS,ATL,-1.5,64,0.671875,0.328125,0
2018,2018_09_ATL_WAS,WAS,1.5,64,0,0.234375,0.765625
2018,2018_09_CHI_BUF,BUF,-10.5,81,0,0.2345679012345679,0.7654320987654321
2018,2018_09_CHI_BUF,CHI,10.5,43,0.46511627906976744,0.5348837209302325,0
2018,2018_09_DET_MIN,DET,-4.5,69,0,0.391304347826087,0.6086956521739131
2018,2018_09_DET_MIN,MIN,4.5,46,0.5652173913043478,0.43478260869565216,0
2018,2018_09_GB_NE,GB,-5,69,0,0.7971014492753623,0.2028985507246377
2018,2018_09_GB_NE,NE,5,65,0.12307692307692308,0.8769230769230769,0
2018,2018_09_HOU_DEN,DEN,1,64,0,1,0
2018,2018_09_HOU_DEN,HOU,-1,61,0.03278688524590164,0.9672131147540984,0
2018,2018_09_KC_CLE,CLE,-7.5,70,0,0.32857142857142857,0.6714285714285714
2018,2018_09_KC_CLE,KC,7.5,57,0.6666666666666666,0.3333333333333333,0
2018,2018_09_LAC_SEA,LAC,-1,50,0.56,0.44,0
2018,2018_09_LAC_SEA,SEA,1,73,0,0.3835616438356164,0.6164383561643836
2018,2018_09_LA_NO,LA,2.5,59,0,0.423728813559322,0.576271186440678
2018,2018_09_LA_NO,NO,-2.5,68,0.4411764705882353,0.5588235294117647,0
2018,2018_09_NYJ_MIA,MIA,3,53,0.16981132075471697,0.8301886792452831,0
2018,2018_09_NYJ_MIA,NYJ,-3,64,0,0.6875,0.3125
2018,2018_09_OAK_SF,LV,1.5,54,0,0.2222222222222222,0.7777777777777778
2018,2018_09_OAK_SF,SF,-1.5,51,0.8235294117647058,0.17647058823529413,0
2018,2018_09_PIT_BAL,BAL,1.5,56,0,0.44642857142857145,0.5535714285714286
2018,2018_09_PIT_BAL,PIT,-1.5,76,0.6710526315789473,0.32894736842105265,0
2018,2018_09_TB_CAR,CAR,6,55,0.8909090909090909,0.10909090909090909,0
2018,2018_09_TB_CAR,TB,-6,65,0,0.12307692307692308,0.8769230769230769
2018,2018_09_TEN_DAL,DAL,4.5,56,0.05357142857142857,0.625,0.32142857142857145
2018,2018_09_TEN_DAL,TEN,-4.5,67,0.3582089552238806,0.6417910447761194,0
2018,2018_10_ARI_KC,ARI,-16.5,68,0,0.27941176470588236,0.7205882352941176
2018,2018_10_ARI_KC,KC,16.5,55,0.6181818181818182,0.38181818181818183,0
2018,2018_10_ATL_CLE,ATL,5.5,72,0,0.4444444444444444,0.5555555555555556
2018,2018_10_ATL_CLE,CLE,-5.5,48,0.4375,0.5625,0
2018,2018_10_BUF_NYJ,BUF,-6.5,71,0.7605633802816901,0.23943661971830985,0
2018,2018_10_BUF_NYJ,NYJ,6.5,55,0,0.10909090909090909,0.8909090909090909
2018,2018_10_CAR_PIT,CAR,-3.5,56,0,0.17857142857142858,0.8214285714285714
2018,2018_10_CAR_PIT,PIT,3.5,57,0.9824561403508772,0.0175438596491228,0
2018,2018_10_DAL_PHI,DAL,-7.5,68,0.16176470588235295,0.8382352941176471,0
2018,2018_10_DAL_PHI,PHI,7.5,61,0,0.6885245901639344,0.3114754098360656
2018,2018_10_DET_CHI,CHI,7.5,53,0.7358490566037735,0.2641509433962264,0
2018,2018_10_DET_CHI,DET,-7.5,72,0,0.1388888888888889,0.8611111111111112
2018,2018_10_JAX_IND,IND,3,49,0.5918367346938775,0.40816326530612246,0
2018,2018_10_JAX_IND,JAX,-3,73,0,0.3561643835616438,0.6438356164383562
2018,2018_10_LAC_OAK,LAC,10.5,53,0.49056603773584906,0.5094339622641509,0
2018,2018_10_LAC_OAK,LV,10.5,62,0,0.5161290322580645,0.4838709677419355
2018,2018_10_MIA_GB,GB,13,52,0.6730769230769231,0.3269230769230769,0
2018,2018_10_MIA_GB,MIA,-13,66,0,0.30303030303030304,0.696969696969697
2018,2018_10_NE_TEN,NE,6,64,0,0.1875,0.8125
2018,2018_10_NE_TEN,TEN,-6,63,0.6825396825396826,0.31746031746031744,0
2018,2018_10_NO_CIN,CIN,-5.5,42,0,0.2857142857142857,0.7142857142857143
2018,2018_10_NO_CIN,NO,5.5,71,0.647887323943662,0.352112676056338,0
2018,2018_10_NYG_SF,NYG,-3,55,0,0.9272727272727272,0.07272727272727272
2018,2018_10_NYG_SF,SF,3,66,0.07575757575757576,0.8939393939393939,0.0303030303030303
2018,2018_10_SEA_LA,LA,10,62,0.1774193548387097,0.8225806451612904,0
2018,2018_10_SEA_LA,SEA,-10,63,0,0.6666666666666666,0.3333333333333333
2018,2018_10_WAS_TB,TB,3.5,67,0,0.7313432835820896,0.26865671641791045
2018,2018_10_WAS_TB,WAS,-3.5,55,0.3636363636363637,0.6363636363636364,0
2018,2018_11_CAR_DET,CAR,4,57,0,0.6491228070175439,0.3508771929824561
2018,2018_11_CAR_DET,DET,-4,62,0.24193548387096775,0.7580645161290323,0
2018,2018_11_CIN_BAL,BAL,6.5,72,0.19444444444444445,0.7361111111111112,0.06944444444444445
2018,2018_11_CIN_BAL,CIN,-6.5,54,0,0.8333333333333334,0.16666666666666666
2018,2018_11_DAL_ATL,ATL,3.5,55,0,0.7636363636363637,0.23636363636363636
2018,2018_11_DAL_ATL,DAL,-3.5,63,0.12698412698412698,0.873015873015873,0
2018,2018_11_DEN_LAC,DEN,-7.5,51,0,0.8431372549019608,0.1568627450980392
2018,2018_11_DEN_LAC,LAC,7.5,72,0.4861111111111111,0.5138888888888888,0
2018,2018_11_GB_SEA,GB,-3,48,0.0625,0.9375,0
2018,2018_11_GB_SEA,SEA,3,66,0.06060606060606061,0.8181818181818182,0.12121212121212122
2018,2018_11_HOU_WAS,HOU,3,57,0.38596491228070173,0.6140350877192983,0
2018,2018_11_HOU_WAS,WAS,-3,71,0,0.8732394366197183,0.1267605633802817
2018,2018_11_KC_LA,KC,-3,69,0,0.7101449275362319,0.2898550724637681
2018,2018_11_KC_LA,LA,3,73,0.2876712328767123,0.6712328767123288,0.0410958904109589
2018,2018_11_MIN_CHI,CHI,2.5,68,0.6911764705882353,0.3088235294117647,0
2018,2018_11_MIN_CHI,MIN,-2.5,62,0,0.24193548387096775,0.7580645161290323
2018,2018_11_OAK_ARI,ARI,4.5,52,0.09615384615384616,0.8269230769230769,0.07692307692307693
2018,2018_11_OAK_ARI,LV,-4.5,66,0.21212121212121213,0.7878787878787878,0
2018,2018_11_PHI_NO,NO,7,68,0.8088235294117647,0.19117647058823528,0
2018,2018_11_PHI_NO,PHI,-7,48,0,0.125,0.875
2018,2018_11_PIT_JAX,JAX,-4,67,0.6417910447761194,0.34328358208955223,0.01492537313432835
2018,2018_11_PIT_JAX,PIT,4,58,0,0.3448275862068966,0.6551724137931034
2018,2018_11_TB_NYG,NYG,3,52,0.8076923076923077,0.19230769230769232,0
2018,2018_11_TB_NYG,TB,-3,68,0,0.2647058823529412,0.7352941176470589
2018,2018_11_TEN_IND,IND,2,57,0.7719298245614035,0.22807017543859648,0
2018,2018_11_TEN_IND,TEN,-2,59,0,0.22033898305084745,0.7796610169491526
2018,2018_12_ARI_LAC,ARI,-14,44,0.02272727272727272,0.5,0.4772727272727273
2018,2018_12_ARI_LAC,LAC,14,64,0.71875,0.28125,0
2018,2018_12_ATL_NO,ATL,-11.5,69,0,0.2753623188405797,0.7246376811594203
2018,2018_12_ATL_NO,NO,11.5,51,0.5882352941176471,0.4117647058823529,0
2018,2018_12_CHI_DET,CHI,3,56,0.05357142857142857,0.9464285714285714,0
2018,2018_12_CHI_DET,DET,-3,64,0,0.90625,0.09375
2018,2018_12_CLE_CIN,CIN,-1,67,0,0.14925373134328357,0.8507462686567164
2018,2018_12_CLE_CIN,CLE,1,59,0.7796610169491526,0.22033898305084745,0
2018,2018_12_GB_MIN,GB,-4,51,0,0.7450980392156863,0.2549019607843137
2018,2018_12_GB_MIN,MIN,4,66,0.3333333333333333,0.6666666666666666,0
2018,2018_12_JAX_BUF,BUF,-3,52,0.3076923076923077,0.6923076923076923,0
2018,2018_12_JAX_BUF,JAX,3,65,0,0.5538461538461539,0.4461538461538462
2018,2018_12_MIA_IND,IND,9,65,0.04615384615384615,0.7538461538461538,0.2
2018,2018_12_MIA_IND,MIA,-9,50,0.08,0.88,0.04
2018,2018_12_NE_NYJ,NE,13,66,0.2272727272727273,0.7727272727272727,0
2018,2018_12_NE_NYJ,NYJ,-13,61,0,0.6885245901639344,0.3114754098360656
2018,2018_12_NYG_PHI,NYG,-4.5,57,0.3157894736842105,0.631578947368421,0.05263157894736842
2018,2018_12_NYG_PHI,PHI,4.5,59,0.05084745762711865,0.711864406779661,0.23728813559322037
2018,2018_12_OAK_BAL,BAL,13,67,0.5074626865671642,0.4925373134328358,0
2018,2018_12_OAK_BAL,LV,-13,54,0,0.6851851851851852,0.3148148148148148
2018,2018_12_PIT_DEN,DEN,-3,50,0.06,0.92,0.02
2018,2018_12_PIT_DEN,PIT,3,76,0.06578947368421052,0.7763157894736842,0.15789473684210523
2018,2018_12_SEA_CAR,CAR,3,57,0.05263157894736842,0.9473684210526316,0
2018,2018_12_SEA_CAR,SEA,-3,58,0,0.8275862068965517,0.1724137931034483
2018,2018_12_SF_TB,SF,-1.5,59,0,0.5254237288135594,0.4745762711864407
2018,2018_12_SF_TB,TB,1.5,68,0.4264705882352941,0.5735294117647058,0
2018,2018_12_TEN_HOU,HOU,3.5,60,0.7333333333333333,0.26666666666666666,0
2018,2018_12_TEN_HOU,TEN,-3.5,52,0,0.38461538461538464,0.6153846153846154
2018,2018_12_WAS_DAL,DAL,7,67,0.3283582089552239,0.6716417910447762,0
2018,2018_12_WAS_DAL,WAS,-7,60,0,0.6333333333333333,0.36666666666666664
2018,2018_13_ARI_GB,ARI,-13.5,56,0.07142857142857142,0.9285714285714286,0
2018,2018_13_ARI_GB,GB,13.5,74,0,0.8108108108108109,0.1891891891891892
2018,2018_13_BAL_ATL,ATL,2.5,44,0,0.8181818181818182,0.18181818181818185
2018,2018_13_BAL_ATL,BAL,-2.5,75,0.24,0.76,0
2018,2018_13_BUF_MIA,BUF,-3.5,66,0,0.7121212121212122,0.2878787878787879
2018,2018_13_BUF_MIA,MIA,3.5,48,0.16666666666666666,0.8333333333333334,0
2018,2018_13_CAR_TB,CAR,3.5,64,0,0.3125,0.6875
2018,2018_13_CAR_TB,TB,-3.5,59,0.4915254237288136,0.5084745762711864,0
2018,2018_13_CHI_NYG,CHI,3.5,69,0,0.4782608695652174,0.5217391304347826
2018,2018_13_CHI_NYG,NYG,-3.5,61,0.4918032786885246,0.4918032786885246,0.01639344262295082
2018,2018_13_CLE_HOU,CLE,-5,50,0,0.08,0.92
2018,2018_13_CLE_HOU,HOU,5,73,0.6986301369863014,0.3013698630136986,0
2018,2018_13_DEN_CIN,CIN,-3.5,64,0,0.578125,0.421875
2018,2018_13_DEN_CIN,DEN,3.5,56,0.3928571428571429,0.6071428571428571,0
2018,2018_13_IND_JAX,IND,4,71,0,0.8028169014084507,0.19718309859154928
2018,2018_13_IND_JAX,JAX,-4,54,0.24074074074074073,0.7592592592592593,0
2018,2018_13_KC_OAK,KC,14,65,0.8769230769230769,0.12307692307692308,0
2018,2018_13_KC_OAK,LV,14,69,0,0.3188405797101449,0.6811594202898551
2018,2018_13_LAC_PIT,LAC,-3.5,60,0.03333333333333333,0.45,0.5166666666666667
2018,2018_13_LAC_PIT,PIT,3.5,63,0.6349206349206349,0.23809523809523808,0.12698412698412698
2018,2018_13_LA_DET,DET,-10.5,64,0,0.640625,0.359375
2018,2018_13_LA_DET,LA,10.5,62,0.27419354838709675,0.7258064516129032,0
2018,2018_13_MIN_NE,MIN,-6,59,0,0.3728813559322034,0.6271186440677966
2018,2018_13_MIN_NE,NE,6,70,0.6571428571428571,0.34285714285714286,0
2018,2018_13_NO_DAL,DAL,-7,63,0.5714285714285714,0.42857142857142855,0
2018,2018_13_NO_DAL,NO,7,49,0,0.3877551020408163,0.6122448979591837
2018,2018_13_NYJ_TEN,NYJ,-10.5,65,0.7538461538461538,0.2153846153846154,0.03076923076923077
2018,2018_13_NYJ_TEN,TEN,10.5,59,0,0.3898305084745763,0.6101694915254238
2018,2018_13_SF_SEA,SEA,10,48,0.7916666666666666,0.20833333333333337,0
2018,2018_13_SF_SEA,SF,-10,72,0,0.19444444444444445,0.8055555555555556
2018,2018_13_WAS_PHI,PHI,5.5,68,0.2647058823529412,0.7352941176470589,0
2018,2018_13_WAS_PHI,WAS,-5.5,42,0,0.7142857142857143,0.2857142857142857
2018,2018_14_ATL_GB,ATL,-4,68,0,0.35294117647058826,0.6470588235294118
2018,2018_14_ATL_GB,GB,4,60,0.6166666666666667,0.38333333333333336,0
2018,2018_14_BAL_KC,BAL,-6.5,59,0,0.9152542372881356,0.0847457627118644
2018,2018_14_BAL_KC,KC,6.5,73,0.136986301369863,0.7534246575342466,0.1095890410958904
2018,2018_14_CAR_CLE,CAR,1,69,0,0.8840579710144928,0.11594202898550723
2018,2018_14_CAR_CLE,CLE,-1,43,0.23255813953488372,0.7674418604651163,0
2018,2018_14_CIN_LAC,CIN,-17,62,0,0.3064516129032258,0.6935483870967742
2018,2018_14_CIN_LAC,LAC,17,56,0.6428571428571429,0.35714285714285715,0
2018,2018_14_DEN_SF,DEN,3,70,0,0.2,0.8
2018,2018_14_DEN_SF,SF,-3,62,0.6129032258064516,0.3870967741935484,0
2018,2018_14_DET_ARI,ARI,-2.5,65,0,0.6461538461538462,0.35384615384615387
2018,2018_14_DET_ARI,DET,2.5,55,0.2909090909090909,0.7090909090909091,0
2018,2018_14_IND_HOU,HOU,4,68,0.10294117647058824,0.5147058823529411,0.38235294117647056
2018,2018_14_IND_HOU,IND,-4,63,0.2698412698412698,0.6190476190476191,0.1111111111111111
2018,2018_14_JAX_TEN,JAX,-5.5,66,0,0.3484848484848485,0.6515151515151515
2018,2018_14_JAX_TEN,TEN,5.5,55,0.7454545454545455,0.2545454545454545,0
2018,2018_14_LA_CHI,CHI,-3,64,0.34375,0.65625,0
2018,2018_14_LA_CHI,LA,3,61,0,0.5245901639344263,0.47540983606557374
2018,2018_14_MIN_SEA,MIN,-3,55,0,0.7272727272727273,0.2727272727272727
2018,2018_14_MIN_SEA,SEA,3,62,0.4516129032258064,0.5483870967741935,0
2018,2018_14_NE_MIA,MIA,-8.5,45,0,0.9777777777777776,0.02222222222222222
2018,2018_14_NE_MIA,NE,8.5,75,0.21333333333333335,0.7866666666666666,0
2018,2018_14_NO_TB,NO,8.5,60,0.23333333333333336,0.5833333333333334,0.18333333333333332
2018,2018_14_NO_TB,TB,-8.5,65,0.4307692307692308,0.4,0.16923076923076924
2018,2018_14_NYG_WAS,NYG,3,62,0.8387096774193549,0.16129032258064516,0
2018,2018_14_NYG_WAS,WAS,-3,57,0,0.3157894736842105,0.6842105263157895
2018,2018_14_NYJ_BUF,BUF,4.5,71,0.2676056338028169,0.704225352112676,0.02816901408450704
2018,2018_14_NYJ_BUF,NYJ,-4.5,50,0,0.76,0.24
2018,2018_14_PHI_DAL,DAL,3.5,80,0.1875,0.8125,0
2018,2018_14_PHI_DAL,PHI,-3.5,48,0,0.6875,0.3125
2018,2018_14_PIT_OAK,LV,10.5,62,0,1,0
2018,2018_14_PIT_OAK,PIT,10.5,58,0,0.9827586206896552,0.01724137931034482
2018,2018_15_ARI_ATL,ARI,-10,64,0.015625,0.296875,0.6875
2018,2018_15_ARI_ATL,ATL,10,65,0.7384615384615385,0.26153846153846155,0
2018,2018_15_CLE_DEN,CLE,-1,60,0.1,0.9,0
2018,2018_15_CLE_DEN,DEN,1,68,0,1,0
2018,2018_15_DAL_IND,DAL,-3,64,0,0.4375,0.5625
2018,2018_15_DAL_IND,IND,3,62,0.8709677419354839,0.12903225806451613,0
2018,2018_15_DET_BUF,BUF,2.5,62,0.06451612903225806,0.8870967741935484,0.04838709677419355
2018,2018_15_DET_BUF,DET,-2.5,55,0.23636363636363636,0.7636363636363637,0
2018,2018_15_GB_CHI,CHI,6,57,0.22807017543859648,0.7719298245614035,0
2018,2018_15_GB_CHI,GB,-6,66,0,0.42424242424242425,0.5757575757575758
2018,2018_15_HOU_NYJ,HOU,7,50,0.16,0.84,0
2018,2018_15_HOU_NYJ,NYJ,-7,72,0,0.75,0.25
2018,2018_15_LAC_KC,KC,3.5,53,0.8113207547169812,0.18867924528301888,0
2018,2018_15_LAC_KC,LAC,-3.5,67,0,0.23880597014925373,0.7611940298507462
2018,2018_15_MIA_MIN,MIA,-7.5,53,0,0.16981132075471697,0.8301886792452831
2018,2018_15_MIA_MIN,MIN,7.5,61,0.8524590163934426,0.14754098360655735,0
2018,2018_15_NE_PIT,NE,2.5,56,0,0.7321428571428571,0.26785714285714285
2018,2018_15_NE_PIT,PIT,-2.5,59,0.4576271186440678,0.5423728813559322,0
2018,2018_15_NO_CAR,CAR,-6,56,0,0.9642857142857144,0.03571428571428571
2018,2018_15_NO_CAR,NO,6,67,0.16417910447761194,0.835820895522388,0
2018,2018_15_OAK_CIN,CIN,3,72,0.8194444444444444,0.18055555555555555,0
2018,2018_15_OAK_CIN,LV,-3,57,0,0.3333333333333333,0.6666666666666666
2018,2018_15_PHI_LA,LA,13.5,73,0,0.547945205479452,0.4520547945205479
2018,2018_15_PHI_LA,PHI,-13.5,61,0.4098360655737705,0.5901639344262295,0
2018,2018_15_SEA_SF,SEA,3.5,66,0,0.8939393939393939,0.10606060606060606
2018,2018_15_SEA_SF,SF,-3.5,50,0.1,0.9,0
2018,2018_15_TB_BAL,BAL,8.5,71,0.3661971830985915,0.6338028169014085,0
2018,2018_15_TB_BAL,TB,-8.5,46,0,0.6739130434782609,0.32608695652173914
2018,2018_15_TEN_NYG,NYG,-2.5,63,0,0.6666666666666666,0.3333333333333333
2018,2018_15_TEN_NYG,TEN,2.5,64,0.375,0.625,0
2018,2018_15_WAS_JAX,JAX,7.5,49,0.14285714285714285,0.8571428571428571,0
2018,2018_15_WAS_JAX,WAS,-7.5,60,0.03333333333333333,0.8333333333333334,0.13333333333333333
2018,2018_16_ATL_CAR,ATL,2.5,47,0.3191489361702128,0.6808510638297872,0
2018,2018_16_ATL_CAR,CAR,-2.5,83,0,0.5783132530120482,0.42168674698795183
2018,2018_16_BAL_LAC,BAL,-4,58,0.1724137931034483,0.8275862068965517,0
2018,2018_16_BAL_LAC,LAC,4,57,0,0.631578947368421,0.3684210526315789
2018,2018_16_BUF_NE,BUF,-14,59,0,0.1864406779661017,0.8135593220338984
2018,2018_16_BUF_NE,NE,14,71,0.8732394366197183,0.1267605633802817,0
2018,2018_16_CHI_SF,CHI,3.5,58,0.3103448275862069,0.6896551724137931,0
2018,2018_16_CHI_SF,SF,-3.5,54,0.1111111111111111,0.8333333333333334,0.05555555555555555
2018,2018_16_CIN_CLE,CIN,-10,45,0,0.3111111111111111,0.6888888888888889
2018,2018_16_CIN_CLE,CLE,10,63,0.6190476190476191,0.380952380952381,0
2018,2018_16_DEN_OAK,DEN,2.5,62,0,0.3548387096774194,0.6451612903225806
2018,2018_16_DEN_OAK,LV,2.5,54,0.8518518518518519,0.14814814814814814,0
2018,2018_16_GB_NYJ,GB,3,70,0,0.5,0.5
2018,2018_16_GB_NYJ,NYJ,-3,57,0.43859649122807015,0.5614035087719298,0
2018,2018_16_HOU_PHI,HOU,-1,63,0,0.5555555555555556,0.4444444444444444
2018,2018_16_HOU_PHI,PHI,1,72,0.18055555555555555,0.8194444444444444,0
2018,2018_16_JAX_MIA,JAX,-3,60,0.13333333333333333,0.8666666666666667,0
2018,2018_16_JAX_MIA,MIA,3,43,0,0.8604651162790697,0.13953488372093023
2018,2018_16_KC_SEA,KC,1,60,0,0.6,0.4
2018,2018_16_KC_SEA,SEA,-1,71,0.4647887323943662,0.5352112676056338,0
2018,2018_16_LA_ARI,ARI,-14.5,53,0,0.2641509433962264,0.7358490566037735
2018,2018_16_LA_ARI,LA,14.5,65,0.49230769230769234,0.5076923076923077,0
2018,2018_16_MIN_DET,DET,-6.5,69,0.07246376811594203,0.4782608695652174,0.4492753623188406
2018,2018_16_MIN_DET,MIN,6.5,58,0.5172413793103449,0.3793103448275862,0.10344827586206896
2018,2018_16_NYG_IND,IND,10,62,0,0.3548387096774194,0.6451612903225806
2018,2018_16_NYG_IND,NYG,-10,61,0.4098360655737705,0.5901639344262295,0
2018,2018_16_PIT_NO,NO,6.5,60,0.16666666666666666,0.8333333333333334,0
2018,2018_16_PIT_NO,PIT,-6.5,69,0.08695652173913043,0.5797101449275363,0.3333333333333333
2018,2018_16_TB_DAL,DAL,7,48,0.6875,0.3125,0
2018,2018_16_TB_DAL,TB,-7,75,0,0.28,0.72
2018,2018_16_WAS_TEN,TEN,12.5,55,0.07272727272727272,0.9272727272727272,0
2018,2018_16_WAS_TEN,WAS,-12.5,59,0,0.9661016949152542,0.03389830508474576
2018,2018_17_ARI_SEA,ARI,-15.5,64,0,0.765625,0.234375
2018,2018_17_ARI_SEA,SEA,15.5,60,0.2,0.8,0
2018,2018_17_ATL_TB,ATL,2.5,73,0.136986301369863,0.5068493150684932,0.3561643835616438
2018,2018_17_ATL_TB,TB,-2.5,56,0.375,0.5178571428571429,0.10714285714285714
2018,2018_17_CAR_NO,CAR,-8,68,0.7352941176470589,0.2647058823529412,0
2018,2018_17_CAR_NO,NO,8,51,0,0.1568627450980392,0.8431372549019608
2018,2018_17_CHI_MIN,CHI,-6,62,0.5,0.5,0
2018,2018_17_CHI_MIN,MIN,6,52,0,0.34615384615384615,0.6538461538461539
2018,2018_17_CIN_PIT,CIN,-14,46,0.21739130434782608,0.717391304347826,0.06521739130434782
2018,2018_17_CIN_PIT,PIT,14,64,0.03125,0.90625,0.0625
2018,2018_17_CLE_BAL,BAL,7,71,0.7323943661971831,0.2676056338028169,0
2018,2018_17_CLE_BAL,CLE,-7,56,0,0.375,0.625
2018,2018_17_DAL_NYG,DAL,-7.5,67,0.08955223880597014,0.7761194029850746,0.13432835820895522
2018,2018_17_DAL_NYG,NYG,7.5,67,0.04477611940298507,0.746268656716418,0.208955223880597
2018,2018_17_DET_GB,DET,-7.5,70,0.6142857142857143,0.3857142857142858,0
2018,2018_17_DET_GB,GB,7.5,55,0,0.16363636363636364,0.8363636363636363
2018,2018_17_IND_TEN,IND,5,69,0.6086956521739131,0.391304347826087,0
2018,2018_17_IND_TEN,TEN,-5,45,0,0.3111111111111111,0.6888888888888889
2018,2018_17_JAX_HOU,HOU,7,73,0.726027397260274,0.273972602739726,0
2018,2018_17_JAX_HOU,JAX,-7,47,0,0.3829787234042553,0.6170212765957447
2018,2018_17_LAC_DEN,DEN,-7,74,0,0.6891891891891891,0.3108108108108108
2018,2018_17_LAC_DEN,LAC,7,53,0.41509433962264153,0.5849056603773585,0
2018,2018_17_MIA_BUF,BUF,5.5,58,0.6379310344827587,0.3620689655172414,0
2018,2018_17_MIA_BUF,MIA,-5.5,61,0,0.09836065573770492,0.9016393442622952
2018,2018_17_NYJ_NE,NE,14,61,0.6229508196721312,0.3770491803278688,0
2018,2018_17_NYJ_NE,NYJ,-14,55,0,0.21818181818181817,0.7818181818181819
2018,2018_17_OAK_KC,KC,14.5,53,0.8867924528301887,0.11320754716981132,0
2018,2018_17_OAK_KC,LV,-14.5,65,0,0.2,0.8
2018,2018_17_PHI_WAS,PHI,6,69,0.4492753623188406,0.5507246376811594,0
2018,2018_17_PHI_WAS,WAS,-6,44,0,0.2727272727272727,0.7272727272727273
2018,2018_17_SF_LA,LA,10.5,68,0.9558823529411764,0.04411764705882353,0
2018,2018_17_SF_LA,SF,-10.5,57,0,0.07017543859649122,0.9298245614035088
2018,2018_18_IND_HOU,HOU,2,68,0,0.04411764705882353,0.9558823529411764
2018,2018_18_IND_HOU,IND,-2,64,0.75,0.25,0
2018,2018_18_LAC_BAL,BAL,3,57,0,0.38596491228070173,0.6140350877192983
2018,2018_18_LAC_BAL,LAC,-3,65,0.7538461538461538,0.24615384615384617,0
2018,2018_18_PHI_CHI,CHI,6.5,62,0.04838709677419355,0.9516129032258064,0
2018,2018_18_PHI_CHI,PHI,-6.5,63,0,0.9047619047619048,0.09523809523809525
2018,2018_18_SEA_DAL,DAL,2.5,66,0.19696969696969696,0.803030303030303,0
2018,2018_18_SEA_DAL,SEA,-2.5,52,0,0.8461538461538461,0.15384615384615383
2018,2018_19_DAL_LA,DAL,-7.5,55,0,0.2545454545454545,0.7454545454545455
2018,2018_19_DAL_LA,LA,7.5,73,0.4931506849315068,0.5068493150684932,0
2018,2018_19_IND_KC,IND,-4,53,0,0.05660377358490566,0.9433962264150944
2018,2018_19_IND_KC,KC,4,78,0.935897435897436,0.0641025641025641,0
2018,2018_19_LAC_NE,LAC,-4,63,0,0.14285714285714285,0.8571428571428571
2018,2018_19_LAC_NE,NE,4,76,0.7236842105263158,0.27631578947368424,0
2018,2018_19_PHI_NO,NO,8.5,69,0.2318840579710145,0.4782608695652174,0.2898550724637681
2018,2018_19_PHI_NO,PHI,-8.5,46,0.30434782608695654,0.5434782608695652,0.15217391304347827
2018,2018_20_LA_NO,LA,-3,64,0,0.5,0.5
2018,2018_20_LA_NO,NO,3,59,0.4406779661016949,0.559322033898305,0
2018,2018_20_NE_KC,KC,3,47,0,0.7021276595744681,0.2978723404255319
2018,2018_20_NE_KC,NE,-3,80,0.225,0.775,0
2018,2018_21_NE_LA,LA,-2,59,0,0.847457627118644,0.15254237288135594
2018,2018_21_NE_LA,NE,2,66,0.12121212121212122,0.8787878787878788,0
2019,2019_01_ATL_MIN,ATL,-3.5,67,0,0.04477611940298507,0.9552238805970148
2019,2019_01_ATL_MIN,MIN,3.5,47,0.9574468085106383,0.0425531914893617,0
2019,2019_01_BAL_MIA,BAL,7,71,0.8732394366197183,0.1267605633802817,0
2019,2019_01_BAL_MIA,MIA,-7,47,0,0.0851063829787234,0.9148936170212766
2019,2019_01_BUF_NYJ,BUF,-2.5,62,0.04838709677419355,0.5,0.4516129032258064
2019,2019_01_BUF_NYJ,NYJ,2.5,66,0.7121212121212122,0.2727272727272727,0.01515151515151515
2019,2019_01_CIN_SEA,CIN,-9.5,70,0,1,0
2019,2019_01_CIN_SEA,SEA,9.5,47,0.06382978723404255,0.9361702127659576,0
2019,2019_01_DEN_OAK,DEN,3,57,0,0.19298245614035087,0.8070175438596491
2019,2019_01_DEN_OAK,LV,3,53,0.5849056603773585,0.41509433962264153,0
2019,2019_01_DET_ARI,ARI,-2.5,67,0,0.26865671641791045,0.7313432835820896
2019,2019_01_DET_ARI,DET,2.5,66,0.6060606060606061,0.3939393939393939,0
2019,2019_01_GB_CHI,CHI,3.5,65,0,0.8,0.2
2019,2019_01_GB_CHI,GB,-3.5,55,0.14545454545454545,0.8545454545454545,0
2019,2019_01_HOU_NO,HOU,-6.5,59,0.01694915254237288,0.9322033898305084,0.05084745762711865
2019,2019_01_HOU_NO,NO,6.5,63,0.1111111111111111,0.5714285714285714,0.31746031746031744
2019,2019_01_IND_LAC,IND,-6,62,0,0.3548387096774194,0.6451612903225806
2019,2019_01_IND_LAC,LAC,6,51,0.5098039215686274,0.4901960784313726,0
2019,2019_01_KC_JAX,JAX,-3.5,50,0,0.54,0.46
2019,2019_01_KC_JAX,KC,3.5,59,0.6779661016949152,0.3220338983050847,0
2019,2019_01_LA_CAR,CAR,-1.5,63,0,0.3968253968253968,0.6031746031746031
2019,2019_01_LA_CAR,LA,1.5,70,0.6285714285714286,0.37142857142857144,0
2019,2019_01_NYG_DAL,DAL,7,60,0.5333333333333333,0.4666666666666667,0
2019,2019_01_NYG_DAL,NYG,-7,66,0,0.25757575757575757,0.7424242424242424
2019,2019_01_PIT_NE,NE,5.5,67,0.8059701492537313,0.19402985074626863,0
2019,2019_01_PIT_NE,PIT,-5.5,61,0,0.14754098360655735,0.8524590163934426
2019,2019_01_SF_TB,SF,-1,58,0.29310344827586204,0.7068965517241379,0
2019,2019_01_SF_TB,TB,1,64,0,0.6875,0.3125
2019,2019_01_TEN_CLE,CLE,5.5,63,0,0.5396825396825397,0.4603174603174603
2019,2019_01_TEN_CLE,TEN,-5.5,54,0.4074074074074074,0.5925925925925926,0
2019,2019_01_WAS_PHI,PHI,10.5,70,0.2714285714285714,0.4,0.32857142857142857
2019,2019_01_WAS_PHI,WAS,-10.5,57,0.2807017543859649,0.40350877192982454,0.3157894736842105
2019,2019_02_ARI_BAL,ARI,-13,53,0,0.2830188679245283,0.71698113207547165
2019,2019_02_ARI_BAL,BAL,13,70,0.7714285714285715,0.22857142857142856,0
2019,2019_02_BUF_NYG,BUF,1,65,0.5384615384615384,0.4615384615384616,0
2019,2019_02_BUF_NYG,NYG,-1,66,0.0303030303030303,0.19696969696969696,0.7727272727272727
2019,2019_02_CHI_DEN,CHI,3,56,0.23214285714285715,0.75,0.01785714285714285
2019,2019_02_CHI_DEN,DEN,-3,76,0,0.6578947368421053,0.34210526315789475
2019,2019_02_CLE_NYJ,CLE,6.5,58,0.5862068965517241,0.41379310344827586,0
2019,2019_02_CLE_NYJ,NYJ,-6.5,59,0,0.2033898305084746,0.7966101694915254
2019,2019_02_DAL_WAS,DAL,6,64,0.5,0.5,0
2019,2019_02_DAL_WAS,WAS,-6,54,0.03703703703703703,0.4444444444444444,0.5185185185185185
2019,2019_02_IND_TEN,IND,-3,63,0.1746031746031746,0.8253968253968254,0
2019,2019_02_IND_TEN,TEN,3,54,0.18518518518518515,0.8148148148148148,0
2019,2019_02_JAX_HOU,HOU,7.5,62,0.14516129032258066,0.8548387096774194,0
2019,2019_02_JAX_HOU,JAX,-7.5,58,0,0.6379310344827587,0.3620689655172414
2019,2019_02_KC_OAK,KC,7,67,0.5223880597014925,0.34328358208955223,0.13432835820895522
2019,2019_02_KC_OAK,LV,7,60,0.05,0.38333333333333336,0.5666666666666667
2019,2019_02_LAC_DET,DET,-1,57,0.05263157894736842,0.9473684210526316,0
2019,2019_02_LAC_DET,LAC,1,62,0.1129032258064516,0.8870967741935484,0
2019,2019_02_MIN_GB,GB,3,69,0.8695652173913043,0.13043478260869565,0
2019,2019_02_MIN_GB,MIN,-3,60,0,0.45,0.55
2019,2019_02_NE_MIA,MIA,-18,61,0,0.26229508196721313,0.7377049180327869
2019,2019_02_NE_MIA,NE,18,64,0.703125,0.296875,0
2019,2019_02_NO_LA,LA,2,58,0.25862068965517243,0.7413793103448276,0
2019,2019_02_NO_LA,NO,-2,57,0,0.631578947368421,0.3684210526315789
2019,2019_02_PHI_ATL,ATL,-1,60,0.31666666666666665,0.6833333333333333,0
2019,2019_02_PHI_ATL,PHI,1,72,0,0.75,0.25
2019,2019_02_SEA_PIT,PIT,4,51,0,0.7450980392156863,0.2549019607843137
2019,2019_02_SEA_PIT,SEA,-4,69,0.13043478260869565,0.8695652173913043,0
2019,2019_02_SF_CIN,CIN,1,65,0,0.3076923076923077,0.6923076923076923
2019,2019_02_SF_CIN,SF,-1,66,0.7727272727272727,0.2272727272727273,0
2019,2019_02_TB_CAR,CAR,6.5,73,0,0.9452054794520548,0.0547945205479452
2019,2019_02_TB_CAR,TB,-6.5,57,0.24561403508771928,0.7543859649122807,0
2019,2019_03_ATL_IND,ATL,-1,53,0,0.24528301886792453,0.7547169811320755
2019,2019_03_ATL_IND,IND,1,60,0.6833333333333333,0.31666666666666665,0
2019,2019_03_BAL_KC,BAL,-4.5,78,0,0.28205128205128205,0.717948717948718
2019,2019_03_BAL_KC,KC,4.5,61,0.6229508196721312,0.3770491803278688,0
2019,2019_03_CAR_ARI,ARI,2.5,73,0,0.7945205479452054,0.2054794520547945
2019,2019_03_CAR_ARI,CAR,-2.5,57,0.3157894736842105,0.6491228070175439,0.03508771929824561
2019,2019_03_CHI_WAS,CHI,5,58,0.6551724137931034,0.3448275862068966,0
2019,2019_03_CHI_WAS,WAS,-5,67,0,0.2835820895522388,0.7164179104477612
2019,2019_03_CIN_BUF,BUF,5.5,71,0.5633802816901409,0.43661971830985913,0
2019,2019_03_CIN_BUF,CIN,-5.5,56,0,0.4821428571428571,0.5178571428571429
2019,2019_03_DEN_GB,DEN,-7,72,0,0.5,0.5
2019,2019_03_DEN_GB,GB,7,51,0.5686274509803921,0.43137254901960786,0
2019,2019_03_DET_PHI,DET,-4,58,0.46551724137931033,0.5344827586206896,0
2019,2019_03_DET_PHI,PHI,4,69,0,0.6521739130434783,0.34782608695652173
2019,2019_03_HOU_LAC,HOU,-3,54,0.0925925925925926,0.6296296296296297,0.2777777777777778
2019,2019_03_HOU_LAC,LAC,3,69,0.2318840579710145,0.4927536231884058,0.2753623188405797
2019,2019_03_LA_CLE,CLE,-4,63,0.01587301587301587,0.8253968253968254,0.15873015873015872
2019,2019_03_LA_CLE,LA,4,63,0.12698412698412698,0.873015873015873,0
2019,2019_03_MIA_DAL,DAL,22,66,0.6666666666666666,0.3333333333333333,0
2019,2019_03_MIA_DAL,MIA,-22,68,0,0.4852941176470588,0.5147058823529411
2019,2019_03_NO_SEA,NO,-5,50,0.74,0.26,0
2019,2019_03_NO_SEA,SEA,5,75,0,0.4,0.6
2019,2019_03_NYG_TB,NYG,-5,60,0,0.55,0.45
2019,2019_03_NYG_TB,TB,5,72,0.4444444444444444,0.5555555555555556,0
2019,2019_03_NYJ_NE,NE,20.5,71,0.8732394366197183,0.1267605633802817,0
2019,2019_03_NYJ_NE,NYJ,-20.5,47,0,0.14893617021276595,0.851063829787234
2019,2019_03_OAK_MIN,LV,-8.5,58,0,0.13793103448275862,0.8620689655172413
2019,2019_03_OAK_MIN,MIN,8.5,57,0.7719298245614035,0.22807017543859648,0
2019,2019_03_PIT_SF,PIT,-6,51,0,0.9215686274509804,0.0784313725490196
2019,2019_03_PIT_SF,SF,6,72,0.01388888888888888,0.9861111111111112,0
2019,2019_03_TEN_JAX,JAX,-1.5,49,0.9183673469387756,0.08163265306122448,0
2019,2019_03_TEN_JAX,TEN,1.5,75,0,0.06666666666666667,0.9333333333333332
2019,2019_04_CAR_HOU,CAR,-5.5,65,0.13846153846153847,0.8615384615384616,0
2019,2019_04_CAR_HOU,HOU,5.5,61,0,0.9344262295081968,0.06557377049180328
2019,2019_04_CIN_PIT,CIN,-3.5,64,0,0.390625,0.609375
2019,2019_04_CIN_PIT,PIT,3.5,53,0.5471698113207547,0.4528301886792453,0
2019,2019_04_CLE_BAL,BAL,7.5,66,0,0.5606060606060606,0.4393939393939394
2019,2019_04_CLE_BAL,CLE,-7.5,60,0.35,0.65,0
2019,2019_04_DAL_NO,DAL,2.5,53,0,0.9245283018867924,0.07547169811320754
2019,2019_04_DAL_NO,NO,-2.5,62,0.3225806451612903,0.6774193548387096,0
2019,2019_04_JAX_DEN,DEN,2.5,53,0.37735849056603776,0.5849056603773585,0.03773584905660377
2019,2019_04_JAX_DEN,JAX,-2.5,76,0.09210526315789472,0.4868421052631579,0.42105263157894735
2019,2019_04_KC_DET,DET,-7.5,73,0.0136986301369863,0.9315068493150684,0.0547945205479452
2019,2019_04_KC_DET,KC,7.5,67,0.02985074626865671,0.8805970149253731,0.08955223880597014
2019,2019_04_LAC_MIA,LAC,15,62,0.4032258064516129,0.5967741935483871,0
2019,2019_04_LAC_MIA,MIA,-15,47,0,0.723404255319149,0.2765957446808511
2019,2019_04_MIN_CHI,CHI,-1,67,0.7164179104477612,0.2835820895522388,0
2019,2019_04_MIN_CHI,MIN,1,58,0,0.3448275862068966,0.6551724137931034
2019,2019_04_NE_BUF,BUF,-7,70,0,0.4857142857142857,0.5142857142857142
2019,2019_04_NE_BUF,NE,7,59,0.6610169491525424,0.3389830508474576,0
2019,2019_04_OAK_IND,IND,5.5,68,0,0.22058823529411764,0.7794117647058824
2019,2019_04_OAK_IND,LV,-5.5,63,0.6666666666666666,0.3333333333333333,0
2019,2019_04_PHI_GB,GB,3.5,73,0.2328767123287671,0.547945205479452,0.2191780821917808
2019,2019_04_PHI_GB,PHI,-3.5,58,0.15517241379310345,0.7241379310344828,0.1206896551724138
2019,2019_04_SEA_ARI,ARI,-5.5,58,0,0.3620689655172414,0.6379310344827587
2019,2019_04_SEA_ARI,SEA,5.5,59,0.7796610169491526,0.22033898305084745,0
2019,2019_04_TB_LA,LA,9,81,0,0.19753086419753085,0.8024691358024691
2019,2019_04_TB_LA,TB,-9,72,0.5833333333333334,0.4166666666666667,0
2019,2019_04_TEN_ATL,ATL,3.5,75,0,0.3466666666666667,0.6533333333333333
2019,2019_04_TEN_ATL,TEN,-3.5,61,0.5901639344262295,0.4098360655737705,0
2019,2019_04_WAS_NYG,NYG,3,66,0.8787878787878788,0.12121212121212122,0
2019,2019_04_WAS_NYG,WAS,-3,48,0,0.08333333333333333,0.9166666666666666
2019,2019_05_ARI_CIN,ARI,-3,70,0.21428571428571427,0.7857142857142857,0
2019,2019_05_ARI_CIN,CIN,3,62,0,0.7096774193548387,0.2903225806451613
2019,2019_05_ATL_HOU,ATL,-4,67,0,0.5522388059701493,0.4477611940298507
2019,2019_05_ATL_HOU,HOU,4,67,0.4328358208955224,0.5671641791044776,0
2019,2019_05_BAL_PIT,BAL,3.5,67,0.1044776119402985,0.8955223880597015,0
2019,2019_05_BAL_PIT,PIT,-3.5,48,0,0.9166666666666666,0.08333333333333333
2019,2019_05_BUF_TEN,BUF,-3.5,61,0.18032786885245905,0.819672131147541,0
2019,2019_05_BUF_TEN,TEN,3.5,54,0,0.8333333333333334,0.16666666666666666
2019,2019_05_CHI_OAK,CHI,6.5,51,0.0784313725490196,0.4509803921568627,0.4705882352941176
2019,2019_05_CHI_OAK,LV,6.5,70,0.3857142857142858,0.6,0.01428571428571428
2019,2019_05_CLE_SF,CLE,-5,46,0,0.08695652173913043,0.9130434782608696
2019,2019_05_CLE_SF,SF,5,68,0.9705882352941176,0.02941176470588235,0
2019,2019_05_DEN_LAC,DEN,-4,54,0.7777777777777778,0.2222222222222222,0
2019,2019_05_DEN_LAC,LAC,4,63,0,0.1111111111111111,0.8888888888888888
2019,2019_05_GB_DAL,DAL,3.5,68,0,0.14705882352941177,0.8529411764705882
2019,2019_05_GB_DAL,GB,-3.5,62,0.7580645161290323,0.24193548387096775,0
2019,2019_05_IND_KC,IND,-10.5,72,0.1527777777777778,0.8472222222222222,0
2019,2019_05_IND_KC,KC,10.5,56,0,0.8035714285714286,0.19642857142857145
2019,2019_05_JAX_CAR,CAR,3,61,0.4098360655737705,0.5901639344262295,0
2019,2019_05_JAX_CAR,JAX,-3,76,0,0.5394736842105263,0.4605263157894737
2019,2019_05_LA_SEA,LA,-1.5,67,0.01492537313432835,0.9402985074626866,0.04477611940298507
2019,2019_05_LA_SEA,SEA,1.5,65,0.15384615384615383,0.8461538461538461,0
2019,2019_05_MIN_NYG,MIN,5.5,63,0.5079365079365079,0.492063492063492,0
2019,2019_05_MIN_NYG,NYG,-5.5,62,0,0.3870967741935484,0.6129032258064516
2019,2019_05_NE_WAS,NE,15.5,74,0.40540540540540543,0.5945945945945946,0
2019,2019_05_NE_WAS,WAS,-15.5,53,0,0.49056603773584906,0.5094339622641509
2019,2019_05_NYJ_PHI,NYJ,-14,55,0,0.10909090909090909,0.8909090909090909
2019,2019_05_NYJ_PHI,PHI,14,57,0.8421052631578947,0.15789473684210523,0
2019,2019_05_TB_NO,NO,3,66,0.48484848484848486,0.5151515151515151,0
2019,2019_05_TB_NO,TB,-3,55,0,0.3636363636363637,0.6363636363636364
2019,2019_06_ATL_ARI,ARI,-3,62,0.5645161290322581,0.43548387096774194,0
2019,2019_06_ATL_ARI,ATL,3,63,0,0.4444444444444444,0.5555555555555556
2019,2019_06_CAR_TB,CAR,2,62,0.5967741935483871,0.4032258064516129,0
2019,2019_06_CAR_TB,TB,-2,75,0,0.29333333333333333,0.7066666666666667
2019,2019_06_CIN_BAL,BAL,10.5,73,0.7808219178082192,0.2191780821917808,0
2019,2019_06_CIN_BAL,CIN,-10.5,55,0,0.14545454545454545,0.8545454545454545
2019,2019_06_DAL_NYJ,DAL,7,75,0,0.3333333333333333,0.6666666666666666
2019,2019_06_DAL_NYJ,NYJ,-7,51,0.5098039215686274,0.4901960784313726,0
2019,2019_06_DET_GB,DET,-3.5,54,0.2962962962962963,0.7037037037037037,0
2019,2019_06_DET_GB,GB,3.5,67,0,0.7014925373134329,0.29850746268656714
2019,2019_06_HOU_KC,HOU,-3.5,81,0.18518518518518515,0.5679012345679012,0.24691358024691357
2019,2019_06_HOU_KC,KC,3.5,46,0.30434782608695654,0.6304347826086957,0.06521739130434782
2019,2019_06_NO_JAX,JAX,2.5,54,0,0.7962962962962963,0.2037037037037037
2019,2019_06_NO_JAX,NO,-2.5,63,0.15873015873015872,0.8412698412698413,0
2019,2019_06_NYG_NE,NE,16.5,76,0.5789473684210527,0.42105263157894735,0
2019,2019_06_NYG_NE,NYG,-16.5,47,0,0.5531914893617021,0.44680851063829785
2019,2019_06_PHI_MIN,MIN,3.5,64,0.734375,0.265625,0
2019,2019_06_PHI_MIN,PHI,-3.5,65,0,0.15384615384615383,0.8461538461538461
2019,2019_06_PIT_LAC,LAC,6,59,0,0.1694915254237288,0.8305084745762712
2019,2019_06_PIT_LAC,PIT,-6,56,0.9285714285714286,0.07142857142857142,0
2019,2019_06_SEA_CLE,CLE,1,61,0.3114754098360656,0.6721311475409836,0.01639344262295082
2019,2019_06_SEA_CLE,SEA,-1,72,0.125,0.5694444444444444,0.3055555555555556
2019,2019_06_SF_LA,LA,3,50,0,0.56,0.44
2019,2019_06_SF_LA,SF,-3,74,0.44594594594594594,0.527027027027027,0.02702702702702703
2019,2019_06_TEN_DEN,DEN,1,57,0.5614035087719298,0.43859649122807015,0
2019,2019_06_TEN_DEN,TEN,-1,61,0,0.5245901639344263,0.47540983606557374
2019,2019_06_WAS_MIA,MIA,-6,68,0,0.5735294117647058,0.4264705882352941
2019,2019_06_WAS_MIA,WAS,6,57,0.45614035087719296,0.543859649122807,0
2019,2019_07_ARI_NYG,ARI,-3.5,58,0.3103448275862069,0.6896551724137931,0
2019,2019_07_ARI_NYG,NYG,3.5,65,0,0.5230769230769231,0.47692307692307695
2019,2019_07_BAL_SEA,BAL,-3,53,0.2830188679245283,0.71698113207547165,0
2019,2019_07_BAL_SEA,SEA,3,68,0.0588235294117647,0.7352941176470589,0.2058823529411765
2019,2019_07_HOU_IND,HOU,-1.5,61,0,0.3442622950819672,0.6557377049180327
2019,2019_07_HOU_IND,IND,1.5,65,0.5692307692307692,0.4307692307692308,0
2019,2019_07_JAX_CIN,CIN,-4,65,0,0.7076923076923077,0.2923076923076923
2019,2019_07_JAX_CIN,JAX,4,76,0.15789473684210523,0.8421052631578947,0
2019,2019_07_KC_DEN,DEN,-3,64,0,0.3125,0.6875
2019,2019_07_KC_DEN,KC,3,57,0.6666666666666666,0.3333333333333333,0
2019,2019_07_LAC_TEN,LAC,-3,60,0,0.9166666666666666,0.08333333333333333
2019,2019_07_LAC_TEN,TEN,3,60,0.2,0.8,0
2019,2019_07_LA_ATL,ATL,-3,52,0,0.5192307692307693,0.4807692307692308
2019,2019_07_LA_ATL,LA,3,74,0.6216216216216216,0.3783783783783784,0
2019,2019_07_MIA_BUF,BUF,17,51,0.17647058823529413,0.8235294117647058,0
2019,2019_07_MIA_BUF,MIA,-17,65,0.16923076923076924,0.5538461538461539,0.27692307692307694
2019,2019_07_MIN_DET,DET,-2.5,67,0,0.7761194029850746,0.22388059701492535
2019,2019_07_MIN_DET,MIN,2.5,67,0.23880597014925373,0.7611940298507462,0
2019,2019_07_NE_NYJ,NE,9.5,77,0.7272727272727273,0.2727272727272727,0
2019,2019_07_NE_NYJ,NYJ,-9.5,52,0,0.09615384615384616,0.903846153846154
2019,2019_07_NO_CHI,CHI,4,63,0,0.492063492063492,0.5079365079365079
2019,2019_07_NO_CHI,NO,-4,72,0.4305555555555556,0.5694444444444444,0
2019,2019_07_OAK_GB,GB,5.5,52,0.5769230769230769,0.4230769230769231,0
2019,2019_07_OAK_GB,LV,-5.5,61,0,0.45901639344262296,0.5409836065573771
2019,2019_07_PHI_DAL,DAL,3,66,0.9090909090909092,0.09090909090909093,0
2019,2019_07_PHI_DAL,PHI,-3,57,0,0.08771929824561403,0.912280701754386
2019,2019_07_SF_WAS,SF,10,62,0.2258064516129032,0.7741935483870968,0
2019,2019_07_SF_WAS,WAS,-10,41,0,0.8780487804878049,0.12195121951219512
2019,2019_08_ARI_NO,ARI,-12.5,49,0,0.5714285714285714,0.42857142857142855
2019,2019_08_ARI_NO,NO,12.5,70,0.32857142857142857,0.6714285714285714,0
2019,2019_08_CAR_SF,CAR,-4.5,63,0,0.12698412698412698,0.873015873015873
2019,2019_08_CAR_SF,SF,4.5,60,0.7166666666666667,0.2833333333333333,0
2019,2019_08_CIN_LA,CIN,-12,76,0,0.3815789473684211,0.618421052631579
2019,2019_08_CIN_LA,LA,12,57,0.6140350877192983,0.38596491228070173,0
2019,2019_08_CLE_NE,CLE,-9.5,58,0,0.08620689655172414,0.913793103448276
2019,2019_08_CLE_NE,NE,9.5,66,0.7727272727272727,0.2272727272727273,0
2019,2019_08_DEN_IND,DEN,-6,63,0.14285714285714285,0.8253968253968254,0.03174603174603174
2019,2019_08_DEN_IND,IND,6,59,0,0.9152542372881356,0.0847457627118644
2019,2019_08_GB_KC,GB,5,61,0.16393442622950818,0.8360655737704918,0
2019,2019_08_GB_KC,KC,-5,58,0,0.6206896551724138,0.3793103448275862
2019,2019_08_LAC_CHI,CHI,3.5,75,0.2,0.8,0
2019,2019_08_LAC_CHI,LAC,-3.5,42,0,0.8095238095238095,0.1904761904761905
2019,2019_08_MIA_PIT,MIA,-14,56,0.19642857142857145,0.44642857142857145,0.35714285714285715
2019,2019_08_MIA_PIT,PIT,14,67,0.19402985074626863,0.4328358208955224,0.373134328358209
2019,2019_08_NYG_DET,DET,6.5,59,0.5084745762711864,0.4915254237288136,0
2019,2019_08_NYG_DET,NYG,-6.5,67,0,0.31343283582089554,0.6865671641791045
2019,2019_08_NYJ_JAX,JAX,7,66,0.696969696969697,0.30303030303030304,0
2019,2019_08_NYJ_JAX,NYJ,-7,51,0,0.37254901960784315,0.6274509803921569
2019,2019_08_OAK_HOU,HOU,5,71,0.07042253521126761,0.8591549295774648,0.07042253521126761
2019,2019_08_OAK_HOU,LV,-5,53,0,1,0
2019,2019_08_PHI_BUF,BUF,1,58,0,0.5344827586206896,0.46551724137931033
2019,2019_08_PHI_BUF,PHI,-1,65,0.4153846153846154,0.5846153846153846,0
2019,2019_08_SEA_ATL,ATL,-7.5,69,0,0.2463768115942029,0.7536231884057971
2019,2019_08_SEA_ATL,SEA,7.5,53,0.6415094339622641,0.3584905660377358,0
2019,2019_08_TB_TEN,TB,-2,75,0.04,0.6,0.36
2019,2019_08_TB_TEN,TEN,2,55,0.3636363636363637,0.6181818181818182,0.01818181818181818
2019,2019_08_WAS_MIN,MIN,16.5,67,0.582089552238806,0.417910447761194,0
2019,2019_08_WAS_MIN,WAS,-16.5,41,0,0.7073170731707317,0.2926829268292683
2019,2019_09_CHI_PHI,CHI,-5,42,0,0.21428571428571427,0.7857142857142857
2019,2019_09_CHI_PHI,PHI,5,77,0.8051948051948052,0.1948051948051948,0
2019,2019_09_CLE_DEN,CLE,4,73,0,0.6575342465753424,0.3424657534246575
2019,2019_09_CLE_DEN,DEN,-4,40,0.4,0.6,0
2019,2019_09_DAL_NYG,DAL,6.5,65,0.16923076923076924,0.7384615384615385,0.09230769230769233
2019,2019_09_DAL_NYG,NYG,-6.5,68,0.16176470588235295,0.5588235294117647,0.27941176470588236
2019,2019_09_DET_OAK,DET,-2.5,62,0.01612903225806451,0.6451612903225806,0.3387096774193548
2019,2019_09_DET_OAK,LV,-2.5,68,0.14705882352941177,0.8529411764705882,0
2019,2019_09_GB_LAC,GB,4,49,0,0.3673469387755102,0.6326530612244898
2019,2019_09_GB_LAC,LAC,-4,66,0.5757575757575758,0.42424242424242425,0
2019,2019_09_HOU_JAX,HOU,-1,63,0.4126984126984127,0.5873015873015873,0
2019,2019_09_HOU_JAX,JAX,1,66,0,0.4696969696969697,0.5303030303030303
2019,2019_09_IND_PIT,IND,-1,65,0.1076923076923077,0.8769230769230769,0.01538461538461538
2019,2019_09_IND_PIT,PIT,1,59,0.13559322033898305,0.864406779661017,0
2019,2019_09_MIN_KC,KC,-5.5,57,0,1,0
2019,2019_09_MIN_KC,MIN,5.5,66,0.01515151515151515,0.9242424242424242,0.06060606060606061
2019,2019_09_NE_BAL,BAL,-3,62,0.7096774193548387,0.2903225806451613,0
2019,2019_09_NE_BAL,NE,3,65,0,0.4,0.6
2019,2019_09_NYJ_MIA,MIA,-3.5,62,0.6451612903225806,0.3548387096774194,0
2019,2019_09_NYJ_MIA,NYJ,3.5,62,0,0.4032258064516129,0.5967741935483871
2019,2019_09_SF_ARI,ARI,-10.5,50,0.08,0.44,0.48
2019,2019_09_SF_ARI,SF,10.5,67,0.6119402985074627,0.3880597014925373,0
2019,2019_09_TB_SEA,SEA,4,58,0.03448275862068965,0.7758620689655172,0.1896551724137931
2019,2019_09_TB_SEA,TB,-4,72,0.2222222222222222,0.6527777777777778,0.125
2019,2019_09_TEN_CAR,CAR,3.5,66,0.5606060606060606,0.4393939393939394,0
2019,2019_09_TEN_CAR,TEN,-3.5,62,0,0.1774193548387097,0.8225806451612904
2019,2019_09_WAS_BUF,BUF,10.5,58,0.8620689655172413,0.13793103448275862,0
2019,2019_09_WAS_BUF,WAS,-10.5,49,0,0.16326530612244897,0.8367346938775511
2019,2019_10_ARI_TB,ARI,-5.5,64,0.09375,0.828125,0.078125
2019,2019_10_ARI_TB,TB,5.5,78,0.02564102564102564,0.9615384615384616,0.01282051282051282
2019,2019_10_ATL_NO,ATL,-14,70,0.3142857142857143,0.6857142857142857,0
2019,2019_10_ATL_NO,NO,14,61,0,0.5409836065573771,0.45901639344262296
2019,2019_10_BAL_CIN,BAL,10.5,44,0.6590909090909091,0.3409090909090909,0
2019,2019_10_BAL_CIN,CIN,-10.5,72,0,0.04166666666666666,0.9583333333333334
2019,2019_10_BUF_CLE,BUF,-3,62,0,0.967741935483871,0.03225806451612903
2019,2019_10_BUF_CLE,CLE,3,65,0.13846153846153847,0.8615384615384616,0
2019,2019_10_CAR_GB,CAR,-5,69,0,0.37681159420289856,0.6231884057971014
2019,2019_10_CAR_GB,GB,5,58,0.5344827586206896,0.46551724137931033,0
2019,2019_10_DET_CHI,CHI,6,52,0.4230769230769231,0.5769230769230769,0
2019,2019_10_DET_CHI,DET,-6,73,0,0.4657534246575342,0.5342465753424658
2019,2019_10_KC_TEN,KC,5,78,0.1153846153846154,0.8589743589743589,0.02564102564102564
2019,2019_10_KC_TEN,TEN,-5,49,0,0.7346938775510204,0.2653061224489796
2019,2019_10_LAC_OAK,LAC,1,66,0,0.7878787878787878,0.21212121212121213
2019,2019_10_LAC_OAK,LV,1,55,0.34545454545454546,0.6545454545454545,0
2019,2019_10_LA_PIT,LA,4,69,0.0144927536231884,0.7391304347826086,0.2463768115942029
2019,2019_10_LA_PIT,PIT,-4,67,0.373134328358209,0.6268656716417911,0
2019,2019_10_MIA_IND,IND,11,68,0,0.8676470588235294,0.1323529411764706
2019,2019_10_MIA_IND,MIA,-11,61,0.13114754098360656,0.8688524590163934,0
2019,2019_10_MIN_DAL,DAL,3.5,70,0,0.7,0.3
2019,2019_10_MIN_DAL,MIN,-3.5,69,0.2898550724637681,0.7101449275362319,0
2019,2019_10_NYG_NYJ,NYG,3,63,0,0.5873015873015873,0.4126984126984127
2019,2019_10_NYG_NYJ,NYJ,-3,60,0.2833333333333333,0.7166666666666667,0
2019,2019_10_SEA_SF,SEA,-6.5,55,0.14545454545454545,0.6363636363636364,0.21818181818181817
2019,2019_10_SEA_SF,SF,6.5,67,0.1791044776119403,0.7313432835820896,0.08955223880597014
2019,2019_11_ARI_SF,ARI,-10,62,0.1129032258064516,0.8387096774193549,0.04838709677419355
2019,2019_11_ARI_SF,SF,10,66,0.06060606060606061,0.8181818181818182,0.12121212121212122
2019,2019_11_ATL_CAR,ATL,-3.5,59,0.711864406779661,0.288135593220339,0
2019,2019_11_ATL_CAR,CAR,3.5,70,0,0.32857142857142857,0.6714285714285714
2019,2019_11_BUF_MIA,BUF,7,66,0.6818181818181818,0.3181818181818182,0
2019,2019_11_BUF_MIA,MIA,-7,65,0,0.16923076923076924,0.8307692307692308
2019,2019_11_CHI_LA,CHI,-5,74,0,0.6621621621621622,0.33783783783783783
2019,2019_11_CHI_LA,LA,5,50,0.4,0.6,0
2019,2019_11_CIN_OAK,CIN,-13,58,0,0.7931034482758621,0.20689655172413793
2019,2019_11_CIN_OAK,LV,-13,63,0.36507936507936506,0.6349206349206349,0
2019,2019_11_DAL_DET,DAL,7.5,68,0.29411764705882354,0.6176470588235294,0.08823529411764706
2019,2019_11_DAL_DET,DET,-7.5,56,0.05357142857142857,0.625,0.32142857142857145
2019,2019_11_DEN_MIN,DEN,-10,75,0.52,0.4533333333333333,0.02666666666666667
2019,2019_11_DEN_MIN,MIN,10,58,0,0.27586206896551724,0.7241379310344828
2019,2019_11_HOU_BAL,BAL,4,62,0.6290322580645161,0.3709677419354839,0
2019,2019_11_HOU_BAL,HOU,-4,57,0,0.3157894736842105,0.6842105263157895
2019,2019_11_JAX_IND,IND,2.5,61,0.39344262295081966,0.6065573770491803,0
2019,2019_11_JAX_IND,JAX,-2.5,58,0,0.4482758620689655,0.5517241379310345
2019,2019_11_KC_LAC,KC,5.5,59,0.4576271186440678,0.5423728813559322,0
2019,2019_11_KC_LAC,LAC,-5.5,71,0,0.5915492957746479,0.4084507042253521
2019,2019_11_NE_PHI,NE,4.5,70,0.32857142857142857,0.5857142857142857,0.08571428571428572
2019,2019_11_NE_PHI,PHI,-4.5,65,0,0.6,0.4
2019,2019_11_NO_TB,NO,5,62,0.6774193548387096,0.3225806451612903,0
2019,2019_11_NO_TB,TB,-5,61,0,0.08196721311475409,0.918032786885246
2019,2019_11_NYJ_WAS,NYJ,-1,64,0.703125,0.296875,0
2019,2019_11_NYJ_WAS,WAS,1,61,0,0.2459016393442623,0.7540983606557377
2019,2019_11_PIT_CLE,CLE,3,67,0.9253731343283582,0.07462686567164178,0
2019,2019_11_PIT_CLE,PIT,-3,64,0,0.15625,0.84375
2019,2019_12_BAL_LA,BAL,3.5,71,0.8591549295774648,0.14084507042253522,0
2019,2019_12_BAL_LA,LA,-3.5,47,0,0.1276595744680851,0.8723404255319149
2019,2019_12_CAR_NO,CAR,-10,69,0.02898550724637681,0.4927536231884058,0.4782608695652174
2019,2019_12_CAR_NO,NO,10,58,0.5344827586206896,0.46551724137931033,0
2019,2019_12_DAL_NE,DAL,-5.5,59,0,0.6440677966101694,0.3559322033898305
2019,2019_12_DAL_NE,NE,5.5,64,0.5625,0.4375,0
2019,2019_12_DEN_BUF,BUF,3.5,71,0.647887323943662,0.352112676056338,0
2019,2019_12_DEN_BUF,DEN,-3.5,46,0,0.4782608695652174,0.5217391304347826
2019,2019_12_DET_WAS,DET,4,71,0,0.8732394366197183,0.1267605633802817
2019,2019_12_DET_WAS,WAS,-4,55,0.16363636363636364,0.8363636363636363,0
2019,2019_12_GB_SF,GB,-3,70,0,0.07142857142857142,0.9285714285714286
2019,2019_12_GB_SF,SF,3,44,0.9772727272727272,0.02272727272727272,0
2019,2019_12_IND_HOU,HOU,3.5,55,0.21818181818181817,0.7818181818181819,0
2019,2019_12_IND_HOU,IND,-3.5,64,0,1,0
2019,2019_12_JAX_TEN,JAX,-4.5,78,0,0.38461538461538464,0.6153846153846154
2019,2019_12_JAX_TEN,TEN,4.5,48,0.3958333333333333,0.6041666666666666,0
2019,2019_12_MIA_CLE,CLE,11,66,0.8181818181818182,0.18181818181818185,0
2019,2019_12_MIA_CLE,MIA,-11,62,0,0.0967741935483871,0.9032258064516128
2019,2019_12_NYG_CHI,CHI,6,66,0.3636363636363637,0.6363636363636364,0
2019,2019_12_NYG_CHI,NYG,-6,58,0.10344827586206896,0.4482758620689655,0.4482758620689655
2019,2019_12_OAK_NYJ,LV,3.5,56,0,0.32142857142857145,0.6785714285714286
2019,2019_12_OAK_NYJ,NYJ,-3.5,59,0.6440677966101694,0.3559322033898305,0
2019,2019_12_PIT_CIN,CIN,-5.5,51,0,0.9607843137254902,0.0392156862745098
2019,2019_12_PIT_CIN,PIT,5.5,65,0.15384615384615383,0.8461538461538461,0
2019,2019_12_SEA_PHI,PHI,-1,71,0,0.6619718309859155,0.3380281690140845
2019,2019_12_SEA_PHI,SEA,1,56,0.5892857142857143,0.4107142857142857,0
2019,2019_12_TB_ATL,ATL,3.5,80,0,0.4125,0.5875
2019,2019_12_TB_ATL,TB,-3.5,58,0.5172413793103449,0.4827586206896552,0
2019,2019_13_BUF_DAL,BUF,-6.5,62,0.5,0.4838709677419355,0.01612903225806451
2019,2019_13_BUF_DAL,DAL,6.5,72,0.05555555555555555,0.5277777777777778,0.4166666666666667
2019,2019_13_CHI_DET,CHI,5.5,61,0,0.6229508196721312,0.3770491803278688
2019,2019_13_CHI_DET,DET,-5.5,67,0.40298507462686567,0.5223880597014925,0.07462686567164178
2019,2019_13_CLE_PIT,CLE,1,63,0,0.6984126984126984,0.30158730158730157
2019,2019_13_CLE_PIT,PIT,-1,52,0.4423076923076923,0.5384615384615384,0.01923076923076923
2019,2019_13_GB_NYG,GB,6.5,57,0.47368421052631576,0.5263157894736842,0
2019,2019_13_GB_NYG,NYG,-6.5,64,0,0.609375,0.390625
2019,2019_13_LAC_DEN,DEN,-4.5,53,0.5471698113207547,0.4528301886792453,0
2019,2019_13_LAC_DEN,LAC,4.5,61,0,0.4098360655737705,0.5901639344262295
2019,2019_13_LA_ARI,ARI,-2.5,61,0,0.2786885245901639,0.7213114754098361
2019,2019_13_LA_ARI,LA,2.5,75,0.6266666666666667,0.37333333333333335,0
2019,2019_13_MIN_SEA,MIN,-2.5,52,0,0.7115384615384616,0.28846153846153844
2019,2019_13_MIN_SEA,SEA,2.5,75,0.26666666666666666,0.7333333333333333,0
2019,2019_13_NE_HOU,HOU,-3.5,49,0.5306122448979592,0.4693877551020408,0
2019,2019_13_NE_HOU,NE,3.5,79,0,0.27848101265822783,0.7215189873417721
2019,2019_13_NO_ATL,ATL,-7,84,0,0.3928571428571429,0.6071428571428571
2019,2019_13_NO_ATL,NO,7,48,0.5416666666666666,0.4583333333333333,0
2019,2019_13_NYJ_CIN,CIN,-2.5,59,0.7796610169491526,0.22033898305084745,0
2019,2019_13_NYJ_CIN,NYJ,2.5,69,0,0.3333333333333333,0.6666666666666666
2019,2019_13_OAK_KC,KC,11.5,58,0.8103448275862069,0.1896551724137931,0
2019,2019_13_OAK_KC,LV,-11.5,57,0,0.22807017543859648,0.7719298245614035
2019,2019_13_PHI_MIA,MIA,-10.5,62,0.24193548387096775,0.5967741935483871,0.16129032258064516
2019,2019_13_PHI_MIA,PHI,10.5,67,0.34328358208955223,0.4925373134328358,0.16417910447761194
2019,2019_13_SF_BAL,BAL,5.5,62,0.03225806451612903,0.967741935483871,0
2019,2019_13_SF_BAL,SF,-5.5,52,0,0.9807692307692308,0.01923076923076923
2019,2019_13_TB_JAX,JAX,-3,63,0,0.1111111111111111,0.8888888888888888
2019,2019_13_TB_JAX,TB,3,65,0.7230769230769231,0.27692307692307694,0
2019,2019_13_TEN_IND,IND,-1,66,0.09090909090909093,0.7727272727272727,0.13636363636363635
2019,2019_13_TEN_IND,TEN,1,55,0.09090909090909093,0.7090909090909091,0.2
2019,2019_13_WAS_CAR,CAR,10.5,73,0.2876712328767123,0.3972602739726027,0.3150684931506849
2019,2019_13_WAS_CAR,WAS,-10.5,59,0.1016949152542373,0.6440677966101694,0.2542372881355932
2019,2019_14_BAL_BUF,BAL,6.5,57,0.47368421052631576,0.5263157894736842,0
2019,2019_14_BAL_BUF,BUF,-6.5,68,0,0.5588235294117647,0.4411764705882353
2019,2019_14_CAR_ATL,ATL,3.5,66,0.3939393939393939,0.6060606060606061,0
2019,2019_14_CAR_ATL,CAR,-3.5,68,0,0.5,0.5
2019,2019_14_CIN_CLE,CIN,-6.5,70,0,0.6571428571428571,0.34285714285714286
2019,2019_14_CIN_CLE,CLE,6.5,51,0.392156862745098,0.6078431372549019,0
2019,2019_14_DAL_CHI,CHI,-3,66,0.6515151515151515,0.3484848484848485,0
2019,2019_14_DAL_CHI,DAL,3,72,0,0.4027777777777778,0.5972222222222222
2019,2019_14_DEN_HOU,DEN,-8,54,0.8703703703703703,0.12962962962962962,0
2019,2019_14_DEN_HOU,HOU,8,74,0,0.21621621621621623,0.7837837837837838
2019,2019_14_DET_MIN,DET,-12,67,0,0.14925373134328357,0.8507462686567164
2019,2019_14_DET_MIN,MIN,12,69,0.782608695652174,0.21739130434782608,0
2019,2019_14_IND_TB,IND,-3,59,0.3559322033898305,0.6440677966101694,0
2019,2019_14_IND_TB,TB,3,75,0.02666666666666667,0.7733333333333333,0.2
2019,2019_14_KC_NE,KC,-3,67,0.6268656716417911,0.373134328358209,0
2019,2019_14_KC_NE,NE,3,62,0.01612903225806451,0.5161290322580645,0.46774193548387094
2019,2019_14_LAC_JAX,JAX,-3.5,63,0,0.3492063492063492,0.6507936507936508
2019,2019_14_LAC_JAX,LAC,3.5,56,0.6785714285714286,0.32142857142857145,0
2019,2019_14_MIA_NYJ,MIA,-5,65,0,0.9076923076923076,0.09230769230769233
2019,2019_14_MIA_NYJ,NYJ,5,67,0.14925373134328357,0.8507462686567164,0
2019,2019_14_NYG_PHI,NYG,-9.5,51,0.43137254901960786,0.5686274509803921,0
2019,2019_14_NYG_PHI,PHI,9.5,77,0,0.5064935064935064,0.4935064935064935
2019,2019_14_PIT_ARI,ARI,-2.5,57,0,0.7543859649122807,0.24561403508771928
2019,2019_14_PIT_ARI,PIT,2.5,56,0.3928571428571429,0.6071428571428571,0
2019,2019_14_SEA_LA,LA,1,66,0.8333333333333334,0.16666666666666666,0
2019,2019_14_SEA_LA,SEA,-1,62,0,0.20967741935483872,0.7903225806451613
2019,2019_14_SF_NO,NO,1,68,0.19117647058823528,0.7058823529411765,0.10294117647058824
2019,2019_14_SF_NO,SF,-1,62,0.14516129032258066,0.7903225806451613,0.06451612903225806
2019,2019_14_TEN_OAK,LV,3,60,0,0.6833333333333333,0.31666666666666665
2019,2019_14_TEN_OAK,TEN,3,58,0.29310344827586204,0.7068965517241379,0
2019,2019_14_WAS_GB,GB,13,57,0.8771929824561403,0.12280701754385964,0
2019,2019_14_WAS_GB,WAS,-13,58,0,0.05172413793103448,0.9482758620689656
2019,2019_15_ATL_SF,ATL,-10.5,60,0,0.7666666666666667,0.23333333333333336
2019,2019_15_ATL_SF,SF,10.5,62,0.1774193548387097,0.8225806451612904,0
2019,2019_15_BUF_PIT,BUF,-1,63,0.09523809523809525,0.9047619047619048,0
2019,2019_15_BUF_PIT,PIT,1,56,0.07142857142857142,0.6071428571428571,0.32142857142857145
2019,2019_15_CHI_GB,CHI,-4,82,0,0.2926829268292683,0.7073170731707317
2019,2019_15_CHI_GB,GB,4,58,0.7758620689655172,0.22413793103448276,0
2019,2019_15_CLE_ARI,ARI,-3,59,0.576271186440678,0.423728813559322,0
2019,2019_15_CLE_ARI,CLE,3,66,0,0.2727272727272727,0.7272727272727273
2019,2019_15_DEN_KC,DEN,-10,57,0,0.21052631578947367,0.7894736842105263
2019,2019_15_DEN_KC,KC,10,61,0.9344262295081968,0.06557377049180328,0
2019,2019_15_HOU_TEN,HOU,-3,63,0.47619047619047616,0.5238095238095238,0
2019,2019_15_HOU_TEN,TEN,3,65,0,0.4153846153846154,0.5846153846153846
2019,2019_15_IND_NO,IND,-8,52,0,0.2692307692307692,0.7307692307692307
2019,2019_15_IND_NO,NO,8,60,0.8333333333333334,0.16666666666666666,0
2019,2019_15_JAX_OAK,JAX,-7,53,0,0.37735849056603776,0.6226415094339622
2019,2019_15_JAX_OAK,LV,-7,72,0.6805555555555556,0.2638888888888889,0.05555555555555555
2019,2019_15_LA_DAL,DAL,-1,67,0.6417910447761194,0.3582089552238806,0
2019,2019_15_LA_DAL,LA,1,67,0,0.2537313432835821,0.746268656716418
2019,2019_15_MIA_NYG,MIA,-3.5,69,0,0.6811594202898551,0.3188405797101449
2019,2019_15_MIA_NYG,NYG,3.5,63,0.4444444444444444,0.5555555555555556,0
2019,2019_15_MIN_LAC,LAC,-1,61,0,0.5081967213114754,0.4918032786885246
2019,2019_15_MIN_LAC,MIN,1,59,0.4576271186440678,0.5423728813559322,0
2019,2019_15_NE_CIN,CIN,-10.5,62,0.06451612903225806,0.41935483870967744,0.5161290322580645
2019,2019_15_NE_CIN,NE,10.5,61,0.3114754098360656,0.6885245901639344,0
2019,2019_15_NYJ_BAL,BAL,17,58,0.8448275862068966,0.15517241379310345,0
2019,2019_15_NYJ_BAL,NYJ,-17,57,0,0.15789473684210523,0.8421052631578947
2019,2019_15_PHI_WAS,PHI,7,73,0,1,0
2019,2019_15_PHI_WAS,WAS,-7,51,0,0.9411764705882352,0.0588235294117647
2019,2019_15_SEA_CAR,CAR,-6,71,0,0.11267605633802816,0.8873239436619719
2019,2019_15_SEA_CAR,SEA,6,61,0.7213114754098361,0.2786885245901639,0
2019,2019_15_TB_DET,DET,-5.5,62,0,0.12903225806451613,0.8709677419354839
2019,2019_15_TB_DET,TB,5.5,69,0.7536231884057971,0.2463768115942029,0
2019,2019_16_ARI_SEA,ARI,-8,67,0.6119402985074627,0.373134328358209,0.01492537313432835
2019,2019_16_ARI_SEA,SEA,8,56,0,0.5,0.5
2019,2019_16_BAL_CLE,BAL,9.5,69,0.5362318840579711,0.463768115942029,0
2019,2019_16_BAL_CLE,CLE,-9.5,52,0,0.5961538461538461,0.40384615384615385
2019,2019_16_BUF_NE,BUF,-7,53,0,0.7547169811320755,0.24528301886792453
2019,2019_16_BUF_NE,NE,7,66,0.13636363636363635,0.8636363636363636,0
2019,2019_16_CAR_IND,CAR,-7.5,71,0,0.04225352112676056,0.9577464788732394
2019,2019_16_CAR_IND,IND,7.5,59,0.864406779661017,0.13559322033898305,0
2019,2019_16_CIN_MIA,CIN,1.5,78,0,0.03846153846153846,0.9615384615384616
2019,2019_16_CIN_MIA,MIA,-1.5,71,0.7887323943661971,0.2112676056338028,0
2019,2019_16_DAL_PHI,DAL,2,62,0,0.5483870967741935,0.4516129032258064
2019,2019_16_DAL_PHI,PHI,-2,70,0.5714285714285714,0.42857142857142855,0
2019,2019_16_DET_DEN,DEN,9.5,65,0.2,0.8,0
2019,2019_16_DET_DEN,DET,-9.5,49,0,0.8163265306122449,0.1836734693877551
2019,2019_16_GB_MIN,GB,-4,72,0.16666666666666666,0.8055555555555556,0.02777777777777777
2019,2019_16_GB_MIN,MIN,4,53,0.05660377358490566,0.6415094339622641,0.3018867924528302
2019,2019_16_HOU_TB,HOU,3,62,0.4516129032258064,0.5483870967741935,0
2019,2019_16_HOU_TB,TB,-3,72,0,0.7361111111111112,0.2638888888888889
2019,2019_16_JAX_ATL,ATL,7.5,70,0.9142857142857144,0.08571428571428572,0
2019,2019_16_JAX_ATL,JAX,-7.5,58,0,0,1
2019,2019_16_KC_CHI,CHI,-6.5,58,0,0.25862068965517243,0.7413793103448276
2019,2019_16_KC_CHI,KC,6.5,62,0.7258064516129032,0.27419354838709675,0
2019,2019_16_LA_SF,LA,-7,70,0.02857142857142857,0.9714285714285714,0
2019,2019_16_LA_SF,SF,7,54,0.01851851851851851,0.9074074074074074,0.07407407407407407
2019,2019_16_NO_TEN,NO,3.5,63,0.25396825396825395,0.4126984126984127,0.3333333333333333
2019,2019_16_NO_TEN,TEN,-3.5,58,0.25862068965517243,0.3620689655172414,0.3793103448275862
2019,2019_16_NYG_WAS,NYG,1,58,0.46551724137931033,0.5344827586206896,0
2019,2019_16_NYG_WAS,WAS,-1,67,0,0.5373134328358209,0.4626865671641791
2019,2019_16_OAK_LAC,LAC,7.5,55,0,0.5272727272727272,0.4727272727272727
2019,2019_16_OAK_LAC,LV,-7.5,62,0.532258064516129,0.46774193548387094,0
2019,2019_16_PIT_NYJ,NYJ,-3,59,0.4915254237288136,0.5084745762711864,0
2019,2019_16_PIT_NYJ,PIT,3,66,0,0.6060606060606061,0.3939393939393939
2019,2019_17_ARI_LA,ARI,-7,60,0,0.4166666666666667,0.5833333333333334
2019,2019_17_ARI_LA,LA,7,78,0.34615384615384615,0.6538461538461539,0
2019,2019_17_ATL_TB,ATL,-1,86,0.10465116279069768,0.7906976744186046,0.10465116279069768
2019,2019_17_ATL_TB,TB,1,45,0.4222222222222222,0.5777777777777777,0
2019,2019_17_CHI_MIN,CHI,5.5,75,0.29333333333333333,0.7066666666666667,0
2019,2019_17_CHI_MIN,MIN,-5.5,47,0,0.7021276595744681,0.2978723404255319
2019,2019_17_CLE_CIN,CIN,-2.5,65,0.6153846153846154,0.38461538461538464,0
2019,2019_17_CLE_CIN,CLE,2.5,53,0,0.3018867924528302,0.6981132075471698
2019,2019_17_GB_DET,DET,-13.5,56,0.5,0.5,0
2019,2019_17_GB_DET,GB,13.5,85,0.02352941176470588,0.4588235294117647,0.5176470588235295
2019,2019_17_IND_JAX,IND,5,55,0,0.8181818181818182,0.18181818181818185
2019,2019_17_IND_JAX,JAX,-5,63,0.2222222222222222,0.7777777777777778,0
2019,2019_17_LAC_KC,KC,10,46,0.2608695652173913,0.7391304347826086,0
2019,2019_17_LAC_KC,LAC,-10,74,0,0.5945945945945946,0.40540540540540543
2019,2019_17_MIA_NE,MIA,-17.5,68,0,0.9411764705882352,0.0588235294117647
2019,2019_17_MIA_NE,NE,17.5,57,0,0.8947368421052632,0.10526315789473684
2019,2019_17_NO_CAR,CAR,-13.5,69,0,0.08695652173913043,0.9130434782608696
2019,2019_17_NO_CAR,NO,13.5,63,0.6666666666666666,0.3333333333333333,0
2019,2019_17_NYJ_BUF,BUF,-1.5,60,0,0.7333333333333333,0.26666666666666666
2019,2019_17_NYJ_BUF,NYJ,1.5,63,0.1904761904761905,0.8095238095238095,0
2019,2019_17_OAK_DEN,DEN,5.5,56,0.5,0.5,0
2019,2019_17_OAK_DEN,LV,-5.5,69,0,0.5362318840579711,0.463768115942029
2019,2019_17_PHI_NYG,NYG,-4,72,0,0.6388888888888888,0.3611111111111111
2019,2019_17_PHI_NYG,PHI,4,72,0.1527777777777778,0.8472222222222222,0
2019,2019_17_PIT_BAL,BAL,-2,68,0.5,0.5,0
2019,2019_17_PIT_BAL,PIT,2,49,0,0.5918367346938775,0.40816326530612246
2019,2019_17_SF_SEA,SEA,-3.5,70,0,0.32857142857142857,0.6714285714285714
2019,2019_17_SF_SEA,SF,3.5,48,0.6458333333333334,0.3541666666666667,0
2019,2019_17_TEN_HOU,HOU,-10,65,0,0.47692307692307695,0.5230769230769231
2019,2019_17_TEN_HOU,TEN,10,57,0.543859649122807,0.45614035087719296,0
2019,2019_17_WAS_DAL,DAL,13,71,0.6619718309859155,0.3380281690140845,0
2019,2019_17_WAS_DAL,WAS,-13,59,0,0.3898305084745763,0.6101694915254238
2019,2019_18_BUF_HOU,BUF,-2.5,70,0.4,0.5857142857142857,0.01428571428571428
2019,2019_18_BUF_HOU,HOU,2.5,53,0.07547169811320754,0.5471698113207547,0.37735849056603776
2019,2019_18_MIN_NO,MIN,-7.5,64,0.171875,0.78125,0.046875
2019,2019_18_MIN_NO,NO,7.5,54,0,0.7962962962962963,0.2037037037037037
2019,2019_18_SEA_PHI,PHI,1,61,0,0.5737704918032787,0.4262295081967213
2019,2019_18_SEA_PHI,SEA,-1,54,0.2777777777777778,0.7222222222222222,0
2019,2019_18_TEN_NE,NE,4.5,59,0.05084745762711865,0.9322033898305084,0.01694915254237288
2019,2019_18_TEN_NE,TEN,-4.5,57,0.05263157894736842,0.9473684210526316,0
2019,2019_19_HOU_KC,HOU,-10,77,0.2857142857142857,0.1948051948051948,0.5194805194805194
2019,2019_19_HOU_KC,KC,10,54,0.42592592592592593,0.3148148148148148,0.25925925925925924
2019,2019_19_MIN_SF,MIN,-7,45,0,0.37777777777777777,0.6222222222222222
2019,2019_19_MIN_SF,SF,7,66,0.5303030303030303,0.4696969696969697,0
2019,2019_19_SEA_GB,GB,4.5,56,0.6428571428571429,0.35714285714285715,0
2019,2019_19_SEA_GB,SEA,-4.5,59,0,0.2033898305084746,0.7966101694915254
2019,2019_19_TEN_BAL,BAL,10,91,0,0.2967032967032967,0.7032967032967034
2019,2019_19_TEN_BAL,TEN,-10,51,0.7254901960784313,0.27450980392156865,0
2019,2019_20_GB_SF,GB,-8,58,0,0.1724137931034483,0.8275862068965517
2019,2019_20_GB_SF,SF,8,48,0.8125,0.1875,0
2019,2019_20_TEN_KC,KC,7.5,62,0.3387096774193548,0.6612903225806451,0
2019,2019_20_TEN_KC,TEN,-7.5,57,0,0.7017543859649122,0.2982456140350877
2019,2019_21_SF_KC,KC,1.5,72,0.05555555555555555,0.6666666666666666,0.2777777777777778
2019,2019_21_SF_KC,SF,-1.5,53,0.1320754716981132,0.7358490566037735,0.1320754716981132
2020,2020_01_ARI_SF,ARI,-7,75,0.02666666666666667,0.9333333333333332,0.04
2020,2020_01_ARI_SF,SF,7,61,0.08196721311475409,0.918032786885246,0
2020,2020_01_CHI_DET,CHI,-2.5,65,0,0.6,0.4
2020,2020_01_CHI_DET,DET,2.5,71,0.4507042253521127,0.5211267605633803,0.02816901408450704
2020,2020_01_CLE_BAL,BAL,7,57,0.7894736842105263,0.21052631578947367,0
2020,2020_01_CLE_BAL,CLE,-7,67,0,0.31343283582089554,0.6865671641791045
2020,2020_01_DAL_LA,DAL,-1,69,0,0.8840579710144928,0.11594202898550723
2020,2020_01_DAL_LA,LA,1,71,0.3661971830985915,0.6338028169014085,0
2020,2020_01_GB_MIN,GB,-1,74,0.43243243243243246,0.5675675675675675,0
2020,2020_01_GB_MIN,MIN,1,49,0,0.30612244897959184,0.6938775510204082
2020,2020_01_HOU_KC,HOU,-9.5,57,0,0.3684210526315789,0.631578947368421
2020,2020_01_HOU_KC,KC,9.5,67,0.47761194029850745,0.5223880597014925,0
2020,2020_01_IND_JAX,IND,7,69,0.05797101449275362,0.8115942028985508,0.13043478260869565
2020,2020_01_IND_JAX,JAX,-7,46,0.06521739130434782,0.9347826086956522,0
2020,2020_01_LAC_CIN,CIN,-2.5,66,0.18181818181818185,0.8181818181818182,0
2020,2020_01_LAC_CIN,LAC,2.5,70,0.01428571428571428,0.9428571428571428,0.04285714285714286
2020,2020_01_LV_CAR,CAR,-3,65,0,0.6923076923076923,0.3076923076923077
2020,2020_01_LV_CAR,LV,3,61,0.18032786885245905,0.819672131147541,0
2020,2020_01_MIA_NE,MIA,-7.5,57,0,0.45614035087719296,0.543859649122807
2020,2020_01_MIA_NE,NE,7.5,62,0.6129032258064516,0.3870967741935484,0
2020,2020_01_NYJ_BUF,BUF,6.5,79,0.8354430379746836,0.16455696202531644,0
2020,2020_01_NYJ_BUF,NYJ,-6.5,51,0,0.1176470588235294,0.8823529411764706
2020,2020_01_PHI_WAS,PHI,5.5,67,0.3582089552238806,0.5074626865671642,0.13432835820895522
2020,2020_01_PHI_WAS,WAS,-5.5,67,0.14925373134328357,0.5522388059701493,0.29850746268656714
2020,2020_01_PIT_NYG,NYG,-6,63,0.01587301587301587,0.7142857142857143,0.2698412698412698
2020,2020_01_PIT_NYG,PIT,6,63,0.4444444444444444,0.5555555555555556,0
2020,2020_01_SEA_ATL,ATL,1,77,0,0.4805194805194805,0.5194805194805194
2020,2020_01_SEA_ATL,SEA,-1,57,0.38596491228070173,0.6140350877192983,0
2020,2020_01_TB_NO,NO,4,65,0.6461538461538462,0.35384615384615387,0
2020,2020_01_TB_NO,TB,-4,65,0,0.4,0.6
2020,2020_01_TEN_DEN,DEN,-3,59,0.11864406779661016,0.864406779661017,0.01694915254237288
2020,2020_01_TEN_DEN,TEN,3,78,0,0.9615384615384616,0.03846153846153846
2020,2020_02_ATL_DAL,ATL,-3,72,0.8055555555555556,0.19444444444444445,0
2020,2020_02_ATL_DAL,DAL,3,80,0,0.2,0.8
2020,2020_02_BAL_HOU,BAL,7.5,62,0.5806451612903226,0.41935483870967744,0
2020,2020_02_BAL_HOU,HOU,-7.5,56,0,0.30357142857142855,0.6964285714285714
2020,2020_02_BUF_MIA,BUF,5.5,57,0.22807017543859648,0.7719298245614035,0
2020,2020_02_BUF_MIA,MIA,-5.5,71,0,0.7887323943661971,0.2112676056338028
2020,2020_02_CAR_TB,CAR,-7.5,71,0,0.1267605633802817,0.8732394366197183
2020,2020_02_CAR_TB,TB,7.5,57,0.7719298245614035,0.22807017543859648,0
2020,2020_02_CIN_CLE,CIN,-6,87,0,0.25287356321839083,0.7471264367816092
2020,2020_02_CIN_CLE,CLE,6,56,0.7321428571428571,0.26785714285714285,0
2020,2020_02_DEN_PIT,DEN,-6,72,0,0.3888888888888889,0.6111111111111112
2020,2020_02_DEN_PIT,PIT,6,62,0.6290322580645161,0.3709677419354839,0
2020,2020_02_DET_GB,DET,-7,58,0,0.603448275862069,0.39655172413793105
2020,2020_02_DET_GB,GB,7,64,0.5,0.484375,0.015625
2020,2020_02_JAX_TEN,JAX,-7,74,0,0.44594594594594594,0.5540540540540541
2020,2020_02_JAX_TEN,TEN,7,57,0.5964912280701754,0.40350877192982454,0
2020,2020_02_KC_LAC,KC,8.5,58,0,0.5689655172413793,0.43103448275862066
2020,2020_02_KC_LAC,LAC,-8.5,75,0.5333333333333333,0.4666666666666667,0
2020,2020_02_LA_PHI,LA,-2,64,0.609375,0.390625,0
2020,2020_02_LA_PHI,PHI,2,69,0,0.4782608695652174,0.5217391304347826
2020,2020_02_MIN_IND,IND,3.5,64,0.671875,0.328125,0
2020,2020_02_MIN_IND,MIN,-3.5,46,0,0.43478260869565216,0.5652173913043478
2020,2020_02_NE_SEA,NE,-4,69,0,0.7101449275362319,0.2898550724637681
2020,2020_02_NE_SEA,SEA,4,60,0.2833333333333333,0.7166666666666667,0
2020,2020_02_NO_LV,LV,-4,76,0.3684210526315789,0.618421052631579,0.0131578947368421
2020,2020_02_NO_LV,NO,4,57,0,0.6140350877192983,0.38596491228070173
2020,2020_02_NYG_CHI,CHI,4.5,64,0.8125,0.1875,0
2020,2020_02_NYG_CHI,NYG,-4.5,60,0,0.3,0.7
2020,2020_02_SF_NYJ,NYJ,-7,61,0,0.45901639344262296,0.5409836065573771
2020,2020_02_SF_NYJ,SF,7,57,0.6842105263157895,0.3157894736842105,0
2020,2020_02_WAS_ARI,ARI,7.5,73,0.8493150684931506,0.1506849315068493,0
2020,2020_02_WAS_ARI,WAS,-7.5,60,0,0.11666666666666668,0.8833333333333333
2020,2020_03_CAR_LAC,CAR,-6,51,0.392156862745098,0.6078431372549019,0
2020,2020_03_CAR_LAC,LAC,6,73,0,0.3972602739726027,0.6027397260273972
2020,2020_03_CHI_ATL,ATL,2.5,64,0.734375,0.265625,0
2020,2020_03_CHI_ATL,CHI,-2.5,75,0.01333333333333333,0.4,0.5866666666666667
2020,2020_03_CIN_PHI,CIN,-5.5,57,0.10526315789473684,0.8421052631578947,0.05263157894736842
2020,2020_03_CIN_PHI,PHI,5.5,72,0.01388888888888888,0.9027777777777778,0.08333333333333333
2020,2020_03_DAL_SEA,DAL,-5.5,79,0,0.5949367088607594,0.4050632911392405
2020,2020_03_DAL_SEA,SEA,5.5,69,0.2318840579710145,0.7681159420289855,0
2020,2020_03_DET_ARI,ARI,4.5,63,0,1,0
2020,2020_03_DET_ARI,DET,-4.5,62,0.01612903225806451,0.9838709677419356,0
2020,2020_03_GB_NO,GB,-3.5,58,0.1206896551724138,0.8793103448275862,0
2020,2020_03_GB_NO,NO,3.5,57,0,0.8596491228070176,0.14035087719298245
2020,2020_03_HOU_PIT,HOU,-4,47,0,0.9361702127659576,0.06382978723404255
2020,2020_03_HOU_PIT,PIT,4,72,0.1111111111111111,0.8611111111111112,0.02777777777777777
2020,2020_03_KC_BAL,BAL,3.5,52,0,0.3076923076923077,0.6923076923076923
2020,2020_03_KC_BAL,KC,-3.5,73,0.6164383561643836,0.3835616438356164,0
2020,2020_03_LA_BUF,BUF,1.5,58,0.5689655172413793,0.41379310344827586,0.01724137931034482
2020,2020_03_LA_BUF,LA,-1.5,66,0,0.3333333333333333,0.6666666666666666
2020,2020_03_LV_NE,LV,-7,56,0,0.5535714285714286,0.44642857142857145
2020,2020_03_LV_NE,NE,7,65,0.35384615384615387,0.6461538461538462,0
2020,2020_03_MIA_JAX,JAX,3,63,0,0.09523809523809525,0.9047619047619048
2020,2020_03_MIA_JAX,MIA,-3,56,0.5357142857142857,0.4642857142857143,0
2020,2020_03_NYJ_IND,IND,12.5,54,0.7962962962962963,0.2037037037037037,0
2020,2020_03_NYJ_IND,NYJ,-12.5,60,0,0.3333333333333333,0.6666666666666666
2020,2020_03_SF_NYG,NYG,-3,49,0,0.4897959183673469,0.5102040816326531
2020,2020_03_SF_NYG,SF,3,70,0.42857142857142855,0.5714285714285714,0
2020,2020_03_TB_DEN,DEN,-6,59,0,0.2542372881355932,0.7457627118644068
2020,2020_03_TB_DEN,TB,6,62,0.7258064516129032,0.27419354838709675,0
2020,2020_03_TEN_MIN,MIN,-3,62,0.27419354838709675,0.7258064516129032,0
2020,2020_03_TEN_MIN,TEN,3,71,0,0.5915492957746479,0.4084507042253521
2020,2020_03_WAS_CLE,CLE,7.5,62,0.27419354838709675,0.7258064516129032,0
2020,2020_03_WAS_CLE,WAS,-7.5,62,0,0.6774193548387096,0.3225806451612903
2020,2020_04_ARI_CAR,ARI,3,55,0,0.09090909090909093,0.9090909090909092
2020,2020_04_ARI_CAR,CAR,-3,69,0.8115942028985508,0.18840579710144928,0
2020,2020_04_ATL_GB,ATL,-5,68,0,0.2058823529411765,0.7941176470588235
2020,2020_04_ATL_GB,GB,5,59,0.847457627118644,0.15254237288135594,0
2020,2020_04_BAL_WAS,BAL,14.5,54,0.7407407407407407,0.25925925925925924,0
2020,2020_04_BAL_WAS,WAS,-14.5,70,0,0.35714285714285715,0.6428571428571429
2020,2020_04_BUF_LV,BUF,3,57,0.3684210526315789,0.631578947368421,0
2020,2020_04_BUF_LV,LV,-3,68,0,0.6470588235294118,0.35294117647058826
2020,2020_04_CLE_DAL,CLE,-3.5,70,0.6428571428571429,0.35714285714285715,0
2020,2020_04_CLE_DAL,DAL,3.5,79,0,0.27848101265822783,0.7215189873417721
2020,2020_04_DEN_NYJ,DEN,-1,58,0.1206896551724138,0.8793103448275862,0
2020,2020_04_DEN_NYJ,NYJ,1,74,0,0.7837837837837838,0.21621621621621623
2020,2020_04_IND_CHI,CHI,-3.5,58,0,0.46551724137931033,0.5344827586206896
2020,2020_04_IND_CHI,IND,3.5,65,0.6923076923076923,0.3076923076923077,0
2020,2020_04_JAX_CIN,CIN,1,69,0.43478260869565216,0.5652173913043478,0
2020,2020_04_JAX_CIN,JAX,-1,62,0,0.6129032258064516,0.3870967741935484
2020,2020_04_LAC_TB,LAC,-7.5,49,0.3469387755102041,0.6122448979591837,0.04081632653061224
2020,2020_04_LAC_TB,TB,7.5,70,0.18571428571428572,0.4857142857142857,0.32857142857142857
2020,2020_04_MIN_HOU,HOU,3.5,62,0,0.41935483870967744,0.5806451612903226
2020,2020_04_MIN_HOU,MIN,-3.5,63,0.5238095238095238,0.47619047619047616,0
2020,2020_04_NE_KC,KC,7,52,0.3076923076923077,0.6923076923076923,0
2020,2020_04_NE_KC,NE,-7,74,0,0.7162162162162162,0.28378378378378377
2020,2020_04_NO_DET,DET,-3,56,0.10714285714285714,0.2857142857142857,0.6071428571428571
2020,2020_04_NO_DET,NO,3,66,0.5,0.30303030303030304,0.19696969696969696
2020,2020_04_NYG_LA,LA,13.5,54,0.2777777777777778,0.7222222222222222,0
2020,2020_04_NYG_LA,NYG,-13.5,66,0,0.6060606060606061,0.3939393939393939
2020,2020_04_PHI_SF,PHI,-8.5,59,0.05084745762711865,0.9491525423728814,0
2020,2020_04_PHI_SF,SF,8.5,69,0.04347826086956521,0.6811594202898551,0.2753623188405797
2020,2020_04_SEA_MIA,MIA,-4.5,68,0,0.7941176470588235,0.2058823529411765
2020,2020_04_SEA_MIA,SEA,4.5,59,0.3728813559322034,0.6271186440677966,0
2020,2020_05_ARI_NYJ,ARI,7,64,0.609375,0.390625,0
2020,2020_05_ARI_NYJ,NYJ,-7,64,0,0.4375,0.5625
2020,2020_05_BUF_TEN,BUF,3,68,0,0.36764705882352944,0.6323529411764706
2020,2020_05_BUF_TEN,TEN,-3,62,0.7096774193548387,0.2903225806451613,0
2020,2020_05_CAR_ATL,ATL,2.5,61,0,0.6065573770491803,0.39344262295081966
2020,2020_05_CAR_ATL,CAR,-2.5,62,0.4838709677419355,0.4516129032258064,0.06451612903225806
2020,2020_05_CIN_BAL,BAL,12.5,61,0.8360655737704918,0.16393442622950818,0
2020,2020_05_CIN_BAL,CIN,-12.5,65,0,0.15384615384615383,0.8461538461538461
2020,2020_05_IND_CLE,CLE,1,72,0.5555555555555556,0.4444444444444444,0
2020,2020_05_IND_CLE,IND,-1,51,0,0.35294117647058826,0.6470588235294118
2020,2020_05_JAX_HOU,HOU,6.5,58,0.43103448275862066,0.5689655172413793,0
2020,2020_05_JAX_HOU,JAX,-6.5,73,0,0.6027397260273972,0.3972602739726027
2020,2020_05_LAC_NO,LAC,-7,64,0.359375,0.640625,0
2020,2020_05_LAC_NO,NO,7,67,0,0.417910447761194,0.582089552238806
2020,2020_05_LA_WAS,LA,7,64,0.734375,0.265625,0
2020,2020_05_LA_WAS,WAS,-7,52,0,0.36538461538461536,0.6346153846153846
2020,2020_05_LV_KC,KC,11,66,0.06060606060606061,0.7424242424242424,0.19696969696969696
2020,2020_05_LV_KC,LV,-11,65,0.24615384615384617,0.6,0.15384615384615383
2020,2020_05_MIA_SF,MIA,-8.5,61,0.8688524590163934,0.13114754098360656,0
2020,2020_05_MIA_SF,SF,8.5,59,0,0.1694915254237288,0.8305084745762712
2020,2020_05_MIN_SEA,MIN,-6.5,83,0.27710843373493976,0.6265060240963856,0.0963855421686747
2020,2020_05_MIN_SEA,SEA,6.5,52,0.03846153846153846,0.6153846153846154,0.34615384615384615
2020,2020_05_NYG_DAL,DAL,7.5,64,0.0625,0.6875,0.25
2020,2020_05_NYG_DAL,NYG,-7.5,61,0.19672131147540983,0.6557377049180327,0.14754098360655735
2020,2020_05_PHI_PIT,PHI,-7.5,57,0,0.5614035087719298,0.43859649122807015
2020,2020_05_PHI_PIT,PIT,7.5,65,0.3230769230769231,0.676923076923077,0
2020,2020_05_TB_CHI,CHI,-3.5,58,0,0.8620689655172413,0.13793103448275862
2020,2020_05_TB_CHI,TB,3.5,63,0.09523809523809525,0.9047619047619048,0
2020,2020_06_ARI_DAL,ARI,-1,59,0.4915254237288136,0.5084745762711864,0
2020,2020_06_ARI_DAL,DAL,1,84,0,0.16666666666666666,0.8333333333333334
2020,2020_06_ATL_MIN,ATL,-3.5,78,0.8333333333333334,0.16666666666666666,0
2020,2020_06_ATL_MIN,MIN,3.5,50,0,0.24,0.76
2020,2020_06_BAL_PHI,BAL,10.5,65,0.7692307692307693,0.2307692307692308,0
2020,2020_06_BAL_PHI,PHI,-10.5,64,0,0.15625,0.84375
2020,2020_06_CHI_CAR,CAR,2,62,0,0.6451612903225806,0.3548387096774194
2020,2020_06_CHI_CAR,CHI,-2,60,0.5,0.5,0
2020,2020_06_CIN_IND,CIN,-7.5,72,0.3055555555555556,0.6527777777777778,0.04166666666666666
2020,2020_06_CIN_IND,IND,7.5,59,0.0847457627118644,0.4915254237288136,0.423728813559322
2020,2020_06_CLE_PIT,CLE,-3,54,0,0.16666666666666666,0.8333333333333334
2020,2020_06_CLE_PIT,PIT,3,58,0.8275862068965517,0.1724137931034483,0
2020,2020_06_DEN_NE,DEN,-7,60,0.65,0.35,0
2020,2020_06_DEN_NE,NE,7,55,0,0.4909090909090909,0.509090909090909
2020,2020_06_DET_JAX,DET,3,67,0.8059701492537313,0.19402985074626863,0
2020,2020_06_DET_JAX,JAX,-3,60,0,0.2833333333333333,0.7166666666666667
2020,2020_06_GB_TB,GB,3,61,0,0.47540983606557374,0.5245901639344263
2020,2020_06_GB_TB,TB,-3,61,0.819672131147541,0.18032786885245905,0
2020,2020_06_HOU_TEN,HOU,-4,66,0.10606060606060606,0.4090909090909091,0.48484848484848486
2020,2020_06_HOU_TEN,TEN,4,64,0.40625,0.453125,0.140625
2020,2020_06_KC_BUF,BUF,-5.5,50,0,0.78,0.22
2020,2020_06_KC_BUF,KC,5.5,71,0.28169014084507044,0.7183098591549296,0
2020,2020_06_LA_SF,LA,2,57,0,0.14035087719298245,0.8596491228070176
2020,2020_06_LA_SF,SF,-2,68,0.7647058823529411,0.2352941176470588,0
2020,2020_06_NYJ_MIA,MIA,9.5,56,0.8035714285714286,0.19642857142857145,0
2020,2020_06_NYJ_MIA,NYJ,-9.5,69,0,0.2028985507246377,0.7971014492753623
2020,2020_06_WAS_NYG,NYG,2,44,0.4090909090909091,0.5909090909090909,0
2020,2020_06_WAS_NYG,WAS,-2,69,0,0.5362318840579711,0.463768115942029
2020,2020_07_BUF_NYJ,BUF,9.5,70,0.15714285714285714,0.7142857142857143,0.12857142857142856
2020,2020_07_BUF_NYJ,NYJ,-9.5,51,0.1176470588235294,0.803921568627451,0.0784313725490196
2020,2020_07_CAR_NO,CAR,-7,43,0,0.9302325581395348,0.06976744186046512
2020,2020_07_CAR_NO,NO,7,65,0.18461538461538465,0.8153846153846154,0
2020,2020_07_CHI_LA,CHI,-6.5,61,0,0.3114754098360656,0.6885245901639344
2020,2020_07_CHI_LA,LA,6.5,66,0.696969696969697,0.30303030303030304,0
2020,2020_07_CLE_CIN,CIN,-4.5,73,0.0547945205479452,0.9315068493150684,0.0136986301369863
2020,2020_07_CLE_CIN,CLE,4.5,49,0,0.979591836734694,0.02040816326530612
2020,2020_07_DAL_WAS,DAL,1,54,0,0.3148148148148148,0.6851851851851852
2020,2020_07_DAL_WAS,WAS,-1,64,0.640625,0.359375,0
2020,2020_07_DET_ATL,ATL,1,70,0.02857142857142857,0.9714285714285714,0
2020,2020_07_DET_ATL,DET,-1,55,0.01818181818181818,0.9090909090909092,0.07272727272727272
2020,2020_07_GB_HOU,GB,2.5,59,0.6610169491525424,0.3389830508474576,0
2020,2020_07_GB_HOU,HOU,-2.5,64,0,0.140625,0.859375
2020,2020_07_JAX_LAC,JAX,-8,59,0,0.3898305084745763,0.6101694915254238
2020,2020_07_JAX_LAC,LAC,8,73,0.4931506849315068,0.5068493150684932,0
2020,2020_07_KC_DEN,DEN,-7,76,0,0.3157894736842105,0.6842105263157895
2020,2020_07_KC_DEN,KC,7,48,0.625,0.375,0
2020,2020_07_NYG_PHI,NYG,-5,54,0.25925925925925924,0.7407407407407407,0
2020,2020_07_NYG_PHI,PHI,5,71,0.04225352112676056,0.9014084507042254,0.05633802816901408
2020,2020_07_PIT_TEN,PIT,-1,73,0.547945205479452,0.4520547945205479,0
2020,2020_07_PIT_TEN,TEN,1,56,0,0.35714285714285715,0.6428571428571429
2020,2020_07_SEA_ARI,ARI,-3.5,68,0,0.4117647058823529,0.5882352941176471
2020,2020_07_SEA_ARI,SEA,3.5,69,0.4057971014492754,0.5942028985507246,0
2020,2020_07_SF_NE,NE,3,49,0,0.22448979591836735,0.7755102040816326
2020,2020_07_SF_NE,SF,-3,63,0.5714285714285714,0.42857142857142855,0
2020,2020_07_TB_LV,LV,-3.5,63,0,0.5873015873015873,0.4126984126984127
2020,2020_07_TB_LV,TB,3.5,68,0.39705882352941174,0.5588235294117647,0.04411764705882353
2020,2020_08_ATL_CAR,ATL,-1.5,66,0.18181818181818185,0.6818181818181818,0.13636363636363635
2020,2020_08_ATL_CAR,CAR,1.5,52,0,0.7307692307692307,0.2692307692307692
2020,2020_08_DAL_PHI,DAL,-10,78,0,0.6410256410256411,0.358974358974359
2020,2020_08_DAL_PHI,PHI,10,57,0.21052631578947367,0.7894736842105263,0
2020,2020_08_IND_DET,DET,-3.5,59,0.03389830508474576,0.4067796610169492,0.559322033898305
2020,2020_08_IND_DET,IND,3.5,73,0.410958904109589,0.5205479452054794,0.0684931506849315
2020,2020_08_LAC_DEN,DEN,-3,57,0,0.47368421052631576,0.5263157894736842
2020,2020_08_LAC_DEN,LAC,3,84,0.5,0.5,0
2020,2020_08_LA_MIA,LA,3.5,91,0,0.2967032967032967,0.7032967032967034
2020,2020_08_LA_MIA,MIA,-3.5,47,0.6382978723404256,0.3617021276595745,0
2020,2020_08_LV_CLE,CLE,1,47,0,0.7021276595744681,0.2978723404255319
2020,2020_08_LV_CLE,LV,-1,69,0.2463768115942029,0.7536231884057971,0
2020,2020_08_MIN_GB,GB,5.5,65,0,0.5384615384615384,0.4615384615384616
2020,2020_08_MIN_GB,MIN,-5.5,49,0.3469387755102041,0.6530612244897959,0
2020,2020_08_NE_BUF,BUF,4,53,0.3018867924528302,0.6981132075471698,0
2020,2020_08_NE_BUF,NE,-4,61,0,0.6557377049180327,0.3442622950819672
2020,2020_08_NO_CHI,CHI,-5.5,63,0.14285714285714285,0.6507936507936508,0.2063492063492063
2020,2020_08_NO_CHI,NO,5.5,58,0.1206896551724138,0.6206896551724138,0.25862068965517243
2020,2020_08_NYJ_KC,KC,20,67,0.7611940298507462,0.23880597014925373,0
2020,2020_08_NYJ_KC,NYJ,-20,55,0,0.38181818181818183,0.6181818181818182
2020,2020_08_PIT_BAL,BAL,4,78,0.14102564102564102,0.8076923076923077,0.05128205128205128
2020,2020_08_PIT_BAL,PIT,-4,50,0.06,0.86,0.08
2020,2020_08_SF_SEA,SEA,1,64,0.609375,0.390625,0
2020,2020_08_SF_SEA,SF,-1,65,0,0.5538461538461539,0.4461538461538462
2020,2020_08_TB_NYG,NYG,-13,68,0.3088235294117647,0.4852941176470588,0.2058823529411765
2020,2020_08_TB_NYG,TB,13,65,0.1076923076923077,0.6923076923076923,0.2
2020,2020_08_TEN_CIN,CIN,-7.5,69,0.5797101449275363,0.42028985507246375,0
2020,2020_08_TEN_CIN,TEN,7.5,60,0,0.36666666666666664,0.6333333333333333
2020,2020_09_BAL_IND,BAL,-1,63,0.2063492063492063,0.7936507936507936,0
2020,2020_09_BAL_IND,IND,1,63,0.03174603174603174,0.5714285714285714,0.3968253968253968
2020,2020_09_CAR_KC,CAR,-10,75,0.01333333333333333,0.68,0.30666666666666664
2020,2020_09_CAR_KC,KC,10,57,0.19298245614035087,0.7719298245614035,0.03508771929824561
2020,2020_09_CHI_TEN,CHI,-6.5,75,0,0.29333333333333333,0.7066666666666667
2020,2020_09_CHI_TEN,TEN,6.5,53,0.41509433962264153,0.5849056603773585,0
2020,2020_09_DEN_ATL,ATL,4.5,67,0.6716417910447762,0.3283582089552239,0
2020,2020_09_DEN_ATL,DEN,-4.5,71,0,0.09859154929577464,0.9014084507042254
2020,2020_09_DET_MIN,DET,-3,73,0,0.136986301369863,0.863013698630137
2020,2020_09_DET_MIN,MIN,3,55,0.8545454545454545,0.14545454545454545,0
2020,2020_09_GB_SF,GB,6,62,0.6290322580645161,0.3709677419354839,0
2020,2020_09_GB_SF,SF,-6,53,0,0.3584905660377358,0.6415094339622641
2020,2020_09_HOU_JAX,HOU,7,59,0.3389830508474576,0.6610169491525424,0
2020,2020_09_HOU_JAX,JAX,-7,67,0,0.6417910447761194,0.3582089552238806
2020,2020_09_LV_LAC,LAC,-1,74,0,0.7702702702702703,0.22972972972972977
2020,2020_09_LV_LAC,LV,1,50,0.34,0.66,0
2020,2020_09_MIA_ARI,ARI,6,64,0,1,0
2020,2020_09_MIA_ARI,MIA,-6,53,0.05660377358490566,0.7735849056603774,0.16981132075471697
2020,2020_09_NE_NYJ,NE,9.5,74,0,0.527027027027027,0.47297297297297297
2020,2020_09_NE_NYJ,NYJ,-9.5,44,0.13636363636363635,0.8636363636363636,0
2020,2020_09_NO_TB,NO,-3,68,0.8529411764705882,0.14705882352941177,0
2020,2020_09_NO_TB,TB,3,45,0,0.2,0.8
2020,2020_09_NYG_WAS,NYG,-3,71,0.5070422535211268,0.4929577464788733,0
2020,2020_09_NYG_WAS,WAS,3,50,0,0.52,0.48
2020,2020_09_PIT_DAL,DAL,-14,70,0.4428571428571429,0.42857142857142855,0.12857142857142856
2020,2020_09_PIT_DAL,PIT,14,63,0.06349206349206349,0.5555555555555556,0.380952380952381
2020,2020_09_SEA_BUF,BUF,-3,61,0.8852459016393442,0.11475409836065574,0
2020,2020_09_SEA_BUF,SEA,3,63,0,0.04761904761904761,0.9523809523809524
2020,2020_10_BAL_NE,BAL,7,64,0,0.53125,0.46875
2020,2020_10_BAL_NE,NE,-7,56,0.44642857142857145,0.5535714285714286,0
2020,2020_10_BUF_ARI,ARI,3,70,0.11428571428571428,0.7,0.18571428571428572
2020,2020_10_BUF_ARI,BUF,-3,68,0.10294117647058824,0.8823529411764706,0.01470588235294117
2020,2020_10_CIN_PIT,CIN,-6.5,64,0,0.140625,0.859375
2020,2020_10_CIN_PIT,PIT,6.5,66,0.6818181818181818,0.3181818181818182,0
2020,2020_10_DEN_LV,DEN,-3.5,68,0,0.5735294117647058,0.4264705882352941
2020,2020_10_DEN_LV,LV,3.5,64,0.5,0.5,0
2020,2020_10_HOU_CLE,CLE,4.5,60,0.2833333333333333,0.7166666666666667,0
2020,2020_10_HOU_CLE,HOU,-4.5,53,0,0.8113207547169812,0.18867924528301888
2020,2020_10_IND_TEN,IND,1,68,0.1323529411764706,0.8676470588235294,0
2020,2020_10_IND_TEN,TEN,-1,60,0.01666666666666666,0.5666666666666667,0.4166666666666667
2020,2020_10_JAX_GB,GB,13.5,58,0.10344827586206896,0.896551724137931,0
2020,2020_10_JAX_GB,JAX,-13.5,61,0,0.918032786885246,0.08196721311475409
2020,2020_10_LAC_MIA,LAC,-1,62,0,0.14516129032258066,0.8548387096774194
2020,2020_10_LAC_MIA,MIA,1,54,0.9629629629629628,0.03703703703703703,0
2020,2020_10_MIN_CHI,CHI,-3.5,49,0.02040816326530612,0.7755102040816326,0.20408163265306123
2020,2020_10_MIN_CHI,MIN,3.5,69,0.15942028985507245,0.8260869565217391,0.0144927536231884
2020,2020_10_PHI_NYG,NYG,-4.5,65,0.6,0.4,0
2020,2020_10_PHI_NYG,PHI,4.5,63,0,0.2857142857142857,0.7142857142857143
2020,2020_10_SEA_LA,LA,3,67,0.47761194029850745,0.5223880597014925,0
2020,2020_10_SEA_LA,SEA,-3,65,0,0.5076923076923077,0.49230769230769234
2020,2020_10_SF_NO,NO,9.5,52,0.6153846153846154,0.38461538461538464,0
2020,2020_10_SF_NO,SF,-9.5,66,0.04545454545454545,0.6060606060606061,0.3484848484848485
2020,2020_10_TB_CAR,CAR,-6,47,0,0.6595744680851063,0.3404255319148936
2020,2020_10_TB_CAR,TB,6,74,0.40540540540540543,0.581081081081081,0.01351351351351351
2020,2020_10_WAS_DET,DET,2.5,55,0.6545454545454545,0.34545454545454546,0
2020,2020_10_WAS_DET,WAS,-2.5,82,0,0.4024390243902439,0.5975609756097561
2020,2020_11_ARI_SEA,ARI,-3,63,0,0.5238095238095238,0.47619047619047616
2020,2020_11_ARI_SEA,SEA,3,61,0.26229508196721313,0.7377049180327869,0
2020,2020_11_ATL_NO,ATL,-3.5,59,0,0.5932203389830508,0.4067796610169492
2020,2020_11_ATL_NO,NO,3.5,62,0.41935483870967744,0.5806451612903226,0
2020,2020_11_CIN_WAS,CIN,-2,66,0,0.7727272727272727,0.2272727272727273
2020,2020_11_CIN_WAS,WAS,2,58,0.4482758620689655,0.5517241379310345,0
2020,2020_11_DAL_MIN,DAL,-7,62,0.0967741935483871,0.9032258064516128,0
2020,2020_11_DAL_MIN,MIN,7,61,0.06557377049180328,0.8852459016393442,0.04918032786885246
2020,2020_11_DET_CAR,CAR,-3,67,0.5373134328358209,0.4626865671641791,0
2020,2020_11_DET_CAR,DET,3,54,0,0.46296296296296297,0.5370370370370371
2020,2020_11_GB_IND,GB,-1.5,53,0.1320754716981132,0.8113207547169812,0.05660377358490566
2020,2020_11_GB_IND,IND,1.5,70,0.11428571428571428,0.4142857142857143,0.4714285714285714
2020,2020_11_KC_LV,KC,7.5,71,0,1,0
2020,2020_11_KC_LV,LV,-7.5,56,0,0.9821428571428572,0.01785714285714285
2020,2020_11_LA_TB,LA,-4,70,0.24285714285714283,0.7571428571428571,0
2020,2020_11_LA_TB,TB,4,67,0,0.7611940298507462,0.23880597014925373
2020,2020_11_MIA_DEN,DEN,-4,63,0.2857142857142857,0.7142857142857143,0
2020,2020_11_MIA_DEN,MIA,4,61,0,0.5573770491803278,0.4426229508196721
2020,2020_11_NE_HOU,HOU,-2.5,56,0.4107142857142857,0.5892857142857143,0
2020,2020_11_NE_HOU,NE,2.5,65,0,0.47692307692307695,0.5230769230769231
2020,2020_11_NYJ_LAC,LAC,10,78,0.6923076923076923,0.3076923076923077,0
2020,2020_11_NYJ_LAC,NYJ,-10,55,0,0.14545454545454545,0.8545454545454545
2020,2020_11_PHI_CLE,CLE,2.5,63,0.5238095238095238,0.47619047619047616,0
2020,2020_11_PHI_CLE,PHI,-2.5,65,0,0.6615384615384615,0.3384615384615385
2020,2020_11_PIT_JAX,JAX,-11,56,0,0.4821428571428571,0.5178571428571429
2020,2020_11_PIT_JAX,PIT,11,70,0.6,0.4,0
2020,2020_11_TEN_BAL,BAL,6,60,0.25,0.75,0
2020,2020_11_TEN_BAL,TEN,-6,61,0,0.7213114754098361,0.2786885245901639
2020,2020_12_ARI_NE,ARI,1,70,0.07142857142857142,0.7571428571428571,0.17142857142857143
2020,2020_12_ARI_NE,NE,-1,50,0.1,0.9,0
2020,2020_12_BAL_PIT,BAL,-10.5,49,0,0.6326530612244898,0.3673469387755102
2020,2020_12_BAL_PIT,PIT,10.5,70,0.5714285714285714,0.42857142857142855,0
2020,2020_12_CAR_MIN,CAR,-3,63,0.4126984126984127,0.4603174603174603,0.12698412698412698
2020,2020_12_CAR_MIN,MIN,3,69,0.11594202898550723,0.463768115942029,0.42028985507246375
2020,2020_12_CHI_GB,CHI,-7.5,65,0,0.1076923076923077,0.8923076923076924
2020,2020_12_CHI_GB,GB,7.5,66,0.6515151515151515,0.3484848484848485,0
2020,2020_12_CLE_JAX,CLE,7.5,61,0.22950819672131148,0.7704918032786885,0
2020,2020_12_CLE_JAX,JAX,-7.5,59,0,0.7288135593220338,0.2711864406779661
2020,2020_12_HOU_DET,DET,-3,76,0.0131578947368421,0.5789473684210527,0.40789473684210525
2020,2020_12_HOU_DET,HOU,3,46,0.4565217391304347,0.4782608695652174,0.06521739130434782
2020,2020_12_KC_TB,KC,3.5,71,0.7323943661971831,0.2676056338028169,0
2020,2020_12_KC_TB,TB,-3.5,54,0,0.2037037037037037,0.7962962962962963
2020,2020_12_LAC_BUF,BUF,4.5,57,0.7017543859649122,0.2982456140350877,0
2020,2020_12_LAC_BUF,LAC,-4.5,79,0,0.3291139240506329,0.6708860759493671
2020,2020_12_LV_ATL,ATL,-3.5,69,0.5362318840579711,0.463768115942029,0
2020,2020_12_LV_ATL,LV,3.5,58,0,0.3620689655172414,0.6379310344827587
2020,2020_12_MIA_NYJ,MIA,7.5,66,0.6212121212121212,0.3787878787878788,0
2020,2020_12_MIA_NYJ,NYJ,-7.5,53,0,0.5094339622641509,0.49056603773584906
2020,2020_12_NO_DEN,DEN,-17,43,0,0.46511627906976744,0.5348837209302325
2020,2020_12_NO_DEN,NO,17,63,0.5873015873015873,0.4126984126984127,0
2020,2020_12_NYG_CIN,CIN,-6.5,45,0,0.7333333333333333,0.26666666666666666
2020,2020_12_NYG_CIN,NYG,6.5,78,0.15384615384615383,0.8461538461538461,0
2020,2020_12_SEA_PHI,PHI,-6.5,65,0,0.3384615384615385,0.6615384615384615
2020,2020_12_SEA_PHI,SEA,6.5,61,0.45901639344262296,0.5409836065573771,0
2020,2020_12_SF_LA,LA,5,60,0.03333333333333333,0.7666666666666667,0.2
2020,2020_12_SF_LA,SF,-5,70,0.18571428571428572,0.8142857142857143,0
2020,2020_12_TEN_IND,IND,3,66,0,0.3787878787878788,0.6212121212121212
2020,2020_12_TEN_IND,TEN,-3,65,0.5692307692307692,0.4307692307692308,0
2020,2020_12_WAS_DAL,DAL,2.5,57,0,0.7894736842105263,0.21052631578947367
2020,2020_12_WAS_DAL,WAS,-2.5,64,0.359375,0.640625,0
2020,2020_13_BUF_SF,BUF,-1.5,67,0.4477611940298507,0.5373134328358209,0.01492537313432835
2020,2020_13_BUF_SF,SF,1.5,60,0,0.48333333333333334,0.5166666666666667
2020,2020_13_CIN_MIA,CIN,-10.5,50,0,0.58,0.42
2020,2020_13_CIN_MIA,MIA,10.5,65,0.4615384615384616,0.5384615384615384,0
2020,2020_13_CLE_TEN,CLE,-4,69,0.7536231884057971,0.2463768115942029,0
2020,2020_13_CLE_TEN,TEN,4,66,0,0.10606060606060606,0.8939393939393939
2020,2020_13_DAL_BAL,BAL,8.5,54,0.5925925925925926,0.4074074074074074,0
2020,2020_13_DAL_BAL,DAL,-8.5,77,0,0.4675324675324675,0.5324675324675324
2020,2020_13_DEN_KC,DEN,-13,61,0,0.9344262295081968,0.06557377049180328
2020,2020_13_DEN_KC,KC,13,62,0.20967741935483872,0.7903225806451613,0
2020,2020_13_DET_CHI,CHI,3,67,0.4328358208955224,0.5671641791044776,0
2020,2020_13_DET_CHI,DET,-3,65,0,0.2923076923076923,0.7076923076923077
2020,2020_13_IND_HOU,HOU,-3.5,62,0,0.7903225806451613,0.20967741935483872
2020,2020_13_IND_HOU,IND,3.5,64,0.234375,0.765625,0
2020,2020_13_JAX_MIN,JAX,-10.5,65,0.13846153846153847,0.6307692307692307,0.2307692307692308
2020,2020_13_JAX_MIN,MIN,10.5,72,0.3055555555555556,0.5972222222222222,0.09722222222222222
2020,2020_13_LA_ARI,ARI,-2.5,61,0.08196721311475409,0.3442622950819672,0.5737704918032787
2020,2020_13_LA_ARI,LA,2.5,77,0.2077922077922078,0.7922077922077922,0
2020,2020_13_LV_NYJ,LV,7.5,73,0.1643835616438356,0.7808219178082192,0.0547945205479452
2020,2020_13_LV_NYJ,NYJ,-7.5,60,0.08333333333333333,0.65,0.26666666666666666
2020,2020_13_NE_LAC,LAC,2.5,70,0,0.2,0.8
2020,2020_13_NE_LAC,NE,-2.5,64,0.75,0.25,0
2020,2020_13_NO_ATL,ATL,-2.5,63,0,0.5079365079365079,0.492063492063492
2020,2020_13_NO_ATL,NO,2.5,75,0.44,0.56,0
2020,2020_13_NYG_SEA,NYG,-11,54,0.2962962962962963,0.7037037037037037,0
2020,2020_13_NYG_SEA,SEA,11,70,0,0.7,0.3
2020,2020_13_PHI_GB,GB,8,58,0.6724137931034483,0.3275862068965517,0
2020,2020_13_PHI_GB,PHI,-8,59,0,0.423728813559322,0.576271186440678
2020,2020_13_WAS_PIT,PIT,5.5,67,0.29850746268656714,0.6716417910447762,0.02985074626865671
2020,2020_13_WAS_PIT,WAS,-5.5,70,0.04285714285714286,0.45714285714285713,0.5
2020,2020_14_ARI_NYG,ARI,3,76,0.6710526315789473,0.32894736842105265,0
2020,2020_14_ARI_NYG,NYG,-3,49,0,0.32653061224489793,0.673469387755102
2020,2020_14_ATL_LAC,ATL,-1,55,0.09090909090909093,0.8727272727272727,0.03636363636363636
2020,2020_14_ATL_LAC,LAC,1,71,0.02816901408450704,0.971830985915493,0
2020,2020_14_BAL_CLE,BAL,3,56,0.23214285714285715,0.7678571428571429,0
2020,2020_14_BAL_CLE,CLE,-3,76,0,0.5789473684210527,0.42105263157894735
2020,2020_14_DAL_CIN,CIN,-3,70,0,0.3142857142857143,0.6857142857142857
2020,2020_14_DAL_CIN,DAL,3,49,0.7959183673469388,0.20408163265306123,0
2020,2020_14_DEN_CAR,CAR,4,65,0,0.49230769230769234,0.5076923076923077
2020,2020_14_DEN_CAR,DEN,-4,55,0.41818181818181815,0.5818181818181818,0
2020,2020_14_GB_DET,DET,-9.5,58,0,0.6724137931034483,0.3275862068965517
2020,2020_14_GB_DET,GB,9.5,62,0.3709677419354839,0.6290322580645161,0
2020,2020_14_HOU_CHI,CHI,-1,59,0.9830508474576272,0.01694915254237288,0
2020,2020_14_HOU_CHI,HOU,1,63,0,0.14285714285714285,0.8571428571428571
2020,2020_14_IND_LV,IND,2.5,57,0.22807017543859648,0.7719298245614035,0
2020,2020_14_IND_LV,LV,-2.5,68,0,0.5882352941176471,0.4117647058823529
2020,2020_14_KC_MIA,KC,7.5,60,0.4666666666666667,0.5166666666666667,0.01666666666666666
2020,2020_14_KC_MIA,MIA,-7.5,76,0.11842105263157894,0.32894736842105265,0.5526315789473685
2020,2020_14_MIN_TB,MIN,-7,76,0.03947368421052631,0.4605263157894737,0.5
2020,2020_14_MIN_TB,TB,7,45,0.5777777777777777,0.4222222222222222,0
2020,2020_14_NE_LA,LA,5,61,0.8688524590163934,0.13114754098360656,0
2020,2020_14_NE_LA,NE,-5,58,0,0.10344827586206896,0.896551724137931
2020,2020_14_NO_PHI,NO,7.5,63,0,0.3492063492063492,0.6507936507936508
2020,2020_14_NO_PHI,PHI,-7.5,62,0.5806451612903226,0.41935483870967744,0
2020,2020_14_NYJ_SEA,NYJ,-16.5,52,0,0.28846153846153844,0.7115384615384616
2020,2020_14_NYJ_SEA,SEA,16.5,68,0.8676470588235294,0.1323529411764706,0
2020,2020_14_PIT_BUF,BUF,2,69,0.463768115942029,0.5362318840579711,0
2020,2020_14_PIT_BUF,PIT,-2,55,0,0.6545454545454545,0.34545454545454546
2020,2020_14_TEN_JAX,JAX,-7.5,69,0,0.391304347826087,0.6086956521739131
2020,2020_14_TEN_JAX,TEN,7.5,65,0.6923076923076923,0.3076923076923077,0
2020,2020_14_WAS_SF,SF,3,76,0.02631578947368421,0.5,0.47368421052631576
2020,2020_14_WAS_SF,WAS,-3,58,0.4482758620689655,0.5517241379310345,0
2020,2020_15_BUF_DEN,BUF,5.5,65,0.6615384615384615,0.3384615384615385,0
2020,2020_15_BUF_DEN,DEN,-5.5,63,0,0.25396825396825395,0.746031746031746
2020,2020_15_CAR_GB,CAR,-9.5,65,0,0.13846153846153847,0.8615384615384616
2020,2020_15_CAR_GB,GB,9.5,60,0.8,0.2,0
2020,2020_15_CHI_MIN,CHI,-2.5,64,0.390625,0.609375,0
2020,2020_15_CHI_MIN,MIN,2.5,65,0,0.47692307692307695,0.5230769230769231
2020,2020_15_CLE_NYG,CLE,6,63,0.5555555555555556,0.4444444444444444,0
2020,2020_15_CLE_NYG,NYG,-6,53,0,0.5094339622641509,0.49056603773584906
2020,2020_15_DET_TEN,DET,-9.5,65,0,0.38461538461538464,0.6153846153846154
2020,2020_15_DET_TEN,TEN,9.5,63,0.6984126984126984,0.30158730158730157,0
2020,2020_15_HOU_IND,HOU,-7.5,67,0,0.417910447761194,0.582089552238806
2020,2020_15_HOU_IND,IND,7.5,52,0.5384615384615384,0.4615384615384616,0
2020,2020_15_JAX_BAL,BAL,13,62,0.7903225806451613,0.20967741935483872,0
2020,2020_15_JAX_BAL,JAX,-13,56,0,0.07142857142857142,0.9285714285714286
2020,2020_15_KC_NO,KC,2.5,89,0.4606741573033708,0.5393258426966292,0
2020,2020_15_KC_NO,NO,-2.5,52,0,0.5576923076923077,0.4423076923076923
2020,2020_15_LAC_LV,LAC,-3.5,57,0.03508771929824561,0.9649122807017544,0
2020,2020_15_LAC_LV,LV,3.5,61,0,0.8852459016393442,0.11475409836065574
2020,2020_15_NE_MIA,MIA,-1.5,70,0.18571428571428572,0.8142857142857143,0
2020,2020_15_NE_MIA,NE,1.5,52,0,0.7692307692307693,0.2307692307692308
2020,2020_15_NYJ_LA,LA,17.5,56,0,0.375,0.625
2020,2020_15_NYJ_LA,NYJ,-17.5,61,0.6885245901639344,0.3114754098360656,0
2020,2020_15_PHI_ARI,ARI,6.5,68,0.4411764705882353,0.5588235294117647,0
2020,2020_15_PHI_ARI,PHI,-6.5,79,0,0.34177215189873417,0.6582278481012658
2020,2020_15_PIT_CIN,CIN,-14.5,55,0.7636363636363637,0.23636363636363636,0
2020,2020_15_PIT_CIN,PIT,14.5,61,0,0.22950819672131148,0.7704918032786885
2020,2020_15_SEA_WAS,SEA,6,50,0.46,0.54,0
2020,2020_15_SEA_WAS,WAS,-6,79,0,0.4050632911392405,0.5949367088607594
2020,2020_15_SF_DAL,DAL,-4,58,0.41379310344827586,0.5862068965517241,0
2020,2020_15_SF_DAL,SF,4,81,0,0.5432098765432098,0.4567901234567901
2020,2020_15_TB_ATL,ATL,-6,65,0.5076923076923077,0.4153846153846154,0.07692307692307693
2020,2020_15_TB_ATL,TB,6,64,0.09375,0.46875,0.4375
2020,2020_16_ATL_KC,ATL,-11,61,0,1,0
2020,2020_16_ATL_KC,KC,11,65,0.06153846153846154,0.9230769230769232,0.01538461538461538
2020,2020_16_BUF_NE,BUF,7,67,0.5373134328358209,0.4626865671641791,0
2020,2020_16_BUF_NE,NE,-7,48,0,0.3541666666666667,0.6458333333333334
2020,2020_16_CAR_WAS,CAR,1,63,0.7142857142857143,0.2857142857142857,0
2020,2020_16_CAR_WAS,WAS,-1,69,0,0.2318840579710145,0.7681159420289855
2020,2020_16_CHI_JAX,CHI,9.5,68,0.39705882352941174,0.6029411764705882,0
2020,2020_16_CHI_JAX,JAX,-9.5,54,0,0.5555555555555556,0.4444444444444444
2020,2020_16_CIN_HOU,CIN,-7.5,70,0.1,0.8857142857142857,0.01428571428571428
2020,2020_16_CIN_HOU,HOU,7.5,51,0,0.9607843137254902,0.0392156862745098
2020,2020_16_CLE_NYJ,CLE,6.5,73,0,0.3013698630136986,0.6986301369863014
2020,2020_16_CLE_NYJ,NYJ,-6.5,66,0.7424242424242424,0.25757575757575757,0
2020,2020_16_DEN_LAC,DEN,-2.5,76,0,0.3684210526315789,0.631578947368421
2020,2020_16_DEN_LAC,LAC,2.5,55,0.5636363636363636,0.43636363636363634,0
2020,2020_16_IND_PIT,IND,1,67,0.29850746268656714,0.6119402985074627,0.08955223880597014
2020,2020_16_IND_PIT,PIT,-1,62,0.1129032258064516,0.5,0.3870967741935484
2020,2020_16_LA_SEA,LA,-1.5,75,0,0.8666666666666667,0.13333333333333333
2020,2020_16_LA_SEA,SEA,1.5,59,0.3050847457627119,0.6949152542372882,0
2020,2020_16_MIA_LV,LV,-2,59,0.23728813559322037,0.7627118644067796,0
2020,2020_16_MIA_LV,MIA,2,62,0,0.9193548387096774,0.08064516129032258
2020,2020_16_MIN_NO,MIN,-6.5,60,0,0.4,0.6
2020,2020_16_MIN_NO,NO,6.5,70,0.5285714285714286,0.4714285714285714,0
2020,2020_16_NYG_BAL,BAL,10,64,0.796875,0.203125,0
2020,2020_16_NYG_BAL,NYG,-10,59,0,0.05084745762711865,0.9491525423728814
2020,2020_16_PHI_DAL,DAL,-3,65,0.38461538461538464,0.5846153846153846,0.03076923076923077
2020,2020_16_PHI_DAL,PHI,3,71,0,0.4788732394366197,0.5211267605633803
2020,2020_16_SF_ARI,ARI,6,79,0,0.7341772151898734,0.26582278481012656
2020,2020_16_SF_ARI,SF,-6,54,0.2037037037037037,0.7962962962962963,0
2020,2020_16_TB_DET,DET,-12,50,0,0.08,0.92
2020,2020_16_TB_DET,TB,12,69,0.855072463768116,0.14492753623188406,0
2020,2020_16_TEN_GB,GB,3,60,0.7333333333333333,0.26666666666666666,0
2020,2020_16_TEN_GB,TEN,-3,55,0,0.14545454545454545,0.8545454545454545
2020,2020_17_ARI_LA,ARI,-1,48,0,0.4791666666666667,0.5208333333333334
2020,2020_17_ARI_LA,LA,1,70,0.4,0.6,0
2020,2020_17_ATL_TB,ATL,-7.5,71,0,0.4084507042253521,0.5915492957746479
2020,2020_17_ATL_TB,TB,7.5,60,0.7333333333333333,0.26666666666666666,0
2020,2020_17_BAL_CIN,BAL,13.5,73,0.6164383561643836,0.3835616438356164,0
2020,2020_17_BAL_CIN,CIN,-13.5,40,0,0.225,0.775
2020,2020_17_DAL_NYG,DAL,1.5,80,0,0.7,0.3
2020,2020_17_DAL_NYG,NYG,-1.5,52,0.17307692307692307,0.8269230769230769,0
2020,2020_17_GB_CHI,CHI,-4.5,74,0,0.581081081081081,0.4189189189189189
2020,2020_17_GB_CHI,GB,4.5,44,0.5,0.5,0
2020,2020_17_JAX_IND,IND,15.5,62,0.9032258064516128,0.0967741935483871,0
2020,2020_17_JAX_IND,JAX,-15.5,65,0,0.07692307692307693,0.9230769230769232
2020,2020_17_LAC_KC,KC,-7,50,0,0.52,0.48
2020,2020_17_LAC_KC,LAC,7,66,0.3939393939393939,0.6060606060606061,0
2020,2020_17_LV_DEN,DEN,-2.5,75,0.14666666666666667,0.8533333333333334,0
2020,2020_17_LV_DEN,LV,2.5,63,0,0.5714285714285714,0.42857142857142855
2020,2020_17_MIA_BUF,BUF,-3.5,60,0.5166666666666667,0.48333333333333334,0
2020,2020_17_MIA_BUF,MIA,3.5,80,0,0.2,0.8
2020,2020_17_MIN_DET,DET,-3,54,0.01851851851851851,0.6481481481481481,0.3333333333333333
2020,2020_17_MIN_DET,MIN,3,71,0.23943661971830985,0.7605633802816901,0
2020,2020_17_NO_CAR,CAR,-6,60,0,0.55,0.45
2020,2020_17_NO_CAR,NO,6,63,0.6984126984126984,0.30158730158730157,0
2020,2020_17_NYJ_NE,NE,3,63,0.3333333333333333,0.6666666666666666,0
2020,2020_17_NYJ_NE,NYJ,-3,62,0,0.6774193548387096,0.3225806451612903
2020,2020_17_PIT_CLE,CLE,10.5,61,0.639344262295082,0.3606557377049181,0
2020,2020_17_PIT_CLE,PIT,-10.5,65,0,0.2923076923076923,0.7076923076923077
2020,2020_17_SEA_SF,SEA,7,64,0.0625,0.828125,0.109375
2020,2020_17_SEA_SF,SF,-7,64,0.15625,0.71875,0.125
2020,2020_17_TEN_HOU,HOU,-7,61,0,0.7049180327868853,0.29508196721311475
2020,2020_17_TEN_HOU,TEN,7,69,0.3333333333333333,0.6666666666666666,0
2020,2020_17_WAS_PHI,PHI,-6.5,65,0,0.7846153846153846,0.2153846153846154
2020,2020_17_WAS_PHI,WAS,6.5,62,0.2258064516129032,0.7741935483870968,0
2020,2020_18_BAL_TEN,BAL,3.5,62,0.2258064516129032,0.6774193548387096,0.0967741935483871
2020,2020_18_BAL_TEN,TEN,-3.5,49,0.12244897959183672,0.7551020408163265,0.12244897959183672
2020,2020_18_CHI_NO,CHI,-11,49,0,0.6530612244897959,0.3469387755102041
2020,2020_18_CHI_NO,NO,11,75,0.5333333333333333,0.4666666666666667,0
2020,2020_18_CLE_PIT,CLE,-5,62,0.9516129032258064,0.04838709677419355,0
2020,2020_18_CLE_PIT,PIT,5,84,0,0.09523809523809525,0.9047619047619048
2020,2020_18_IND_BUF,BUF,7,58,0.46551724137931033,0.5344827586206896,0
2020,2020_18_IND_BUF,IND,-7,75,0,0.6666666666666666,0.3333333333333333
2020,2020_18_LA_SEA,LA,-3,69,0.43478260869565216,0.5652173913043478,0
2020,2020_18_LA_SEA,SEA,3,57,0,0.6491228070175439,0.3508771929824561
2020,2020_18_TB_WAS,TB,10,69,0.5362318840579711,0.463768115942029,0
2020,2020_18_TB_WAS,WAS,-10,69,0,0.5797101449275363,0.42028985507246375
2020,2020_19_BAL_BUF,BAL,-2.5,72,0,0.6388888888888888,0.3611111111111111
2020,2020_19_BAL_BUF,BUF,2.5,51,0.4705882352941176,0.5294117647058824,0
2020,2020_19_CLE_KC,CLE,-7.5,60,0,0.18333333333333332,0.8166666666666667
2020,2020_19_CLE_KC,KC,7.5,61,0.7213114754098361,0.2786885245901639,0
2020,2020_19_LA_GB,GB,7,69,0.6376811594202898,0.36231884057971014,0
2020,2020_19_LA_GB,LA,-7,50,0,0.2,0.8
2020,2020_19_TB_NO,NO,2.5,60,0.2,0.7333333333333333,0.06666666666666667
2020,2020_19_TB_NO,TB,-2.5,66,0.15151515151515152,0.7727272727272727,0.07575757575757576
2020,2020_20_BUF_KC,BUF,-3,70,0,0.34285714285714286,0.6571428571428571
2020,2020_20_BUF_KC,KC,3,60,0.5666666666666667,0.43333333333333335,0
2020,2020_20_TB_GB,GB,3,69,0,0.5507246376811594,0.4492753623188406
2020,2020_20_TB_GB,TB,-3,60,0.43333333333333335,0.5666666666666667,0
2020,2020_21_KC_TB,KC,3,68,0,0.3088235294117647,0.6911764705882353
2020,2020_21_KC_TB,TB,-3,60,0.5666666666666667,0.43333333333333335,0
2021,2021_01_ARI_TEN,ARI,-2.5,67,0.8059701492537313,0.19402985074626863,0
2021,2021_01_ARI_TEN,TEN,2.5,64,0,0.140625,0.859375
2021,2021_01_BAL_LV,BAL,3,61,0.32786885245901637,0.6721311475409836,0
2021,2021_01_BAL_LV,LV,-3,67,0,0.7014925373134329,0.29850746268656714
2021,2021_01_CHI_LA,CHI,-9.5,69,0,0.11594202898550723,0.8840579710144928
2021,2021_01_CHI_LA,LA,9.5,46,0.8913043478260869,0.10869565217391304,0
2021,2021_01_CLE_KC,CLE,-5.5,56,0.23214285714285715,0.6964285714285714,0.07142857142857142
2021,2021_01_CLE_KC,KC,5.5,59,0.1016949152542373,0.4576271186440678,0.4406779661016949
2021,2021_01_DAL_TB,DAL,-10,77,0,0.8571428571428571,0.14285714285714285
2021,2021_01_DAL_TB,TB,10,64,0.234375,0.765625,0
2021,2021_01_DEN_NYG,DEN,3,66,0.24242424242424243,0.7575757575757576,0
2021,2021_01_DEN_NYG,NYG,-3,57,0,0.38596491228070173,0.6140350877192983
2021,2021_01_GB_NO,GB,4,52,0,0.1346153846153846,0.8653846153846154
2021,2021_01_GB_NO,NO,-4,58,0.6379310344827587,0.3620689655172414,0
2021,2021_01_JAX_HOU,HOU,-3.5,74,0.7432432432432432,0.25675675675675674,0
2021,2021_01_JAX_HOU,JAX,3.5,67,0,0.1044776119402985,0.8955223880597015
2021,2021_01_LAC_WAS,LAC,-2.5,75,0.13333333333333333,0.8666666666666667,0
2021,2021_01_LAC_WAS,WAS,2.5,49,0.1020408163265306,0.8979591836734694,0
2021,2021_01_MIA_NE,MIA,-3.5,49,0.02040816326530612,0.979591836734694,0
2021,2021_01_MIA_NE,NE,3.5,70,0,0.9857142857142858,0.01428571428571428
2021,2021_01_MIN_CIN,CIN,-3,54,0.5370370370370371,0.46296296296296297,0
2021,2021_01_MIN_CIN,MIN,3,66,0,0.5454545454545454,0.4545454545454546
2021,2021_01_NYJ_CAR,CAR,3.5,60,0.6,0.4,0
2021,2021_01_NYJ_CAR,NYJ,-3.5,60,0,0.43333333333333335,0.5666666666666667
2021,2021_01_PHI_ATL,ATL,3.5,64,0,0.5625,0.4375
2021,2021_01_PHI_ATL,PHI,-3.5,66,0.5,0.5,0
2021,2021_01_PIT_BUF,BUF,6.5,79,0.26582278481012656,0.5189873417721519,0.21518987341772153
2021,2021_01_PIT_BUF,PIT,-6.5,52,0.15384615384615383,0.6730769230769231,0.17307692307692307
2021,2021_01_SEA_IND,IND,-3,71,0,0.30985915492957744,0.6901408450704225
2021,2021_01_SEA_IND,SEA,3,53,0.5094339622641509,0.49056603773584906,0
2021,2021_01_SF_DET,DET,-9.5,84,0,0.380952380952381,0.6190476190476191
2021,2021_01_SF_DET,SF,9.5,53,0.71698113207547165,0.2830188679245283,0
2021,2021_02_ATL_TB,ATL,-13.5,69,0,0.34782608695652173,0.6521739130434783
2021,2021_02_ATL_TB,TB,13.5,57,0.6666666666666666,0.3333333333333333,0
2021,2021_02_BUF_MIA,BUF,3.5,62,0.9193548387096774,0.08064516129032258,0
2021,2021_02_BUF_MIA,MIA,-3.5,69,0,0.11594202898550723,0.8840579710144928
2021,2021_02_CIN_CHI,CHI,2,58,0.603448275862069,0.39655172413793105,0
2021,2021_02_CIN_CHI,CIN,-2,55,0,0.6,0.4
2021,2021_02_DAL_LAC,DAL,-3,60,0,1,0
2021,2021_02_DAL_LAC,LAC,3,62,0,0.967741935483871,0.03225806451612903
2021,2021_02_DEN_JAX,DEN,6,65,0.4461538461538462,0.5538461538461539,0
2021,2021_02_DEN_JAX,JAX,-6,50,0,0.66,0.34
2021,2021_02_DET_GB,DET,-11.5,56,0,0.6785714285714286,0.32142857142857145
2021,2021_02_DET_GB,GB,11.5,57,0.3508771929824561,0.6491228070175439,0
2021,2021_02_HOU_CLE,CLE,13.5,54,0.2222222222222222,0.7777777777777778,0
2021,2021_02_HOU_CLE,HOU,-13.5,58,0,0.5517241379310345,0.4482758620689655
2021,2021_02_KC_BAL,BAL,-3.5,66,0.06060606060606061,0.7575757575757576,0.18181818181818185
2021,2021_02_KC_BAL,KC,3.5,49,0.16326530612244897,0.8367346938775511,0
2021,2021_02_LA_IND,IND,-4,65,0,0.8,0.2
2021,2021_02_LA_IND,LA,4,60,0.21666666666666667,0.7833333333333333,0
2021,2021_02_LV_PIT,LV,-5.5,64,0.265625,0.734375,0
2021,2021_02_LV_PIT,PIT,5.5,56,0,0.6428571428571429,0.35714285714285715
2021,2021_02_MIN_ARI,ARI,4,60,0.01666666666666666,0.8333333333333334,0.15
2021,2021_02_MIN_ARI,MIN,-4,60,0.03333333333333333,0.9666666666666668,0
2021,2021_02_NE_NYJ,NE,5.5,57,0.45614035087719296,0.543859649122807,0
2021,2021_02_NE_NYJ,NYJ,-5.5,67,0,0.31343283582089554,0.6865671641791045
2021,2021_02_NO_CAR,CAR,-3,73,0.8767123287671232,0.1232876712328767,0
2021,2021_02_NO_CAR,NO,3,42,0,0.14285714285714285,0.8571428571428571
2021,2021_02_NYG_WAS,NYG,-4,63,0.12698412698412698,0.873015873015873,0
2021,2021_02_NYG_WAS,WAS,4,68,0.01470588235294117,0.9558823529411764,0.02941176470588235
2021,2021_02_SF_PHI,PHI,-3,54,0.14814814814814814,0.6666666666666666,0.18518518518518515
2021,2021_02_SF_PHI,SF,3,65,0.2923076923076923,0.7076923076923077,0
2021,2021_02_TEN_SEA,SEA,6.5,49,0.5306122448979592,0.4693877551020408,0
2021,2021_02_TEN_SEA,TEN,-6.5,73,0,0.3972602739726027,0.6027397260273972
2021,2021_03_ARI_JAX,ARI,8,64,0.28125,0.65625,0.0625
2021,2021_03_ARI_JAX,JAX,-8,65,0.1076923076923077,0.6307692307692307,0.26153846153846155
2021,2021_03_ATL_NYG,ATL,-3,59,0.05084745762711865,0.8135593220338984,0.13559322033898305
2021,2021_03_ATL_NYG,NYG,3,63,0.1111111111111111,0.8888888888888888,0
2021,2021_03_BAL_DET,BAL,7.5,56,0.3928571428571429,0.5892857142857143,0.01785714285714285
2021,2021_03_BAL_DET,DET,-7.5,60,0,0.6,0.4
2021,2021_03_CAR_HOU,CAR,8,67,0.3880597014925373,0.6119402985074627,0
2021,2021_03_CAR_HOU,HOU,-8,48,0,0.6875,0.3125
2021,2021_03_CHI_CLE,CHI,-7.5,42,0,0.4523809523809524,0.5476190476190477
2021,2021_03_CHI_CLE,CLE,7.5,75,0.4266666666666667,0.5733333333333334,0
2021,2021_03_CIN_PIT,CIN,-2.5,39,0.5384615384615384,0.4615384615384616,0
2021,2021_03_CIN_PIT,PIT,2.5,77,0,0.44155844155844154,0.5584415584415584
2021,2021_03_GB_SF,GB,-3.5,57,0.40350877192982454,0.5964912280701754,0
2021,2021_03_GB_SF,SF,3.5,65,0,0.6307692307692307,0.3692307692307693
2021,2021_03_IND_TEN,IND,-4.5,57,0,0.7719298245614035,0.22807017543859648
2021,2021_03_IND_TEN,TEN,4.5,63,0.47619047619047616,0.5238095238095238,0
2021,2021_03_LAC_KC,KC,6.5,76,0,0.6842105263157895,0.3157894736842105
2021,2021_03_LAC_KC,LAC,-6.5,60,0.18333333333333332,0.8166666666666667,0
2021,2021_03_MIA_LV,LV,4,66,0.24242424242424243,0.4696969696969697,0.2878787878787879
2021,2021_03_MIA_LV,MIA,-4,67,0.208955223880597,0.3582089552238806,0.4328358208955224
2021,2021_03_NO_NE,NE,3,70,0,0.32857142857142857,0.6714285714285714
2021,2021_03_NO_NE,NO,-3,60,0.48333333333333334,0.5166666666666667,0
2021,2021_03_NYJ_DEN,DEN,10.5,63,0.746031746031746,0.25396825396825395,0
2021,2021_03_NYJ_DEN,NYJ,-10.5,53,0,0.18867924528301888,0.8113207547169812
2021,2021_03_PHI_DAL,DAL,3.5,68,0.6029411764705882,0.39705882352941174,0
2021,2021_03_PHI_DAL,PHI,-3.5,53,0,0.16981132075471697,0.8301886792452831
2021,2021_03_SEA_MIN,MIN,-2,73,0.5068493150684932,0.4931506849315068,0
2021,2021_03_SEA_MIN,SEA,2,52,0,0.6346153846153846,0.36538461538461536
2021,2021_03_TB_LA,LA,-1,61,0.47540983606557374,0.5245901639344263,0
2021,2021_03_TB_LA,TB,1,71,0,0.30985915492957744,0.6901408450704225
2021,2021_03_WAS_BUF,BUF,7.5,74,0.8378378378378378,0.16216216216216217,0
2021,2021_03_WAS_BUF,WAS,-7.5,50,0,0.14,0.86
2021,2021_04_ARI_LA,ARI,-3.5,73,0.684931506849315,0.3150684931506849,0
2021,2021_04_ARI_LA,LA,3.5,63,0,0.36507936507936506,0.6349206349206349
2021,2021_04_BAL_DEN,BAL,-1,70,0.6285714285714286,0.37142857142857144,0
2021,2021_04_BAL_DEN,DEN,1,59,0,0.5423728813559322,0.4576271186440678
2021,2021_04_CAR_DAL,CAR,-4.5,68,0,0.5882352941176471,0.4117647058823529
2021,2021_04_CAR_DAL,DAL,4.5,54,0.35185185185185186,0.6481481481481481,0
2021,2021_04_CLE_MIN,CLE,1,74,0.17567567567567569,0.8243243243243243,0
2021,2021_04_CLE_MIN,MIN,-1,62,0.08064516129032258,0.6290322580645161,0.2903225806451613
2021,2021_04_DET_CHI,CHI,3,55,0.7454545454545455,0.2545454545454545,0
2021,2021_04_DET_CHI,DET,-3,67,0,0.16417910447761194,0.835820895522388
2021,2021_04_HOU_BUF,BUF,19,70,0.8142857142857143,0.18571428571428572,0
2021,2021_04_HOU_BUF,HOU,-19,42,0,0.2619047619047619,0.7380952380952381
2021,2021_04_IND_MIA,IND,-2.5,64,0.484375,0.515625,0
2021,2021_04_IND_MIA,MIA,2.5,49,0,0.5714285714285714,0.42857142857142855
2021,2021_04_JAX_CIN,CIN,7.5,55,0.01818181818181818,0.6727272727272727,0.3090909090909091
2021,2021_04_JAX_CIN,JAX,-7.5,55,0.2,0.8,0
2021,2021_04_KC_PHI,KC,7.5,62,0.4838709677419355,0.5161290322580645,0
2021,2021_04_KC_PHI,PHI,-7.5,70,0,0.6,0.4
2021,2021_04_LV_LAC,LAC,3,73,0.7123287671232876,0.2876712328767123,0
2021,2021_04_LV_LAC,LV,-3,56,0,0.30357142857142855,0.6964285714285714
2021,2021_04_NYG_NO,NO,7.5,65,0.3076923076923077,0.6923076923076923,0
2021,2021_04_NYG_NO,NYG,-7.5,51,0,0.8431372549019608,0.1568627450980392
2021,2021_04_PIT_GB,GB,6.5,70,0.6142857142857143,0.3857142857142858,0
2021,2021_04_PIT_GB,PIT,-6.5,58,0,0.3275862068965517,0.6724137931034483
2021,2021_04_SEA_SF,SEA,-2.5,52,0.34615384615384615,0.4807692307692308,0.17307692307692307
2021,2021_04_SEA_SF,SF,2.5,72,0.3333333333333333,0.2777777777777778,0.3888888888888889
2021,2021_04_TB_NE,NE,-6,53,0,1,0
2021,2021_04_TB_NE,TB,6,71,0,1,0
2021,2021_04_TEN_NYJ,NYJ,-5.5,47,0.1702127659574468,0.7446808510638298,0.0851063829787234
2021,2021_04_TEN_NYJ,TEN,5.5,81,0.04938271604938271,0.7160493827160493,0.2345679012345679
2021,2021_04_WAS_ATL,ATL,-1,70,0.14285714285714285,0.8,0.05714285714285714
2021,2021_04_WAS_ATL,WAS,1,61,0,0.7377049180327869,0.26229508196721313
2021,2021_05_BUF_KC,BUF,-2.5,51,0.6078431372549019,0.392156862745098,0
2021,2021_05_BUF_KC,KC,2.5,79,0,0.4556962025316456,0.5443037974683544
2021,2021_05_CHI_LV,CHI,-5.5,59,0.423728813559322,0.576271186440678,0
2021,2021_05_CHI_LV,LV,5.5,60,0,0.3333333333333333,0.6666666666666666
2021,2021_05_CLE_LAC,CLE,-2.5,67,0.16417910447761194,0.7313432835820896,0.1044776119402985
2021,2021_05_CLE_LAC,LAC,2.5,67,0.01492537313432835,0.5671641791044776,0.417910447761194
2021,2021_05_DEN_PIT,DEN,2,58,0,0.25862068965517243,0.7413793103448276
2021,2021_05_DEN_PIT,PIT,-2,60,0.6,0.4,0
2021,2021_05_DET_MIN,DET,-10,63,0,0.47619047619047616,0.5238095238095238
2021,2021_05_DET_MIN,MIN,10,63,0.5873015873015873,0.4126984126984127,0
2021,2021_05_GB_CIN,CIN,-2,58,0,0.7758620689655172,0.22413793103448276
2021,2021_05_GB_CIN,GB,2,55,0.07272727272727272,0.8909090909090909,0.03636363636363636
2021,2021_05_IND_BAL,BAL,7.5,60,0,0.4166666666666667,0.5833333333333334
2021,2021_05_IND_BAL,IND,-7.5,63,0.5555555555555556,0.4444444444444444,0
2021,2021_05_LA_SEA,LA,2.5,66,0.24242424242424243,0.7272727272727273,0.0303030303030303
2021,2021_05_LA_SEA,SEA,-2.5,60,0.06666666666666667,0.5,0.43333333333333335
2021,2021_05_MIA_TB,MIA,-11,51,0,0.4117647058823529,0.5882352941176471
2021,2021_05_MIA_TB,TB,11,67,0.7014925373134329,0.29850746268656714,0
2021,2021_05_NE_HOU,HOU,-8,56,0.3928571428571429,0.5714285714285714,0.03571428571428571
2021,2021_05_NE_HOU,NE,8,60,0.06666666666666667,0.5666666666666667,0.36666666666666664
2021,2021_05_NO_WAS,NO,2.5,54,0.35185185185185186,0.6481481481481481,0
2021,2021_05_NO_WAS,WAS,-2.5,76,0,0.8289473684210527,0.17105263157894737
2021,2021_05_NYG_DAL,DAL,7.5,74,0.3918918918918919,0.6081081081081081,0
2021,2021_05_NYG_DAL,NYG,-7.5,64,0,0.515625,0.484375
2021,2021_05_NYJ_ATL,ATL,3,74,0.7027027027027027,0.2972972972972973,0
2021,2021_05_NYJ_ATL,NYJ,-3,52,0,0.05769230769230769,0.9423076923076924
2021,2021_05_PHI_CAR,CAR,2.5,70,0.6,0.4,0
2021,2021_05_PHI_CAR,PHI,-2.5,59,0.0847457627118644,0.3559322033898305,0.559322033898305
2021,2021_05_SF_ARI,ARI,6,57,0.7543859649122807,0.24561403508771928,0
2021,2021_05_SF_ARI,SF,-6,59,0,0.4915254237288136,0.5084745762711864
2021,2021_05_TEN_JAX,JAX,-4,66,0,0.42424242424242425,0.5757575757575758
2021,2021_05_TEN_JAX,TEN,4,61,0.6065573770491803,0.39344262295081966,0
2021,2021_06_ARI_CLE,ARI,-3,66,0.803030303030303,0.19696969696969696,0
2021,2021_06_ARI_CLE,CLE,3,55,0,0.23636363636363636,0.7636363636363637
2021,2021_06_BUF_TEN,BUF,6,73,0.0136986301369863,0.9863013698630136,0
2021,2021_06_BUF_TEN,TEN,-6,50,0,0.94,0.06
2021,2021_06_CIN_DET,CIN,3.5,65,0.6153846153846154,0.38461538461538464,0
2021,2021_06_CIN_DET,DET,-3.5,60,0,0.45,0.55
2021,2021_06_DAL_NE,DAL,3.5,75,0.01333333333333333,0.8,0.18666666666666668
2021,2021_06_DAL_NE,NE,-3.5,43,0.16279069767441862,0.7209302325581395,0.11627906976744186
2021,2021_06_GB_CHI,CHI,-5.5,57,0.14035087719298245,0.47368421052631576,0.38596491228070173
2021,2021_06_GB_CHI,GB,5.5,53,0.24528301886792453,0.6226415094339622,0.1320754716981132
2021,2021_06_HOU_IND,HOU,-10.5,74,0,0.2702702702702703,0.7297297297297297
2021,2021_06_HOU_IND,IND,10.5,47,0.7659574468085106,0.23404255319148937,0
2021,2021_06_KC_WAS,KC,6,78,0.34615384615384615,0.6538461538461539,0
2021,2021_06_KC_WAS,WAS,-6,58,0.05172413793103448,0.7758620689655172,0.1724137931034483
2021,2021_06_LAC_BAL,BAL,3,66,0.8181818181818182,0.18181818181818185,0
2021,2021_06_LAC_BAL,LAC,-3,53,0,0.16981132075471697,0.8301886792452831
2021,2021_06_LA_NYG,LA,7.5,65,0.7230769230769231,0.27692307692307694,0
2021,2021_06_LA_NYG,NYG,-7.5,73,0,0.3972602739726027,0.6027397260273972
2021,2021_06_LV_DEN,DEN,5,77,0,0.4025974025974026,0.5974025974025974
2021,2021_06_LV_DEN,LV,-5,51,0.4117647058823529,0.5882352941176471,0
2021,2021_06_MIA_JAX,JAX,-2.5,62,0.14516129032258066,0.8064516129032258,0.04838709677419355
2021,2021_06_MIA_JAX,MIA,2.5,67,0.08955223880597014,0.9104477611940298,0
2021,2021_06_MIN_CAR,CAR,-2.5,67,0,0.5970149253731343,0.40298507462686567
2021,2021_06_MIN_CAR,MIN,2.5,74,0.1891891891891892,0.8108108108108109,0
2021,2021_06_SEA_PIT,PIT,5.5,66,0.3484848484848485,0.6515151515151515,0
2021,2021_06_SEA_PIT,SEA,-5.5,56,0,0.6785714285714286,0.32142857142857145
2021,2021_06_TB_PHI,PHI,-7,47,0,0.3404255319148936,0.6595744680851063
2021,2021_06_TB_PHI,TB,7,70,0.5714285714285714,0.42857142857142855,0
2021,2021_07_ATL_MIA,ATL,1.5,61,0.39344262295081966,0.6065573770491803,0
2021,2021_07_ATL_MIA,MIA,-1.5,70,0,0.6285714285714286,0.37142857142857144
2021,2021_07_CAR_NYG,CAR,3,62,0,0.6612903225806451,0.3387096774193548
2021,2021_07_CAR_NYG,NYG,-3,64,0.40625,0.59375,0
2021,2021_07_CHI_TB,CHI,-12.5,65,0,0.1076923076923077,0.8923076923076924
2021,2021_07_CHI_TB,TB,12.5,70,0.9714285714285714,0.02857142857142857,0
2021,2021_07_CIN_BAL,BAL,6.5,71,0,0.5915492957746479,0.4084507042253521
2021,2021_07_CIN_BAL,CIN,-6.5,62,0.3870967741935484,0.6129032258064516,0
2021,2021_07_DEN_CLE,CLE,2,66,0.8484848484848485,0.15151515151515152,0
2021,2021_07_DEN_CLE,DEN,-2,49,0,0.12244897959183672,0.8775510204081632
2021,2021_07_DET_LA,DET,-17,65,0,0.8153846153846154,0.18461538461538465
2021,2021_07_DET_LA,LA,17,59,0.13559322033898305,0.864406779661017,0
2021,2021_07_HOU_ARI,ARI,20.5,67,0.582089552238806,0.417910447761194,0
2021,2021_07_HOU_ARI,HOU,-20.5,49,0,0.40816326530612246,0.5918367346938775
2021,2021_07_IND_SF,IND,-3.5,60,0.2,0.75,0.05
2021,2021_07_IND_SF,SF,3.5,52,0.07692307692307693,0.7307692307692307,0.19230769230769232
2021,2021_07_KC_TEN,KC,4,67,0,0.1044776119402985,0.8955223880597015
2021,2021_07_KC_TEN,TEN,-4,62,0.8064516129032258,0.1935483870967742,0
2021,2021_07_NO_SEA,NO,6,66,0,1,0
2021,2021_07_NO_SEA,SEA,-6,54,0.07407407407407407,0.8888888888888888,0.03703703703703703
2021,2021_07_NYJ_NE,NE,7,71,0.943661971830986,0.05633802816901408,0
2021,2021_07_NYJ_NE,NYJ,-7,61,0,0.04918032786885246,0.9508196721311476
2021,2021_07_PHI_LV,LV,1,62,0.5161290322580645,0.4838709677419355,0
2021,2021_07_PHI_LV,PHI,-1,67,0,0.373134328358209,0.6268656716417911
2021,2021_07_WAS_GB,GB,8.5,53,0.3584905660377358,0.6415094339622641,0
2021,2021_07_WAS_GB,WAS,-8.5,68,0,0.3235294117647059,0.6764705882352942
2021,2021_08_CAR_ATL,ATL,2.5,50,0.14,0.66,0.2
2021,2021_08_CAR_ATL,CAR,-2.5,71,0.15492957746478872,0.7887323943661971,0.05633802816901408
2021,2021_08_CIN_NYJ,CIN,11.5,53,0.24528301886792453,0.7547169811320755,0
2021,2021_08_CIN_NYJ,NYJ,-11.5,75,0.12,0.72,0.16
2021,2021_08_DAL_MIN,DAL,-4.5,68,0,0.9705882352941176,0.02941176470588235
2021,2021_08_DAL_MIN,MIN,4.5,60,0.18333333333333332,0.75,0.06666666666666667
2021,2021_08_GB_ARI,ARI,6.5,55,0,0.6909090909090909,0.3090909090909091
2021,2021_08_GB_ARI,GB,-6.5,71,0.16901408450704225,0.8028169014084507,0.02816901408450704
2021,2021_08_JAX_SEA,JAX,-4,73,0,0.1506849315068493,0.8493150684931506
2021,2021_08_JAX_SEA,SEA,4,52,0.8076923076923077,0.19230769230769232,0
2021,2021_08_LA_HOU,HOU,-17,58,0,0.1896551724137931,0.8103448275862069
2021,2021_08_LA_HOU,LA,17,66,0.6818181818181818,0.3181818181818182,0
2021,2021_08_MIA_BUF,BUF,15,65,0.38461538461538464,0.6153846153846154,0
2021,2021_08_MIA_BUF,MIA,-15,64,0,0.6875,0.3125
2021,2021_08_NE_LAC,LAC,3.5,57,0,0.7719298245614035,0.22807017543859648
2021,2021_08_NE_LAC,NE,-3.5,74,0.17567567567567569,0.8243243243243243,0
2021,2021_08_NYG_KC,KC,10.5,76,0.13157894736842105,0.868421052631579,0
2021,2021_08_NYG_KC,NYG,-10.5,55,0,0.9272727272727272,0.07272727272727272
2021,2021_08_PHI_DET,DET,-3,58,0,0.25862068965517243,0.7413793103448276
2021,2021_08_PHI_DET,PHI,3,61,0.7868852459016393,0.21311475409836064,0
2021,2021_08_PIT_CLE,CLE,5.5,58,0,1,0
2021,2021_08_PIT_CLE,PIT,-5.5,68,0.1323529411764706,0.7794117647058824,0.08823529411764706
2021,2021_08_SF_CHI,CHI,-4.5,67,0.2835820895522388,0.5522388059701493,0.16417910447761194
2021,2021_08_SF_CHI,SF,4.5,50,0.14,0.66,0.2
2021,2021_08_TB_NO,NO,-4,71,0.3380281690140845,0.6619718309859155,0
2021,2021_08_TB_NO,TB,4,58,0,0.6379310344827587,0.3620689655172414
2021,2021_08_TEN_IND,IND,3,65,0.12307692307692308,0.8153846153846154,0.06153846153846154
2021,2021_08_TEN_IND,TEN,-3,61,0,0.7704918032786885,0.22950819672131148
2021,2021_08_WAS_DEN,DEN,4,51,0.2352941176470588,0.7647058823529411,0
2021,2021_08_WAS_DEN,WAS,-4,68,0,0.6176470588235294,0.38235294117647056
2021,2021_09_ARI_SF,ARI,-5.5,67,0.7164179104477612,0.2835820895522388,0
2021,2021_09_ARI_SF,SF,5.5,56,0,0.19642857142857145,0.8035714285714286
2021,2021_09_ATL_NO,ATL,-7,55,0.3090909090909091,0.6909090909090909,0
2021,2021_09_ATL_NO,NO,7,69,0,0.5362318840579711,0.463768115942029
2021,2021_09_BUF_JAX,BUF,14.5,65,0,0.9846153846153848,0.01538461538461538
2021,2021_09_BUF_JAX,JAX,-14.5,56,0.16071428571428573,0.8392857142857143,0
2021,2021_09_CHI_PIT,CHI,-7,58,0,0.10344827586206896,0.896551724137931
2021,2021_09_CHI_PIT,PIT,7,64,0.828125,0.171875,0
2021,2021_09_CLE_CIN,CIN,2.5,70,0,0.4,0.6
2021,2021_09_CLE_CIN,CLE,-2.5,46,0.8043478260869565,0.1956521739130435,0
2021,2021_09_DEN_DAL,DAL,10.5,57,0,0.2982456140350877,0.7017543859649122
2021,2021_09_DEN_DAL,DEN,-10.5,71,0.7605633802816901,0.23943661971830985,0
2021,2021_09_GB_KC,GB,-7,60,0,0.3,0.7
2021,2021_09_GB_KC,KC,7,61,0.7540983606557377,0.2459016393442623,0
2021,2021_09_HOU_MIA,HOU,-4,66,0,0.5151515151515151,0.48484848484848486
2021,2021_09_HOU_MIA,MIA,4,72,0.5416666666666666,0.4583333333333333,0
2021,2021_09_LAC_PHI,LAC,1,64,0.03125,0.96875,0
2021,2021_09_LAC_PHI,PHI,-1,57,0,0.8421052631578947,0.15789473684210523
2021,2021_09_LV_NYG,LV,3,67,0,0.8208955223880597,0.1791044776119403
2021,2021_09_LV_NYG,NYG,-3,53,0.20754716981132076,0.7924528301886793,0
2021,2021_09_MIN_BAL,BAL,7.5,74,0.02702702702702703,0.527027027027027,0.44594594594594594
2021,2021_09_MIN_BAL,MIN,-7.5,49,0.4489795918367347,0.40816326530612246,0.14285714285714285
2021,2021_09_NE_CAR,CAR,-3.5,57,0,0.47368421052631576,0.5263157894736842
2021,2021_09_NE_CAR,NE,3.5,56,0.375,0.625,0
2021,2021_09_NYJ_IND,IND,10.5,60,0.7166666666666667,0.2833333333333333,0
2021,2021_09_NYJ_IND,NYJ,-10.5,74,0,0.17567567567567569,0.8243243243243243
2021,2021_09_TEN_LA,LA,7,74,0,0.32432432432432434,0.6756756756756757
2021,2021_09_TEN_LA,TEN,-7,55,0.8,0.2,0
2021,2021_10_ATL_DAL,ATL,-8,53,0,0.2641509433962264,0.7358490566037735
2021,2021_10_ATL_DAL,DAL,8,69,0.7246376811594203,0.2753623188405797,0
2021,2021_10_BAL_MIA,BAL,8.5,67,0,0.6567164179104478,0.34328358208955223
2021,2021_10_BAL_MIA,MIA,-8.5,60,0.23333333333333336,0.7666666666666667,0
2021,2021_10_BUF_NYJ,BUF,13,51,0.8823529411764706,0.1176470588235294,0
2021,2021_10_BUF_NYJ,NYJ,-13,70,0,0.22857142857142856,0.7714285714285715
2021,2021_10_CAR_ARI,ARI,7,53,0,0.1320754716981132,0.8679245283018868
2021,2021_10_CAR_ARI,CAR,-7,69,0.927536231884058,0.07246376811594203,0
2021,2021_10_CLE_NE,CLE,-2.5,58,0,0.25862068965517243,0.7413793103448276
2021,2021_10_CLE_NE,NE,2.5,60,0.7333333333333333,0.26666666666666666,0
2021,2021_10_DET_PIT,DET,-9,56,0,0.9821428571428572,0.01785714285714285
2021,2021_10_DET_PIT,PIT,9,65,0.12307692307692308,0.8769230769230769,0
2021,2021_10_JAX_IND,IND,10.5,59,0.8135593220338984,0.1864406779661017,0
2021,2021_10_JAX_IND,JAX,-10.5,62,0,0.1129032258064516,0.8870967741935484
2021,2021_10_KC_LV,KC,2.5,74,0.3918918918918919,0.6081081081081081,0
2021,2021_10_KC_LV,LV,-2.5,51,0,0.37254901960784315,0.6274509803921569
2021,2021_10_LA_SF,LA,3.5,54,0,0.07407407407407407,0.925925925925926
2021,2021_10_LA_SF,SF,-3.5,63,0.7142857142857143,0.2857142857142857,0
2021,2021_10_MIN_LAC,LAC,3,55,0,0.7818181818181819,0.21818181818181817
2021,2021_10_MIN_LAC,MIN,-3,69,0.17391304347826086,0.8260869565217391,0
2021,2021_10_NO_TEN,NO,-3,61,0,0.4918032786885246,0.5081967213114754
2021,2021_10_NO_TEN,TEN,3,56,0.4642857142857143,0.5357142857142857,0
2021,2021_10_PHI_DEN,DEN,1,55,0,0.6909090909090909,0.3090909090909091
2021,2021_10_PHI_DEN,PHI,-1,61,0.3770491803278688,0.6229508196721312,0
2021,2021_10_SEA_GB,GB,3,70,0.35714285714285715,0.6428571428571429,0
2021,2021_10_SEA_GB,SEA,-3,59,0,0.6949152542372882,0.3050847457627119
2021,2021_10_TB_WAS,TB,10,47,0,0.23404255319148937,0.7659574468085106
2021,2021_10_TB_WAS,WAS,-10,71,0.7887323943661971,0.2112676056338028,0
2021,2021_11_ARI_SEA,ARI,-2.5,77,0.6233766233766234,0.37662337662337664,0
2021,2021_11_ARI_SEA,SEA,2.5,49,0,0.4489795918367347,0.5510204081632653
2021,2021_11_BAL_CHI,BAL,5,76,0.0131578947368421,0.986842105263158,0
2021,2021_11_BAL_CHI,CHI,-5,57,0,0.9298245614035088,0.07017543859649122
2021,2021_11_CIN_LV,CIN,1,70,0.34285714285714286,0.6571428571428571,0
2021,2021_11_CIN_LV,LV,-1,47,0,0.6595744680851063,0.3404255319148936
2021,2021_11_DAL_KC,DAL,-2.5,64,0,0.09375,0.90625
2021,2021_11_DAL_KC,KC,2.5,64,0.859375,0.140625,0
2021,2021_11_DET_CLE,CLE,13,64,0.71875,0.28125,0
2021,2021_11_DET_CLE,DET,-13,46,0,0.5,0.5
2021,2021_11_GB_MIN,GB,1,53,0,0.4716981132075472,0.5283018867924528
2021,2021_11_GB_MIN,MIN,-1,64,0.5625,0.4375,0
2021,2021_11_HOU_TEN,HOU,-10.5,62,0.6935483870967742,0.3064516129032258,0
2021,2021_11_HOU_TEN,TEN,10.5,79,0,0.25316455696202533,0.7468354430379747
2021,2021_11_IND_BUF,BUF,7.5,54,0,0.2037037037037037,0.7962962962962963
2021,2021_11_IND_BUF,IND,-7.5,66,0.6363636363636364,0.3636363636363637,0
2021,2021_11_MIA_NYJ,MIA,3.5,66,0.21212121212121213,0.7878787878787878,0
2021,2021_11_MIA_NYJ,NYJ,-3.5,59,0,0.7966101694915254,0.2033898305084746
2021,2021_11_NE_ATL,ATL,-7,52,0,0.4230769230769231,0.5769230769230769
2021,2021_11_NE_ATL,NE,7,57,0.6491228070175439,0.3508771929824561,0
2021,2021_11_NO_PHI,NO,-2.5,61,0,0.11475409836065574,0.8852459016393442
2021,2021_11_NO_PHI,PHI,2.5,75,0.8266666666666667,0.17333333333333334,0
2021,2021_11_NYG_TB,NYG,-11.5,54,0,0.5370370370370371,0.46296296296296297
2021,2021_11_NYG_TB,TB,11.5,74,0.5540540540540541,0.44594594594594594,0
2021,2021_11_PIT_LAC,LAC,5.5,66,0.5909090909090909,0.4090909090909091,0
2021,2021_11_PIT_LAC,PIT,-5.5,65,0,0.4461538461538462,0.5538461538461539
2021,2021_11_SF_JAX,JAX,-6.5,44,0,0.09090909090909093,0.9090909090909092
2021,2021_11_SF_JAX,SF,6.5,64,0.59375,0.40625,0
2021,2021_11_WAS_CAR,CAR,3.5,48,0,0.7708333333333334,0.22916666666666663
2021,2021_11_WAS_CAR,WAS,-3.5,63,0.1904761904761905,0.8095238095238095,0
2021,2021_12_ATL_JAX,ATL,1.5,57,0.5087719298245614,0.49122807017543857,0
2021,2021_12_ATL_JAX,JAX,-1.5,71,0,0.28169014084507044,0.7183098591549296
2021,2021_12_BUF_NO,BUF,7,62,0.7419354838709677,0.25806451612903225,0
2021,2021_12_BUF_NO,NO,-7,56,0,0.2857142857142857,0.7142857142857143
2021,2021_12_CAR_MIA,CAR,1,54,0,0.3888888888888889,0.6111111111111112
2021,2021_12_CAR_MIA,MIA,-1,70,0.6714285714285714,0.32857142857142857,0
2021,2021_12_CHI_DET,CHI,2,66,0.09090909090909093,0.7878787878787878,0.12121212121212122
2021,2021_12_CHI_DET,DET,-2,45,0.2,0.8,0
2021,2021_12_CLE_BAL,BAL,3,74,0.5405405405405406,0.4594594594594595,0
2021,2021_12_CLE_BAL,CLE,-3,57,0,0.7894736842105263,0.21052631578947367
2021,2021_12_LAC_DEN,DEN,-2.5,57,0.6842105263157895,0.3157894736842105,0
2021,2021_12_LAC_DEN,LAC,2.5,64,0,0.34375,0.65625
2021,2021_12_LA_GB,GB,-2,77,0.5064935064935064,0.4935064935064935,0
2021,2021_12_LA_GB,LA,2,60,0,0.25,0.75
2021,2021_12_LV_DAL,DAL,7,65,0,0.6153846153846154,0.38461538461538464
2021,2021_12_LV_DAL,LV,-7,69,0.4782608695652174,0.5217391304347826,0
2021,2021_12_MIN_SF,MIN,-3.5,52,0,0.6346153846153846,0.36538461538461536
2021,2021_12_MIN_SF,SF,3.5,65,0.35384615384615387,0.6461538461538462,0
2021,2021_12_NYJ_HOU,HOU,3,55,0.05454545454545454,0.8181818181818182,0.12727272727272726
2021,2021_12_NYJ_HOU,NYJ,-3,61,0.29508196721311475,0.5573770491803278,0.14754098360655735
2021,2021_12_PHI_NYG,NYG,-4,57,0.3333333333333333,0.6666666666666666,0
2021,2021_12_PHI_NYG,PHI,4,64,0,0.71875,0.28125
2021,2021_12_PIT_CIN,CIN,3.5,65,0.8153846153846154,0.18461538461538465,0
2021,2021_12_PIT_CIN,PIT,-3.5,59,0,0.11864406779661016,0.8813559322033898
2021,2021_12_SEA_WAS,SEA,1,45,0,0.4666666666666667,0.5333333333333333
2021,2021_12_SEA_WAS,WAS,-1,77,0.3246753246753247,0.6753246753246753,0
2021,2021_12_TB_IND,IND,-3,67,0.40298507462686567,0.5074626865671642,0.08955223880597014
2021,2021_12_TB_IND,TB,3,62,0.0967741935483871,0.7419354838709677,0.16129032258064516
2021,2021_12_TEN_NE,NE,7.5,57,0.6491228070175439,0.3508771929824561,0
2021,2021_12_TEN_NE,TEN,-7.5,61,0,0.4426229508196721,0.5573770491803278
2021,2021_13_ARI_CHI,ARI,7.5,51,0.9019607843137256,0.09803921568627452,0
2021,2021_13_ARI_CHI,CHI,-7.5,71,0,0.19718309859154928,0.8028169014084507
2021,2021_13_BAL_PIT,BAL,4,69,0.11594202898550723,0.7681159420289855,0.11594202898550723
2021,2021_13_BAL_PIT,PIT,-4,56,0,0.9642857142857144,0.03571428571428571
2021,2021_13_DAL_NO,DAL,6,62,0.27419354838709675,0.7258064516129032,0
2021,2021_13_DAL_NO,NO,-6,69,0,0.6666666666666666,0.3333333333333333
2021,2021_13_DEN_KC,DEN,-8.5,72,0,0.18055555555555555,0.8194444444444444
2021,2021_13_DEN_KC,KC,8.5,52,0.7692307692307693,0.2307692307692308,0
2021,2021_13_IND_HOU,HOU,-10,50,0,0.4,0.6
2021,2021_13_IND_HOU,IND,10,69,0.855072463768116,0.14492753623188406,0
2021,2021_13_JAX_LA,JAX,-14,55,0,0.2545454545454545,0.7454545454545455
2021,2021_13_JAX_LA,LA,14,66,0.6060606060606061,0.3939393939393939,0
2021,2021_13_LAC_CIN,CIN,2.5,71,0,0.323943661971831,0.676056338028169
2021,2021_13_LAC_CIN,LAC,-2.5,61,0.639344262295082,0.3606557377049181,0
2021,2021_13_MIN_DET,DET,-7,69,0.4782608695652174,0.463768115942029,0.05797101449275362
2021,2021_13_MIN_DET,MIN,7,70,0,0.5428571428571428,0.45714285714285713
2021,2021_13_NE_BUF,BUF,3,57,0,1,0
2021,2021_13_NE_BUF,NE,-3,47,0.06382978723404255,0.9361702127659576,0
2021,2021_13_NYG_MIA,MIA,6.5,67,0.3283582089552239,0.6716417910447762,0
2021,2021_13_NYG_MIA,NYG,-6.5,62,0,0.6774193548387096,0.3225806451612903
2021,2021_13_PHI_NYJ,NYJ,-5,55,0,0.509090909090909,0.4909090909090909
2021,2021_13_PHI_NYJ,PHI,5,68,0.5,0.5,0
2021,2021_13_SF_SEA,SEA,-3,67,0.26865671641791045,0.6268656716417911,0.1044776119402985
2021,2021_13_SF_SEA,SF,3,55,0.12727272727272726,0.5636363636363636,0.3090909090909091
2021,2021_13_TB_ATL,ATL,-11,69,0,0.6666666666666666,0.3333333333333333
2021,2021_13_TB_ATL,TB,11,67,0.2835820895522388,0.7164179104477612,0
2021,2021_13_WAS_LV,LV,1,56,0,0.9285714285714286,0.07142857142857142
2021,2021_13_WAS_LV,WAS,-1,60,0.03333333333333333,0.9666666666666668,0
2021,2021_14_ATL_CAR,ATL,-2.5,62,0.5,0.43548387096774194,0.06451612903225806
2021,2021_14_ATL_CAR,CAR,2.5,62,0,0.5967741935483871,0.4032258064516129
2021,2021_14_BAL_CLE,BAL,-3,68,0,0.16176470588235295,0.8382352941176471
2021,2021_14_BAL_CLE,CLE,3,59,0.711864406779661,0.288135593220339,0
2021,2021_14_BUF_TB,BUF,-3.5,73,0,0.3561643835616438,0.6438356164383562
2021,2021_14_BUF_TB,TB,3.5,69,0.8115942028985508,0.18840579710144928,0
2021,2021_14_CHI_GB,CHI,-11.5,58,0,0.603448275862069,0.39655172413793105
2021,2021_14_CHI_GB,GB,11.5,62,0.3548387096774194,0.6290322580645161,0.01612903225806451
2021,2021_14_DAL_WAS,DAL,6.5,75,0.7333333333333333,0.26666666666666666,0
2021,2021_14_DAL_WAS,WAS,-6.5,61,0,0.16393442622950818,0.8360655737704918
2021,2021_14_DET_DEN,DEN,13,65,0.5692307692307692,0.4307692307692308,0
2021,2021_14_DET_DEN,DET,-13,62,0,0.3225806451612903,0.6774193548387096
2021,2021_14_JAX_TEN,JAX,-8.5,51,0,0.2352941176470588,0.7647058823529411
2021,2021_14_JAX_TEN,TEN,8.5,66,0.7878787878787878,0.21212121212121213,0
2021,2021_14_LA_ARI,ARI,3,75,0,0.5333333333333333,0.4666666666666667
2021,2021_14_LA_ARI,LA,-3,54,0.46296296296296297,0.5370370370370371,0
2021,2021_14_LV_KC,KC,10,54,0.9814814814814816,0.01851851851851851,0
2021,2021_14_LV_KC,LV,-10,61,0,0.06557377049180328,0.9344262295081968
2021,2021_14_NO_NYJ,NO,4.5,68,0.35294117647058826,0.6470588235294118,0
2021,2021_14_NO_NYJ,NYJ,-4.5,62,0,0.5806451612903226,0.41935483870967744
2021,2021_14_NYG_LAC,LAC,9.5,68,0.6764705882352942,0.3235294117647059,0
2021,2021_14_NYG_LAC,NYG,-9.5,64,0,0.1875,0.8125
2021,2021_14_PIT_MIN,MIN,3.5,67,0.8059701492537313,0.19402985074626863,0
2021,2021_14_PIT_MIN,PIT,-3.5,68,0,0.19117647058823528,0.8088235294117647
2021,2021_14_SEA_HOU,HOU,-10,75,0,0.72,0.28
2021,2021_14_SEA_HOU,SEA,10,57,0.3508771929824561,0.6491228070175439,0
2021,2021_14_SF_CIN,CIN,-2.5,58,0,0.4827586206896552,0.5172413793103449
2021,2021_14_SF_CIN,SF,2.5,62,0.4516129032258064,0.5483870967741935,0
2021,2021_15_ARI_DET,ARI,13,72,0,0.1388888888888889,0.8611111111111112
2021,2021_15_ARI_DET,DET,-13,62,0.6451612903225806,0.3548387096774194,0
2021,2021_15_ATL_SF,ATL,-9.5,58,0,0.5,0.5
2021,2021_15_ATL_SF,SF,9.5,56,0.5178571428571429,0.4821428571428571,0
2021,2021_15_CAR_BUF,BUF,14,63,0.8095238095238095,0.1904761904761905,0
2021,2021_15_CAR_BUF,CAR,-14,71,0,0.2535211267605634,0.7464788732394366
2021,2021_15_CIN_DEN,CIN,-3,50,0.18,0.82,0
2021,2021_15_CIN_DEN,DEN,3,71,0,0.8873239436619719,0.11267605633802816
2021,2021_15_DAL_NYG,DAL,11.5,68,0.5441176470588235,0.45588235294117646,0
2021,2021_15_DAL_NYG,NYG,-11.5,61,0,0.3606557377049181,0.639344262295082
2021,2021_15_GB_BAL,BAL,-9.5,66,0,0.696969696969697,0.30303030303030304
2021,2021_15_GB_BAL,GB,9.5,57,0.17543859649122806,0.8245614035087719,0
2021,2021_15_HOU_JAX,HOU,-6,57,0.5614035087719298,0.43859649122807015,0
2021,2021_15_HOU_JAX,JAX,6,65,0,0.4615384615384616,0.5384615384615384
2021,2021_15_KC_LAC,KC,3,62,0.12903225806451613,0.7096774193548387,0.16129032258064516
2021,2021_15_KC_LAC,LAC,-3,78,0.14102564102564102,0.8461538461538461,0.01282051282051282
2021,2021_15_LV_CLE,CLE,-3,53,0,0.6415094339622641,0.3584905660377358
2021,2021_15_LV_CLE,LV,3,64,0.46875,0.53125,0
2021,2021_15_MIN_CHI,CHI,-7,69,0,0.5072463768115942,0.4927536231884058
2021,2021_15_MIN_CHI,MIN,7,60,0.5,0.5,0
2021,2021_15_NE_IND,IND,-1,50,0.78,0.22,0
2021,2021_15_NE_IND,NE,1,65,0,0.2,0.8
2021,2021_15_NO_TB,NO,-11.5,60,0.43333333333333335,0.5666666666666667,0
2021,2021_15_NO_TB,TB,11.5,73,0,0.7945205479452054,0.2054794520547945
2021,2021_15_NYJ_MIA,MIA,10.5,67,0.1791044776119403,0.746268656716418,0.07462686567164178
2021,2021_15_NYJ_MIA,NYJ,-10.5,54,0.2037037037037037,0.5555555555555556,0.24074074074074073
2021,2021_15_SEA_LA,LA,7.5,59,0.11864406779661016,0.8813559322033898,0
2021,2021_15_SEA_LA,SEA,-7.5,53,0,0.71698113207547165,0.2830188679245283
2021,2021_15_TEN_PIT,PIT,1,44,0.06818181818181818,0.7045454545454546,0.2272727272727273
2021,2021_15_TEN_PIT,TEN,-1,78,0.4358974358974359,0.47435897435897434,0.08974358974358974
2021,2021_15_WAS_PHI,PHI,10,70,0.3857142857142858,0.6142857142857143,0
2021,2021_15_WAS_PHI,WAS,-10,54,0.05555555555555555,0.46296296296296297,0.48148148148148145
2021,2021_16_BAL_CIN,BAL,-7.5,57,0,0.2631578947368421,0.7368421052631579
2021,2021_16_BAL_CIN,CIN,7.5,69,0.7246376811594203,0.2753623188405797,0
2021,2021_16_BUF_NE,BUF,-1,73,0.5068493150684932,0.4931506849315068,0
2021,2021_16_BUF_NE,NE,1,60,0,0.36666666666666664,0.6333333333333333
2021,2021_16_CHI_SEA,CHI,-7,68,0,0.5147058823529411,0.4852941176470588
2021,2021_16_CHI_SEA,SEA,7,53,0.41509433962264153,0.5849056603773585,0
2021,2021_16_CLE_GB,CLE,-7.5,65,0,0.47692307692307695,0.5230769230769231
2021,2021_16_CLE_GB,GB,7.5,57,0.5964912280701754,0.40350877192982454,0
2021,2021_16_DEN_LV,DEN,1,40,0,0.85,0.15
2021,2021_16_DEN_LV,LV,-1,63,0.1904761904761905,0.8095238095238095,0
2021,2021_16_DET_ATL,ATL,7.5,44,0.06818181818181818,0.9318181818181818,0
2021,2021_16_DET_ATL,DET,-7.5,68,0,0.8529411764705882,0.14705882352941177
2021,2021_16_IND_ARI,ARI,3,64,0,0.6875,0.3125
2021,2021_16_IND_ARI,IND,-3,62,0.16129032258064516,0.8387096774193549,0
2021,2021_16_JAX_NYJ,JAX,-2.5,69,0,0.8695652173913043,0.13043478260869565
2021,2021_16_JAX_NYJ,NYJ,2.5,59,0.3898305084745763,0.6101694915254238,0
2021,2021_16_LAC_HOU,HOU,-13.5,63,0.380952380952381,0.6190476190476191,0
2021,2021_16_LAC_HOU,LAC,13.5,57,0,0.631578947368421,0.3684210526315789
2021,2021_16_LA_MIN,LA,3.5,69,0.7101449275362319,0.2898550724637681,0
2021,2021_16_LA_MIN,MIN,-3.5,62,0,0.5161290322580645,0.4838709677419355
2021,2021_16_MIA_NO,MIA,3,59,0.423728813559322,0.576271186440678,0
2021,2021_16_MIA_NO,NO,-3,51,0,0.5490196078431373,0.4509803921568627
2021,2021_16_NYG_PHI,NYG,-11,73,0,0.5068493150684932,0.4931506849315068
2021,2021_16_NYG_PHI,PHI,11,60,0.4166666666666667,0.5833333333333334,0
2021,2021_16_PIT_KC,KC,10.5,67,0.7910447761194029,0.208955223880597,0
2021,2021_16_PIT_KC,PIT,-10.5,69,0,0.07246376811594203,0.927536231884058
2021,2021_16_SF_TEN,SF,3.5,58,0.1896551724137931,0.5862068965517241,0.22413793103448276
2021,2021_16_SF_TEN,TEN,-3.5,58,0.1724137931034483,0.6724137931034483,0.15517241379310345
2021,2021_16_TB_CAR,CAR,-11.5,67,0,0.3283582089552239,0.6716417910447762
2021,2021_16_TB_CAR,TB,11.5,62,0.532258064516129,0.46774193548387094,0
2021,2021_16_WAS_DAL,DAL,10.5,72,0.7777777777777778,0.2222222222222222,0
2021,2021_16_WAS_DAL,WAS,-10.5,56,0,0.10714285714285714,0.8928571428571429
2021,2021_17_ARI_DAL,ARI,-6.5,69,0.4057971014492754,0.5942028985507246,0
2021,2021_17_ARI_DAL,DAL,6.5,57,0,0.45614035087719296,0.543859649122807
2021,2021_17_ATL_BUF,ATL,-14,50,0,0.48,0.52
2021,2021_17_ATL_BUF,BUF,14,68,0.5441176470588235,0.45588235294117646,0
2021,2021_17_CAR_NO,CAR,-7,59,0,0.7796610169491526,0.22033898305084745
2021,2021_17_CAR_NO,NO,7,54,0.12962962962962962,0.8703703703703703,0
2021,2021_17_CLE_PIT,CLE,1,67,0,0.2537313432835821,0.746268656716418
2021,2021_17_CLE_PIT,PIT,-1,78,0.6025641025641025,0.3974358974358974,0
2021,2021_17_DEN_LAC,DEN,-8,56,0,0.4107142857142857,0.5892857142857143
2021,2021_17_DEN_LAC,LAC,8,64,0.875,0.125,0
2021,2021_17_DET_SEA,DET,-8.5,59,0,0.2033898305084746,0.7966101694915254
2021,2021_17_DET_SEA,SEA,8.5,69,0.8115942028985508,0.18840579710144928,0
2021,2021_17_HOU_SF,HOU,-14,62,0,0.7419354838709677,0.25806451612903225
2021,2021_17_HOU_SF,SF,14,61,0.26229508196721313,0.7377049180327869,0
2021,2021_17_JAX_NE,JAX,-17.5,46,0,0.15217391304347827,0.8478260869565217
2021,2021_17_JAX_NE,NE,17.5,69,0.8405797101449275,0.15942028985507245,0
2021,2021_17_KC_CIN,CIN,-3.5,61,0.08196721311475409,0.5245901639344263,0.39344262295081966
2021,2021_17_KC_CIN,KC,3.5,58,0.22413793103448276,0.7758620689655172,0
2021,2021_17_LA_BAL,BAL,-7,67,0.5373134328358209,0.4477611940298507,0.01492537313432835
2021,2021_17_LA_BAL,LA,7,55,0,0.6909090909090909,0.3090909090909091
2021,2021_17_LV_IND,IND,8.5,54,0.0925925925925926,0.9074074074074074,0
2021,2021_17_LV_IND,LV,-8.5,61,0.13114754098360656,0.8688524590163934,0
2021,2021_17_MIA_TEN,MIA,-3,59,0,0.1864406779661017,0.8135593220338984
2021,2021_17_MIA_TEN,TEN,3,59,0.7627118644067796,0.23728813559322037,0
2021,2021_17_MIN_GB,GB,13,73,0.6164383561643836,0.3835616438356164,0
2021,2021_17_MIN_GB,MIN,-13,52,0,0.2692307692307692,0.7307692307692307
2021,2021_17_NYG_CHI,CHI,7,64,1,0,0
2021,2021_17_NYG_CHI,NYG,-7,55,0,0.09090909090909093,0.9090909090909092
2021,2021_17_PHI_WAS,PHI,6.5,60,0.05,0.7,0.25
2021,2021_17_PHI_WAS,WAS,-6.5,60,0.15,0.8166666666666667,0.03333333333333333
2021,2021_17_TB_NYJ,NYJ,-14.5,60,0.45,0.5166666666666667,0.03333333333333333
2021,2021_17_TB_NYJ,TB,14.5,71,0,0.5915492957746479,0.4084507042253521
2021,2021_18_CAR_TB,CAR,-11,70,0,0.5571428571428572,0.4428571428571429
2021,2021_18_CAR_TB,TB,11,59,0.559322033898305,0.4406779661016949,0
2021,2021_18_CHI_MIN,CHI,-3.5,80,0.1875,0.6125,0.2
2021,2021_18_CHI_MIN,MIN,3.5,46,0.08695652173913043,0.6304347826086957,0.2826086956521739
2021,2021_18_CIN_CLE,CIN,-6.5,51,0,0.5294117647058824,0.4705882352941176
2021,2021_18_CIN_CLE,CLE,6.5,65,0.7230769230769231,0.27692307692307694,0
2021,2021_18_DAL_PHI,DAL,6.5,58,0.5,0.5,0
2021,2021_18_DAL_PHI,PHI,-6.5,69,0,0.5362318840579711,0.463768115942029
2021,2021_18_GB_DET,DET,-4,58,0.25862068965517243,0.7413793103448276,0
2021,2021_18_GB_DET,GB,4,65,0,0.6307692307692307,0.3692307692307693
2021,2021_18_IND_JAX,IND,14,53,0,0.33962264150943394,0.660377358490566
2021,2021_18_IND_JAX,JAX,-14,61,0.6721311475409836,0.32786885245901637,0
2021,2021_18_KC_DEN,DEN,-11.5,54,0.03703703703703703,0.8888888888888888,0.07407407407407407
2021,2021_18_KC_DEN,KC,11.5,71,0.08450704225352113,0.9154929577464788,0
2021,2021_18_LAC_LV,LAC,3.5,81,0,0.4567901234567901,0.5432098765432098
2021,2021_18_LAC_LV,LV,-3.5,60,0.4166666666666667,0.5833333333333334,0
2021,2021_18_NE_MIA,MIA,-6,66,0.803030303030303,0.19696969696969696,0
2021,2021_18_NE_MIA,NE,6,59,0,0.06779661016949153,0.9322033898305084
2021,2021_18_NO_ATL,ATL,-4.5,48,0,0.3333333333333333,0.6666666666666666
2021,2021_18_NO_ATL,NO,4.5,70,0.6,0.4,0
2021,2021_18_NYJ_BUF,BUF,16,76,0.5657894736842105,0.4342105263157895,0
2021,2021_18_NYJ_BUF,NYJ,-16,46,0,0.4565217391304347,0.5434782608695652
2021,2021_18_PIT_BAL,BAL,3,64,0.125,0.875,0
2021,2021_18_PIT_BAL,PIT,-3,59,0,1,0
2021,2021_18_SEA_ARI,ARI,5.5,72,0.04166666666666666,0.6944444444444444,0.2638888888888889
2021,2021_18_SEA_ARI,SEA,-5.5,56,0.07142857142857142,0.7678571428571429,0.16071428571428573
2021,2021_18_SF_LA,LA,3,59,0.2711864406779661,0.7288135593220338,0
2021,2021_18_SF_LA,SF,-3,55,0,0.4545454545454546,0.5454545454545454
2021,2021_18_TEN_HOU,HOU,-10.5,55,0,0.4,0.6
2021,2021_18_TEN_HOU,TEN,10.5,63,0.47619047619047616,0.5238095238095238,0
2021,2021_18_WAS_NYG,NYG,-6,59,0,0.5423728813559322,0.4576271186440678
2021,2021_18_WAS_NYG,WAS,6,58,0.39655172413793105,0.603448275862069,0
2021,2021_19_ARI_LA,ARI,-4,54,0,0.1111111111111111,0.8888888888888888
2021,2021_19_ARI_LA,LA,4,57,0.7543859649122807,0.24561403508771928,0
2021,2021_19_LV_CIN,CIN,6,59,0.8305084745762712,0.1694915254237288,0
2021,2021_19_LV_CIN,LV,-6,70,0,0.22857142857142856,0.7714285714285715
2021,2021_19_NE_BUF,BUF,4.5,51,0.803921568627451,0.19607843137254904,0
2021,2021_19_NE_BUF,NE,-4.5,60,0,0.15,0.85
2021,2021_19_PHI_TB,PHI,-7.5,62,0,0.1129032258064516,0.8870967741935484
2021,2021_19_PHI_TB,TB,7.5,72,0.8333333333333334,0.16666666666666666,0
2021,2021_19_PIT_KC,KC,13,65,0.47692307692307695,0.5230769230769231,0
2021,2021_19_PIT_KC,PIT,-13,65,0,0.35384615384615387,0.6461538461538462
2021,2021_19_SF_DAL,DAL,3,69,0,0.2898550724637681,0.7101449275362319
2021,2021_19_SF_DAL,SF,-3,63,0.6190476190476191,0.380952380952381,0
2021,2021_20_BUF_KC,BUF,-2.5,63,0,0.8253968253968254,0.1746031746031746
2021,2021_20_BUF_KC,KC,2.5,65,0.1076923076923077,0.8615384615384616,0.03076923076923077
2021,2021_20_CIN_TEN,CIN,-4,63,0.09523809523809525,0.9047619047619048,0
2021,2021_20_CIN_TEN,TEN,4,52,0,0.8653846153846154,0.1346153846153846
2021,2021_20_LA_TB,LA,-2.5,69,0.7101449275362319,0.2898550724637681,0
2021,2021_20_LA_TB,TB,2.5,70,0,0.18571428571428572,0.8142857142857143
2021,2021_20_SF_GB,GB,5.5,53,0.33962264150943394,0.660377358490566,0
2021,2021_20_SF_GB,SF,-5.5,52,0.03846153846153846,0.8269230769230769,0.1346153846153846
2021,2021_21_CIN_KC,CIN,-7,58,0,0.4827586206896552,0.5172413793103449
2021,2021_21_CIN_KC,KC,7,64,0.515625,0.484375,0
2021,2021_21_SF_LA,LA,3.5,73,0.0136986301369863,0.9315068493150684,0.0547945205479452
2021,2021_21_SF_LA,SF,-3.5,49,0.04081632653061224,0.9183673469387756,0.04081632653061224
2021,2021_22_LA_CIN,CIN,-4.5,60,0.23333333333333336,0.75,0.01666666666666666
2021,2021_22_LA_CIN,LA,4.5,65,0,0.9384615384615383,0.06153846153846154
2022,2022_01_BAL_NYJ,BAL,6.5,51,0.4117647058823529,0.5882352941176471,0
2022,2022_01_BAL_NYJ,NYJ,-6.5,79,0,0.43037974683544306,0.569620253164557
2022,2022_01_BUF_LA,BUF,1,57,0.3157894736842105,0.6842105263157895,0
2022,2022_01_BUF_LA,LA,-1,66,0,0.5909090909090909,0.4090909090909091
2022,2022_01_CLE_CAR,CAR,2.5,49,0,0.5102040816326531,0.4897959183673469
2022,2022_01_CLE_CAR,CLE,-2.5,72,0.5416666666666666,0.4583333333333333,0
2022,2022_01_DEN_SEA,DEN,6,64,0,1,0
2022,2022_01_DEN_SEA,SEA,-6,46,0.10869565217391304,0.8913043478260869,0
2022,2022_01_GB_MIN,GB,-2.5,59,0,0.3559322033898305,0.6440677966101694
2022,2022_01_GB_MIN,MIN,2.5,61,0.6721311475409836,0.32786885245901637,0
2022,2022_01_IND_HOU,HOU,-7,59,0.559322033898305,0.4406779661016949,0
2022,2022_01_IND_HOU,IND,7,76,0,0.5394736842105263,0.4605263157894737
2022,2022_01_JAX_WAS,JAX,-3,62,0,0.5,0.5
2022,2022_01_JAX_WAS,WAS,3,67,0.4328358208955224,0.5074626865671642,0.05970149253731343
2022,2022_01_KC_ARI,ARI,-6,62,0,0.08064516129032258,0.9193548387096774
2022,2022_01_KC_ARI,KC,6,66,0.6818181818181818,0.3181818181818182,0
2022,2022_01_LV_LAC,LAC,3.5,63,0.5714285714285714,0.42857142857142855,0
2022,2022_01_LV_LAC,LV,-3.5,56,0,0.4107142857142857,0.5892857142857143
2022,2022_01_NE_MIA,MIA,3,57,0.6666666666666666,0.3333333333333333,0
2022,2022_01_NE_MIA,NE,-3,53,0,0.33962264150943394,0.660377358490566
2022,2022_01_NO_ATL,ATL,-6,70,0.4714285714285714,0.5285714285714286,0
2022,2022_01_NO_ATL,NO,6,55,0,0.4545454545454546,0.5454545454545454
2022,2022_01_NYG_TEN,NYG,-5.5,58,0,0.27586206896551724,0.7241379310344828
2022,2022_01_NYG_TEN,TEN,5.5,59,0.6610169491525424,0.3389830508474576,0
2022,2022_01_PHI_DET,DET,-6,65,0.04615384615384615,0.26153846153846155,0.6923076923076923
2022,2022_01_PHI_DET,PHI,6,71,0.4507042253521127,0.5492957746478874,0
2022,2022_01_PIT_CIN,CIN,7.5,81,0,0.6172839506172839,0.382716049382716
2022,2022_01_PIT_CIN,PIT,-7.5,45,0.4666666666666667,0.5333333333333333,0
2022,2022_01_SF_CHI,CHI,-6.5,53,0.1509433962264151,0.7547169811320755,0.09433962264150944
2022,2022_01_SF_CHI,SF,6.5,67,0.16417910447761194,0.5970149253731343,0.23880597014925373
2022,2022_01_TB_DAL,DAL,-2.5,63,0,0.42857142857142855,0.5714285714285714
2022,2022_01_TB_DAL,TB,2.5,60,0.5,0.5,0
2022,2022_02_ARI_LV,ARI,-5.5,70,0,0.08571428571428572,0.9142857142857144
2022,2022_02_ARI_LV,LV,5.5,56,0.7142857142857143,0.2857142857142857,0
2022,2022_02_ATL_LA,ATL,-10.5,56,0,0.35714285714285715,0.6428571428571429
2022,2022_02_ATL_LA,LA,10.5,63,0.8571428571428571,0.14285714285714285,0
2022,2022_02_CAR_NYG,CAR,1,54,0,0.9814814814814816,0.01851851851851851
2022,2022_02_CAR_NYG,NYG,-1,68,0.19117647058823528,0.8088235294117647,0
2022,2022_02_CHI_GB,CHI,-10.5,41,0,0.3170731707317073,0.6829268292682927
2022,2022_02_CHI_GB,GB,10.5,65,0.5076923076923077,0.49230769230769234,0
2022,2022_02_CIN_DAL,CIN,7.5,66,0,0.16666666666666666,0.8333333333333334
2022,2022_02_CIN_DAL,DAL,-7.5,58,0.5862068965517241,0.41379310344827586,0
2022,2022_02_HOU_DEN,DEN,10.5,64,0.171875,0.828125,0
2022,2022_02_HOU_DEN,HOU,-10.5,58,0,0.8275862068965517,0.1724137931034483
2022,2022_02_IND_JAX,IND,3,48,0,0.22916666666666663,0.7708333333333334
2022,2022_02_IND_JAX,JAX,-3,66,0.7575757575757576,0.24242424242424243,0
2022,2022_02_LAC_KC,KC,4,52,0.17307692307692307,0.6730769230769231,0.15384615384615383
2022,2022_02_LAC_KC,LAC,-4,73,0,0.7534246575342466,0.2465753424657534
2022,2022_02_MIA_BAL,BAL,3,54,0.7407407407407407,0.18518518518518515,0.07407407407407407
2022,2022_02_MIA_BAL,MIA,-3,69,0,0.34782608695652173,0.6521739130434783
2022,2022_02_MIN_PHI,MIN,-2.5,59,0,0.15254237288135594,0.847457627118644
2022,2022_02_MIN_PHI,PHI,2.5,68,0.6323529411764706,0.36764705882352944,0
2022,2022_02_NE_PIT,NE,3,63,0.30158730158730157,0.6984126984126984,0
2022,2022_02_NE_PIT,PIT,-3,58,0,0.8275862068965517,0.1724137931034483
2022,2022_02_NYJ_CLE,CLE,6.5,64,0.234375,0.765625,0
2022,2022_02_NYJ_CLE,NYJ,-6.5,66,0,0.7272727272727273,0.2727272727272727
2022,2022_02_SEA_SF,SEA,-8.5,47,0,0.23404255319148937,0.7659574468085106
2022,2022_02_SEA_SF,SF,8.5,70,0.7285714285714285,0.2714285714285714,0
2022,2022_02_TB_NO,NO,-2.5,66,0,0.7272727272727273,0.2727272727272727
2022,2022_02_TB_NO,TB,2.5,63,0.14285714285714285,0.8571428571428571,0
2022,2022_02_TEN_BUF,BUF,10,63,0.5079365079365079,0.492063492063492,0
2022,2022_02_TEN_BUF,TEN,-10,53,0,0.3962264150943397,0.6037735849056604
2022,2022_02_WAS_DET,DET,-1,59,0.7288135593220338,0.2711864406779661,0
2022,2022_02_WAS_DET,WAS,1,72,0,0.1111111111111111,0.8888888888888888
2022,2022_03_ATL_SEA,ATL,-1,52,0.15384615384615383,0.8461538461538461,0
2022,2022_03_ATL_SEA,SEA,1,69,0,0.9710144927536232,0.02898550724637681
2022,2022_03_BAL_NE,BAL,2.5,56,0.2857142857142857,0.7142857142857143,0
2022,2022_03_BAL_NE,NE,-2.5,63,0,0.7777777777777778,0.2222222222222222
2022,2022_03_BUF_MIA,BUF,4,89,0,1,0
2022,2022_03_BUF_MIA,MIA,-4,39,0.07692307692307693,0.9230769230769232,0
2022,2022_03_CIN_NYJ,CIN,6.5,64,0.6875,0.3125,0
2022,2022_03_CIN_NYJ,NYJ,-6.5,76,0,0.27631578947368424,0.7236842105263158
2022,2022_03_DAL_NYG,DAL,-1,59,0.13559322033898305,0.7966101694915254,0.06779661016949153
2022,2022_03_DAL_NYG,NYG,1,67,0,0.7910447761194029,0.208955223880597
2022,2022_03_DET_MIN,DET,-6.5,75,0.28,0.6666666666666666,0.05333333333333334
2022,2022_03_DET_MIN,MIN,6.5,65,0,0.676923076923077,0.3230769230769231
2022,2022_03_GB_TB,GB,-1,60,0.6333333333333333,0.36666666666666664,0
2022,2022_03_GB_TB,TB,1,58,0,0.20689655172413793,0.7931034482758621
2022,2022_03_HOU_CHI,CHI,3,60,0.01666666666666666,0.9833333333333332,0
2022,2022_03_HOU_CHI,HOU,-3,57,0,0.9473684210526316,0.05263157894736842
2022,2022_03_JAX_LAC,JAX,-6.5,73,0.5342465753424658,0.4657534246575342,0
2022,2022_03_JAX_LAC,LAC,6.5,58,0,0.29310344827586204,0.7068965517241379
2022,2022_03_KC_IND,IND,-4.5,68,0.10294117647058824,0.8970588235294118,0
2022,2022_03_KC_IND,KC,4.5,60,0.25,0.6833333333333333,0.06666666666666667
2022,2022_03_LA_ARI,ARI,-3.5,81,0,0.2839506172839506,0.7160493827160493
2022,2022_03_LA_ARI,LA,3.5,44,0.5,0.5,0
2022,2022_03_LV_TEN,LV,1.5,65,0,0.15384615384615383,0.8461538461538461
2022,2022_03_LV_TEN,TEN,-1.5,53,0.5471698113207547,0.4528301886792453,0
2022,2022_03_NO_CAR,CAR,-2,58,0.8793103448275862,0.1206896551724138,0
2022,2022_03_NO_CAR,NO,2,64,0,0.203125,0.796875
2022,2022_03_PHI_WAS,PHI,6,66,0.7272727272727273,0.2727272727272727,0
2022,2022_03_PHI_WAS,WAS,-6,74,0,0.24324324324324328,0.7567567567567568
2022,2022_03_PIT_CLE,CLE,4.5,71,0.2676056338028169,0.7323943661971831,0
2022,2022_03_PIT_CLE,PIT,-4.5,55,0,0.7636363636363637,0.23636363636363636
2022,2022_03_SF_DEN,DEN,-1,67,0.04477611940298507,0.9402985074626866,0.01492537313432835
2022,2022_03_SF_DEN,SF,1,52,0.07692307692307693,0.9230769230769232,0
2022,2022_04_ARI_CAR,ARI,-1,67,0.14925373134328357,0.6865671641791045,0.16417910447761194
2022,2022_04_ARI_CAR,CAR,1,51,0.3137254901960784,0.43137254901960786,0.2549019607843137
2022,2022_04_BUF_BAL,BAL,-3,63,0.5873015873015873,0.4126984126984127,0
2022,2022_04_BUF_BAL,BUF,3,60,0.03333333333333333,0.45,0.5166666666666667
2022,2022_04_CHI_NYG,CHI,-3,60,0,0.7666666666666667,0.23333333333333336
2022,2022_04_CHI_NYG,NYG,3,61,0.3770491803278688,0.6229508196721312,0
2022,2022_04_CLE_ATL,ATL,-1,52,0.05769230769230769,0.9423076923076924,0
2022,2022_04_CLE_ATL,CLE,1,71,0,0.8309859154929577,0.16901408450704225
2022,2022_04_DEN_LV,DEN,-2.5,48,0,0.6875,0.3125
2022,2022_04_DEN_LV,LV,2.5,72,0.3333333333333333,0.6666666666666666,0
2022,2022_04_JAX_PHI,JAX,-6.5,46,0.17391304347826086,0.5434782608695652,0.2826086956521739
2022,2022_04_JAX_PHI,PHI,6.5,74,0.4189189189189189,0.4189189189189189,0.16216216216216217
2022,2022_04_KC_TB,KC,-1,77,0.8311688311688312,0.16883116883116883,0
2022,2022_04_KC_TB,TB,1,59,0,0.1016949152542373,0.8983050847457628
2022,2022_04_LAC_HOU,HOU,-5.5,53,0,0.33962264150943394,0.660377358490566
2022,2022_04_LAC_HOU,LAC,5.5,63,0.7619047619047619,0.23809523809523808,0
2022,2022_04_LA_SF,LA,-1,73,0,0.4657534246575342,0.5342465753424658
2022,2022_04_LA_SF,SF,1,49,0.5510204081632653,0.4489795918367347,0
2022,2022_04_MIA_CIN,CIN,4,60,0.16666666666666666,0.8333333333333334,0
2022,2022_04_MIA_CIN,MIA,-4,60,0,0.8,0.2
2022,2022_04_MIN_NO,MIN,4,67,0.07462686567164178,0.9253731343283582,0
2022,2022_04_MIN_NO,NO,-4,57,0,0.8245614035087719,0.17543859649122806
2022,2022_04_NE_GB,GB,10,57,0,0.912280701754386,0.08771929824561403
2022,2022_04_NE_GB,NE,-10,55,0,1,0
2022,2022_04_NYJ_PIT,NYJ,-3,67,0.13432835820895522,0.7014925373134329,0.16417910447761194
2022,2022_04_NYJ_PIT,PIT,3,60,0.25,0.65,0.1
2022,2022_04_SEA_DET,DET,3,66,0,0.30303030303030304,0.696969696969697
2022,2022_04_SEA_DET,SEA,-3,61,0.5737704918032787,0.4262295081967213,0
2022,2022_04_TEN_IND,IND,4.5,63,0,0.42857142857142855,0.5714285714285714
2022,2022_04_TEN_IND,TEN,-4.5,49,0.8367346938775511,0.16326530612244897,0
2022,2022_04_WAS_DAL,DAL,3,57,0.3333333333333333,0.6666666666666666,0
2022,2022_04_WAS_DAL,WAS,-3,71,0,0.5211267605633803,0.4788732394366197
2022,2022_05_ATL_TB,ATL,-10.5,61,0,0.39344262295081966,0.6065573770491803
2022,2022_05_ATL_TB,TB,10.5,72,0.5694444444444444,0.4305555555555556,0
2022,2022_05_CHI_MIN,CHI,-10,47,0,0.44680851063829785,0.5531914893617021
2022,2022_05_CHI_MIN,MIN,10,71,0.43661971830985913,0.5633802816901409,0
2022,2022_05_CIN_BAL,BAL,3,60,0.38333333333333336,0.6166666666666667,0
2022,2022_05_CIN_BAL,CIN,-3,59,0,0.7627118644067796,0.23728813559322037
2022,2022_05_DAL_LA,DAL,-5.5,50,0.68,0.32,0
2022,2022_05_DAL_LA,LA,5.5,64,0,0.625,0.375
2022,2022_05_DET_NE,DET,-3,63,0,0.4126984126984127,0.5873015873015873
2022,2022_05_DET_NE,NE,3,54,0.8148148148148148,0.18518518518518515,0
2022,2022_05_HOU_JAX,HOU,-7,55,0.05454545454545454,0.9454545454545454,0
2022,2022_05_HOU_JAX,JAX,7,72,0,0.7916666666666666,0.20833333333333337
2022,2022_05_IND_DEN,DEN,3.5,63,0.36507936507936506,0.6349206349206349,0
2022,2022_05_IND_DEN,IND,-3.5,65,0,0.9384615384615383,0.06153846153846154
2022,2022_05_LAC_CLE,CLE,-1,65,0.18461538461538465,0.8153846153846154,0
2022,2022_05_LAC_CLE,LAC,1,67,0.05970149253731343,0.835820895522388,0.1044776119402985
2022,2022_05_LV_KC,KC,7.5,68,0.14705882352941177,0.5294117647058824,0.3235294117647059
2022,2022_05_LV_KC,LV,-7.5,56,0.26785714285714285,0.6071428571428571,0.125
2022,2022_05_MIA_NYJ,MIA,3,62,0,0.46774193548387094,0.532258064516129
2022,2022_05_MIA_NYJ,NYJ,-3,53,0.37735849056603776,0.6226415094339622,0
2022,2022_05_NYG_GB,GB,8.5,61,0.4262295081967213,0.4098360655737705,0.16393442622950818
2022,2022_05_NYG_GB,NYG,-8.5,56,0.01785714285714285,0.35714285714285715,0.625
2022,2022_05_PHI_ARI,ARI,-5.5,67,0,0.7164179104477612,0.2835820895522388
2022,2022_05_PHI_ARI,PHI,5.5,70,0.37142857142857144,0.6285714285714286,0
2022,2022_05_PIT_BUF,BUF,14,51,0.7254901960784313,0.27450980392156865,0
2022,2022_05_PIT_BUF,PIT,-14,72,0,0.2361111111111111,0.7638888888888888
2022,2022_05_SEA_NO,NO,5.5,69,0.2753623188405797,0.7246376811594203,0
2022,2022_05_SEA_NO,SEA,-5.5,49,0,0.8367346938775511,0.16326530612244897
2022,2022_05_SF_CAR,CAR,-6,65,0,0.4153846153846154,0.5846153846153846
2022,2022_05_SF_CAR,SF,6,59,0.576271186440678,0.423728813559322,0
2022,2022_05_TEN_WAS,TEN,1,62,0.1129032258064516,0.8870967741935484,0
2022,2022_05_TEN_WAS,WAS,-1,57,0,0.9824561403508772,0.0175438596491228
2022,2022_06_ARI_SEA,ARI,2.5,71,0,0.5915492957746479,0.4084507042253521
2022,2022_06_ARI_SEA,SEA,-2.5,66,0.5757575757575758,0.42424242424242425,0
2022,2022_06_BAL_NYG,BAL,5.5,58,0.08620689655172414,0.8793103448275862,0.03448275862068965
2022,2022_06_BAL_NYG,NYG,-5.5,59,0.03389830508474576,0.7627118644067796,0.2033898305084746
2022,2022_06_BUF_KC,BUF,2.5,70,0.01428571428571428,0.9428571428571428,0.04285714285714286
2022,2022_06_BUF_KC,KC,-2.5,61,0.11475409836065574,0.8852459016393442,0
2022,2022_06_CAR_LA,CAR,-10,43,0,0.6976744186046512,0.3023255813953488
2022,2022_06_CAR_LA,LA,10,61,0.26229508196721313,0.7377049180327869,0
2022,2022_06_CIN_NO,CIN,3,53,0,0.5283018867924528,0.4716981132075472
2022,2022_06_CIN_NO,NO,-3,71,0.5633802816901409,0.4225352112676056,0.01408450704225352
2022,2022_06_DAL_PHI,DAL,-6.5,64,0,0.15625,0.84375
2022,2022_06_DAL_PHI,PHI,6.5,66,0.6666666666666666,0.3333333333333333,0
2022,2022_06_DEN_LAC,DEN,-3.5,49,0,1,0
2022,2022_06_DEN_LAC,LAC,3.5,74,0,0.972972972972973,0.02702702702702703
2022,2022_06_JAX_IND,IND,1,74,0,0.8243243243243243,0.17567567567567569
2022,2022_06_JAX_IND,JAX,-1,58,0.05172413793103448,0.8275862068965517,0.1206896551724138
2022,2022_06_MIN_MIA,MIA,-3,73,0,0.684931506849315,0.3150684931506849
2022,2022_06_MIN_MIA,MIN,3,48,0.4583333333333333,0.5416666666666666,0
2022,2022_06_NE_CLE,CLE,2.5,67,0,0.4477611940298507,0.5522388059701493
2022,2022_06_NE_CLE,NE,-2.5,62,0.4838709677419355,0.5161290322580645,0
2022,2022_06_NYJ_GB,GB,7.5,69,0,0.6811594202898551,0.3188405797101449
2022,2022_06_NYJ_GB,NYJ,-7.5,50,0.34,0.66,0
2022,2022_06_SF_ATL,ATL,-3.5,56,0.5357142857142857,0.4642857142857143,0
2022,2022_06_SF_ATL,SF,3.5,57,0,0.2807017543859649,0.7192982456140351
2022,2022_06_TB_PIT,PIT,-10,59,0.15254237288135594,0.847457627118644,0
2022,2022_06_TB_PIT,TB,10,67,0,0.7761194029850746,0.22388059701492535
2022,2022_06_WAS_CHI,CHI,-1,69,0,0.927536231884058,0.07246376811594203
2022,2022_06_WAS_CHI,WAS,1,53,0.09433962264150944,0.9056603773584906,0
2022,2022_07_ATL_CIN,ATL,-6.5,45,0,0.1111111111111111,0.8888888888888888
2022,2022_07_ATL_CIN,CIN,6.5,65,0.9230769230769232,0.07692307692307693,0
2022,2022_07_CHI_NE,CHI,-9.5,69,0.4782608695652174,0.5217391304347826,0
2022,2022_07_CHI_NE,NE,9.5,47,0,0.5106382978723404,0.4893617021276595
2022,2022_07_CLE_BAL,BAL,6.5,62,0.5645161290322581,0.43548387096774194,0
2022,2022_07_CLE_BAL,CLE,-6.5,56,0,0.6607142857142857,0.3392857142857143
2022,2022_07_DET_DAL,DAL,7,57,0.3333333333333333,0.6666666666666666,0
2022,2022_07_DET_DAL,DET,-7,56,0,0.875,0.125
2022,2022_07_GB_WAS,GB,4,46,0,0.6956521739130435,0.30434782608695654
2022,2022_07_GB_WAS,WAS,-4,72,0.3472222222222222,0.5833333333333334,0.06944444444444445
2022,2022_07_HOU_LV,HOU,-7,65,0.01538461538461538,0.6615384615384615,0.3230769230769231
2022,2022_07_HOU_LV,LV,7,53,0.11320754716981132,0.8867924528301887,0
2022,2022_07_IND_TEN,IND,-2.5,64,0,0.3125,0.6875
2022,2022_07_IND_TEN,TEN,2.5,55,0.6181818181818182,0.38181818181818183,0
2022,2022_07_KC_SF,KC,1,55,0.2545454545454545,0.6727272727272727,0.07272727272727272
2022,2022_07_KC_SF,SF,-1,71,0,0.5633802816901409,0.43661971830985913
2022,2022_07_NO_ARI,ARI,2.5,59,0.559322033898305,0.4406779661016949,0
2022,2022_07_NO_ARI,NO,-2.5,70,0,0.4428571428571429,0.5571428571428572
2022,2022_07_NYG_JAX,JAX,3,65,0.12307692307692308,0.7384615384615385,0.13846153846153847
2022,2022_07_NYG_JAX,NYG,-3,70,0.1,0.9,0
2022,2022_07_NYJ_DEN,DEN,-2,75,0,0.7733333333333333,0.22666666666666663
2022,2022_07_NYJ_DEN,NYJ,2,52,0.17307692307692307,0.8269230769230769,0
2022,2022_07_PIT_MIA,MIA,7.5,61,0.6885245901639344,0.3114754098360656,0
2022,2022_07_PIT_MIA,PIT,-7.5,68,0,0.29411764705882354,0.7058823529411765
2022,2022_07_SEA_LAC,LAC,5.5,69,0,0.30434782608695654,0.6956521739130435
2022,2022_07_SEA_LAC,SEA,-5.5,61,0.5081967213114754,0.4918032786885246,0
2022,2022_07_TB_CAR,CAR,-13,50,0.54,0.46,0
2022,2022_07_TB_CAR,TB,13,66,0,0.5757575757575758,0.42424242424242425
2022,2022_08_ARI_MIN,ARI,-4,69,0,0.391304347826087,0.6086956521739131
2022,2022_08_ARI_MIN,MIN,4,68,0.35294117647058826,0.6470588235294118,0
2022,2022_08_BAL_TB,BAL,-2,71,0.15492957746478872,0.6338028169014085,0.2112676056338028
2022,2022_08_BAL_TB,TB,2,61,0.3770491803278688,0.26229508196721313,0.3606557377049181
2022,2022_08_CAR_ATL,ATL,4.5,54,0.05555555555555555,0.9444444444444444,0
2022,2022_08_CAR_ATL,CAR,-4.5,70,0,0.8571428571428571,0.14285714285714285
2022,2022_08_CHI_DAL,CHI,-10.5,71,0,0.04225352112676056,0.9577464788732394
2022,2022_08_CHI_DAL,DAL,10.5,55,0.7090909090909091,0.2909090909090909,0
2022,2022_08_CIN_CLE,CIN,3,50,0,0.42,0.58
2022,2022_08_CIN_CLE,CLE,-3,66,0.6515151515151515,0.3484848484848485,0
2022,2022_08_DEN_JAX,DEN,-1,60,0.06666666666666667,0.65,0.2833333333333333
2022,2022_08_DEN_JAX,JAX,1,65,0.35384615384615387,0.6461538461538462,0
2022,2022_08_GB_BUF,BUF,10.5,53,0.7735849056603774,0.22641509433962265,0
2022,2022_08_GB_BUF,GB,-10.5,63,0,0.1904761904761905,0.8095238095238095
2022,2022_08_LV_NO,LV,1,55,0,0.2545454545454545,0.7454545454545455
2022,2022_08_LV_NO,NO,-1,63,0.7777777777777778,0.2222222222222222,0
2022,2022_08_MIA_DET,DET,-3.5,57,0.38596491228070173,0.6140350877192983,0
2022,2022_08_MIA_DET,MIA,3.5,61,0.13114754098360656,0.39344262295081966,0.47540983606557374
2022,2022_08_NE_NYJ,NE,3,72,0.2361111111111111,0.75,0.01388888888888888
2022,2022_08_NE_NYJ,NYJ,-3,58,0.10344827586206896,0.4827586206896552,0.41379310344827586
2022,2022_08_NYG_SEA,NYG,-3,64,0,0.71875,0.28125
2022,2022_08_NYG_SEA,SEA,3,61,0.18032786885245905,0.819672131147541,0
2022,2022_08_PIT_PHI,PHI,11,52,0.6153846153846154,0.38461538461538464,0
2022,2022_08_PIT_PHI,PIT,-11,70,0,0.18571428571428572,0.8142857142857143
2022,2022_08_SF_LA,LA,-1,55,0,0.7636363636363637,0.23636363636363636
2022,2022_08_SF_LA,SF,1,52,0.19230769230769232,0.8076923076923077,0
2022,2022_08_TEN_HOU,HOU,-1,50,0,0.56,0.44
2022,2022_08_TEN_HOU,TEN,1,57,0.3684210526315789,0.631578947368421,0
2022,2022_08_WAS_IND,IND,3,53,0.09433962264150944,0.9056603773584906,0
2022,2022_08_WAS_IND,WAS,-3,61,0,0.6885245901639344,0.3114754098360656
2022,2022_09_BAL_NO,BAL,1,65,0.6615384615384615,0.3384615384615385,0
2022,2022_09_BAL_NO,NO,-1,49,0,0.2653061224489796,0.7346938775510204
2022,2022_09_BUF_NYJ,BUF,11,61,0,0.9508196721311476,0.04918032786885246
2022,2022_09_BUF_NYJ,NYJ,-11,60,0.05,0.85,0.1
2022,2022_09_CAR_CIN,CAR,-7,48,0,0.125,0.875
2022,2022_09_CAR_CIN,CIN,7,70,0.8285714285714286,0.17142857142857143,0
2022,2022_09_GB_DET,DET,-4,56,0.35714285714285715,0.6428571428571429,0
2022,2022_09_GB_DET,GB,4,68,0,0.5588235294117647,0.4411764705882353
2022,2022_09_IND_NE,IND,-5,60,0,0.2833333333333333,0.7166666666666667
2022,2022_09_IND_NE,NE,5,61,0.6229508196721312,0.3770491803278688,0
2022,2022_09_LAC_ATL,ATL,-2.5,60,0.3,0.7,0
2022,2022_09_LAC_ATL,LAC,2.5,67,0.01492537313432835,0.8059701492537313,0.1791044776119403
2022,2022_09_LA_TB,LA,-3,54,0.14814814814814814,0.8333333333333334,0.01851851851851851
2022,2022_09_LA_TB,TB,3,78,0,0.8461538461538461,0.15384615384615383
2022,2022_09_LV_JAX,JAX,-2.5,66,0.19696969696969696,0.5606060606060606,0.24242424242424243
2022,2022_09_LV_JAX,LV,2.5,57,0.17543859649122806,0.7368421052631579,0.08771929824561403
2022,2022_09_MIA_CHI,CHI,-4,69,0,0.6521739130434783,0.34782608695652173
2022,2022_09_MIA_CHI,MIA,4,50,0.28,0.72,0
2022,2022_09_MIN_WAS,MIN,3,65,0.04615384615384615,0.8461538461538461,0.1076923076923077
2022,2022_09_MIN_WAS,WAS,-3,60,0.16666666666666666,0.8166666666666667,0.01666666666666666
2022,2022_09_PHI_HOU,HOU,-14,57,0,0.7368421052631579,0.2631578947368421
2022,2022_09_PHI_HOU,PHI,14,60,0.21666666666666667,0.7833333333333333,0
2022,2022_09_SEA_ARI,ARI,1.5,61,0,0.7049180327868853,0.29508196721311475
2022,2022_09_SEA_ARI,SEA,-1.5,68,0.1323529411764706,0.8676470588235294,0
2022,2022_09_TEN_KC,KC,14,79,0.01265822784810126,0.6962025316455697,0.2911392405063291
2022,2022_09_TEN_KC,TEN,-14,43,0.32558139534883723,0.6046511627906976,0.06976744186046512
2022,2022_10_ARI_LA,ARI,-3.5,64,0.5,0.5,0
2022,2022_10_ARI_LA,LA,3.5,59,0,0.4406779661016949,0.559322033898305
2022,2022_10_ATL_CAR,ATL,2.5,59,0,0.3220338983050847,0.6779661016949152
2022,2022_10_ATL_CAR,CAR,-2.5,64,0.6875,0.3125,0
2022,2022_10_CLE_MIA,CLE,-3,61,0,0.47540983606557374,0.5245901639344263
2022,2022_10_CLE_MIA,MIA,3,64,0.71875,0.28125,0
2022,2022_10_DAL_GB,DAL,3.5,70,0.24285714285714283,0.7285714285714285,0.02857142857142857
2022,2022_10_DAL_GB,GB,-3.5,56,0,0.7142857142857143,0.2857142857142857
2022,2022_10_DEN_TEN,DEN,-2.5,72,0.1111111111111111,0.7361111111111112,0.1527777777777778
2022,2022_10_DEN_TEN,TEN,2.5,60,0.25,0.65,0.1
2022,2022_10_DET_CHI,CHI,3,58,0.1896551724137931,0.8103448275862069,0
2022,2022_10_DET_CHI,DET,-3,58,0.05172413793103448,0.5517241379310345,0.39655172413793105
2022,2022_10_HOU_NYG,HOU,-5.5,60,0,0.3,0.7
2022,2022_10_HOU_NYG,NYG,5.5,66,0.5757575757575758,0.42424242424242425,0
2022,2022_10_IND_LV,IND,-4.5,57,0.2807017543859649,0.7192982456140351,0
2022,2022_10_IND_LV,LV,4.5,64,0,0.765625,0.234375
2022,2022_10_JAX_KC,JAX,-10,61,0,0.29508196721311475,0.7049180327868853
2022,2022_10_JAX_KC,KC,10,61,0.7213114754098361,0.2786885245901639,0
2022,2022_10_LAC_SF,LAC,-8.5,56,0.05357142857142857,0.8392857142857143,0.10714285714285714
2022,2022_10_LAC_SF,SF,8.5,69,0.14492753623188406,0.8260869565217391,0.02898550724637681
2022,2022_10_MIN_BUF,BUF,6.5,66,0.6212121212121212,0.3333333333333333,0.04545454545454545
2022,2022_10_MIN_BUF,MIN,-6.5,67,0,0.4328358208955224,0.5671641791044776
2022,2022_10_NO_PIT,NO,-1,45,0,0.7111111111111111,0.28888888888888886
2022,2022_10_NO_PIT,PIT,1,78,0.47435897435897434,0.5256410256410257,0
2022,2022_10_SEA_TB,SEA,-2.5,50,0,0.24,0.76
2022,2022_10_SEA_TB,TB,2.5,68,0.6029411764705882,0.39705882352941174,0
2022,2022_10_WAS_PHI,PHI,11,47,0.02127659574468085,0.7446808510638298,0.23404255319148937
2022,2022_10_WAS_PHI,WAS,-11,77,0.1948051948051948,0.7012987012987013,0.1038961038961039
2022,2022_11_CAR_BAL,BAL,13,65,0.13846153846153847,0.8615384615384616,0
2022,2022_11_CAR_BAL,CAR,-13,54,0,0.7407407407407407,0.25925925925925924
2022,2022_11_CHI_ATL,ATL,3,48,0.04166666666666666,0.9583333333333334,0
2022,2022_11_CHI_ATL,CHI,-3,66,0,0.8484848484848485,0.15151515151515152
2022,2022_11_CIN_PIT,CIN,3.5,63,0.14285714285714285,0.8571428571428571,0
2022,2022_11_CIN_PIT,PIT,-3.5,68,0,0.8088235294117647,0.19117647058823528
2022,2022_11_CLE_BUF,BUF,7.5,61,0.4098360655737705,0.5901639344262295,0
2022,2022_11_CLE_BUF,CLE,-7.5,67,0,0.6268656716417911,0.373134328358209
2022,2022_11_DAL_MIN,DAL,1.5,70,0.7,0.3,0
2022,2022_11_DAL_MIN,MIN,-1.5,54,0,0.3148148148148148,0.6851851851851852
2022,2022_11_DET_NYG,DET,-3,60,0.6,0.4,0
2022,2022_11_DET_NYG,NYG,3,72,0,0.4166666666666667,0.5833333333333334
2022,2022_11_KC_LAC,KC,5.5,61,0.04918032786885246,0.8688524590163934,0.08196721311475409
2022,2022_11_KC_LAC,LAC,-5.5,65,0.2,0.7692307692307693,0.03076923076923077
2022,2022_11_LA_NO,LA,-2.5,61,0,0.6229508196721312,0.3770491803278688
2022,2022_11_LA_NO,NO,2.5,54,0.2962962962962963,0.7037037037037037,0
2022,2022_11_LV_DEN,DEN,2.5,62,0.3064516129032258,0.6935483870967742,0
2022,2022_11_LV_DEN,LV,-2.5,59,0,0.7966101694915254,0.2033898305084746
2022,2022_11_NYJ_NE,NE,3.5,59,0,1,0
2022,2022_11_NYJ_NE,NYJ,-3.5,49,0,1,0
2022,2022_11_PHI_IND,IND,-6.5,62,0.4032258064516129,0.5967741935483871,0
2022,2022_11_PHI_IND,PHI,6.5,59,0,0.6949152542372882,0.3050847457627119
2022,2022_11_SF_ARI,ARI,-10,71,0,0.4647887323943662,0.5352112676056338
2022,2022_11_SF_ARI,SF,10,55,0.509090909090909,0.4909090909090909,0
2022,2022_11_TEN_GB,GB,3,59,0,0.5084745762711864,0.4915254237288136
2022,2022_11_TEN_GB,TEN,-3,61,0.2459016393442623,0.7540983606557377,0
2022,2022_11_WAS_HOU,HOU,-3,53,0,0.2641509433962264,0.7358490566037735
2022,2022_11_WAS_HOU,WAS,3,67,0.7164179104477612,0.2835820895522388,0
2022,2022_12_ATL_WAS,ATL,-3.5,55,0,0.8545454545454545,0.14545454545454545
2022,2022_12_ATL_WAS,WAS,3.5,59,0.2033898305084746,0.7966101694915254,0
2022,2022_12_BAL_JAX,BAL,3.5,67,0.05970149253731343,0.9402985074626866,0
2022,2022_12_BAL_JAX,JAX,-3.5,61,0,0.6557377049180327,0.3442622950819672
2022,2022_12_BUF_DET,BUF,10,74,0,1,0
2022,2022_12_BUF_DET,DET,-10,67,0.05970149253731343,0.9253731343283582,0.01492537313432835
2022,2022_12_CHI_NYJ,CHI,-8.5,55,0,0.43636363636363634,0.5636363636363636
2022,2022_12_CHI_NYJ,NYJ,8.5,60,0.43333333333333335,0.5666666666666667,0
2022,2022_12_CIN_TEN,CIN,1,62,0.12903225806451613,0.8064516129032258,0.06451612903225806
2022,2022_12_CIN_TEN,TEN,-1,56,0.05357142857142857,0.8035714285714286,0.14285714285714285
2022,2022_12_DEN_CAR,CAR,-1,64,0.515625,0.484375,0
2022,2022_12_DEN_CAR,DEN,1,57,0,0.47368421052631576,0.5263157894736842
2022,2022_12_GB_PHI,GB,-6.5,48,0,0.5208333333333334,0.4791666666666667
2022,2022_12_GB_PHI,PHI,6.5,78,0.5384615384615384,0.4615384615384616,0
2022,2022_12_HOU_MIA,HOU,-14,58,0,0.1206896551724138,0.8793103448275862
2022,2022_12_HOU_MIA,MIA,14,68,0.8676470588235294,0.1323529411764706,0
2022,2022_12_LAC_ARI,ARI,-2.5,64,0.234375,0.765625,0
2022,2022_12_LAC_ARI,LAC,2.5,63,0,0.4603174603174603,0.5396825396825397
2022,2022_12_LA_KC,KC,16.5,72,0.6805555555555556,0.3194444444444444,0
2022,2022_12_LA_KC,LA,-16.5,54,0,0.46296296296296297,0.5370370370370371
2022,2022_12_LV_SEA,LV,-4,69,0,0.8840579710144928,0.11594202898550723
2022,2022_12_LV_SEA,SEA,4,59,0.05084745762711865,0.9491525423728814,0
2022,2022_12_NE_MIN,MIN,2.5,65,0.13846153846153847,0.8615384615384616,0
2022,2022_12_NE_MIN,NE,-2.5,54,0,0.7592592592592593,0.24074074074074073
2022,2022_12_NO_SF,NO,-9.5,53,0,0.3584905660377358,0.6415094339622641
2022,2022_12_NO_SF,SF,9.5,65,0.6,0.4,0
2022,2022_12_NYG_DAL,DAL,10.5,68,0.25,0.75,0
2022,2022_12_NYG_DAL,NYG,-10.5,56,0,0.625,0.375
2022,2022_12_PIT_IND,IND,2.5,62,0,0.4838709677419355,0.5161290322580645
2022,2022_12_PIT_IND,PIT,-2.5,66,0.3484848484848485,0.6515151515151515,0
2022,2022_12_TB_CLE,CLE,-3,66,0,0.6515151515151515,0.3484848484848485
2022,2022_12_TB_CLE,TB,3,53,0.22641509433962265,0.7735849056603774,0
2022,2022_13_BUF_NE,BUF,3.5,68,0.5441176470588235,0.45588235294117646,0
2022,2022_13_BUF_NE,NE,-3.5,51,0,0.2549019607843137,0.7450980392156863
2022,2022_13_CLE_HOU,CLE,7.5,58,0.3620689655172414,0.6379310344827587,0
2022,2022_13_CLE_HOU,HOU,-7.5,61,0.01639344262295082,0.7213114754098361,0.26229508196721313
2022,2022_13_DEN_BAL,BAL,9.5,68,0,0.8088235294117647,0.19117647058823528
2022,2022_13_DEN_BAL,DEN,-9.5,52,0.19230769230769232,0.8076923076923077,0
2022,2022_13_GB_CHI,CHI,-4,49,0.40816326530612246,0.4897959183673469,0.1020408163265306
2022,2022_13_GB_CHI,GB,4,61,0.03278688524590164,0.6229508196721312,0.3442622950819672
2022,2022_13_IND_DAL,DAL,11,65,0.3230769230769231,0.676923076923077,0
2022,2022_13_IND_DAL,IND,-11,68,0,0.4852941176470588,0.5147058823529411
2022,2022_13_JAX_DET,DET,1,72,0.875,0.125,0
2022,2022_13_JAX_DET,JAX,-1,55,0,0.16363636363636364,0.8363636363636363
2022,2022_13_KC_CIN,CIN,-2.5,64,0.234375,0.75,0.015625
2022,2022_13_KC_CIN,KC,2.5,54,0,0.7592592592592593,0.24074074074074073
2022,2022_13_LAC_LV,LAC,-2.5,73,0.1095890410958904,0.5205479452054794,0.3698630136986301
2022,2022_13_LAC_LV,LV,2.5,59,0.4406779661016949,0.5084745762711864,0.05084745762711865
2022,2022_13_MIA_SF,MIA,-4.5,45,0,0.6222222222222222,0.37777777777777777
2022,2022_13_MIA_SF,SF,4.5,76,0.47368421052631576,0.5263157894736842,0
2022,2022_13_NO_TB,NO,-3.5,56,0.5892857142857143,0.4107142857142857,0
2022,2022_13_NO_TB,TB,3.5,74,0,0.6621621621621622,0.33783783783783783
2022,2022_13_NYJ_MIN,MIN,3,64,0.65625,0.34375,0
2022,2022_13_NYJ_MIN,NYJ,-3,83,0,0.4819277108433735,0.5180722891566265
2022,2022_13_PIT_ATL,ATL,-1,53,0,0.6415094339622641,0.3584905660377358
2022,2022_13_PIT_ATL,PIT,1,64,0.453125,0.546875,0
2022,2022_13_SEA_LA,LA,-7,63,0,0.9206349206349206,0.07936507936507936
2022,2022_13_SEA_LA,SEA,7,64,0.03125,0.96875,0
2022,2022_13_TEN_PHI,PHI,5,67,0.6567164179104478,0.34328358208955223,0
2022,2022_13_TEN_PHI,TEN,-5,53,0,0.4716981132075472,0.5283018867924528
2022,2022_13_WAS_NYG,NYG,-2.5,48,0.20833333333333337,0.7916666666666666,0
2022,2022_13_WAS_NYG,WAS,2.5,73,0,0.6027397260273972,0.3972602739726027
2022,2022_14_BAL_PIT,BAL,-1.5,57,0.3508771929824561,0.6491228070175439,0
2022,2022_14_BAL_PIT,PIT,1.5,53,0,0.8867924528301887,0.11320754716981132
2022,2022_14_CAR_SEA,CAR,-3.5,71,0.5492957746478874,0.4507042253521127,0
2022,2022_14_CAR_SEA,SEA,3.5,53,0,0.5283018867924528,0.4716981132075472
2022,2022_14_CLE_CIN,CIN,4.5,58,0.5,0.5,0
2022,2022_14_CLE_CIN,CLE,-4.5,69,0,0.391304347826087,0.6086956521739131
2022,2022_14_HOU_DAL,DAL,17,70,0,0.9857142857142858,0.01428571428571428
2022,2022_14_HOU_DAL,HOU,-17,63,0.1111111111111111,0.8412698412698413,0.04761904761904761
2022,2022_14_JAX_TEN,JAX,-3,66,0.5,0.5,0
2022,2022_14_JAX_TEN,TEN,3,62,0.04838709677419355,0.46774193548387094,0.4838709677419355
2022,2022_14_KC_DEN,DEN,-8.5,69,0,0.3333333333333333,0.6666666666666666
2022,2022_14_KC_DEN,KC,8.5,64,0.65625,0.34375,0
2022,2022_14_LV_LA,LA,-6.5,59,0,0.2711864406779661,0.7288135593220338
2022,2022_14_LV_LA,LV,6.5,58,0.5517241379310345,0.4482758620689655,0
2022,2022_14_MIA_LAC,LAC,-3,76,0.5921052631578947,0.40789473684210525,0
2022,2022_14_MIA_LAC,MIA,3,49,0,0.4897959183673469,0.5102040816326531
2022,2022_14_MIN_DET,DET,2.5,69,0.6231884057971014,0.37681159420289856,0
2022,2022_14_MIN_DET,MIN,-2.5,62,0,0.6290322580645161,0.3709677419354839
2022,2022_14_NE_ARI,ARI,-2,69,0.05797101449275362,0.6666666666666666,0.2753623188405797
2022,2022_14_NE_ARI,NE,2,54,0.2222222222222222,0.7777777777777778,0
2022,2022_14_NYJ_BUF,BUF,10,53,0.32075471698113206,0.6792452830188679,0
2022,2022_14_NYJ_BUF,NYJ,-10,73,0,0.5068493150684932,0.4931506849315068
2022,2022_14_PHI_NYG,NYG,-7.5,63,0,0.14285714285714285,0.8571428571428571
2022,2022_14_PHI_NYG,PHI,7.5,65,0.6461538461538462,0.35384615384615387,0
2022,2022_14_TB_SF,SF,3.5,58,0.896551724137931,0.10344827586206896,0
2022,2022_14_TB_SF,TB,-3.5,73,0,0.1643835616438356,0.8356164383561644
2022,2022_15_ARI_DEN,ARI,-1.5,59,0,0.7796610169491526,0.22033898305084745
2022,2022_15_ARI_DEN,DEN,1.5,65,0.16923076923076924,0.8307692307692308,0
2022,2022_15_ATL_NO,ATL,-5,69,0,0.17391304347826086,0.8260869565217391
2022,2022_15_ATL_NO,NO,5,54,0.7407407407407407,0.25925925925925924,0
2022,2022_15_BAL_CLE,BAL,-2.5,61,0,0.7377049180327869,0.26229508196721313
2022,2022_15_BAL_CLE,CLE,2.5,61,0.45901639344262296,0.5409836065573771,0
2022,2022_15_CIN_TB,CIN,3.5,59,0.3050847457627119,0.3220338983050847,0.3728813559322034
2022,2022_15_CIN_TB,TB,-3.5,70,0.5,0.2857142857142857,0.21428571428571427
2022,2022_15_DAL_JAX,DAL,4,70,0.3857142857142858,0.6142857142857143,0
2022,2022_15_DAL_JAX,JAX,-4,67,0,0.4626865671641791,0.5373134328358209
2022,2022_15_DET_NYJ,DET,-2,66,0.06060606060606061,0.8787878787878788,0.06060606060606061
2022,2022_15_DET_NYJ,NYJ,2,61,0,0.9508196721311476,0.04918032786885246
2022,2022_15_IND_MIN,IND,-3.5,70,0.7571428571428571,0.24285714285714283,0
2022,2022_15_IND_MIN,MIN,3.5,72,0,0.1111111111111111,0.8888888888888888
2022,2022_15_KC_HOU,HOU,-14.5,55,0.07272727272727272,0.9272727272727272,0
2022,2022_15_KC_HOU,KC,14.5,68,0,0.9705882352941176,0.02941176470588235
2022,2022_15_LA_GB,GB,8,65,0.5230769230769231,0.47692307692307695,0
2022,2022_15_LA_GB,LA,-8,43,0,0.5116279069767442,0.4883720930232558
2022,2022_15_MIA_BUF,BUF,7,70,0.12857142857142856,0.8285714285714286,0.04285714285714286
2022,2022_15_MIA_BUF,MIA,-7,57,0.07017543859649122,0.7543859649122807,0.17543859649122806
2022,2022_15_NE_LV,LV,1,64,0.203125,0.609375,0.1875
2022,2022_15_NE_LV,NE,-1,62,0.04838709677419355,0.7419354838709677,0.20967741935483872
2022,2022_15_NYG_WAS,NYG,-4.5,59,0.4915254237288136,0.5084745762711864,0
2022,2022_15_NYG_WAS,WAS,4.5,58,0,0.5517241379310345,0.4482758620689655
2022,2022_15_PHI_CHI,CHI,-8.5,57,0,0.8421052631578947,0.15789473684210523
2022,2022_15_PHI_CHI,PHI,8.5,69,0.2898550724637681,0.7101449275362319,0
2022,2022_15_PIT_CAR,CAR,2.5,42,0,0.5476190476190477,0.4523809523809524
2022,2022_15_PIT_CAR,PIT,-2.5,67,0.4925373134328358,0.5074626865671642,0
2022,2022_15_SF_SEA,SEA,-3,61,0,0.47540983606557374,0.5245901639344263
2022,2022_15_SF_SEA,SF,3,58,0.603448275862069,0.39655172413793105,0
2022,2022_15_TEN_LAC,LAC,3,67,0.16417910447761194,0.835820895522388,0
2022,2022_15_TEN_LAC,TEN,-3,56,0,0.625,0.375
2022,2022_16_ATL_BAL,ATL,-6.5,68,0,0.2647058823529412,0.7352941176470589
2022,2022_16_ATL_BAL,BAL,6.5,48,0.5208333333333334,0.4791666666666667,0
2022,2022_16_BUF_CHI,BUF,8,58,0.41379310344827586,0.5862068965517241,0
2022,2022_16_BUF_CHI,CHI,-8,58,0,0.5689655172413793,0.43103448275862066
2022,2022_16_CIN_NE,CIN,3,77,0.8311688311688312,0.16883116883116883,0
2022,2022_16_CIN_NE,NE,-3,51,0,0.21568627450980393,0.7843137254901961
2022,2022_16_DEN_LA,DEN,3,61,0,0.04918032786885246,0.9508196721311476
2022,2022_16_DEN_LA,LA,-3,63,0.7936507936507936,0.2063492063492063,0
2022,2022_16_DET_CAR,CAR,-2.5,64,0.703125,0.296875,0
2022,2022_16_DET_CAR,DET,2.5,61,0,0.39344262295081966,0.6065573770491803
2022,2022_16_GB_MIA,GB,-3.5,62,0.1129032258064516,0.6451612903225806,0.24193548387096775
2022,2022_16_GB_MIA,MIA,3.5,45,0.17777777777777778,0.7777777777777778,0.04444444444444444
2022,2022_16_HOU_TEN,HOU,-3,62,0.04838709677419355,0.9516129032258064,0
2022,2022_16_HOU_TEN,TEN,3,58,0.1206896551724138,0.7068965517241379,0.1724137931034483
2022,2022_16_JAX_NYJ,JAX,-2.5,68,0.5294117647058824,0.4705882352941176,0
2022,2022_16_JAX_NYJ,NYJ,2.5,56,0,0.2857142857142857,0.7142857142857143
2022,2022_16_LAC_IND,IND,-3.5,50,0,0.64,0.36
2022,2022_16_LAC_IND,LAC,3.5,64,0.484375,0.515625,0
2022,2022_16_LV_PIT,LV,-2.5,52,0.2692307692307692,0.6923076923076923,0.03846153846153846
2022,2022_16_LV_PIT,PIT,2.5,66,0.0303030303030303,0.8939393939393939,0.07575757575757576
2022,2022_16_NO_CLE,CLE,3,67,0.16417910447761194,0.4328358208955224,0.40298507462686567
2022,2022_16_NO_CLE,NO,-3,53,0.16981132075471697,0.7547169811320755,0.07547169811320754
2022,2022_16_NYG_MIN,MIN,4.5,70,0.2714285714285714,0.7285714285714285,0
2022,2022_16_NYG_MIN,NYG,-4.5,66,0,0.8636363636363636,0.13636363636363635
2022,2022_16_PHI_DAL,DAL,4,70,0.05714285714285714,0.8142857142857143,0.12857142857142856
2022,2022_16_PHI_DAL,PHI,-4,68,0.02941176470588235,0.8823529411764706,0.08823529411764706
2022,2022_16_SEA_KC,KC,10.5,51,0.7058823529411765,0.29411764705882354,0
2022,2022_16_SEA_KC,SEA,-10.5,73,0,0.1780821917808219,0.821917808219178
2022,2022_16_TB_ARI,ARI,-7.5,67,0.16417910447761194,0.835820895522388,0
2022,2022_16_TB_ARI,TB,7.5,69,0,0.8985507246376812,0.10144927536231883
2022,2022_16_WAS_SF,SF,6.5,51,0.4705882352941176,0.5294117647058824,0
2022,2022_16_WAS_SF,WAS,-6.5,69,0,0.4927536231884058,0.5072463768115942
2022,2022_17_ARI_ATL,ARI,-7,69,0,1,0
2022,2022_17_ARI_ATL,ATL,7,60,0,1,0
2022,2022_17_CAR_TB,CAR,-3.5,59,0.2033898305084746,0.6610169491525424,0.13559322033898305
2022,2022_17_CAR_TB,TB,3.5,73,0.1506849315068493,0.7123287671232876,0.136986301369863
2022,2022_17_CHI_DET,CHI,-4.5,50,0,0.46,0.54
2022,2022_17_CHI_DET,DET,4.5,67,0.7313432835820896,0.26865671641791045,0
2022,2022_17_CLE_WAS,CLE,-1,50,0.28,0.72,0
2022,2022_17_CLE_WAS,WAS,1,68,0,0.7058823529411765,0.29411764705882354
2022,2022_17_DAL_TEN,DAL,14,74,0.40540540540540543,0.5945945945945946,0
2022,2022_17_DAL_TEN,TEN,-14,65,0,0.5076923076923077,0.49230769230769234
2022,2022_17_DEN_KC,DEN,-13.5,66,0,0.803030303030303,0.19696969696969696
2022,2022_17_DEN_KC,KC,13.5,57,0.3684210526315789,0.631578947368421,0
2022,2022_17_IND_NYG,IND,-5.5,56,0,0.30357142857142855,0.6964285714285714
2022,2022_17_IND_NYG,NYG,5.5,61,0.6557377049180327,0.3442622950819672,0
2022,2022_17_JAX_HOU,HOU,-3.5,67,0,0.2537313432835821,0.746268656716418
2022,2022_17_JAX_HOU,JAX,3.5,60,0.7666666666666667,0.23333333333333336,0
2022,2022_17_LA_LAC,LA,-6.5,47,0,0.46808510638297873,0.5319148936170213
2022,2022_17_LA_LAC,LAC,6.5,62,0.7419354838709677,0.25806451612903225,0
2022,2022_17_MIA_NE,MIA,-3,69,0,0.6811594202898551,0.3188405797101449
2022,2022_17_MIA_NE,NE,3,55,0.2,0.8,0
2022,2022_17_MIN_GB,GB,3,59,0.9322033898305084,0.06779661016949153,0
2022,2022_17_MIN_GB,MIN,-3,57,0,0.22807017543859648,0.7719298245614035
2022,2022_17_NO_PHI,NO,-5.5,64,0.4375,0.5625,0
2022,2022_17_NO_PHI,PHI,5.5,53,0,0.33962264150943394,0.660377358490566
2022,2022_17_NYJ_SEA,NYJ,1,67,0,0.14925373134328357,0.8507462686567164
2022,2022_17_NYJ_SEA,SEA,-1,71,0.9154929577464788,0.08450704225352113,0
2022,2022_17_PIT_BAL,BAL,1,49,0.3469387755102041,0.5714285714285714,0.08163265306122448
2022,2022_17_PIT_BAL,PIT,-1,68,0,0.6470588235294118,0.35294117647058826
2022,2022_17_SF_LV,LV,-10,62,0.03225806451612903,0.935483870967742,0.03225806451612903
2022,2022_17_SF_LV,SF,10,60,0,0.8833333333333333,0.11666666666666668
2022,2022_18_ARI_SF,ARI,-14,49,0,0.3673469387755102,0.6326530612244898
2022,2022_18_ARI_SF,SF,14,61,0.6065573770491803,0.39344262295081966,0
2022,2022_18_BAL_CIN,BAL,-11,73,0,0.0684931506849315,0.9315068493150684
2022,2022_18_BAL_CIN,CIN,11,64,0.734375,0.265625,0
2022,2022_18_CAR_NO,CAR,-3.5,58,0.01724137931034482,0.9482758620689656,0.03448275862068965
2022,2022_18_CAR_NO,NO,3.5,58,0.3275862068965517,0.6724137931034483,0
2022,2022_18_CLE_PIT,CLE,-2.5,57,0,0.543859649122807,0.45614035087719296
2022,2022_18_CLE_PIT,PIT,2.5,67,0.417910447761194,0.582089552238806,0
2022,2022_18_DAL_WAS,DAL,7.5,66,0,0.10606060606060606,0.8939393939393939
2022,2022_18_DAL_WAS,WAS,-7.5,62,0.967741935483871,0.03225806451612903,0
2022,2022_18_DET_GB,DET,-5.5,59,0.11864406779661016,0.8813559322033898,0
2022,2022_18_DET_GB,GB,5.5,57,0.07017543859649122,0.9298245614035088,0
2022,2022_18_HOU_IND,HOU,-3,64,0.28125,0.5,0.21875
2022,2022_18_HOU_IND,IND,3,70,0.11428571428571428,0.7285714285714285,0.15714285714285714
2022,2022_18_KC_LV,KC,9,54,0.7037037037037037,0.2962962962962963,0
2022,2022_18_KC_LV,LV,-9,67,0,0.3880597014925373,0.6119402985074627
2022,2022_18_LAC_DEN,DEN,6,62,0.24193548387096775,0.7580645161290323,0
2022,2022_18_LAC_DEN,LAC,-6,66,0,0.803030303030303,0.19696969696969696
2022,2022_18_LA_SEA,LA,-5.5,56,0.05357142857142857,0.9464285714285714,0
2022,2022_18_LA_SEA,SEA,5.5,59,0.01694915254237288,0.9491525423728814,0.03389830508474576
2022,2022_18_MIN_CHI,CHI,-6.5,48,0,0.3333333333333333,0.6666666666666666
2022,2022_18_MIN_CHI,MIN,6.5,71,0.8873239436619719,0.11267605633802816,0
2022,2022_18_NE_BUF,BUF,8,55,0.34545454545454546,0.6545454545454545,0
2022,2022_18_NE_BUF,NE,-8,63,0,0.6507936507936508,0.3492063492063492
2022,2022_18_NYG_PHI,NYG,-16.5,63,0,0.09523809523809525,0.9047619047619048
2022,2022_18_NYG_PHI,PHI,16.5,68,0.8235294117647058,0.17647058823529413,0
2022,2022_18_NYJ_MIA,MIA,3.5,64,0.03125,0.96875,0
2022,2022_18_NYJ_MIA,NYJ,-3.5,53,0,0.9433962264150944,0.05660377358490566
2022,2022_18_TB_ATL,ATL,6,67,0.2835820895522388,0.7164179104477612,0
2022,2022_18_TB_ATL,TB,-6,54,0,0.8148148148148148,0.18518518518518515
2022,2022_18_TEN_JAX,JAX,6,45,0,1,0
2022,2022_18_TEN_JAX,TEN,-6,72,0.02777777777777777,0.9305555555555556,0.04166666666666666
2022,2022_19_BAL_CIN,BAL,-7.5,66,0,0.5909090909090909,0.4090909090909091
2022,2022_19_BAL_CIN,CIN,7.5,53,0.16981132075471697,0.8301886792452831,0
2022,2022_19_DAL_TB,DAL,2.5,67,0.6567164179104478,0.34328358208955223,0
2022,2022_19_DAL_TB,TB,-2.5,80,0,0.25,0.75
2022,2022_19_LAC_JAX,JAX,-2,70,0,0.3142857142857143,0.6857142857142857
2022,2022_19_LAC_JAX,LAC,2,68,0.8823529411764706,0.1176470588235294,0
2022,2022_19_MIA_BUF,BUF,14,71,0.4507042253521127,0.5492957746478874,0
2022,2022_19_MIA_BUF,MIA,-14,69,0,0.4927536231884058,0.5072463768115942
2022,2022_19_NYG_MIN,MIN,2.5,56,0,0.6964285714285714,0.30357142857142855
2022,2022_19_NYG_MIN,NYG,-2.5,64,0.34375,0.65625,0
2022,2022_19_SEA_SF,SEA,-10,63,0,0.5079365079365079,0.492063492063492
2022,2022_19_SEA_SF,SF,10,63,0.4603174603174603,0.5396825396825397,0
2022,2022_20_CIN_BUF,BUF,6,62,0,0.2903225806451613,0.7096774193548387
2022,2022_20_CIN_BUF,CIN,-6,68,0.7205882352941176,0.27941176470588236,0
2022,2022_20_DAL_SF,DAL,-3.5,60,0,0.75,0.25
2022,2022_20_DAL_SF,SF,3.5,63,0.2857142857142857,0.7142857142857143,0
2022,2022_20_JAX_KC,JAX,-10,59,0,0.3050847457627119,0.6949152542372882
2022,2022_20_JAX_KC,KC,10,65,0.49230769230769234,0.5076923076923077,0
2022,2022_20_NYG_PHI,NYG,-8,52,0,0.15384615384615383,0.8461538461538461
2022,2022_20_NYG_PHI,PHI,8,68,0.8823529411764706,0.1176470588235294,0
2022,2022_21_CIN_KC,CIN,-2,63,0,0.6825396825396826,0.31746031746031744
2022,2022_21_CIN_KC,KC,2,66,0.3787878787878788,0.6212121212121212,0
2022,2022_21_SF_PHI,PHI,2.5,68,0.5294117647058824,0.4705882352941176,0
2022,2022_21_SF_PHI,SF,-2.5,45,0,0.4666666666666667,0.5333333333333333
2022,2022_22_KC_PHI,KC,-1,51,0.0196078431372549,0.7843137254901961,0.19607843137254904
2022,2022_22_KC_PHI,PHI,1,72,0.2777777777777778,0.6111111111111112,0.1111111111111111
2023,2023_01_ARI_WAS,ARI,-7,58,0.1206896551724138,0.8275862068965517,0.05172413793103448
2023,2023_01_ARI_WAS,WAS,7,65,0.1076923076923077,0.8615384615384616,0.03076923076923077
2023,2023_01_BUF_NYJ,BUF,2.5,64,0.390625,0.609375,0
2023,2023_01_BUF_NYJ,NYJ,-2.5,51,0.0392156862745098,0.7254901960784313,0.2352941176470588
2023,2023_01_CAR_ATL,ATL,3.5,47,0.2553191489361702,0.7446808510638298,0
2023,2023_01_CAR_ATL,CAR,-3.5,72,0,0.6666666666666666,0.3333333333333333
2023,2023_01_CIN_CLE,CIN,1,52,0,0.5961538461538461,0.40384615384615385
2023,2023_01_CIN_CLE,CLE,-1,72,0.5833333333333334,0.4166666666666667,0
2023,2023_01_DAL_NYG,DAL,3.5,55,0.9454545454545454,0.05454545454545454,0
2023,2023_01_DAL_NYG,NYG,-3.5,65,0,0.2153846153846154,0.7846153846153846
2023,2023_01_DET_KC,DET,-4,66,0.04545454545454545,0.7121212121212122,0.24242424242424243
2023,2023_01_DET_KC,KC,4,62,0.20967741935483872,0.7903225806451613,0
2023,2023_01_GB_CHI,CHI,1,70,0,0.4428571428571429,0.5571428571428572
2023,2023_01_GB_CHI,GB,-1,60,0.45,0.55,0
2023,2023_01_HOU_BAL,BAL,9.5,58,0.46551724137931033,0.5344827586206896,0
2023,2023_01_HOU_BAL,HOU,-9.5,71,0,0.5070422535211268,0.4929577464788733
2023,2023_01_JAX_IND,IND,-4,69,0.04347826086956521,0.7101449275362319,0.2463768115942029
2023,2023_01_JAX_IND,JAX,4,68,0.14705882352941177,0.8529411764705882,0
2023,2023_01_LA_SEA,LA,-4.5,78,0.32051282051282054,0.6794871794871795,0
2023,2023_01_LA_SEA,SEA,4.5,46,0.08695652173913043,0.7608695652173914,0.15217391304347827
2023,2023_01_LV_DEN,DEN,3,57,0.15789473684210523,0.8421052631578947,0
2023,2023_01_LV_DEN,LV,-3,51,0.0588235294117647,0.8823529411764706,0.0588235294117647
2023,2023_01_MIA_LAC,LAC,3,76,0.07894736842105263,0.9210526315789472,0
2023,2023_01_MIA_LAC,MIA,-3,63,0,0.8888888888888888,0.1111111111111111
2023,2023_01_PHI_NE,NE,-3.5,78,0,0.5641025641025641,0.4358974358974359
2023,2023_01_PHI_NE,PHI,3.5,60,0.5166666666666667,0.48333333333333334,0
2023,2023_01_SF_PIT,PIT,-1.5,60,0,0.13333333333333333,0.8666666666666667
2023,2023_01_SF_PIT,SF,1.5,63,0.873015873015873,0.12698412698412698,0
2023,2023_01_TB_MIN,MIN,4,63,0.06349206349206349,0.9365079365079364,0
2023,2023_01_TB_MIN,TB,-4,65,0.1076923076923077,0.8923076923076924,0
2023,2023_01_TEN_NO,NO,3,62,0.1774193548387097,0.8225806451612904,0
2023,2023_01_TEN_NO,TEN,-3,59,0,0.8135593220338984,0.1864406779661017
2023,2023_02_BAL_CIN,BAL,-3.5,69,0.14492753623188406,0.855072463768116,0
2023,2023_02_BAL_CIN,CIN,3.5,57,0,0.5614035087719298,0.43859649122807015
2023,2023_02_CHI_TB,CHI,-2.5,51,0,0.5294117647058824,0.4705882352941176
2023,2023_02_CHI_TB,TB,2.5,66,0.2878787878787879,0.7121212121212122,0
2023,2023_02_CLE_PIT,CLE,2.5,81,0.01234567901234567,0.8765432098765432,0.1111111111111111
2023,2023_02_CLE_PIT,PIT,-2.5,50,0.18,0.82,0
2023,2023_02_GB_ATL,ATL,3,77,0,0.8831168831168831,0.11688311688311688
2023,2023_02_GB_ATL,GB,-3,46,0.10869565217391304,0.8695652173913043,0.0217391304347826
2023,2023_02_IND_HOU,HOU,-1,76,0,0.1973684210526316,0.8026315789473685
2023,2023_02_IND_HOU,IND,1,56,0.625,0.375,0
2023,2023_02_KC_JAX,JAX,-3.5,64,0,0.71875,0.28125
2023,2023_02_KC_JAX,KC,3.5,61,0.4426229508196721,0.5573770491803278,0
2023,2023_02_LAC_TEN,LAC,2.5,62,0.06451612903225806,0.935483870967742,0
2023,2023_02_LAC_TEN,TEN,-2.5,56,0,0.9821428571428572,0.01785714285714285
2023,2023_02_LV_BUF,BUF,7.5,72,0.6944444444444444,0.3055555555555556,0
2023,2023_02_LV_BUF,LV,-7.5,39,0,0.5384615384615384,0.4615384615384616
2023,2023_02_MIA_NE,MIA,2,60,0.6,0.4,0
2023,2023_02_MIA_NE,NE,-2,70,0,0.32857142857142857,0.6714285714285714
2023,2023_02_MIN_PHI,MIN,-6,55,0,0.43636363636363634,0.5636363636363636
2023,2023_02_MIN_PHI,PHI,6,75,0.4533333333333333,0.5466666666666666,0
2023,2023_02_NO_CAR,CAR,-3,56,0,0.6428571428571429,0.35714285714285715
2023,2023_02_NO_CAR,NO,3,71,0.18309859154929575,0.8169014084507042,0
2023,2023_02_NYG_ARI,ARI,-5,60,0.6333333333333333,0.31666666666666665,0.05
2023,2023_02_NYG_ARI,NYG,5,67,0.02985074626865671,0.2537313432835821,0.7164179104477612
2023,2023_02_NYJ_DAL,DAL,8.5,79,0.7088607594936709,0.2911392405063291,0
2023,2023_02_NYJ_DAL,NYJ,-8.5,45,0,0.2,0.8
2023,2023_02_SEA_DET,DET,4.5,64,0.109375,0.734375,0.15625
2023,2023_02_SEA_DET,SEA,-4.5,57,0.0175438596491228,0.7894736842105263,0.19298245614035087
2023,2023_02_SF_LA,LA,-7.5,77,0,0.6233766233766234,0.37662337662337664
2023,2023_02_SF_LA,SF,7.5,54,0.25925925925925924,0.7222222222222222,0.01851851851851851
2023,2023_02_WAS_DEN,DEN,4,61,0.26229508196721313,0.4098360655737705,0.32786885245901637
2023,2023_02_WAS_DEN,WAS,-4,66,0.12121212121212122,0.5151515151515151,0.3636363636363637
2023,2023_03_ATL_DET,ATL,-3,65,0,0.27692307692307694,0.7230769230769231
2023,2023_03_ATL_DET,DET,3,61,0.7049180327868853,0.29508196721311475,0
2023,2023_03_BUF_WAS,BUF,5.5,63,0.6507936507936508,0.3492063492063492,0
2023,2023_03_BUF_WAS,WAS,-5.5,51,0,0.35294117647058826,0.6470588235294118
2023,2023_03_CAR_SEA,CAR,-5,75,0,0.5733333333333334,0.4266666666666667
2023,2023_03_CAR_SEA,SEA,5,67,0.26865671641791045,0.7313432835820896,0
2023,2023_03_CHI_KC,CHI,-13,51,0,0.21568627450980393,0.7843137254901961
2023,2023_03_CHI_KC,KC,13,73,0.7945205479452054,0.2054794520547945,0
2023,2023_03_DAL_ARI,ARI,-11.5,51,0.5686274509803921,0.43137254901960786,0
2023,2023_03_DAL_ARI,DAL,11.5,75,0,0.16,0.84
2023,2023_03_DEN_MIA,DEN,-6,59,0,0.05084745762711865,0.9491525423728814
2023,2023_03_DEN_MIA,MIA,6,70,0.8857142857142857,0.11428571428571428,0
2023,2023_03_HOU_JAX,HOU,-7.5,56,0.6964285714285714,0.30357142857142855,0
2023,2023_03_HOU_JAX,JAX,7.5,69,0,0.3333333333333333,0.6666666666666666
2023,2023_03_IND_BAL,BAL,7.5,65,0.16923076923076924,0.8307692307692308,0
2023,2023_03_IND_BAL,IND,-7.5,71,0.01408450704225352,0.8169014084507042,0.16901408450704225
2023,2023_03_LAC_MIN,LAC,-1,63,0.06349206349206349,0.9365079365079364,0
2023,2023_03_LAC_MIN,MIN,1,78,0.01282051282051282,0.8846153846153846,0.10256410256410256
2023,2023_03_LA_CIN,CIN,3,70,0.2714285714285714,0.7285714285714285,0
2023,2023_03_LA_CIN,LA,-3,52,0,0.6346153846153846,0.36538461538461536
2023,2023_03_NE_NYJ,NE,2.5,69,0.5942028985507246,0.4057971014492754,0
2023,2023_03_NE_NYJ,NYJ,-2.5,60,0,0.4166666666666667,0.5833333333333334
2023,2023_03_NO_GB,GB,-1.5,67,0,0.3283582089552239,0.6716417910447762
2023,2023_03_NO_GB,NO,1.5,60,0.5833333333333334,0.4166666666666667,0
2023,2023_03_NYG_SF,NYG,-10.5,46,0,0.3695652173913043,0.6304347826086957
2023,2023_03_NYG_SF,SF,10.5,75,0.5733333333333334,0.4266666666666667,0
2023,2023_03_PHI_TB,PHI,6,78,0.6538461538461539,0.34615384615384615,0
2023,2023_03_PHI_TB,TB,-6,44,0,0.6590909090909091,0.3409090909090909
2023,2023_03_PIT_LV,LV,3,67,0,0.4925373134328358,0.5074626865671642
2023,2023_03_PIT_LV,PIT,-3,59,0.3559322033898305,0.5932203389830508,0.05084745762711865
2023,2023_03_TEN_CLE,CLE,3.5,67,0.5970149253731343,0.40298507462686567,0
2023,2023_03_TEN_CLE,TEN,-3.5,45,0,0.4,0.6
2023,2023_04_ARI_SF,ARI,-15,67,0,0.05970149253731343,0.9402985074626866
2023,2023_04_ARI_SF,SF,15,51,0.8235294117647058,0.17647058823529413,0
2023,2023_04_ATL_JAX,ATL,-3.5,57,0,0.12280701754385964,0.8771929824561403
2023,2023_04_ATL_JAX,JAX,3.5,61,0.7049180327868853,0.29508196721311475,0
2023,2023_04_BAL_CLE,BAL,2,55,0.5818181818181818,0.41818181818181815,0
2023,2023_04_BAL_CLE,CLE,-2,64,0,0.40625,0.59375
2023,2023_04_CIN_TEN,CIN,2.5,50,0,0.42,0.58
2023,2023_04_CIN_TEN,TEN,-2.5,61,0.639344262295082,0.3606557377049181,0
2023,2023_04_DEN_CHI,CHI,-3,70,0.4857142857142857,0.4857142857142857,0.02857142857142857
2023,2023_04_DEN_CHI,DEN,3,47,0,0.46808510638297873,0.5319148936170213
2023,2023_04_DET_GB,DET,2.5,72,0.75,0.25,0
2023,2023_04_DET_GB,GB,-2.5,53,0,0.11320754716981132,0.8867924528301887
2023,2023_04_KC_NYJ,KC,9.5,64,0.328125,0.671875,0
2023,2023_04_KC_NYJ,NYJ,-9.5,57,0,0.7543859649122807,0.24561403508771928
2023,2023_04_LA_IND,IND,-1,57,0,0.15789473684210523,0.8421052631578947
2023,2023_04_LA_IND,LA,1,70,0.6571428571428571,0.34285714285714286,0
2023,2023_04_LV_LAC,LAC,7,59,0.5254237288135594,0.4745762711864407,0
2023,2023_04_LV_LAC,LV,-7,69,0,0.2463768115942029,0.7536231884057971
2023,2023_04_MIA_BUF,BUF,2.5,52,0.5384615384615384,0.4615384615384616,0
2023,2023_04_MIA_BUF,MIA,-2.5,58,0,0.3275862068965517,0.6724137931034483
2023,2023_04_MIN_CAR,CAR,-4.5,68,0.38235294117647056,0.2352941176470588,0.38235294117647056
2023,2023_04_MIN_CAR,MIN,4.5,44,0.1590909090909091,0.5909090909090909,0.25
2023,2023_04_NE_DAL,DAL,6.5,65,0.6923076923076923,0.3076923076923077,0
2023,2023_04_NE_DAL,NE,-6.5,55,0,0.2727272727272727,0.7272727272727273
2023,2023_04_PIT_HOU,HOU,-3,67,0.8208955223880597,0.1791044776119403,0
2023,2023_04_PIT_HOU,PIT,3,56,0,0.14285714285714285,0.8571428571428571
2023,2023_04_SEA_NYG,NYG,-2.5,74,0,0.47297297297297297,0.527027027027027
2023,2023_04_SEA_NYG,SEA,2.5,51,0.6078431372549019,0.392156862745098,0
2023,2023_04_TB_NO,NO,4,60,0,0.4666666666666667,0.5333333333333333
2023,2023_04_TB_NO,TB,-4,64,0.5,0.5,0
2023,2023_04_WAS_PHI,PHI,9.5,58,0.15517241379310345,0.7758620689655172,0.06896551724137931
2023,2023_04_WAS_PHI,WAS,-9.5,71,0.07042253521126761,0.676056338028169,0.2535211267605634
2023,2023_05_BAL_PIT,BAL,4.5,67,0.3582089552238806,0.5671641791044776,0.07462686567164178
2023,2023_05_BAL_PIT,PIT,-4.5,60,0,0.9666666666666668,0.03333333333333333
2023,2023_05_CAR_DET,CAR,-9.5,65,0,0.13846153846153847,0.8615384615384616
2023,2023_05_CAR_DET,DET,9.5,57,0.9473684210526316,0.05263157894736842,0
2023,2023_05_CHI_WAS,CHI,-6,64,0.75,0.25,0
2023,2023_05_CHI_WAS,WAS,6,66,0,0.07575757575757576,0.9242424242424242
2023,2023_05_CIN_ARI,ARI,-3,57,0,0.6491228070175439,0.3508771929824561
2023,2023_05_CIN_ARI,CIN,3,78,0.3333333333333333,0.6666666666666666,0
2023,2023_05_DAL_SF,DAL,-3.5,48,0,0.1875,0.8125
2023,2023_05_DAL_SF,SF,3.5,66,0.8181818181818182,0.18181818181818185,0
2023,2023_05_GB_LV,GB,-1,57,0,0.8596491228070176,0.14035087719298245
2023,2023_05_GB_LV,LV,1,61,0.3770491803278688,0.6229508196721312,0
2023,2023_05_HOU_ATL,ATL,2.5,72,0.09722222222222222,0.9027777777777778,0
2023,2023_05_HOU_ATL,HOU,-2.5,58,0,0.896551724137931,0.10344827586206896
2023,2023_05_JAX_BUF,BUF,5.5,53,0,0.5471698113207547,0.4528301886792453
2023,2023_05_JAX_BUF,JAX,-5.5,81,0.35802469135802467,0.6419753086419753,0
2023,2023_05_KC_MIN,KC,3.5,63,0.2857142857142857,0.7142857142857143,0
2023,2023_05_KC_MIN,MIN,-3.5,67,0,0.5970149253731343,0.40298507462686567
2023,2023_05_NO_NE,NE,2.5,51,0,0.2352941176470588,0.7647058823529411
2023,2023_05_NO_NE,NO,-2.5,66,0.7575757575757576,0.24242424242424243,0
2023,2023_05_NYG_MIA,MIA,12.5,52,0.8269230769230769,0.17307692307692307,0
2023,2023_05_NYG_MIA,NYG,-12.5,68,0,0.2058823529411765,0.7941176470588235
2023,2023_05_NYJ_DEN,DEN,2.5,56,0.21428571428571427,0.5178571428571429,0.26785714285714285
2023,2023_05_NYJ_DEN,NYJ,-2.5,62,0.25806451612903225,0.7419354838709677,0
2023,2023_05_PHI_LA,LA,-3.5,55,0,0.7090909090909091,0.2909090909090909
2023,2023_05_PHI_LA,PHI,3.5,78,0.2564102564102564,0.7435897435897436,0
2023,2023_05_TEN_IND,IND,-2.5,60,0.23333333333333336,0.7666666666666667,0
2023,2023_05_TEN_IND,TEN,2.5,56,0,0.8928571428571429,0.10714285714285714
2023,2023_06_ARI_LA,ARI,-7,72,0,0.6388888888888888,0.3611111111111111
2023,2023_06_ARI_LA,LA,7,53,0.41509433962264153,0.5849056603773585,0
2023,2023_06_BAL_TEN,BAL,5.5,69,0.5217391304347826,0.4782608695652174,0
2023,2023_06_BAL_TEN,TEN,-5.5,46,0,0.391304347826087,0.6086956521739131
2023,2023_06_CAR_MIA,CAR,-14,68,0.0588235294117647,0.5,0.4411764705882353
2023,2023_06_CAR_MIA,MIA,14,62,0.5645161290322581,0.3548387096774194,0.08064516129032258
2023,2023_06_DAL_LAC,DAL,1.5,59,0,0.9830508474576272,0.01694915254237288
2023,2023_06_DAL_LAC,LAC,-1.5,61,0,0.918032786885246,0.08196721311475409
2023,2023_06_DEN_KC,DEN,-10.5,49,0,0.40816326530612246,0.5918367346938775
2023,2023_06_DEN_KC,KC,10.5,67,0.8208955223880597,0.1791044776119403,0
2023,2023_06_DET_TB,DET,3,68,0.38235294117647056,0.6176470588235294,0
2023,2023_06_DET_TB,TB,-3,54,0,0.6296296296296297,0.3703703703703703
2023,2023_06_IND_JAX,IND,-4,75,0,0.21333333333333335,0.7866666666666666
2023,2023_06_IND_JAX,JAX,4,58,0.7758620689655172,0.22413793103448276,0
2023,2023_06_MIN_CHI,CHI,-3,64,0,0.59375,0.40625
2023,2023_06_MIN_CHI,MIN,3,54,0.2962962962962963,0.7037037037037037,0
2023,2023_06_NE_LV,LV,3,62,0.4516129032258064,0.5483870967741935,0
2023,2023_06_NE_LV,NE,-3,55,0,0.41818181818181815,0.5818181818181818
2023,2023_06_NO_HOU,HOU,-2,59,0.423728813559322,0.576271186440678,0
2023,2023_06_NO_HOU,NO,2,78,0,0.3974358974358974,0.6025641025641025
2023,2023_06_NYG_BUF,BUF,15.5,59,0.05084745762711865,0.9491525423728814,0
2023,2023_06_NYG_BUF,NYG,-15.5,71,0.18309859154929575,0.676056338028169,0.14084507042253522
2023,2023_06_PHI_NYJ,NYJ,-6.5,57,0,0.8947368421052632,0.10526315789473684
2023,2023_06_PHI_NYJ,PHI,6.5,69,0.15942028985507245,0.782608695652174,0.05797101449275362
2023,2023_06_SEA_CIN,CIN,3,52,0.19230769230769232,0.8076923076923077,0
2023,2023_06_SEA_CIN,SEA,-3,70,0,0.9,0.1
2023,2023_06_SF_CLE,CLE,-9.5,69,0,1,0
2023,2023_06_SF_CLE,SF,9.5,53,0.09433962264150944,0.9056603773584906,0
2023,2023_06_WAS_ATL,ATL,1.5,78,0,0.4871794871794872,0.5128205128205128
2023,2023_06_WAS_ATL,WAS,-1.5,48,0.3541666666666667,0.6458333333333334,0
2023,2023_07_ARI_SEA,ARI,-9.5,63,0,0.5396825396825397,0.4603174603174603
2023,2023_07_ARI_SEA,SEA,9.5,56,0.44642857142857145,0.5535714285714286,0
2023,2023_07_ATL_TB,ATL,-3,64,0.109375,0.890625,0
2023,2023_07_ATL_TB,TB,3,64,0,1,0
2023,2023_07_BUF_NE,BUF,7.5,66,0,0.48484848484848486,0.5151515151515151
2023,2023_07_BUF_NE,NE,-7.5,55,0.43636363636363634,0.5636363636363636,0
2023,2023_07_CLE_IND,CLE,3.5,70,0.04285714285714286,0.8285714285714286,0.12857142857142856
2023,2023_07_CLE_IND,IND,-3.5,67,0.08955223880597014,0.8955223880597015,0.01492537313432835
2023,2023_07_DET_BAL,BAL,3,54,0.8518518518518519,0.14814814814814814,0
2023,2023_07_DET_BAL,DET,-3,72,0,0.04166666666666666,0.9583333333333334
2023,2023_07_GB_DEN,DEN,1.5,55,0.34545454545454546,0.6545454545454545,0
2023,2023_07_GB_DEN,GB,-1.5,61,0,0.6721311475409836,0.32786885245901637
2023,2023_07_JAX_NO,JAX,-2.5,53,0.5283018867924528,0.4716981132075472,0
2023,2023_07_JAX_NO,NO,2.5,87,0,0.47126436781609193,0.5287356321839081
2023,2023_07_LAC_KC,KC,5.5,62,0.532258064516129,0.46774193548387094,0
2023,2023_07_LAC_KC,LAC,-5.5,60,0,0.55,0.45
2023,2023_07_LV_CHI,CHI,-2.5,67,0.6567164179104478,0.34328358208955223,0
2023,2023_07_LV_CHI,LV,2.5,60,0,0.25,0.75
2023,2023_07_MIA_PHI,MIA,-3,48,0,0.5625,0.4375
2023,2023_07_MIA_PHI,PHI,3,65,0.47692307692307695,0.5230769230769231,0
2023,2023_07_PIT_LA,LA,3.5,62,0.1774193548387097,0.7580645161290323,0.06451612903225806
2023,2023_07_PIT_LA,PIT,-3.5,52,0.1346153846153846,0.75,0.1153846153846154
2023,2023_07_SF_MIN,MIN,-7,64,0.65625,0.34375,0
2023,2023_07_SF_MIN,SF,7,51,0,0.4509803921568627,0.5490196078431373
2023,2023_07_WAS_NYG,NYG,-3,62,0.5967741935483871,0.4032258064516129,0
2023,2023_07_WAS_NYG,WAS,3,67,0,0.31343283582089554,0.6865671641791045
2023,2023_08_ATL_TEN,ATL,2.5,65,0,0.3692307692307693,0.6307692307692307
2023,2023_08_ATL_TEN,TEN,-2.5,64,0.59375,0.40625,0
2023,2023_08_BAL_ARI,ARI,-9.5,70,0,0.5857142857142857,0.4142857142857143
2023,2023_08_BAL_ARI,BAL,9.5,59,0.423728813559322,0.576271186440678,0
2023,2023_08_CHI_LAC,CHI,-9.5,61,0,0.06557377049180328,0.9344262295081968
2023,2023_08_CHI_LAC,LAC,9.5,65,0.8461538461538461,0.15384615384615383,0
2023,2023_08_CIN_SF,CIN,-4,61,0.47540983606557374,0.5245901639344263,0
2023,2023_08_CIN_SF,SF,4,56,0,0.6785714285714286,0.32142857142857145
2023,2023_08_CLE_SEA,CLE,-4,74,0.04054054054054054,0.5540540540540541,0.40540540540540543
2023,2023_08_CLE_SEA,SEA,4,54,0.35185185185185186,0.6481481481481481,0
2023,2023_08_HOU_CAR,CAR,-3,61,0.04918032786885246,0.9508196721311476,0
2023,2023_08_HOU_CAR,HOU,3,56,0,1,0
2023,2023_08_JAX_PIT,JAX,2.5,65,0.6,0.4,0
2023,2023_08_JAX_PIT,PIT,-2.5,63,0,0.5714285714285714,0.42857142857142855
2023,2023_08_KC_DEN,DEN,-7,65,0.7384615384615385,0.26153846153846155,0
2023,2023_08_KC_DEN,KC,7,57,0,0.40350877192982454,0.5964912280701754
2023,2023_08_LA_DAL,DAL,6.5,60,0.7,0.3,0
2023,2023_08_LA_DAL,LA,-6.5,58,0,0.1724137931034483,0.8275862068965517
2023,2023_08_LV_DET,DET,7,79,0.3924050632911392,0.6075949367088608,0
2023,2023_08_LV_DET,LV,-7,45,0,0.4888888888888889,0.5111111111111111
2023,2023_08_MIN_GB,GB,-1,62,0,0.20967741935483872,0.7903225806451613
2023,2023_08_MIN_GB,MIN,1,67,0.6567164179104478,0.34328358208955223,0
2023,2023_08_NE_MIA,MIA,7.5,70,0.5571428571428572,0.4428571428571429,0
2023,2023_08_NE_MIA,NE,-7.5,50,0,0.46,0.54
2023,2023_08_NO_IND,IND,-2,67,0.01492537313432835,0.7164179104477612,0.26865671641791045
2023,2023_08_NO_IND,NO,2,65,0.3384615384615385,0.5692307692307692,0.09230769230769233
2023,2023_08_NYJ_NYG,NYG,-3,67,0.14925373134328357,0.8507462686567164,0
2023,2023_08_NYJ_NYG,NYJ,3,56,0,0.8928571428571429,0.10714285714285714
2023,2023_08_PHI_WAS,PHI,7,60,0.1,0.4666666666666667,0.43333333333333335
2023,2023_08_PHI_WAS,WAS,-7,69,0.2028985507246377,0.5797101449275363,0.21739130434782608
2023,2023_08_TB_BUF,BUF,10,67,0.7014925373134329,0.29850746268656714,0
2023,2023_08_TB_BUF,TB,-10,62,0,0.3387096774193548,0.6612903225806451
2023,2023_09_ARI_CLE,ARI,-13,48,0,0.2916666666666667,0.7083333333333334
2023,2023_09_ARI_CLE,CLE,13,70,0.7428571428571429,0.2571428571428571,0
2023,2023_09_BUF_CIN,BUF,-1.5,55,0,0.2909090909090909,0.7090909090909091
2023,2023_09_BUF_CIN,CIN,1.5,64,0.640625,0.359375,0
2023,2023_09_CHI_NO,CHI,-9,64,0,0.796875,0.203125
2023,2023_09_CHI_NO,NO,9,61,0.2459016393442623,0.7540983606557377,0
2023,2023_09_DAL_PHI,DAL,-3.5,69,0,0.6521739130434783,0.34782608695652173
2023,2023_09_DAL_PHI,PHI,3.5,59,0.2542372881355932,0.7457627118644068,0
2023,2023_09_IND_CAR,CAR,-1.5,71,0,0.3380281690140845,0.6619718309859155
2023,2023_09_IND_CAR,IND,1.5,54,0.48148148148148145,0.5185185185185185,0
2023,2023_09_LAC_NYJ,LAC,3,55,0.7818181818181819,0.21818181818181817,0
2023,2023_09_LAC_NYJ,NYJ,-3,77,0,0.1948051948051948,0.8051948051948052
2023,2023_09_LA_GB,GB,3.5,65,0.6,0.4,0
2023,2023_09_LA_GB,LA,-3.5,55,0,0.4545454545454546,0.5454545454545454
2023,2023_09_MIA_KC,KC,1,53,0.5660377358490566,0.4339622641509434,0
2023,2023_09_MIA_KC,MIA,-1,58,0,0.29310344827586204,0.7068965517241379
2023,2023_09_MIN_ATL,ATL,3.5,66,0.06060606060606061,0.8787878787878788,0.06060606060606061
2023,2023_09_MIN_ATL,MIN,-3.5,72,0.01388888888888888,0.7916666666666666,0.19444444444444445
2023,2023_09_NYG_LV,LV,1,59,0.8983050847457628,0.1016949152542373,0
2023,2023_09_NYG_LV,NYG,-1,62,0,0.20967741935483872,0.7903225806451613
2023,2023_09_SEA_BAL,BAL,6,72,0.7361111111111112,0.2638888888888889,0
2023,2023_09_SEA_BAL,SEA,-6,46,0,0.32608695652173914,0.6739130434782609
2023,2023_09_TB_HOU,HOU,2.5,61,0,0.8360655737704918,0.16393442622950818
2023,2023_09_TB_HOU,TB,-2.5,63,0.06349206349206349,0.8412698412698413,0.09523809523809525
2023,2023_09_TEN_PIT,PIT,3.5,59,0.05084745762711865,0.9491525423728814,0
2023,2023_09_TEN_PIT,TEN,-3.5,67,0,0.8805970149253731,0.11940298507462686
2023,2023_09_WAS_NE,NE,2.5,62,0.1129032258064516,0.8709677419354839,0.01612903225806451
2023,2023_09_WAS_NE,WAS,-2.5,76,0.03947368421052631,0.9342105263157896,0.02631578947368421
2023,2023_10_ATL_ARI,ARI,-2,59,0.1016949152542373,0.8983050847457628,0
2023,2023_10_ATL_ARI,ATL,2,64,0,0.921875,0.078125
2023,2023_10_CAR_CHI,CAR,-3,57,0,0.8947368421052632,0.10526315789473684
2023,2023_10_CAR_CHI,CHI,3,69,0.17391304347826086,0.8260869565217391,0
2023,2023_10_CLE_BAL,BAL,6,50,0.86,0.14,0
2023,2023_10_CLE_BAL,CLE,-6,74,0,0.17567567567567569,0.8243243243243243
2023,2023_10_DEN_BUF,BUF,7.5,52,0,0.9423076923076924,0.05769230769230769
2023,2023_10_DEN_BUF,DEN,-7.5,68,0.0588235294117647,0.9411764705882352,0
2023,2023_10_DET_LAC,DET,2.5,61,0.39344262295081966,0.6065573770491803,0
2023,2023_10_DET_LAC,LAC,-2.5,68,0,0.5735294117647058,0.4264705882352941
2023,2023_10_GB_PIT,GB,-3,64,0,0.875,0.125
2023,2023_10_GB_PIT,PIT,3,60,0.2833333333333333,0.7166666666666667,0
2023,2023_10_HOU_CIN,CIN,5.5,59,0.03389830508474576,0.5423728813559322,0.423728813559322
2023,2023_10_HOU_CIN,HOU,-5.5,74,0.2702702702702703,0.7297297297297297,0
2023,2023_10_IND_NE,IND,1,53,0.05660377358490566,0.9433962264150944,0
2023,2023_10_IND_NE,NE,-1,68,0,0.8970588235294118,0.10294117647058824
2023,2023_10_NO_MIN,MIN,-3,68,0.6764705882352942,0.3235294117647059,0
2023,2023_10_NO_MIN,NO,3,61,0,0.3114754098360656,0.6885245901639344
2023,2023_10_NYG_DAL,DAL,17.5,76,0.6842105263157895,0.3157894736842105,0
2023,2023_10_NYG_DAL,NYG,-17.5,54,0,0.2777777777777778,0.7222222222222222
2023,2023_10_NYJ_LV,LV,-1,62,0.16129032258064516,0.8387096774193549,0
2023,2023_10_NYJ_LV,NYJ,1,63,0.07936507936507936,0.7619047619047619,0.15873015873015872
2023,2023_10_SF_JAX,JAX,-3,54,0,0.4074074074074074,0.5925925925925926
2023,2023_10_SF_JAX,SF,3,57,0.8245614035087719,0.17543859649122806,0
2023,2023_10_TEN_TB,TB,2.5,60,0.5666666666666667,0.43333333333333335,0
2023,2023_10_TEN_TB,TEN,-2.5,59,0,0.4915254237288136,0.5084745762711864
2023,2023_10_WAS_SEA,SEA,6,73,0.1506849315068493,0.8493150684931506,0
2023,2023_10_WAS_SEA,WAS,-6,61,0,0.7213114754098361,0.2786885245901639
2023,2023_11_ARI_HOU,ARI,-5.5,58,0,0.603448275862069,0.39655172413793105
2023,2023_11_ARI_HOU,HOU,5.5,66,0.5,0.5,0
2023,2023_11_CHI_DET,CHI,-8,70,0.3142857142857143,0.6714285714285714,0.01428571428571428
2023,2023_11_CHI_DET,DET,8,58,0,0.8275862068965517,0.1724137931034483
2023,2023_11_CIN_BAL,BAL,4,60,0.5166666666666667,0.48333333333333334,0
2023,2023_11_CIN_BAL,CIN,-4,59,0,0.5423728813559322,0.4576271186440678
2023,2023_11_DAL_CAR,CAR,-11,58,0,0.43103448275862066,0.5689655172413793
2023,2023_11_DAL_CAR,DAL,11,65,0.6461538461538462,0.35384615384615387,0
2023,2023_11_LAC_GB,GB,-3,70,0.04285714285714286,0.9571428571428572,0
2023,2023_11_LAC_GB,LAC,3,61,0,0.8852459016393442,0.11475409836065574
2023,2023_11_LV_MIA,LV,-14,59,0,0.5254237288135594,0.4745762711864407
2023,2023_11_LV_MIA,MIA,14,67,0.22388059701492535,0.7761194029850746,0
2023,2023_11_MIN_DEN,DEN,2.5,51,0,0.8235294117647058,0.17647058823529413
2023,2023_11_MIN_DEN,MIN,-2.5,70,0.15714285714285714,0.8285714285714286,0.01428571428571428
2023,2023_11_NYG_WAS,NYG,-7.5,54,0.24074074074074073,0.7592592592592593,0
2023,2023_11_NYG_WAS,WAS,7.5,77,0,0.7012987012987013,0.2987012987012987
2023,2023_11_NYJ_BUF,BUF,8,69,0.8405797101449275,0.15942028985507245,0
2023,2023_11_NYJ_BUF,NYJ,-8,54,0,0.14814814814814814,0.8518518518518519
2023,2023_11_PHI_KC,KC,2.5,73,0.3150684931506849,0.6164383561643836,0.0684931506849315
2023,2023_11_PHI_KC,PHI,-2.5,51,0.0784313725490196,0.6862745098039216,0.2352941176470588
2023,2023_11_PIT_CLE,CLE,2.5,71,0.29577464788732394,0.704225352112676,0
2023,2023_11_PIT_CLE,PIT,-2.5,56,0,0.9464285714285714,0.05357142857142857
2023,2023_11_SEA_LA,LA,2.5,58,0,0.4827586206896552,0.5172413793103449
2023,2023_11_SEA_LA,SEA,-2.5,61,0.4098360655737705,0.5901639344262295,0
2023,2023_11_TB_SF,SF,13.5,57,0.5614035087719298,0.43859649122807015,0
2023,2023_11_TB_SF,TB,-13.5,66,0,0.30303030303030304,0.696969696969697
2023,2023_11_TEN_JAX,JAX,6.5,69,0.7971014492753623,0.2028985507246377,0
2023,2023_11_TEN_JAX,TEN,-6.5,36,0,0.3055555555555556,0.6944444444444444
2023,2023_12_BAL_LAC,BAL,3,67,0.5074626865671642,0.4925373134328358,0
2023,2023_12_BAL_LAC,LAC,-3,66,0,0.6212121212121212,0.3787878787878788
2023,2023_12_BUF_PHI,BUF,-2.5,80,0.1125,0.8375,0.05
2023,2023_12_BUF_PHI,PHI,2.5,55,0.05454545454545454,0.7818181818181819,0.16363636363636364
2023,2023_12_CAR_TEN,CAR,-3.5,67,0,0.3582089552238806,0.6417910447761194
2023,2023_12_CAR_TEN,TEN,3.5,49,0.5510204081632653,0.4489795918367347,0
2023,2023_12_CHI_MIN,CHI,-3,65,0.07692307692307693,0.9230769230769232,0
2023,2023_12_CHI_MIN,MIN,3,51,0.0392156862745098,0.8235294117647058,0.13725490196078433
2023,2023_12_CLE_DEN,CLE,-1.5,69,0,0.2608695652173913,0.7391304347826086
2023,2023_12_CLE_DEN,DEN,1.5,58,0.7931034482758621,0.20689655172413793,0
2023,2023_12_GB_DET,DET,8.5,78,0,0.1153846153846154,0.8846153846153846
2023,2023_12_GB_DET,GB,-8.5,53,0.71698113207547165,0.2830188679245283,0
2023,2023_12_JAX_HOU,HOU,-1,58,0,0.8103448275862069,0.1896551724137931
2023,2023_12_JAX_HOU,JAX,1,67,0.34328358208955223,0.6567164179104478,0
2023,2023_12_KC_LV,KC,9,56,0.25,0.5178571428571429,0.23214285714285715
2023,2023_12_KC_LV,LV,-9,58,0.27586206896551724,0.43103448275862066,0.29310344827586204
2023,2023_12_LA_ARI,ARI,-3,64,0,0.34375,0.65625
2023,2023_12_LA_ARI,LA,3,66,0.5303030303030303,0.4696969696969697,0
2023,2023_12_MIA_NYJ,MIA,9.5,67,0.5074626865671642,0.4925373134328358,0
2023,2023_12_MIA_NYJ,NYJ,-9.5,55,0,0.2545454545454545,0.7454545454545455
2023,2023_12_NE_NYG,NE,4.5,68,0,0.9558823529411764,0.04411764705882353
2023,2023_12_NE_NYG,NYG,-4.5,49,0.14285714285714285,0.8571428571428571,0
2023,2023_12_NO_ATL,ATL,-2,61,0.4098360655737705,0.5901639344262295,0
2023,2023_12_NO_ATL,NO,2,66,0,0.6212121212121212,0.3787878787878788
2023,2023_12_PIT_CIN,CIN,-2,40,0.2,0.625,0.175
2023,2023_12_PIT_CIN,PIT,2,65,0.13846153846153847,0.8615384615384616,0
2023,2023_12_SF_SEA,SEA,-7,54,0,0.14814814814814814,0.8518518518518519
2023,2023_12_SF_SEA,SF,7,63,0.6031746031746031,0.3968253968253968,0
2023,2023_12_TB_IND,IND,2.5,69,0.7536231884057971,0.2463768115942029,0
2023,2023_12_TB_IND,TB,-2.5,56,0,0.3392857142857143,0.6607142857142857
2023,2023_12_WAS_DAL,DAL,13,50,0.62,0.38,0
2023,2023_12_WAS_DAL,WAS,-13,75,0,0.25333333333333335,0.7466666666666667
2023,2023_13_ARI_PIT,ARI,-6,60,0.43333333333333335,0.5666666666666667,0
2023,2023_13_ARI_PIT,PIT,6,57,0,0.6140350877192983,0.38596491228070173
2023,2023_13_ATL_NYJ,ATL,2,63,0.14285714285714285,0.8571428571428571,0
2023,2023_13_ATL_NYJ,NYJ,-2,67,0,0.8656716417910447,0.13432835820895522
2023,2023_13_CAR_TB,CAR,-4,69,0,0.8260869565217391,0.17391304347826086
2023,2023_13_CAR_TB,TB,4,56,0.23214285714285715,0.7678571428571429,0
2023,2023_13_CIN_JAX,CIN,-10,61,0,0.7704918032786885,0.22950819672131148
2023,2023_13_CIN_JAX,JAX,10,61,0.09836065573770492,0.9016393442622952,0
2023,2023_13_CLE_LA,CLE,-3.5,69,0,0.7246376811594203,0.2753623188405797
2023,2023_13_CLE_LA,LA,3.5,61,0.21311475409836064,0.7868852459016393,0
2023,2023_13_DEN_HOU,DEN,-3.5,58,0,0.3793103448275862,0.6206896551724138
2023,2023_13_DEN_HOU,HOU,3.5,62,0.7258064516129032,0.27419354838709675,0
2023,2023_13_DET_NO,DET,4,54,0.7407407407407407,0.25925925925925924,0
2023,2023_13_DET_NO,NO,-4,66,0,0.2272727272727273,0.7727272727272727
2023,2023_13_IND_TEN,IND,1.5,62,0.04838709677419355,0.935483870967742,0.01612903225806451
2023,2023_13_IND_TEN,TEN,-1.5,71,0.01408450704225352,0.9154929577464788,0.07042253521126761
2023,2023_13_KC_GB,GB,-5.5,63,0.4444444444444444,0.5555555555555556,0
2023,2023_13_KC_GB,KC,5.5,60,0,0.4666666666666667,0.5333333333333333
2023,2023_13_LAC_NE,LAC,4.5,59,0.3898305084745763,0.6101694915254238,0
2023,2023_13_LAC_NE,NE,-4.5,62,0,0.8225806451612904,0.1774193548387097
2023,2023_13_MIA_WAS,MIA,8.5,59,0.847457627118644,0.15254237288135594,0
2023,2023_13_MIA_WAS,WAS,-8.5,54,0,0.2777777777777778,0.7222222222222222
2023,2023_13_SEA_DAL,DAL,9.5,77,0.09090909090909093,0.8701298701298701,0.03896103896103896
2023,2023_13_SEA_DAL,SEA,-9.5,63,0.15873015873015872,0.6825396825396826,0.15873015873015872
2023,2023_13_SF_PHI,PHI,-3,69,0,0.4492753623188406,0.5507246376811594
2023,2023_13_SF_PHI,SF,3,56,0.5178571428571429,0.4821428571428571,0
2023,2023_14_BUF_KC,BUF,-2,70,0.42857142857142855,0.5714285714285714,0
2023,2023_14_BUF_KC,KC,2,62,0,0.6612903225806451,0.3387096774193548
2023,2023_14_CAR_NO,CAR,-5.5,79,0,0.31645569620253167,0.6835443037974683
2023,2023_14_CAR_NO,NO,5.5,50,0.56,0.44,0
2023,2023_14_DEN_LAC,DEN,-3,63,0.6825396825396826,0.31746031746031744,0
2023,2023_14_DEN_LAC,LAC,3,67,0,0.5223880597014925,0.47761194029850745
2023,2023_14_DET_CHI,CHI,-3,64,0.421875,0.578125,0
2023,2023_14_DET_CHI,DET,3,63,0,0.492063492063492,0.5079365079365079
2023,2023_14_GB_NYG,GB,6,66,0,0.7727272727272727,0.2272727272727273
2023,2023_14_GB_NYG,NYG,-6,54,0.14814814814814814,0.8518518518518519,0
2023,2023_14_HOU_NYJ,HOU,3.5,52,0,0.5384615384615384,0.4615384615384616
2023,2023_14_HOU_NYJ,NYJ,-3.5,65,0.49230769230769234,0.5076923076923077,0
2023,2023_14_IND_CIN,CIN,3,57,0.7017543859649122,0.2982456140350877,0
2023,2023_14_IND_CIN,IND,-3,59,0,0.3220338983050847,0.6779661016949152
2023,2023_14_JAX_CLE,CLE,2.5,71,0.7464788732394366,0.2535211267605634,0
2023,2023_14_JAX_CLE,JAX,-2.5,73,0,0.3561643835616438,0.6438356164383562
2023,2023_14_LA_BAL,BAL,7.5,67,0,0.9850746268656716,0.01492537313432835
2023,2023_14_LA_BAL,LA,-7.5,69,0,0.9855072463768116,0.0144927536231884
2023,2023_14_MIN_LV,LV,-3,53,0,0.981132075471698,0.01886792452830188
2023,2023_14_MIN_LV,MIN,3,71,0.04225352112676056,0.9577464788732394,0
2023,2023_14_NE_PIT,NE,-6,55,0.5272727272727272,0.4727272727272727,0
2023,2023_14_NE_PIT,PIT,6,65,0,0.4461538461538462,0.5538461538461539
2023,2023_14_PHI_DAL,DAL,3.5,74,0.7702702702702703,0.22972972972972977,0
2023,2023_14_PHI_DAL,PHI,-3.5,52,0,0.17307692307692307,0.8269230769230769
2023,2023_14_SEA_SF,SEA,-14.5,55,0,0.6727272727272727,0.32727272727272727
2023,2023_14_SEA_SF,SF,14.5,52,0.4423076923076923,0.5576923076923077,0
2023,2023_14_TB_ATL,ATL,1.5,68,0,0.7352941176470589,0.2647058823529412
2023,2023_14_TB_ATL,TB,-1.5,67,0.1044776119402985,0.8955223880597015,0
2023,2023_14_TEN_MIA,MIA,14,69,0.2463768115942029,0.7536231884057971,0
2023,2023_14_TEN_MIA,TEN,-14,67,0,0.7014925373134329,0.29850746268656714
2023,2023_15_ATL_CAR,ATL,3,50,0,1,0
2023,2023_15_ATL_CAR,CAR,-3,60,0,1,0
2023,2023_15_BAL_JAX,BAL,4,69,0.4492753623188406,0.5507246376811594,0
2023,2023_15_BAL_JAX,JAX,-4,61,0,0.5409836065573771,0.45901639344262296
2023,2023_15_CHI_CLE,CHI,-3,70,0.35714285714285715,0.5714285714285714,0.07142857142857142
2023,2023_15_CHI_CLE,CLE,3,67,0.04477611940298507,0.6865671641791045,0.26865671641791045
2023,2023_15_DAL_BUF,BUF,2,62,0.6935483870967742,0.3064516129032258,0
2023,2023_15_DAL_BUF,DAL,-2,57,0,0.19298245614035087,0.8070175438596491
2023,2023_15_DEN_DET,DEN,-5.5,61,0,0.26229508196721313,0.7377049180327869
2023,2023_15_DEN_DET,DET,5.5,64,0.65625,0.34375,0
2023,2023_15_HOU_TEN,HOU,-3,65,0,0.49230769230769234,0.5076923076923077
2023,2023_15_HOU_TEN,TEN,3,52,0.5384615384615384,0.4615384615384616,0
2023,2023_15_KC_NE,KC,10,58,0.46551724137931033,0.5344827586206896,0
2023,2023_15_KC_NE,NE,-10,51,0,0.5882352941176471,0.4117647058823529
2023,2023_15_LAC_LV,LAC,-3,63,0,0.09523809523809525,0.9047619047619048
2023,2023_15_LAC_LV,LV,3,63,0.8095238095238095,0.1904761904761905,0
2023,2023_15_MIN_CIN,CIN,3,60,0,0.55,0.45
2023,2023_15_MIN_CIN,MIN,-3,62,0.2258064516129032,0.7741935483870968,0
2023,2023_15_NYG_NO,NO,6,55,0.41818181818181815,0.5818181818181818,0
2023,2023_15_NYG_NO,NYG,-6,60,0,0.5666666666666667,0.43333333333333335
2023,2023_15_NYJ_MIA,MIA,7.5,55,0.8545454545454545,0.14545454545454545,0
2023,2023_15_NYJ_MIA,NYJ,-7.5,55,0,0.2,0.8
2023,2023_15_PHI_SEA,PHI,5,69,0.21739130434782608,0.7391304347826086,0.04347826086956521
2023,2023_15_PHI_SEA,SEA,-5,58,0,0.913793103448276,0.08620689655172414
2023,2023_15_PIT_IND,IND,1.5,64,0.390625,0.515625,0.09375
2023,2023_15_PIT_IND,PIT,-1.5,54,0.03703703703703703,0.5185185185185185,0.4444444444444444
2023,2023_15_SF_ARI,ARI,-12.5,72,0,0.4166666666666667,0.5833333333333334
2023,2023_15_SF_ARI,SF,12.5,51,0.5882352941176471,0.4117647058823529,0
2023,2023_15_TB_GB,GB,4,57,0,0.631578947368421,0.3684210526315789
2023,2023_15_TB_GB,TB,-4,58,0.2413793103448276,0.7586206896551724,0
2023,2023_15_WAS_LA,LA,6.5,73,0.7397260273972602,0.2602739726027397,0
2023,2023_15_WAS_LA,WAS,-6.5,58,0,0.3275862068965517,0.6724137931034483
2023,2023_16_ARI_CHI,ARI,-4.5,59,0,0.2033898305084746,0.7966101694915254
2023,2023_16_ARI_CHI,CHI,4.5,67,0.8059701492537313,0.19402985074626863,0
2023,2023_16_BAL_SF,BAL,-6.5,62,0.3870967741935484,0.6129032258064516,0
2023,2023_16_BAL_SF,SF,6.5,68,0.02941176470588235,0.4117647058823529,0.5588235294117647
2023,2023_16_BUF_LAC,BUF,13,52,0.01923076923076923,0.8653846153846154,0.1153846153846154
2023,2023_16_BUF_LAC,LAC,-13,65,0.1076923076923077,0.7076923076923077,0.18461538461538465
2023,2023_16_CIN_PIT,CIN,3,61,0,0.21311475409836064,0.7868852459016393
2023,2023_16_CIN_PIT,PIT,-3,58,0.9655172413793104,0.03448275862068965,0
2023,2023_16_CLE_HOU,CLE,3,74,0.6891891891891891,0.3108108108108108,0
2023,2023_16_CLE_HOU,HOU,-3,68,0,0.27941176470588236,0.7205882352941176
2023,2023_16_DAL_MIA,DAL,-1.5,60,0,0.65,0.35
2023,2023_16_DAL_MIA,MIA,1.5,62,0.3064516129032258,0.6935483870967742,0
2023,2023_16_DET_MIN,DET,2.5,75,0.18666666666666668,0.8133333333333334,0
2023,2023_16_DET_MIN,MIN,-2.5,50,0,0.66,0.34
2023,2023_16_GB_CAR,CAR,-3.5,62,0,0.3709677419354839,0.6290322580645161
2023,2023_16_GB_CAR,GB,3.5,63,0.5873015873015873,0.4126984126984127,0
2023,2023_16_IND_ATL,ATL,3,63,0.5396825396825397,0.4603174603174603,0
2023,2023_16_IND_ATL,IND,-3,67,0,0.5074626865671642,0.4925373134328358
2023,2023_16_JAX_TB,JAX,2,61,0,0.14754098360655735,0.8524590163934426
2023,2023_16_JAX_TB,TB,-2,70,0.6714285714285714,0.32857142857142857,0
2023,2023_16_LV_KC,KC,11,74,0,0.36486486486486486,0.6351351351351351
2023,2023_16_LV_KC,LV,-11,48,0.4791666666666667,0.5208333333333334,0
2023,2023_16_NE_DEN,DEN,7,64,0.078125,0.546875,0.375
2023,2023_16_NE_DEN,NE,-7,55,0.10909090909090909,0.8363636363636363,0.05454545454545454
2023,2023_16_NO_LA,LA,4,66,0.7424242424242424,0.25757575757575757,0
2023,2023_16_NO_LA,NO,-4,57,0,0.3333333333333333,0.6666666666666666
2023,2023_16_NYG_PHI,NYG,-14,57,0,0.15789473684210523,0.8421052631578947
2023,2023_16_NYG_PHI,PHI,14,74,0.8648648648648649,0.13513513513513514,0
2023,2023_16_SEA_TEN,SEA,3,59,0,0.8983050847457628,0.1016949152542373
2023,2023_16_SEA_TEN,TEN,-3,63,0.09523809523809525,0.8571428571428571,0.04761904761904761
2023,2023_16_WAS_NYJ,NYJ,3,85,0.7647058823529411,0.2352941176470588,0
2023,2023_16_WAS_NYJ,WAS,-3,58,0,0.1896551724137931,0.8103448275862069
2023,2023_17_ARI_PHI,ARI,-12,72,0,0.5277777777777778,0.4722222222222222
2023,2023_17_ARI_PHI,PHI,12,47,0.2553191489361702,0.6382978723404256,0.10638297872340426
2023,2023_17_ATL_CHI,ATL,-3,59,0,0.1864406779661017,0.8135593220338984
2023,2023_17_ATL_CHI,CHI,3,72,0.9027777777777778,0.09722222222222222,0
2023,2023_17_CAR_JAX,CAR,-3.5,53,0,0.3584905660377358,0.6415094339622641
2023,2023_17_CAR_JAX,JAX,3.5,58,0.5172413793103449,0.4827586206896552,0
2023,2023_17_CIN_KC,CIN,-7.5,71,0.05633802816901408,0.7746478873239436,0.16901408450704225
2023,2023_17_CIN_KC,KC,7.5,51,0.19607843137254904,0.803921568627451,0
2023,2023_17_DET_DAL,DAL,5.5,61,0.29508196721311475,0.7049180327868853,0
2023,2023_17_DET_DAL,DET,-5.5,64,0,0.875,0.125
2023,2023_17_GB_MIN,GB,-1,71,0.676056338028169,0.323943661971831,0
2023,2023_17_GB_MIN,MIN,1,51,0,0.3137254901960784,0.6862745098039216
2023,2023_17_LAC_DEN,DEN,3.5,65,0.5384615384615384,0.4615384615384616,0
2023,2023_17_LAC_DEN,LAC,-3.5,62,0,0.3064516129032258,0.6935483870967742
2023,2023_17_LA_NYG,LA,6,60,0.18333333333333332,0.8166666666666667,0
2023,2023_17_LA_NYG,NYG,-6,66,0,0.6666666666666666,0.3333333333333333
2023,2023_17_LV_IND,IND,3.5,52,0.4230769230769231,0.5769230769230769,0
2023,2023_17_LV_IND,LV,-3.5,74,0,0.36486486486486486,0.6351351351351351
2023,2023_17_MIA_BAL,BAL,3,53,0.5849056603773585,0.41509433962264153,0
2023,2023_17_MIA_BAL,MIA,-3,66,0,0.4393939393939394,0.5606060606060606
2023,2023_17_NE_BUF,BUF,15,66,0.7575757575757576,0.24242424242424243,0
2023,2023_17_NE_BUF,NE,-15,52,0,0.34615384615384615,0.6538461538461539
2023,2023_17_NO_TB,NO,-2.5,67,0.582089552238806,0.417910447761194,0
2023,2023_17_NO_TB,TB,2.5,49,0,0.30612244897959184,0.6938775510204082
2023,2023_17_NYJ_CLE,CLE,6.5,58,0.7586206896551724,0.2413793103448276,0
2023,2023_17_NYJ_CLE,NYJ,-6.5,68,0,0.1323529411764706,0.8676470588235294
2023,2023_17_PIT_SEA,PIT,-4.5,70,0.3,0.7,0
2023,2023_17_PIT_SEA,SEA,4.5,49,0,0.7142857142857143,0.2857142857142857
2023,2023_17_SF_WAS,SF,14,66,0.3636363636363637,0.6363636363636364,0
2023,2023_17_SF_WAS,WAS,-14,43,0,0.6511627906976745,0.3488372093023256
2023,2023_17_TEN_HOU,HOU,5,61,0.6721311475409836,0.32786885245901637,0
2023,2023_17_TEN_HOU,TEN,-5,53,0,0.22641509433962265,0.7735849056603774
2023,2023_18_ATL_NO,ATL,-3.5,60,0,0.4666666666666667,0.5333333333333333
2023,2023_18_ATL_NO,NO,3.5,66,0.3636363636363637,0.6363636363636364,0
2023,2023_18_BUF_MIA,BUF,2.5,75,0.14666666666666667,0.76,0.09333333333333334
2023,2023_18_BUF_MIA,MIA,-2.5,48,0.14583333333333334,0.7083333333333334,0.14583333333333334
2023,2023_18_CHI_GB,CHI,-2.5,46,0,0.5434782608695652,0.4565217391304347
2023,2023_18_CHI_GB,GB,2.5,58,0.3620689655172414,0.6379310344827587,0
2023,2023_18_CLE_CIN,CIN,7.5,61,0.819672131147541,0.18032786885245905,0
2023,2023_18_CLE_CIN,CLE,-7.5,52,0,0.1153846153846154,0.8846153846153846
2023,2023_18_DAL_WAS,DAL,13,69,0.6376811594202898,0.36231884057971014,0
2023,2023_18_DAL_WAS,WAS,-13,48,0,0.6875,0.3125
2023,2023_18_DEN_LV,DEN,-3.5,58,0,0.4482758620689655,0.5517241379310345
2023,2023_18_DEN_LV,LV,3.5,63,0.492063492063492,0.5079365079365079,0
2023,2023_18_HOU_IND,HOU,1.5,56,0.25,0.75,0
2023,2023_18_HOU_IND,IND,-1.5,62,0,0.7741935483870968,0.2258064516129032
2023,2023_18_JAX_TEN,JAX,3.5,66,0,0.3939393939393939,0.6060606060606061
2023,2023_18_JAX_TEN,TEN,-3.5,52,0.6346153846153846,0.36538461538461536,0
2023,2023_18_KC_LAC,KC,-3.5,58,0.06896551724137931,0.9310344827586208,0
2023,2023_18_KC_LAC,LAC,3.5,80,0.0375,0.9625,0
2023,2023_18_LA_SF,LA,-5.5,61,0.03278688524590164,0.4262295081967213,0.5409836065573771
2023,2023_18_LA_SF,SF,5.5,57,0.38596491228070173,0.6140350877192983,0
2023,2023_18_MIN_DET,DET,3.5,56,0.8571428571428571,0.14285714285714285,0
2023,2023_18_MIN_DET,MIN,-3.5,70,0,0.22857142857142856,0.7714285714285715
2023,2023_18_NYJ_NE,NE,2.5,58,0,0.7758620689655172,0.22413793103448276
2023,2023_18_NYJ_NE,NYJ,-2.5,63,0.2063492063492063,0.7936507936507936,0
2023,2023_18_PHI_NYG,NYG,-4.5,66,0.6515151515151515,0.3484848484848485,0
2023,2023_18_PHI_NYG,PHI,4.5,65,0,0.2923076923076923,0.7076923076923077
2023,2023_18_PIT_BAL,BAL,-3,56,0,0.6071428571428571,0.3928571428571429
2023,2023_18_PIT_BAL,PIT,3,61,0.18032786885245905,0.819672131147541,0
2023,2023_18_SEA_ARI,ARI,-2.5,69,0.17391304347826086,0.8260869565217391,0
2023,2023_18_SEA_ARI,SEA,2.5,53,0.03773584905660377,0.8301886792452831,0.1320754716981132
2023,2023_18_TB_CAR,CAR,-5,50,0,0.84,0.16
2023,2023_18_TB_CAR,TB,5,61,0.2786885245901639,0.7213114754098361,0
2023,2023_19_CLE_HOU,CLE,2.5,70,0,0.3857142857142858,0.6142857142857143
2023,2023_19_CLE_HOU,HOU,-2.5,41,0.5121951219512195,0.4878048780487805,0
2023,2023_19_GB_DAL,DAL,7,89,0,0.10112359550561796,0.898876404494382
2023,2023_19_GB_DAL,GB,-7,53,0.6415094339622641,0.3584905660377358,0
2023,2023_19_LA_DET,DET,3.5,52,0.19230769230769232,0.8076923076923077,0
2023,2023_19_LA_DET,LA,-3.5,55,0,0.7454545454545455,0.2545454545454545
2023,2023_19_MIA_KC,KC,4.5,75,0.7333333333333333,0.26666666666666666,0
2023,2023_19_MIA_KC,MIA,-4.5,59,0,0.3220338983050847,0.6779661016949152
2023,2023_19_PHI_TB,PHI,2.5,53,0,0.22641509433962265,0.7735849056603774
2023,2023_19_PHI_TB,TB,-2.5,69,0.782608695652174,0.21739130434782608,0
2023,2023_19_PIT_BUF,BUF,10,65,0.8461538461538461,0.15384615384615383,0
2023,2023_19_PIT_BUF,PIT,-10,62,0,0.08064516129032258,0.9193548387096774
2023,2023_20_GB_SF,GB,-10.5,61,0.13114754098360656,0.8688524590163934,0
2023,2023_20_GB_SF,SF,10.5,62,0,0.9838709677419356,0.01612903225806451
2023,2023_20_HOU_BAL,BAL,10,67,0.4925373134328358,0.5074626865671642,0
2023,2023_20_HOU_BAL,HOU,-10,46,0,0.6521739130434783,0.34782608695652173
2023,2023_20_KC_BUF,BUF,2.5,78,0,1,0
2023,2023_20_KC_BUF,KC,-2.5,43,0.16279069767441862,0.8372093023255814,0
2023,2023_20_TB_DET,DET,6,67,0.31343283582089554,0.6865671641791045,0
2023,2023_20_TB_DET,TB,-6,60,0,0.7,0.3
2023,2023_21_DET_SF,DET,-7.5,72,0.4166666666666667,0.4305555555555556,0.1527777777777778
2023,2023_21_DET_SF,SF,7.5,64,0.15625,0.5,0.34375
2023,2023_21_KC_BAL,BAL,4.5,56,0,0.44642857142857145,0.5535714285714286
2023,2023_21_KC_BAL,KC,-4.5,70,0.5571428571428572,0.4428571428571429,0
2023,2023_22_SF_KC,KC,-1.5,66,0,0.9848484848484848,0.01515151515151515
2023,2023_22_SF_KC,SF,1.5,58,0.03448275862068965,0.9655172413793104,0
2024,2024_01_ARI_BUF,ARI,-6.5,59,0.13559322033898305,0.6610169491525424,0.2033898305084746
2024,2024_01_ARI_BUF,BUF,6.5,57,0.3508771929824561,0.543859649122807,0.10526315789473684
2024,2024_01_BAL_KC,BAL,-3,74,0,0.5,0.5
2024,2024_01_BAL_KC,KC,3,49,0.5918367346938775,0.40816326530612246,0
2024,2024_01_CAR_NO,CAR,-3.5,55,0,0.01818181818181818,0.9818181818181818
2024,2024_01_CAR_NO,NO,3.5,62,0.9193548387096774,0.08064516129032258,0
2024,2024_01_DAL_CLE,CLE,2.5,70,0,0.2,0.8
2024,2024_01_DAL_CLE,DAL,-2.5,59,0.4745762711864407,0.5254237288135594,0
2024,2024_01_DEN_SEA,DEN,-6.5,69,0,0.7101449275362319,0.2898550724637681
2024,2024_01_DEN_SEA,SEA,6.5,57,0.45614035087719296,0.543859649122807,0
2024,2024_01_GB_PHI,GB,-2,58,0,0.9310344827586208,0.06896551724137931
2024,2024_01_GB_PHI,PHI,2,73,0.2876712328767123,0.7123287671232876,0
2024,2024_01_HOU_IND,HOU,3,74,0.33783783783783783,0.6621621621621622,0
2024,2024_01_HOU_IND,IND,-3,43,0,0.6511627906976745,0.3488372093023256
2024,2024_01_JAX_MIA,JAX,-3.5,50,0.5,0.5,0
2024,2024_01_JAX_MIA,MIA,3.5,65,0.04615384615384615,0.6307692307692307,0.3230769230769231
2024,2024_01_LA_DET,DET,5,53,0.2641509433962264,0.7358490566037735,0
2024,2024_01_LA_DET,LA,-5,74,0.01351351351351351,0.7567567567567568,0.22972972972972977
2024,2024_01_LV_LAC,LAC,3,51,0.29411764705882354,0.7058823529411765,0
2024,2024_01_LV_LAC,LV,-3,59,0,0.7627118644067796,0.23728813559322037
2024,2024_01_MIN_NYG,MIN,1,50,0.66,0.34,0
2024,2024_01_MIN_NYG,NYG,-1,68,0,0.27941176470588236,0.7205882352941176
2024,2024_01_NE_CIN,CIN,8,48,0,0.4583333333333333,0.5416666666666666
2024,2024_01_NE_CIN,NE,-8,61,0.6229508196721312,0.3770491803278688,0
2024,2024_01_NYJ_SF,NYJ,-3.5,48,0,0.4583333333333333,0.5416666666666666
2024,2024_01_NYJ_SF,SF,3.5,69,0.6086956521739131,0.391304347826087,0
2024,2024_01_PIT_ATL,ATL,4,49,0,0.8979591836734694,0.1020408163265306
2024,2024_01_PIT_ATL,PIT,-4,66,0.30303030303030304,0.696969696969697,0
2024,2024_01_TEN_CHI,CHI,4,51,0.1176470588235294,0.5490196078431373,0.3333333333333333
2024,2024_01_TEN_CHI,TEN,-4,61,0.3606557377049181,0.5081967213114754,0.13114754098360656
2024,2024_01_WAS_TB,TB,4,59,0.6271186440677966,0.3728813559322034,0
2024,2024_01_WAS_TB,WAS,-4,55,0,0.21818181818181817,0.7818181818181819
2024,2024_02_ATL_PHI,ATL,-5.5,56,0,0.9642857142857144,0.03571428571428571
2024,2024_02_ATL_PHI,PHI,5.5,67,0.14925373134328357,0.8507462686567164,0
2024,2024_02_BUF_MIA,BUF,-2.5,42,0.4523809523809524,0.5476190476190477,0
2024,2024_02_BUF_MIA,MIA,2.5,75,0,0.32,0.68
2024,2024_02_CHI_HOU,CHI,-6,66,0,0.42424242424242425,0.5757575757575758
2024,2024_02_CHI_HOU,HOU,6,60,0.55,0.45,0
2024,2024_02_CIN_KC,CIN,-6.5,61,0.03278688524590164,0.9672131147540984,0
2024,2024_02_CIN_KC,KC,6.5,59,0,1,0
2024,2024_02_CLE_JAX,CLE,-3,65,0.5846153846153846,0.4153846153846154,0
2024,2024_02_CLE_JAX,JAX,3,54,0,0.4074074074074074,0.5925925925925926
2024,2024_02_IND_GB,GB,-3,67,0.7313432835820896,0.26865671641791045,0
2024,2024_02_IND_GB,IND,3,52,0,0.09615384615384616,0.903846153846154
2024,2024_02_LAC_CAR,CAR,-5,46,0,0.2608695652173913,0.7391304347826086
2024,2024_02_LAC_CAR,LAC,5,62,0.6129032258064516,0.3870967741935484,0
2024,2024_02_LA_ARI,ARI,-1,62,0.9032258064516128,0.0967741935483871,0
2024,2024_02_LA_ARI,LA,1,52,0,0.07692307692307693,0.9230769230769232
2024,2024_02_LV_BAL,BAL,9,61,0.3114754098360656,0.6229508196721312,0.06557377049180328
2024,2024_02_LV_BAL,LV,-9,59,0.01694915254237288,0.6101694915254238,0.3728813559322034
2024,2024_02_NO_DAL,DAL,6.5,65,0,0.3692307692307693,0.6307692307692307
2024,2024_02_NO_DAL,NO,-6.5,53,0.7547169811320755,0.24528301886792453,0
2024,2024_02_NYG_WAS,NYG,-1.5,51,0,1,0
2024,2024_02_NYG_WAS,WAS,1.5,67,0.04477611940298507,0.9552238805970148,0
2024,2024_02_NYJ_TEN,NYJ,3.5,55,0.05454545454545454,0.9272727272727272,0.01818181818181818
2024,2024_02_NYJ_TEN,TEN,-3.5,60,0.16666666666666666,0.6666666666666666,0.16666666666666666
2024,2024_02_PIT_DEN,DEN,-3,56,0,0.3928571428571429,0.6071428571428571
2024,2024_02_PIT_DEN,PIT,3,58,0.5862068965517241,0.41379310344827586,0
2024,2024_02_SEA_NE,NE,-3.5,63,0.09523809523809525,0.9047619047619048,0
2024,2024_02_SEA_NE,SEA,3.5,57,0,1,0
2024,2024_02_SF_MIN,MIN,-4.5,51,0.6078431372549019,0.392156862745098,0
2024,2024_02_SF_MIN,SF,4.5,67,0,0.40298507462686567,0.5970149253731343
2024,2024_02_TB_DET,DET,7.5,82,0,0.9878048780487804,0.01219512195121951
2024,2024_02_TB_DET,TB,-7.5,46,0.10869565217391304,0.8913043478260869,0
2024,2024_03_BAL_DAL,BAL,1.5,58,0.7758620689655172,0.22413793103448276,0
2024,2024_03_BAL_DAL,DAL,-1.5,70,0,0.21428571428571427,0.7857142857142857
2024,2024_03_CAR_LV,CAR,-5.5,68,0.4705882352941176,0.5294117647058824,0
2024,2024_03_CAR_LV,LV,5.5,59,0,0.4067796610169492,0.5932203389830508
2024,2024_03_CHI_IND,CHI,-1.5,83,0,0.5662650602409639,0.43373493975903615
2024,2024_03_CHI_IND,IND,1.5,51,0.43137254901960786,0.5686274509803921,0
2024,2024_03_DEN_TB,DEN,-6,63,0.8571428571428571,0.14285714285714285,0
2024,2024_03_DEN_TB,TB,6,56,0,0.14285714285714285,0.8571428571428571
2024,2024_03_DET_ARI,ARI,-3,53,0,0.3962264150943397,0.6037735849056604
2024,2024_03_DET_ARI,DET,3,66,0.5303030303030303,0.4696969696969697,0
2024,2024_03_GB_TEN,GB,-3,59,0.6949152542372882,0.3050847457627119,0
2024,2024_03_GB_TEN,TEN,3,53,0,0.33962264150943394,0.660377358490566
2024,2024_03_HOU_MIN,HOU,2,62,0,0.1129032258064516,0.8870967741935484
2024,2024_03_HOU_MIN,MIN,-2,59,0.8983050847457628,0.1016949152542373,0
2024,2024_03_JAX_BUF,BUF,4,59,0.7627118644067796,0.23728813559322037,0
2024,2024_03_JAX_BUF,JAX,-4,68,0,0.04411764705882353,0.9558823529411764
2024,2024_03_KC_ATL,ATL,-3,55,0.01818181818181818,0.8181818181818182,0.16363636363636364
2024,2024_03_KC_ATL,KC,3,69,0.08695652173913043,0.9130434782608696,0
2024,2024_03_LAC_PIT,LAC,-3,45,0,0.9333333333333332,0.06666666666666667
2024,2024_03_LAC_PIT,PIT,3,63,0.1904761904761905,0.8095238095238095,0
2024,2024_03_MIA_SEA,MIA,-4,56,0,0.16071428571428573,0.8392857142857143
2024,2024_03_MIA_SEA,SEA,4,58,0.7586206896551724,0.2413793103448276,0
2024,2024_03_NE_NYJ,NE,-6.5,48,0,0.1875,0.8125
2024,2024_03_NE_NYJ,NYJ,6.5,70,0.7428571428571429,0.2571428571428571,0
2024,2024_03_NYG_CLE,CLE,6.5,62,0.04838709677419355,0.3064516129032258,0.6451612903225806
2024,2024_03_NYG_CLE,NYG,-6.5,66,0.5,0.3939393939393939,0.10606060606060606
2024,2024_03_PHI_NO,NO,2.5,54,0.0925925925925926,0.9074074074074074,0
2024,2024_03_PHI_NO,PHI,-2.5,64,0,0.9375,0.0625
2024,2024_03_SF_LA,LA,-6,55,0.01818181818181818,0.23636363636363636,0.7454545454545455
2024,2024_03_SF_LA,SF,6,65,0.5384615384615384,0.4461538461538462,0.01538461538461538
2024,2024_03_WAS_CIN,CIN,7.5,60,0,0.48333333333333334,0.5166666666666667
2024,2024_03_WAS_CIN,WAS,-7.5,55,0.5818181818181818,0.41818181818181815,0
2024,2024_04_BUF_BAL,BAL,2.5,54,0.9629629629629628,0.03703703703703703,0
2024,2024_04_BUF_BAL,BUF,-2.5,57,0,0.2631578947368421,0.7368421052631579
2024,2024_04_CIN_CAR,CAR,-4.5,69,0,0.5797101449275363,0.42028985507246375
2024,2024_04_CIN_CAR,CIN,4.5,62,0.5806451612903226,0.41935483870967744,0
2024,2024_04_CLE_LV,CLE,2.5,57,0,0.8070175438596491,0.19298245614035087
2024,2024_04_CLE_LV,LV,-2.5,53,0.33962264150943394,0.660377358490566,0
2024,2024_04_DAL_NYG,DAL,5.5,50,0.18,0.82,0
2024,2024_04_DAL_NYG,NYG,-5.5,64,0,0.90625,0.09375
2024,2024_04_DEN_NYJ,DEN,-7.5,54,0.05555555555555555,0.8333333333333334,0.1111111111111111
2024,2024_04_DEN_NYJ,NYJ,7.5,70,0.05714285714285714,0.9428571428571428,0
2024,2024_04_JAX_HOU,HOU,5.5,68,0.01470588235294117,0.9852941176470588,0
2024,2024_04_JAX_HOU,JAX,-5.5,57,0.08771929824561403,0.8771929824561403,0.03508771929824561
2024,2024_04_KC_LAC,KC,7.5,55,0.05454545454545454,0.6363636363636364,0.3090909090909091
2024,2024_04_KC_LAC,LAC,-7.5,53,0.24528301886792453,0.660377358490566,0.09433962264150944
2024,2024_04_LA_CHI,CHI,3,52,0.2307692307692308,0.7692307692307693,0
2024,2024_04_LA_CHI,LA,-3,57,0,0.7719298245614035,0.22807017543859648
2024,2024_04_MIN_GB,GB,2.5,74,0,0.12162162162162164,0.8783783783783784
2024,2024_04_MIN_GB,MIN,-2.5,61,0.8032786885245902,0.19672131147540983,0
2024,2024_04_NE_SF,NE,-10.5,62,0,0.20967741935483872,0.7903225806451613
2024,2024_04_NE_SF,SF,10.5,59,0.7627118644067796,0.23728813559322037,0
2024,2024_04_NO_ATL,ATL,2.5,51,0.2549019607843137,0.7450980392156863,0
2024,2024_04_NO_ATL,NO,-2.5,70,0,0.8714285714285714,0.12857142857142856
2024,2024_04_PHI_TB,PHI,1,55,0,0.05454545454545454,0.9454545454545454
2024,2024_04_PHI_TB,TB,-1,73,0.8493150684931506,0.1506849315068493,0
2024,2024_04_PIT_IND,IND,-2.5,63,0.8412698412698413,0.15873015873015872,0
2024,2024_04_PIT_IND,PIT,2.5,67,0,0.1791044776119403,0.8208955223880597
2024,2024_04_SEA_DET,DET,3.5,48,0.6666666666666666,0.3333333333333333,0
2024,2024_04_SEA_DET,SEA,-3.5,78,0,0.1153846153846154,0.8846153846153846
2024,2024_04_TEN_MIA,MIA,2.5,54,0,0.6111111111111112,0.3888888888888889
2024,2024_04_TEN_MIA,TEN,-2.5,61,0.32786885245901637,0.6721311475409836,0
2024,2024_04_WAS_ARI,ARI,3.5,58,0,0.5172413793103449,0.4827586206896552
2024,2024_04_WAS_ARI,WAS,-3.5,67,0.5970149253731343,0.40298507462686567,0
2024,2024_05_ARI_SF,ARI,-7,55,0,0.6363636363636364,0.3636363636363637
2024,2024_05_ARI_SF,SF,7,63,0.4603174603174603,0.5396825396825397,0
2024,2024_05_BAL_CIN,BAL,2.5,68,0,0.6617647058823529,0.3382352941176471
2024,2024_05_BAL_CIN,CIN,-2.5,62,0.24193548387096775,0.7580645161290323,0
2024,2024_05_BUF_HOU,BUF,-1,59,0,0.5254237288135594,0.4745762711864407
2024,2024_05_BUF_HOU,HOU,1,67,0.5522388059701493,0.4477611940298507,0
2024,2024_05_CAR_CHI,CAR,-4,58,0,0.25862068965517243,0.7413793103448276
2024,2024_05_CAR_CHI,CHI,4,66,0.6515151515151515,0.3484848484848485,0
2024,2024_05_CLE_WAS,CLE,-3,59,0,0.2711864406779661,0.7288135593220338
2024,2024_05_CLE_WAS,WAS,3,65,0.7384615384615385,0.26153846153846155,0
2024,2024_05_DAL_PIT,DAL,-2.5,75,0,1,0
2024,2024_05_DAL_PIT,PIT,2.5,57,0,0.9649122807017544,0.03508771929824561
2024,2024_05_GB_LA,GB,3,56,0.3928571428571429,0.6071428571428571,0
2024,2024_05_GB_LA,LA,-3,76,0,0.6973684210526315,0.3026315789473684
2024,2024_05_IND_JAX,IND,-3.5,68,0,0.6176470588235294,0.38235294117647056
2024,2024_05_IND_JAX,JAX,3.5,57,0.22807017543859648,0.7719298245614035,0
2024,2024_05_LV_DEN,DEN,3,54,0.46296296296296297,0.5370370370370371,0
2024,2024_05_LV_DEN,LV,-3,65,0.04615384615384615,0.5230769230769231,0.4307692307692308
2024,2024_05_MIA_NE,MIA,2,75,0.04,0.9466666666666668,0.01333333333333333
2024,2024_05_MIA_NE,NE,-2,54,0.25925925925925924,0.6851851851851852,0.05555555555555555
2024,2024_05_NO_KC,KC,5.5,77,0.7662337662337663,0.23376623376623376,0
2024,2024_05_NO_KC,NO,-5.5,51,0,0.17647058823529413,0.8235294117647058
2024,2024_05_NYG_SEA,NYG,-7,69,0.2608695652173913,0.7391304347826086,0
2024,2024_05_NYG_SEA,SEA,7,58,0,0.5344827586206896,0.46551724137931033
2024,2024_05_NYJ_MIN,MIN,2.5,64,0.765625,0.234375,0
2024,2024_05_NYJ_MIN,NYJ,-2.5,71,0,0.16901408450704225,0.8309859154929577
2024,2024_05_TB_ATL,ATL,2.5,75,0,0.88,0.12
2024,2024_05_TB_ATL,TB,-2.5,50,0.3,0.7,0
2024,2024_06_ARI_GB,ARI,-5.5,55,0,0.14545454545454545,0.8545454545454545
2024,2024_06_ARI_GB,GB,5.5,68,0.8382352941176471,0.16176470588235295,0
2024,2024_06_ATL_CAR,ATL,6,64,0.484375,0.515625,0
2024,2024_06_ATL_CAR,CAR,-6,62,0,0.6290322580645161,0.3709677419354839
2024,2024_06_BUF_NYJ,BUF,1,57,0.05263157894736842,0.9473684210526316,0
2024,2024_06_BUF_NYJ,NYJ,-1,59,0,0.9491525423728814,0.05084745762711865
2024,2024_06_CIN_NYG,CIN,4.5,50,0.2,0.8,0
2024,2024_06_CIN_NYG,NYG,-4.5,71,0,0.9295774647887324,0.07042253521126761
2024,2024_06_CLE_PHI,CLE,-8,53,0,0.8301886792452831,0.16981132075471697
2024,2024_06_CLE_PHI,PHI,8,58,0.20689655172413793,0.7931034482758621,0
2024,2024_06_DET_DAL,DAL,-3.5,65,0,0.3076923076923077,0.6923076923076923
2024,2024_06_DET_DAL,DET,3.5,64,0.734375,0.265625,0
2024,2024_06_HOU_NE,HOU,6.5,61,0.7213114754098361,0.2786885245901639,0
2024,2024_06_HOU_NE,NE,-6.5,63,0,0.07936507936507936,0.9206349206349206
2024,2024_06_IND_TEN,IND,-2.5,66,0.10606060606060606,0.8333333333333334,0.06060606060606061
2024,2024_06_IND_TEN,TEN,2.5,55,0.05454545454545454,0.9272727272727272,0.01818181818181818
2024,2024_06_JAX_CHI,CHI,-1.5,58,0.5172413793103449,0.4827586206896552,0
2024,2024_06_JAX_CHI,JAX,1.5,59,0,0.4067796610169492,0.5932203389830508
2024,2024_06_LAC_DEN,DEN,-3,53,0,0.22641509433962265,0.7735849056603774
2024,2024_06_LAC_DEN,LAC,3,72,0.7638888888888888,0.2361111111111111,0
2024,2024_06_PIT_LV,LV,-3.5,60,0,0.5166666666666667,0.48333333333333334
2024,2024_06_PIT_LV,PIT,3.5,60,0.43333333333333335,0.5666666666666667,0
2024,2024_06_SF_SEA,SEA,-3.5,72,0,0.2361111111111111,0.7638888888888888
2024,2024_06_SF_SEA,SF,3.5,60,0.7166666666666667,0.2833333333333333,0
2024,2024_06_TB_NO,NO,-3.5,66,0.06060606060606061,0.5,0.4393939393939394
2024,2024_06_TB_NO,TB,3.5,72,0.4166666666666667,0.5833333333333334,0
2024,2024_06_WAS_BAL,BAL,6.5,63,0.3968253968253968,0.6031746031746031,0
2024,2024_06_WAS_BAL,WAS,-6.5,56,0,0.6071428571428571,0.3928571428571429
2024,2024_07_BAL_TB,BAL,4.5,54,0.5555555555555556,0.42592592592592593,0.01851851851851851
2024,2024_07_BAL_TB,TB,-4.5,77,0.12987012987012986,0.33766233766233766,0.5324675324675324
2024,2024_07_CAR_WAS,CAR,-10,42,0,0.21428571428571427,0.7857142857142857
2024,2024_07_CAR_WAS,WAS,10,61,1,0,0
2024,2024_07_CIN_CLE,CIN,5.5,50,0.42,0.58,0
2024,2024_07_CIN_CLE,CLE,-5.5,76,0,0.5657894736842105,0.4342105263157895
2024,2024_07_DEN_NO,DEN,2.5,59,0.5254237288135594,0.4745762711864407,0
2024,2024_07_DEN_NO,NO,-2.5,65,0,0.16923076923076924,0.8307692307692308
2024,2024_07_DET_MIN,DET,-1,54,0.16666666666666666,0.6296296296296297,0.2037037037037037
2024,2024_07_DET_MIN,MIN,1,52,0.2115384615384615,0.34615384615384615,0.4423076923076923
2024,2024_07_HOU_GB,GB,3,56,0,1,0
2024,2024_07_HOU_GB,HOU,-3,57,0,1,0
2024,2024_07_KC_SF,KC,-2.5,66,0.4090909090909091,0.5909090909090909,0
2024,2024_07_KC_SF,SF,2.5,56,0,0.5714285714285714,0.42857142857142855
2024,2024_07_LAC_ARI,ARI,-1,53,0.07547169811320754,0.9245283018867924,0
2024,2024_07_LAC_ARI,LAC,1,63,0,1,0
2024,2024_07_LV_LA,LA,7,50,0.52,0.48,0
2024,2024_07_LV_LA,LV,-7,75,0,0.44,0.56
2024,2024_07_MIA_IND,IND,3,60,0.13333333333333333,0.8333333333333334,0.03333333333333333
2024,2024_07_MIA_IND,MIA,-3,67,0.208955223880597,0.6716417910447762,0.11940298507462686
2024,2024_07_NE_JAX,JAX,6.5,59,0.6779661016949152,0.3220338983050847,0
2024,2024_07_NE_JAX,NE,-6.5,54,0,0.5185185185185185,0.48148148148148145
2024,2024_07_NYJ_PIT,NYJ,3,55,0.07272727272727272,0.5818181818181818,0.34545454545454546
2024,2024_07_NYJ_PIT,PIT,-3,66,0.3787878787878788,0.5909090909090909,0.0303030303030303
2024,2024_07_PHI_NYG,NYG,-3,54,0,0.3703703703703703,0.6296296296296297
2024,2024_07_PHI_NYG,PHI,3,64,0.6875,0.3125,0
2024,2024_07_SEA_ATL,ATL,3,70,0,0.5571428571428572,0.4428571428571429
2024,2024_07_SEA_ATL,SEA,-3,56,0.26785714285714285,0.7321428571428571,0
2024,2024_07_TEN_BUF,BUF,9.5,54,0.5,0.5,0
2024,2024_07_TEN_BUF,TEN,-9.5,66,0,0.6818181818181818,0.3181818181818182
2024,2024_08_ARI_MIA,ARI,-4,61,0,0.6721311475409836,0.32786885245901637
2024,2024_08_ARI_MIA,MIA,4,64,0.453125,0.546875,0
2024,2024_08_ATL_TB,ATL,1.5,60,0.45,0.55,0
2024,2024_08_ATL_TB,TB,-1.5,70,0,0.6571428571428571,0.34285714285714286
2024,2024_08_BAL_CLE,BAL,7.5,60,0,0.9166666666666666,0.08333333333333333
2024,2024_08_BAL_CLE,CLE,-7.5,66,0.13636363636363635,0.8636363636363636,0
2024,2024_08_BUF_SEA,BUF,3,66,0.5303030303030303,0.4696969696969697,0
2024,2024_08_BUF_SEA,SEA,-3,46,0,0.4782608695652174,0.5217391304347826
2024,2024_08_CAR_DEN,CAR,-13,60,0,0.36666666666666664,0.6333333333333333
2024,2024_08_CAR_DEN,DEN,13,71,0.6338028169014085,0.3661971830985915,0
2024,2024_08_CHI_WAS,CHI,-1.5,60,0,0.5666666666666667,0.43333333333333335
2024,2024_08_CHI_WAS,WAS,1.5,72,0.75,0.19444444444444445,0.05555555555555555
2024,2024_08_DAL_SF,DAL,-5.5,58,0,0.5862068965517241,0.41379310344827586
2024,2024_08_DAL_SF,SF,5.5,63,0.47619047619047616,0.5238095238095238,0
2024,2024_08_GB_JAX,GB,3.5,64,0.234375,0.765625,0
2024,2024_08_GB_JAX,JAX,-3.5,56,0,0.7142857142857143,0.2857142857142857
2024,2024_08_IND_HOU,HOU,5,68,0.39705882352941174,0.6029411764705882,0
2024,2024_08_IND_HOU,IND,-5,61,0,0.5737704918032787,0.4262295081967213
2024,2024_08_KC_LV,KC,9,64,0.234375,0.765625,0
2024,2024_08_KC_LV,LV,-9,53,0,0.7547169811320755,0.24528301886792453
2024,2024_08_MIN_LA,LA,-3,63,0.15873015873015872,0.8412698412698413,0
2024,2024_08_MIN_LA,MIN,3,49,0,0.8775510204081632,0.12244897959183672
2024,2024_08_NO_LAC,LAC,7,63,0.3333333333333333,0.6666666666666666,0
2024,2024_08_NO_LAC,NO,-7,68,0,0.5147058823529411,0.4852941176470588
2024,2024_08_NYG_PIT,NYG,-6,67,0,0.582089552238806,0.417910447761194
2024,2024_08_NYG_PIT,PIT,6,61,0.3606557377049181,0.639344262295082,0
2024,2024_08_NYJ_NE,NE,-7,63,0,0.9365079365079364,0.06349206349206349
2024,2024_08_NYJ_NE,NYJ,7,57,0.14035087719298245,0.8245614035087719,0.03508771929824561
2024,2024_08_PHI_CIN,CIN,2.5,57,0.08771929824561403,0.7719298245614035,0.14035087719298245
2024,2024_08_PHI_CIN,PHI,-2.5,59,0.3389830508474576,0.6610169491525424,0
2024,2024_08_TEN_DET,DET,12.5,47,0.7446808510638298,0.2553191489361702,0
2024,2024_08_TEN_DET,TEN,-12.5,71,0,0.28169014084507044,0.7183098591549296
2024,2024_09_CHI_ARI,ARI,1.5,57,0.47368421052631576,0.5263157894736842,0
2024,2024_09_CHI_ARI,CHI,-1.5,69,0,0.43478260869565216,0.5652173913043478
2024,2024_09_DAL_ATL,ATL,3,53,0.4528301886792453,0.5471698113207547,0
2024,2024_09_DAL_ATL,DAL,-3,73,0,0.3287671232876712,0.6712328767123288
2024,2024_09_DEN_BAL,BAL,9,53,0.7924528301886793,0.20754716981132076,0
2024,2024_09_DEN_BAL,DEN,-9,67,0,0.34328358208955223,0.6567164179104478
2024,2024_09_DET_GB,DET,2.5,52,0.6153846153846154,0.38461538461538464,0
2024,2024_09_DET_GB,GB,-2.5,62,0,0.43548387096774194,0.5645161290322581
2024,2024_09_HOU_NYJ,HOU,-2.5,74,0.04054054054054054,0.7702702702702703,0.1891891891891892
2024,2024_09_HOU_NYJ,NYJ,2.5,54,0.14814814814814814,0.8518518518518519,0
2024,2024_09_IND_MIN,IND,-6.5,48,0.04166666666666666,0.7291666666666666,0.22916666666666663
2024,2024_09_IND_MIN,MIN,6.5,70,0.21428571428571427,0.7857142857142857,0
2024,2024_09_JAX_PHI,JAX,-7.5,50,0,0.28,0.72
2024,2024_09_JAX_PHI,PHI,7.5,70,0.7857142857142857,0.21428571428571427,0
2024,2024_09_LAC_CLE,CLE,-2,76,0,0.3026315789473684,0.6973684210526315
2024,2024_09_LAC_CLE,LAC,2,54,0.6481481481481481,0.35185185185185186,0
2024,2024_09_LA_SEA,LA,1.5,64,0.140625,0.765625,0.09375
2024,2024_09_LA_SEA,SEA,-1.5,66,0,0.7878787878787878,0.21212121212121213
2024,2024_09_LV_CIN,CIN,8,69,0.5507246376811594,0.4492753623188406,0
2024,2024_09_LV_CIN,LV,-8,59,0,0.3898305084745763,0.6101694915254238
2024,2024_09_MIA_BUF,BUF,6.5,58,0.01724137931034482,0.9655172413793104,0.01724137931034482
2024,2024_09_MIA_BUF,MIA,-6.5,59,0,0.7966101694915254,0.2033898305084746
2024,2024_09_NE_TEN,NE,-3,61,0,0.7377049180327869,0.26229508196721313
2024,2024_09_NE_TEN,TEN,3,61,0.26229508196721313,0.7377049180327869,0
2024,2024_09_NO_CAR,CAR,-7,48,0,0.9166666666666666,0.08333333333333333
2024,2024_09_NO_CAR,NO,7,74,0.12162162162162164,0.8783783783783784,0
2024,2024_09_TB_KC,KC,9,73,0.0547945205479452,0.9452054794520548,0
2024,2024_09_TB_KC,TB,-9,52,0,0.7884615384615384,0.2115384615384615
2024,2024_09_WAS_NYG,NYG,-4.5,59,0,0.4745762711864407,0.5254237288135594
2024,2024_09_WAS_NYG,WAS,4.5,57,0.631578947368421,0.3684210526315789,0
2024,2024_10_ATL_NO,ATL,3.5,73,0,0.5205479452054794,0.4794520547945205
2024,2024_10_ATL_NO,NO,-3.5,51,0.37254901960784315,0.6274509803921569,0
2024,2024_10_BUF_IND,BUF,4.5,69,0.43478260869565216,0.5652173913043478,0
2024,2024_10_BUF_IND,IND,-4.5,61,0,0.7868852459016393,0.21311475409836064
2024,2024_10_CIN_BAL,BAL,6,57,0.07017543859649122,0.6842105263157895,0.24561403508771928
2024,2024_10_CIN_BAL,CIN,-6,75,0.18666666666666668,0.68,0.13333333333333333
2024,2024_10_DEN_KC,DEN,-7.5,55,0,1,0
2024,2024_10_DEN_KC,KC,7.5,65,0,0.9846153846153848,0.01538461538461538
2024,2024_10_DET_HOU,DET,4.5,62,0,0.3064516129032258,0.6935483870967742
2024,2024_10_DET_HOU,HOU,-4.5,65,0.7076923076923077,0.2923076923076923,0
2024,2024_10_MIA_LA,LA,2.5,67,0,0.5970149253731343,0.40298507462686567
2024,2024_10_MIA_LA,MIA,-2.5,52,0.4615384615384616,0.5384615384615384,0
2024,2024_10_MIN_JAX,JAX,-7,43,0,0.9069767441860463,0.09302325581395347
2024,2024_10_MIN_JAX,MIN,7,80,0.125,0.875,0
2024,2024_10_NE_CHI,CHI,6.5,59,0,0.5254237288135594,0.4745762711864407
2024,2024_10_NE_CHI,NE,-6.5,60,0.5,0.5,0
2024,2024_10_NYG_CAR,CAR,-6.5,55,0.6727272727272727,0.32727272727272727,0
2024,2024_10_NYG_CAR,NYG,6.5,70,0,0.42857142857142855,0.5714285714285714
2024,2024_10_NYJ_ARI,ARI,-2,56,0.7857142857142857,0.21428571428571427,0
2024,2024_10_NYJ_ARI,NYJ,2,55,0,0.18181818181818185,0.8181818181818182
2024,2024_10_PHI_DAL,DAL,-7.5,56,0,0.5535714285714286,0.44642857142857145
2024,2024_10_PHI_DAL,PHI,7.5,64,0.53125,0.46875,0
2024,2024_10_PIT_WAS,PIT,-1.5,72,0.04166666666666666,0.6388888888888888,0.3194444444444444
2024,2024_10_PIT_WAS,WAS,1.5,59,0.2542372881355932,0.7457627118644068,0
2024,2024_10_SF_TB,SF,6.5,59,0.1694915254237288,0.8305084745762712,0
2024,2024_10_SF_TB,TB,-6.5,58,0.05172413793103448,0.9482758620689656,0
2024,2024_10_TEN_LAC,LAC,8,55,0.38181818181818183,0.6181818181818182,0
2024,2024_10_TEN_LAC,TEN,-8,51,0,0.6274509803921569,0.37254901960784315
2024,2024_11_ATL_DEN,ATL,-2,55,0,0.32727272727272727,0.6727272727272727
2024,2024_11_ATL_DEN,DEN,2,60,0.6833333333333333,0.31666666666666665,0
2024,2024_11_BAL_PIT,BAL,3,53,0,0.71698113207547165,0.2830188679245283
2024,2024_11_BAL_PIT,PIT,-3,72,0.3888888888888889,0.6111111111111112,0
2024,2024_11_CIN_LAC,CIN,-1,78,0,0.6025641025641025,0.3974358974358974
2024,2024_11_CIN_LAC,LAC,1,62,0.5967741935483871,0.4032258064516129,0
2024,2024_11_CLE_NO,CLE,1,69,0,0.2753623188405797,0.7246376811594203
2024,2024_11_CLE_NO,NO,-1,56,0.5714285714285714,0.42857142857142855,0
2024,2024_11_GB_CHI,CHI,-6,68,0.22058823529411764,0.7794117647058824,0
2024,2024_11_GB_CHI,GB,6,42,0,0.9523809523809524,0.04761904761904761
2024,2024_11_HOU_DAL,DAL,-7.5,79,0,0.5189873417721519,0.4810126582278481
2024,2024_11_HOU_DAL,HOU,7.5,60,0.5166666666666667,0.48333333333333334,0
2024,2024_11_IND_NYJ,IND,-4,67,0.26865671641791045,0.6119402985074627,0.11940298507462686
2024,2024_11_IND_NYJ,NYJ,4,52,0.19230769230769232,0.5576923076923077,0.25
2024,2024_11_JAX_DET,DET,14,74,0.7567567567567568,0.24324324324324328,0
2024,2024_11_JAX_DET,JAX,-14,47,0,0.23404255319148937,0.7659574468085106
2024,2024_11_KC_BUF,BUF,2.5,69,0.391304347826087,0.6086956521739131,0
2024,2024_11_KC_BUF,KC,-2.5,52,0,0.7115384615384616,0.28846153846153844
2024,2024_11_LA_NE,LA,4,48,0.4166666666666667,0.5833333333333334,0
2024,2024_11_LA_NE,NE,-4,72,0.09722222222222222,0.4444444444444444,0.4583333333333333
2024,2024_11_LV_MIA,LV,-8,62,0,0.5,0.5
2024,2024_11_LV_MIA,MIA,8,63,0.47619047619047616,0.5238095238095238,0
2024,2024_11_MIN_TEN,MIN,6,66,0.7272727272727273,0.2727272727272727,0
2024,2024_11_MIN_TEN,TEN,-6,55,0,0.38181818181818183,0.6181818181818182
2024,2024_11_SEA_SF,SEA,-6,59,0,0.9661016949152542,0.03389830508474576
2024,2024_11_SEA_SF,SF,6,57,0.08771929824561403,0.8947368421052632,0.0175438596491228
2024,2024_11_WAS_PHI,PHI,4.5,69,0.10144927536231883,0.8985507246376812,0
2024,2024_11_WAS_PHI,WAS,-4.5,63,0.09523809523809525,0.6507936507936508,0.25396825396825395
2024,2024_12_ARI_SEA,ARI,1,56,0,0.6071428571428571,0.3928571428571429
2024,2024_12_ARI_SEA,SEA,-1,59,0.4406779661016949,0.559322033898305,0
2024,2024_12_BAL_LAC,BAL,3,58,0.20689655172413793,0.7758620689655172,0.01724137931034482
2024,2024_12_BAL_LAC,LAC,-3,60,0.16666666666666666,0.55,0.2833333333333333
2024,2024_12_DAL_WAS,DAL,-10.5,61,0.13114754098360656,0.8688524590163934,0
2024,2024_12_DAL_WAS,WAS,10.5,66,0.13636363636363635,0.6212121212121212,0.24242424242424243
2024,2024_12_DEN_LV,DEN,6.5,65,0.18461538461538465,0.8153846153846154,0
2024,2024_12_DEN_LV,LV,-6.5,73,0,0.6027397260273972,0.3972602739726027
2024,2024_12_DET_IND,DET,7,71,0.647887323943662,0.352112676056338,0
2024,2024_12_DET_IND,IND,-7,48,0,0.5625,0.4375
2024,2024_12_KC_CAR,CAR,-11,58,0,0.41379310344827586,0.5862068965517241
2024,2024_12_KC_CAR,KC,11,68,0.38235294117647056,0.6176470588235294,0
2024,2024_12_MIN_CHI,CHI,-3,69,0,0.6811594202898551,0.3188405797101449
2024,2024_12_MIN_CHI,MIN,3,56,0.4821428571428571,0.5178571428571429,0
2024,2024_12_NE_MIA,MIA,7.5,63,0.8095238095238095,0.1904761904761905,0
2024,2024_12_NE_MIA,NE,-7.5,62,0,0.2258064516129032,0.7741935483870968
2024,2024_12_PHI_LA,LA,-3,59,0,0.4067796610169492,0.5932203389830508
2024,2024_12_PHI_LA,PHI,3,66,0.3939393939393939,0.6060606060606061,0
2024,2024_12_PIT_CLE,CLE,-3.5,55,0.4545454545454546,0.5454545454545454,0
2024,2024_12_PIT_CLE,PIT,3.5,67,0,0.6567164179104478,0.34328358208955223
2024,2024_12_SF_GB,GB,6.5,67,0.7761194029850746,0.22388059701492535,0
2024,2024_12_SF_GB,SF,-6.5,46,0,0.06521739130434782,0.9347826086956522
2024,2024_12_TB_NYG,NYG,-6.5,55,0,0.18181818181818185,0.8181818181818182
2024,2024_12_TB_NYG,TB,6.5,62,0.6774193548387096,0.3225806451612903,0
2024,2024_12_TEN_HOU,HOU,8,54,0,0.8888888888888888,0.1111111111111111
2024,2024_12_TEN_HOU,TEN,-8,64,0.125,0.875,0
2024,2024_13_ARI_MIN,ARI,-3.5,76,0.2236842105263158,0.7763157894736842,0
2024,2024_13_ARI_MIN,MIN,3.5,50,0,0.76,0.24
2024,2024_13_CHI_DET,CHI,-9.5,58,0,0.1724137931034483,0.8275862068965517
2024,2024_13_CHI_DET,DET,9.5,69,0.6521739130434783,0.34782608695652173,0
2024,2024_13_CLE_DEN,CLE,-6.5,84,0,0.6666666666666666,0.3333333333333333
2024,2024_13_CLE_DEN,DEN,6.5,59,0.13559322033898305,0.864406779661017,0
2024,2024_13_HOU_JAX,HOU,3.5,58,0.3620689655172414,0.6379310344827587,0
2024,2024_13_HOU_JAX,JAX,-3.5,67,0,0.5671641791044776,0.4328358208955224
2024,2024_13_IND_NE,IND,2.5,57,0,0.6491228070175439,0.3508771929824561
2024,2024_13_IND_NE,NE,-2.5,65,0.06153846153846154,0.9384615384615383,0
2024,2024_13_LAC_ATL,ATL,-1,77,0,0.974025974025974,0.02597402597402597
2024,2024_13_LAC_ATL,LAC,1,43,0,1,0
2024,2024_13_LA_NO,LA,2.5,53,0.01886792452830188,0.981132075471698,0
2024,2024_13_LA_NO,NO,-2.5,68,0,0.8382352941176471,0.16176470588235295
2024,2024_13_LV_KC,KC,13.5,65,0.3230769230769231,0.676923076923077,0
2024,2024_13_LV_KC,LV,-13.5,62,0,0.7903225806451613,0.20967741935483872
2024,2024_13_MIA_GB,GB,3.5,53,0.8679245283018868,0.1320754716981132,0
2024,2024_13_MIA_GB,MIA,-3.5,65,0,0.07692307692307693,0.9230769230769232
2024,2024_13_NYG_DAL,DAL,4.5,66,0.3939393939393939,0.6060606060606061,0
2024,2024_13_NYG_DAL,NYG,-4.5,59,0,0.6101694915254238,0.3898305084745763
2024,2024_13_PHI_BAL,BAL,3,71,0.14084507042253522,0.6901408450704225,0.16901408450704225
2024,2024_13_PHI_BAL,PHI,-3,52,0.2115384615384615,0.5576923076923077,0.2307692307692308
2024,2024_13_PIT_CIN,CIN,3,57,0,0.6491228070175439,0.3508771929824561
2024,2024_13_PIT_CIN,PIT,-3,64,0.328125,0.671875,0
2024,2024_13_SEA_NYJ,NYJ,1,61,0.4426229508196721,0.5081967213114754,0.04918032786885246
2024,2024_13_SEA_NYJ,SEA,-1,56,0,0.7142857142857143,0.2857142857142857
2024,2024_13_SF_BUF,BUF,6.5,53,0.6792452830188679,0.32075471698113206,0
2024,2024_13_SF_BUF,SF,-6.5,46,0,0.34782608695652173,0.6521739130434783
2024,2024_13_TB_CAR,CAR,-6.5,64,0.09375,0.90625,0
2024,2024_13_TB_CAR,TB,6.5,68,0.04411764705882353,0.8676470588235294,0.08823529411764706
2024,2024_13_TEN_WAS,TEN,-6,50,0,0.14,0.86
2024,2024_13_TEN_WAS,WAS,6,76,0.9605263157894736,0.03947368421052631,0
2024,2024_14_ATL_MIN,ATL,-6,70,0,0.6428571428571429,0.35714285714285715
2024,2024_14_ATL_MIN,MIN,6,53,0.32075471698113206,0.6792452830188679,0
2024,2024_14_BUF_LA,BUF,3.5,54,0,0.2777777777777778,0.7222222222222222
2024,2024_14_BUF_LA,LA,-3.5,72,0.5694444444444444,0.4305555555555556,0
2024,2024_14_CAR_PHI,CAR,-14,68,0,0.6911764705882353,0.3088235294117647
2024,2024_14_CAR_PHI,PHI,14,55,0.2545454545454545,0.7454545454545455,0
2024,2024_14_CHI_SF,CHI,-3,52,0,0.15384615384615383,0.8461538461538461
2024,2024_14_CHI_SF,SF,3,60,0.8666666666666667,0.13333333333333333,0
2024,2024_14_CIN_DAL,CIN,5,63,0,0.984126984126984,0.01587301587301587
2024,2024_14_CIN_DAL,DAL,-5,59,0,0.9152542372881356,0.0847457627118644
2024,2024_14_CLE_PIT,CLE,-6,69,0,0.5362318840579711,0.463768115942029
2024,2024_14_CLE_PIT,PIT,6,60,0.45,0.55,0
2024,2024_14_GB_DET,DET,3,76,0.15789473684210523,0.8421052631578947,0
2024,2024_14_GB_DET,GB,-3,44,0,0.8181818181818182,0.18181818181818185
2024,2024_14_JAX_TEN,JAX,-3,57,0.05263157894736842,0.9298245614035088,0.0175438596491228
2024,2024_14_JAX_TEN,TEN,3,62,0.1774193548387097,0.7741935483870968,0.04838709677419355
2024,2024_14_LAC_KC,KC,5,63,0.12698412698412698,0.873015873015873,0
2024,2024_14_LAC_KC,LAC,-5,57,0,0.6842105263157895,0.3157894736842105
2024,2024_14_LV_TB,LV,-7,63,0,0.492063492063492,0.5079365079365079
2024,2024_14_LV_TB,TB,7,59,0.4745762711864407,0.5254237288135594,0
2024,2024_14_NO_NYG,NO,5.5,65,0.16923076923076924,0.8307692307692308,0
2024,2024_14_NO_NYG,NYG,-5.5,73,0,0.6575342465753424,0.3424657534246575
2024,2024_14_NYJ_MIA,MIA,6.5,57,0,0.8596491228070176,0.14035087719298245
2024,2024_14_NYJ_MIA,NYJ,-6.5,63,0.14285714285714285,0.8571428571428571,0
2024,2024_14_SEA_ARI,ARI,3,62,0,0.3709677419354839,0.6290322580645161
2024,2024_14_SEA_ARI,SEA,-3,61,0.6065573770491803,0.39344262295081966,0
2024,2024_15_ATL_LV,ATL,6.5,57,0.631578947368421,0.3684210526315789,0
2024,2024_15_ATL_LV,LV,-6.5,64,0,0.515625,0.484375
2024,2024_15_BAL_NYG,BAL,16.5,58,0.603448275862069,0.39655172413793105,0
2024,2024_15_BAL_NYG,NYG,-16.5,59,0,0.3050847457627119,0.6949152542372882
2024,2024_15_BUF_DET,BUF,-2.5,67,0.7910447761194029,0.208955223880597,0
2024,2024_15_BUF_DET,DET,2.5,75,0,0.18666666666666668,0.8133333333333334
2024,2024_15_CHI_MIN,CHI,-7,62,0,0.1935483870967742,0.8064516129032258
2024,2024_15_CHI_MIN,MIN,7,71,0.9577464788732394,0.04225352112676056,0
2024,2024_15_CIN_TEN,CIN,6,63,0.5238095238095238,0.3968253968253968,0.07936507936507936
2024,2024_15_CIN_TEN,TEN,-6,64,0.125,0.265625,0.609375
2024,2024_15_DAL_CAR,CAR,2.5,50,0,0.46,0.54
2024,2024_15_DAL_CAR,DAL,-2.5,68,0.5735294117647058,0.4264705882352941,0
2024,2024_15_GB_SEA,GB,3,61,0.7377049180327869,0.26229508196721313,0
2024,2024_15_GB_SEA,SEA,-3,56,0,0.08928571428571429,0.9107142857142856
2024,2024_15_IND_DEN,DEN,4.5,58,0.1724137931034483,0.8275862068965517,0
2024,2024_15_IND_DEN,IND,-4.5,72,0.04166666666666666,0.7083333333333334,0.25
2024,2024_15_KC_CLE,CLE,-4.5,59,0,0.3559322033898305,0.6440677966101694
2024,2024_15_KC_CLE,KC,4.5,73,0.6438356164383562,0.3561643835616438,0
2024,2024_15_LA_SF,LA,-3,65,0.15384615384615383,0.8461538461538461,0
2024,2024_15_LA_SF,SF,3,53,0,0.9622641509433962,0.03773584905660377
2024,2024_15_MIA_HOU,HOU,2.5,47,0.5957446808510638,0.40425531914893614,0
2024,2024_15_MIA_HOU,MIA,-2.5,62,0,0.5645161290322581,0.43548387096774194
2024,2024_15_NE_ARI,ARI,6,63,0.9047619047619048,0.09523809523809525,0
2024,2024_15_NE_ARI,NE,-6,49,0,0.1836734693877551,0.8163265306122449
2024,2024_15_NYJ_JAX,JAX,-3.5,77,0.14285714285714285,0.7922077922077922,0.06493506493506493
2024,2024_15_NYJ_JAX,NYJ,3.5,53,0.01886792452830188,0.9056603773584906,0.07547169811320754
2024,2024_15_PIT_PHI,PHI,5.5,74,0.6756756756756757,0.32432432432432434,0
2024,2024_15_PIT_PHI,PIT,-5.5,41,0,0.4390243902439024,0.5609756097560976
2024,2024_15_TB_LAC,LAC,3,48,0.0625,0.6666666666666666,0.2708333333333333
2024,2024_15_TB_LAC,TB,-3,67,0.373134328358209,0.582089552238806,0.04477611940298507
2024,2024_15_WAS_NO,NO,-7.5,50,0,0.22,0.78
2024,2024_15_WAS_NO,WAS,7.5,74,0.7027027027027027,0.2972972972972973,0
2024,2024_16_ARI_CAR,ARI,5.5,57,0,0.47368421052631576,0.5263157894736842
2024,2024_16_ARI_CAR,CAR,-5.5,59,0.4406779661016949,0.559322033898305,0
2024,2024_16_CLE_CIN,CIN,10,55,0.8545454545454545,0.14545454545454545,0
2024,2024_16_CLE_CIN,CLE,-10,63,0,0.09523809523809525,0.9047619047619048
2024,2024_16_DEN_LAC,DEN,-3,63,0.30158730158730157,0.6031746031746031,0.09523809523809525
2024,2024_16_DEN_LAC,LAC,3,58,0.1206896551724138,0.603448275862069,0.27586206896551724
2024,2024_16_DET_CHI,CHI,-7,59,0,0.15254237288135594,0.847457627118644
2024,2024_16_DET_CHI,DET,7,64,0.765625,0.234375,0
2024,2024_16_HOU_KC,HOU,-3.5,58,0,0.6896551724137931,0.3103448275862069
2024,2024_16_HOU_KC,KC,3.5,68,0.4411764705882353,0.5588235294117647,0
2024,2024_16_JAX_LV,JAX,-2.5,61,0,0.6229508196721312,0.3770491803278688
2024,2024_16_JAX_LV,LV,2.5,64,0.484375,0.515625,0
2024,2024_16_LA_NYJ,LA,3,47,0.1702127659574468,0.7659574468085106,0.06382978723404255
2024,2024_16_LA_NYJ,NYJ,-3,63,0.15873015873015872,0.6190476190476191,0.2222222222222222
2024,2024_16_MIN_SEA,MIN,2.5,59,0.13559322033898305,0.847457627118644,0.01694915254237288
2024,2024_16_MIN_SEA,SEA,-2.5,60,0,0.9,0.1
2024,2024_16_NE_BUF,BUF,14,58,0.27586206896551724,0.6551724137931034,0.06896551724137931
2024,2024_16_NE_BUF,NE,-14,68,0.04411764705882353,0.6911764705882353,0.2647058823529412
2024,2024_16_NO_GB,GB,14,67,0.7164179104477612,0.2835820895522388,0
2024,2024_16_NO_GB,NO,-14,53,0,0.11320754716981132,0.8867924528301887
2024,2024_16_NYG_ATL,ATL,9.5,63,0.5873015873015873,0.4126984126984127,0
2024,2024_16_NYG_ATL,NYG,-9.5,55,0,0.4909090909090909,0.509090909090909
2024,2024_16_PHI_WAS,PHI,4,71,0.5633802816901409,0.43661971830985913,0
2024,2024_16_PHI_WAS,WAS,-4,63,0,0.31746031746031744,0.6825396825396826
2024,2024_16_PIT_BAL,BAL,7,59,0.4576271186440678,0.5423728813559322,0
2024,2024_16_PIT_BAL,PIT,-7,59,0,0.4915254237288136,0.5084745762711864
2024,2024_16_SF_MIA,MIA,-2,63,0.2857142857142857,0.7142857142857143,0
2024,2024_16_SF_MIA,SF,2,59,0,0.7796610169491526,0.22033898305084745
2024,2024_16_TB_DAL,DAL,-4.5,53,0.5471698113207547,0.4528301886792453,0
2024,2024_16_TB_DAL,TB,4.5,70,0,0.3142857142857143,0.6857142857142857
2024,2024_16_TEN_IND,IND,4,62,0.6451612903225806,0.3548387096774194,0
2024,2024_16_TEN_IND,TEN,-4,56,0,0.3928571428571429,0.6071428571428571
2024,2024_17_ARI_LA,ARI,-6.5,74,0,0.8243243243243243,0.17567567567567569
2024,2024_17_ARI_LA,LA,6.5,53,0.2830188679245283,0.71698113207547165,0
2024,2024_17_ATL_WAS,ATL,-3.5,60,0.06666666666666667,0.75,0.18333333333333332
2024,2024_17_ATL_WAS,WAS,3.5,64,0.140625,0.78125,0.078125
2024,2024_17_BAL_HOU,BAL,5.5,61,0.639344262295082,0.3606557377049181,0
2024,2024_17_BAL_HOU,HOU,-5.5,54,0,0.4444444444444444,0.5555555555555556
2024,2024_17_CAR_TB,CAR,-9.5,46,0,0.2608695652173913,0.7391304347826086
2024,2024_17_CAR_TB,TB,9.5,71,0.6056338028169014,0.39436619718309857,0
2024,2024_17_DAL_PHI,DAL,-7.5,60,0,0.4166666666666667,0.5833333333333334
2024,2024_17_DAL_PHI,PHI,7.5,59,0.7288135593220338,0.2711864406779661,0
2024,2024_17_DEN_CIN,CIN,3.5,68,0.17647058823529413,0.8235294117647058,0
2024,2024_17_DEN_CIN,DEN,-3.5,54,0,0.7037037037037037,0.2962962962962963
2024,2024_17_DET_SF,DET,4,66,0.15151515151515152,0.6212121212121212,0.2272727272727273
2024,2024_17_DET_SF,SF,-4,59,0.11864406779661016,0.6271186440677966,0.2542372881355932
2024,2024_17_GB_MIN,GB,1,57,0,0.40350877192982454,0.5964912280701754
2024,2024_17_GB_MIN,MIN,-1,67,0.6716417910447762,0.3283582089552239,0
2024,2024_17_IND_NYG,IND,7.5,73,0,0.3424657534246575,0.6575342465753424
2024,2024_17_IND_NYG,NYG,-7.5,49,0.7346938775510204,0.2653061224489796,0
2024,2024_17_KC_PIT,KC,3,58,0.6724137931034483,0.3275862068965517,0
2024,2024_17_KC_PIT,PIT,-3,73,0,0.3835616438356164,0.6164383561643836
2024,2024_17_LAC_NE,LAC,6,77,0.6753246753246753,0.3246753246753247,0
2024,2024_17_LAC_NE,NE,-6,48,0,0.20833333333333337,0.7916666666666666
2024,2024_17_LV_NO,LV,2,72,0.3472222222222222,0.6527777777777778,0
2024,2024_17_LV_NO,NO,-2,53,0,0.5849056603773585,0.41509433962264153
2024,2024_17_MIA_CLE,CLE,-3,76,0,0.5131578947368421,0.4868421052631579
2024,2024_17_MIA_CLE,MIA,3,55,0.4,0.6,0
2024,2024_17_NYJ_BUF,BUF,10,60,0.6666666666666666,0.3333333333333333,0
2024,2024_17_NYJ_BUF,NYJ,-10,57,0,0.3157894736842105,0.6842105263157895
2024,2024_17_SEA_CHI,CHI,-3.5,58,0,0.9827586206896552,0.01724137931034482
2024,2024_17_SEA_CHI,SEA,3.5,50,0.04,0.96,0
2024,2024_17_TEN_JAX,JAX,-1,56,0.4821428571428571,0.5178571428571429,0
2024,2024_17_TEN_JAX,TEN,1,64,0,0.328125,0.671875
2024,2024_18_BUF_NE,BUF,3,65,0,0.8769230769230769,0.12307692307692308
2024,2024_18_BUF_NE,NE,-3,58,0.1724137931034483,0.8275862068965517,0
2024,2024_18_CAR_ATL,ATL,7.5,77,0.03896103896103896,0.8441558441558441,0.11688311688311688
2024,2024_18_CAR_ATL,CAR,-7.5,54,0,0.9629629629629628,0.03703703703703703
2024,2024_18_CHI_GB,CHI,-10,56,0.125,0.875,0
2024,2024_18_CHI_GB,GB,10,61,0,0.8032786885245902,0.19672131147540983
2024,2024_18_CIN_PIT,CIN,2.5,70,0.45714285714285713,0.5428571428571428,0
2024,2024_18_CIN_PIT,PIT,-2.5,58,0,0.6379310344827587,0.3620689655172414
2024,2024_18_CLE_BAL,BAL,19.5,66,0.9090909090909092,0.09090909090909093,0
2024,2024_18_CLE_BAL,CLE,-19.5,54,0,0.12962962962962962,0.8703703703703703
2024,2024_18_HOU_TEN,HOU,-2.5,57,0.6842105263157895,0.3157894736842105,0
2024,2024_18_HOU_TEN,TEN,2.5,60,0,0.15,0.85
2024,2024_18_JAX_IND,IND,3.5,67,0.31343283582089554,0.6865671641791045,0
2024,2024_18_JAX_IND,JAX,-3.5,62,0,0.7419354838709677,0.25806451612903225
2024,2024_18_KC_DEN,DEN,10.5,71,0.8591549295774648,0.14084507042253522,0
2024,2024_18_KC_DEN,KC,-10.5,33,0,0.09090909090909093,0.9090909090909092
2024,2024_18_LAC_LV,LAC,7,70,0.4142857142857143,0.5714285714285714,0.01428571428571428
2024,2024_18_LAC_LV,LV,-7,47,0,0.4893617021276595,0.5106382978723404
2024,2024_18_MIA_NYJ,MIA,-1.5,68,0,0.39705882352941174,0.6029411764705882
2024,2024_18_MIA_NYJ,NYJ,1.5,62,0.5161290322580645,0.4838709677419355,0
2024,2024_18_MIN_DET,DET,3,66,0.30303030303030304,0.696969696969697,0
2024,2024_18_MIN_DET,MIN,-3,61,0,0.6885245901639344,0.3114754098360656
2024,2024_18_NO_TB,NO,-14.5,63,0.1111111111111111,0.7777777777777778,0.1111111111111111
2024,2024_18_NO_TB,TB,14.5,63,0.07936507936507936,0.7619047619047619,0.15873015873015872
2024,2024_18_NYG_PHI,NYG,-3,54,0,0.3703703703703703,0.6296296296296297
2024,2024_18_NYG_PHI,PHI,3,67,0.9402985074626866,0.05970149253731343,0
2024,2024_18_SEA_LA,LA,-7.5,65,0,0.8153846153846154,0.18461538461538465
2024,2024_18_SEA_LA,SEA,7.5,52,0.07692307692307693,0.9230769230769232,0
2024,2024_18_SF_ARI,ARI,4.5,62,0.4032258064516129,0.5967741935483871,0
2024,2024_18_SF_ARI,SF,-4.5,71,0,0.5211267605633803,0.4788732394366197
2024,2024_18_WAS_DAL,DAL,-7,75,0.3333333333333333,0.6666666666666666,0
2024,2024_18_WAS_DAL,WAS,7,53,0,0.9245283018867924,0.07547169811320754
2024,2024_19_DEN_BUF,BUF,7.5,69,0.4492753623188406,0.5507246376811594,0
2024,2024_19_DEN_BUF,DEN,-7.5,42,0,0.6190476190476191,0.380952380952381
2024,2024_19_GB_PHI,GB,-5.5,59,0,0.06779661016949153,0.9322033898305084
2024,2024_19_GB_PHI,PHI,5.5,56,0.9464285714285714,0.05357142857142857,0
2024,2024_19_LAC_HOU,HOU,-3,68,0.4117647058823529,0.5882352941176471,0
2024,2024_19_LAC_HOU,LAC,3,54,0,0.7037037037037037,0.2962962962962963
2024,2024_19_MIN_LA,LA,-2.5,49,0.7142857142857143,0.2857142857142857,0
2024,2024_19_MIN_LA,MIN,2.5,70,0,0.3142857142857143,0.6857142857142857
2024,2024_19_PIT_BAL,BAL,9.5,70,0.8142857142857143,0.18571428571428572,0
2024,2024_19_PIT_BAL,PIT,-9.5,44,0,0.13636363636363635,0.8636363636363636
2024,2024_19_WAS_TB,TB,3,44,0,1,0
2024,2024_19_WAS_TB,WAS,-3,67,0.04477611940298507,0.9552238805970148,0
2024,2024_20_BAL_BUF,BAL,1.5,56,0,0.5892857142857143,0.4107142857142857
2024,2024_20_BAL_BUF,BUF,-1.5,57,0.5614035087719298,0.43859649122807015,0
2024,2024_20_HOU_KC,HOU,-9.5,64,0,0.53125,0.46875
2024,2024_20_HOU_KC,KC,9.5,47,0.3404255319148936,0.6595744680851063,0
2024,2024_20_LA_PHI,LA,-7,70,0,0.7142857142857143,0.2857142857142857
2024,2024_20_LA_PHI,PHI,7,60,0.23333333333333336,0.7666666666666667,0
2024,2024_20_WAS_DET,DET,8.5,65,0,0.47692307692307695,0.5230769230769231
2024,2024_20_WAS_DET,WAS,-8.5,71,0.323943661971831,0.676056338028169,0
2024,2024_21_BUF_KC,BUF,-1.5,68,0,0.7647058823529411,0.2352941176470588
2024,2024_21_BUF_KC,KC,1.5,60,0.35,0.65,0
2024,2024_21_WAS_PHI,PHI,6,64,0.859375,0.140625,0
2024,2024_21_WAS_PHI,WAS,-6,77,0,0.2727272727272727,0.7272727272727273
2024,2024_22_KC_PHI,KC,1.5,49,0,0.1836734693877551,0.8163265306122449
2024,2024_22_KC_PHI,PHI,-1.5,67,0.7761194029850746,0.22388059701492535,0
2025,2025_01_ARI_NO,ARI,6,61,0.4426229508196721,0.5573770491803278,0
2025,2025_01_ARI_NO,NO,-6,67,0,0.5074626865671642,0.4925373134328358
2025,2025_01_BAL_BUF,BAL,1.5,50,0.54,0.46,0
2025,2025_01_BAL_BUF,BUF,-1.5,74,0,0.3783783783783784,0.6216216216216216
2025,2025_01_CAR_JAX,CAR,-4.5,60,0,0.38333333333333336,0.6166666666666667
2025,2025_01_CAR_JAX,JAX,4.5,60,0.6,0.4,0
2025,2025_01_CIN_CLE,CIN,5.5,49,0.06122448979591836,0.9387755102040816,0
2025,2025_01_CIN_CLE,CLE,-5.5,71,0,0.9577464788732394,0.04225352112676056
2025,2025_01_DAL_PHI,DAL,-8.5,55,0,0.8363636363636363,0.16363636363636364
2025,2025_01_DAL_PHI,PHI,8.5,59,0.2542372881355932,0.7457627118644068,0
2025,2025_01_DET_GB,DET,-1.5,64,0,0.15625,0.84375
2025,2025_01_DET_GB,GB,1.5,46,0.717391304347826,0.2826086956521739,0
2025,2025_01_HOU_LA,HOU,-3.5,57,0,0.8070175438596491,0.19298245614035087
2025,2025_01_HOU_LA,LA,3.5,55,0.4,0.6,0
2025,2025_01_KC_LAC,KC,3,57,0,0.3333333333333333,0.6666666666666666
2025,2025_01_KC_LAC,LAC,-3,59,0.6440677966101694,0.3559322033898305,0
2025,2025_01_LV_NE,LV,-2.5,60,0.2833333333333333,0.7166666666666667,0
2025,2025_01_LV_NE,NE,2.5,68,0,0.7352941176470589,0.2647058823529412
2025,2025_01_MIA_IND,IND,1.5,70,0.6857142857142857,0.3142857142857143,0
2025,2025_01_MIA_IND,MIA,-1.5,46,0,0.10869565217391304,0.8913043478260869
2025,2025_01_MIN_CHI,CHI,-1.5,63,0.5396825396825397,0.36507936507936506,0.09523809523809525
2025,2025_01_MIN_CHI,MIN,1.5,49,0.24489795918367344,0.3673469387755102,0.3877551020408163
2025,2025_01_NYG_WAS,NYG,-6,62,0,0.3387096774193548,0.6612903225806451
2025,2025_01_NYG_WAS,WAS,6,62,0.6290322580645161,0.3709677419354839,0
2025,2025_01_PIT_NYJ,NYJ,-3,62,0.0967741935483871,0.8870967741935484,0.01612903225806451
2025,2025_01_PIT_NYJ,PIT,3,53,0,0.8679245283018868,0.1320754716981132
2025,2025_01_SF_SEA,SEA,-2.5,49,0.02040816326530612,0.979591836734694,0
2025,2025_01_SF_SEA,SF,2.5,70,0,1,0
2025,2025_01_TB_ATL,ATL,-1.5,70,0.11428571428571428,0.8571428571428571,0.02857142857142857
2025,2025_01_TB_ATL,TB,1.5,55,0.03636363636363636,0.9454545454545454,0.01818181818181818
2025,2025_01_TEN_DEN,DEN,8.5,69,0.21739130434782608,0.782608695652174,0
2025,2025_01_TEN_DEN,TEN,-8.5,55,0,0.8181818181818182,0.18181818181818185
2025,2025_02_ATL_MIN,ATL,-3.5,62,0.3548387096774194,0.6451612903225806,0
2025,2025_02_ATL_MIN,MIN,3.5,46,0,0.8260869565217391,0.17391304347826086
2025,2025_02_BUF_NYJ,BUF,6,67,0.8059701492537313,0.19402985074626863,0
2025,2025_02_BUF_NYJ,NYJ,-6,47,0,0.1702127659574468,0.8297872340425532
2025,2025_02_CAR_ARI,ARI,7,47,1,0,0
2025,2025_02_CAR_ARI,CAR,-7,76,0,0.2236842105263158,0.7763157894736842
2025,2025_02_CHI_DET,CHI,-6,64,0,0.390625,0.609375
2025,2025_02_CHI_DET,DET,6,58,0.7586206896551724,0.2413793103448276,0
2025,2025_02_CLE_BAL,BAL,12.5,50,0.68,0.32,0
2025,2025_02_CLE_BAL,CLE,-12.5,72,0,0.2361111111111111,0.7638888888888888
2025,2025_02_DEN_IND,DEN,2.5,54,0.16666666666666666,0.8333333333333334,0
2025,2025_02_DEN_IND,IND,-2.5,67,0,0.9402985074626866,0.05970149253731343
2025,2025_02_JAX_CIN,CIN,3.5,65,0,0.9846153846153848,0.01538461538461538
2025,2025_02_JAX_CIN,JAX,-3.5,70,0.11428571428571428,0.8714285714285714,0.01428571428571428
2025,2025_02_LAC_LV,LAC,3.5,53,0.5849056603773585,0.41509433962264153,0
2025,2025_02_LAC_LV,LV,-3.5,65,0,0.4461538461538462,0.5538461538461539
2025,2025_02_LA_TEN,LA,5.5,57,0.3157894736842105,0.6842105263157895,0
2025,2025_02_LA_TEN,TEN,-5.5,64,0,0.78125,0.21875
2025,2025_02_NE_MIA,MIA,1.5,52,0.01923076923076923,0.8269230769230769,0.15384615384615383
2025,2025_02_NE_MIA,NE,-1.5,52,0.2307692307692308,0.75,0.01923076923076923
2025,2025_02_NYG_DAL,DAL,4.5,71,0,0.9577464788732394,0.04225352112676056
2025,2025_02_NYG_DAL,NYG,-4.5,59,0,0.9661016949152542,0.03389830508474576
2025,2025_02_PHI_KC,KC,-1.5,57,0,0.8421052631578947,0.15789473684210523
2025,2025_02_PHI_KC,PHI,1.5,56,0.2857142857142857,0.7142857142857143,0
2025,2025_02_SEA_PIT,PIT,3.5,59,0.11864406779661016,0.559322033898305,0.3220338983050847
2025,2025_02_SEA_PIT,SEA,-3.5,64,0.15625,0.765625,0.078125
2025,2025_02_SF_NO,NO,-3,67,0,0.5671641791044776,0.4328358208955224
2025,2025_02_SF_NO,SF,3,64,0.46875,0.53125,0
2025,2025_02_TB_HOU,HOU,2.5,45,0,1,0
2025,2025_02_TB_HOU,TB,-2.5,72,0.09722222222222222,0.8194444444444444,0.08333333333333333
2025,2025_02_WAS_GB,GB,3.5,61,0.6229508196721312,0.3770491803278688,0
2025,2025_02_WAS_GB,WAS,-3.5,64,0,0.1875,0.8125
2025,2025_03_ARI_SF,ARI,-1.5,64,0.0625,0.90625,0.03125
2025,2025_03_ARI_SF,SF,1.5,60,0.01666666666666666,0.9833333333333332,0
2025,2025_03_ATL_CAR,ATL,5.5,66,0,0.19696969696969696,0.803030303030303
2025,2025_03_ATL_CAR,CAR,-5.5,54,0.8333333333333334,0.16666666666666666,0
2025,2025_03_CIN_MIN,CIN,-3,52,0,0.15384615384615383,0.8461538461538461
2025,2025_03_CIN_MIN,MIN,3,58,0.8448275862068966,0.15517241379310345,0
2025,2025_03_DAL_CHI,CHI,-1.5,55,0.5818181818181818,0.41818181818181815,0
2025,2025_03_DAL_CHI,DAL,1.5,67,0,0.3283582089552239,0.6716417910447762
2025,2025_03_DEN_LAC,DEN,-2.5,47,0.14893617021276595,0.7021276595744681,0.14893617021276595
2025,2025_03_DEN_LAC,LAC,2.5,80,0.075,0.7625,0.1625
2025,2025_03_DET_BAL,BAL,4.5,54,0,0.7777777777777778,0.2222222222222222
2025,2025_03_DET_BAL,DET,-4.5,65,0.15384615384615383,0.8307692307692308,0.01538461538461538
2025,2025_03_GB_CLE,CLE,-8.5,56,0,0.5892857142857143,0.4107142857142857
2025,2025_03_GB_CLE,GB,8.5,60,0.25,0.75,0
2025,2025_03_HOU_JAX,HOU,-1.5,57,0,0.5087719298245614,0.49122807017543857
2025,2025_03_HOU_JAX,JAX,1.5,65,0.3692307692307693,0.6307692307692307,0
2025,2025_03_IND_TEN,IND,6,50,0.8,0.2,0
2025,2025_03_IND_TEN,TEN,-6,65,0,0.15384615384615383,0.8461538461538461
2025,2025_03_KC_NYG,KC,6,64,0.390625,0.609375,0
2025,2025_03_KC_NYG,NYG,-6,61,0,0.5409836065573771,0.45901639344262296
2025,2025_03_LA_PHI,LA,-3.5,65,0.3692307692307693,0.6153846153846154,0.01538461538461538
2025,2025_03_LA_PHI,PHI,3.5,62,0,0.5967741935483871,0.4032258064516129
2025,2025_03_LV_WAS,LV,-2.5,62,0,0.41935483870967744,0.5806451612903226
2025,2025_03_LV_WAS,WAS,2.5,53,0.49056603773584906,0.5094339622641509,0
2025,2025_03_MIA_BUF,BUF,12.5,57,0.38596491228070173,0.6140350877192983,0
2025,2025_03_MIA_BUF,MIA,-12.5,59,0,0.4915254237288136,0.5084745762711864
2025,2025_03_NO_SEA,NO,-7.5,70,0,0.1,0.9
2025,2025_03_NO_SEA,SEA,7.5,53,0.8867924528301887,0.11320754716981132,0
2025,2025_03_NYJ_TB,NYJ,-6.5,61,0,0.4098360655737705,0.5901639344262295
2025,2025_03_NYJ_TB,TB,6.5,63,0.6349206349206349,0.36507936507936506,0
2025,2025_03_PIT_NE,NE,-1.5,71,0,0.7183098591549296,0.28169014084507044
2025,2025_03_PIT_NE,PIT,1.5,46,0.2391304347826087,0.7608695652173914,0
2025,2025_04_BAL_KC,BAL,2.5,53,0,0.3962264150943397,0.6037735849056604
2025,2025_04_BAL_KC,KC,-2.5,68,0.6176470588235294,0.38235294117647056,0
2025,2025_04_CAR_NE,CAR,-5.5,65,0,0.2923076923076923,0.7076923076923077
2025,2025_04_CAR_NE,NE,5.5,45,0.8222222222222222,0.17777777777777778,0
2025,2025_04_CHI_LV,CHI,-1.5,63,0,0.8571428571428571,0.14285714285714285
2025,2025_04_CHI_LV,LV,1.5,51,0.1176470588235294,0.8823529411764706,0
2025,2025_04_CIN_DEN,CIN,-7.5,42,0,0.47619047619047616,0.5238095238095238
2025,2025_04_CIN_DEN,DEN,7.5,77,0.7922077922077922,0.2077922077922078,0
2025,2025_04_CLE_DET,CLE,-10,64,0,0.40625,0.59375
2025,2025_04_CLE_DET,DET,10,54,0.6296296296296297,0.3703703703703703,0
2025,2025_04_GB_DAL,DAL,-7,58,0,0.8620689655172413,0.13793103448275862
2025,2025_04_GB_DAL,GB,7,66,0.09090909090909093,0.8636363636363636,0.04545454545454545
2025,2025_04_IND_LA,IND,-3.5,55,0.05454545454545454,0.8909090909090909,0.05454545454545454
2025,2025_04_IND_LA,LA,3.5,67,0.02985074626865671,0.8805970149253731,0.08955223880597014
2025,2025_04_JAX_SF,JAX,-3.5,59,0.4745762711864407,0.5254237288135594,0
2025,2025_04_JAX_SF,SF,3.5,63,0,0.5079365079365079,0.492063492063492
2025,2025_04_LAC_NYG,LAC,6,56,0,0.5,0.5
2025,2025_04_LAC_NYG,NYG,-6,69,0.6231884057971014,0.37681159420289856,0
2025,2025_04_MIN_PIT,MIN,2.5,71,0,0.22535211267605632,0.7746478873239436
2025,2025_04_MIN_PIT,PIT,-2.5,51,0.7450980392156863,0.2549019607843137,0
2025,2025_04_NO_BUF,BUF,15.5,54,0.3703703703703703,0.6296296296296297,0
2025,2025_04_NO_BUF,NO,-15.5,65,0,0.676923076923077,0.3230769230769231
2025,2025_04_NYJ_MIA,MIA,2.5,56,0.5714285714285714,0.42857142857142855,0
2025,2025_04_NYJ_MIA,NYJ,-2.5,57,0,0.24561403508771928,0.7543859649122807
2025,2025_04_PHI_TB,PHI,3.5,58,0.9310344827586208,0.06896551724137931,0
2025,2025_04_PHI_TB,TB,-3.5,67,0,0.16417910447761194,0.835820895522388
2025,2025_04_SEA_ARI,ARI,-1.5,64,0,0.46875,0.53125
2025,2025_04_SEA_ARI,SEA,1.5,64,0.578125,0.421875,0
2025,2025_04_TEN_HOU,HOU,7.5,65,0.7230769230769231,0.27692307692307694,0
2025,2025_04_TEN_HOU,TEN,-7.5,45,0,0.6,0.4
2025,2025_04_WAS_ATL,ATL,2.5,61,0.4918032786885246,0.5081967213114754,0
2025,2025_04_WAS_ATL,WAS,-2.5,50,0,0.4,0.6
2025,2025_05_DAL_NYJ,DAL,-1.5,56,0.5357142857142857,0.4642857142857143,0
2025,2025_05_DAL_NYJ,NYJ,1.5,71,0,0.39436619718309857,0.6056338028169014
2025,2025_05_DEN_PHI,DEN,-3.5,70,0.05714285714285714,0.4142857142857143,0.5285714285714286
2025,2025_05_DEN_PHI,PHI,3.5,54,0.4444444444444444,0.48148148148148145,0.07407407407407407
2025,2025_05_DET_CIN,CIN,-10.5,58,0,0.1724137931034483,0.8275862068965517
2025,2025_05_DET_CIN,DET,10.5,59,0.6610169491525424,0.3389830508474576,0
2025,2025_05_HOU_BAL,BAL,-2.5,40,0,0.35,0.65
2025,2025_05_HOU_BAL,HOU,2.5,64,0.65625,0.34375,0
2025,2025_05_KC_JAX,JAX,-3.5,54,0.03703703703703703,0.6851851851851852,0.2777777777777778
2025,2025_05_KC_JAX,KC,3.5,63,0.04761904761904761,0.7777777777777778,0.1746031746031746
2025,2025_05_LV_IND,IND,7,57,0.7192982456140351,0.2807017543859649,0
2025,2025_05_LV_IND,LV,-7,65,0,0.2923076923076923,0.7076923076923077
2025,2025_05_MIA_CAR,CAR,-1.5,62,0.03225806451612903,0.7580645161290323,0.20967741935483872
2025,2025_05_MIA_CAR,MIA,1.5,53,0.1509433962264151,0.8113207547169812,0.03773584905660377
2025,2025_05_MIN_CLE,CLE,-3.5,66,0.12121212121212122,0.8484848484848485,0.0303030303030303
2025,2025_05_MIN_CLE,MIN,3.5,60,0,0.9833333333333332,0.01666666666666666
2025,2025_05_NE_BUF,BUF,7.5,61,0,0.9016393442622952,0.09836065573770492
2025,2025_05_NE_BUF,NE,-7.5,56,0.05357142857142857,0.9464285714285714,0
2025,2025_05_NYG_NO,NO,1.5,61,0.26229508196721313,0.5573770491803278,0.18032786885245905
2025,2025_05_NYG_NO,NYG,-1.5,69,0.07246376811594203,0.6231884057971014,0.30434782608695654
2025,2025_05_SF_LA,LA,8.5,57,0,0.47368421052631576,0.5263157894736842
2025,2025_05_SF_LA,SF,-8.5,75,0.4133333333333334,0.5866666666666667,0
2025,2025_05_TB_SEA,SEA,3.5,54,0,0.7592592592592593,0.24074074074074073
2025,2025_05_TB_SEA,TB,-3.5,57,0.07017543859649122,0.8771929824561403,0.05263157894736842
2025,2025_05_TEN_ARI,ARI,7.5,64,0.765625,0.234375,0
2025,2025_05_TEN_ARI,TEN,-7.5,61,0,0.29508196721311475,0.7049180327868853
2025,2025_05_WAS_LAC,LAC,2.5,63,0.23809523809523808,0.36507936507936506,0.3968253968253968
2025,2025_05_WAS_LAC,WAS,-2.5,54,0.4444444444444444,0.35185185185185186,0.2037037037037037
2025,2025_06_ARI_IND,ARI,-8.5,70,0,0.9714285714285714,0.02857142857142857
2025,2025_06_ARI_IND,IND,8.5,56,0.03571428571428571,0.9642857142857144,0
2025,2025_06_BUF_ATL,ATL,-3.5,65,0.7230769230769231,0.27692307692307694,0
2025,2025_06_BUF_ATL,BUF,3.5,54,0,0.3148148148148148,0.6851851851851852
2025,2025_06_CHI_WAS,CHI,-5.5,58,0.10344827586206896,0.8448275862068966,0.05172413793103448
2025,2025_06_CHI_WAS,WAS,5.5,59,0.1694915254237288,0.7288135593220338,0.1016949152542373
2025,2025_06_CIN_GB,CIN,-14,60,0,0.23333333333333336,0.7666666666666667
2025,2025_06_CIN_GB,GB,14,59,0.4067796610169492,0.5932203389830508,0
2025,2025_06_CLE_PIT,CLE,-5.5,75,0,0.29333333333333333,0.7066666666666667
2025,2025_06_CLE_PIT,PIT,5.5,55,0.41818181818181815,0.5818181818181818,0
2025,2025_06_DAL_CAR,CAR,-3,62,0.04838709677419355,0.9516129032258064,0
2025,2025_06_DAL_CAR,DAL,3,52,0,1,0
2025,2025_06_DEN_NYJ,DEN,7.5,55,0,1,0
2025,2025_06_DEN_NYJ,NYJ,-7.5,57,0,1,0
2025,2025_06_DET_KC,DET,-2.5,53,0,0.6415094339622641,0.3584905660377358
2025,2025_06_DET_KC,KC,2.5,58,0.43103448275862066,0.5689655172413793,0
2025,2025_06_LAC_MIA,LAC,3.5,64,0.234375,0.765625,0
2025,2025_06_LAC_MIA,MIA,-3.5,56,0,0.6607142857142857,0.3392857142857143
2025,2025_06_LA_BAL,BAL,-7,74,0,0.5,0.5
2025,2025_06_LA_BAL,LA,7,49,0.30612244897959184,0.6938775510204082,0
2025,2025_06_NE_NO,NE,3.5,55,0.5636363636363636,0.43636363636363634,0
2025,2025_06_NE_NO,NO,-3.5,51,0,0.6470588235294118,0.35294117647058826
2025,2025_06_PHI_NYG,NYG,-7,64,0.5,0.5,0
2025,2025_06_PHI_NYG,PHI,7,56,0,0.6071428571428571,0.3928571428571429
2025,2025_06_SEA_JAX,JAX,-1.5,67,0,0.5373134328358209,0.4626865671641791
2025,2025_06_SEA_JAX,SEA,1.5,51,0.4901960784313726,0.5098039215686274,0
2025,2025_06_SF_TB,SF,-3.5,67,0,0.7014925373134329,0.29850746268656714
2025,2025_06_SF_TB,TB,3.5,49,0.2857142857142857,0.7142857142857143,0
2025,2025_06_TEN_LV,LV,3.5,54,0.6481481481481481,0.35185185185185186,0
2025,2025_06_TEN_LV,TEN,-3.5,58,0,0.29310344827586204,0.7068965517241379
2025,2025_07_ATL_SF,ATL,-1.5,60,0,0.7666666666666667,0.23333333333333336
2025,2025_07_ATL_SF,SF,1.5,64,0.40625,0.59375,0
2025,2025_07_CAR_NYJ,CAR,-1.5,68,0.5147058823529411,0.4852941176470588,0
2025,2025_07_CAR_NYJ,NYJ,1.5,60,0,0.5166666666666667,0.48333333333333334
2025,2025_07_GB_ARI,ARI,-7,70,0.12857142857142856,0.8571428571428571,0.01428571428571428
2025,2025_07_GB_ARI,GB,7,52,0,0.8846153846153846,0.1153846153846154
2025,2025_07_HOU_SEA,HOU,-3,69,0,0.11594202898550723,0.8840579710144928
2025,2025_07_HOU_SEA,SEA,3,65,0.8461538461538461,0.15384615384615383,0
2025,2025_07_IND_LAC,IND,-2.5,54,0.5185185185185185,0.48148148148148145,0
2025,2025_07_IND_LAC,LAC,2.5,74,0,0.16216216216216217,0.8378378378378378
2025,2025_07_LA_JAX,JAX,-3,74,0,0.08108108108108109,0.918918918918919
2025,2025_07_LA_JAX,LA,3,58,0.7758620689655172,0.22413793103448276,0
2025,2025_07_LV_KC,KC,13.5,74,0.8783783783783784,0.12162162162162164,0
2025,2025_07_LV_KC,LV,-13.5,30,0,0.23333333333333336,0.7666666666666667
2025,2025_07_MIA_CLE,CLE,2.5,52,0.6346153846153846,0.36538461538461536,0
2025,2025_07_MIA_CLE,MIA,-2.5,57,0,0.19298245614035087,0.8070175438596491
2025,2025_07_NE_TEN,NE,6.5,62,0.43548387096774194,0.5645161290322581,0
2025,2025_07_NE_TEN,TEN,-6.5,51,0.13725490196078433,0.392156862745098,0.4705882352941176
2025,2025_07_NO_CHI,CHI,4.5,65,0.6923076923076923,0.3076923076923077,0
2025,2025_07_NO_CHI,NO,-4.5,53,0,0.3018867924528302,0.6981132075471698
2025,2025_07_NYG_DEN,DEN,7.5,75,0,0.37333333333333335,0.6266666666666667
2025,2025_07_NYG_DEN,NYG,-7.5,69,0.5507246376811594,0.4057971014492754,0.04347826086956521
2025,2025_07_PHI_MIN,MIN,-2.5,67,0,0.5970149253731343,0.40298507462686567
2025,2025_07_PHI_MIN,PHI,2.5,48,0.4791666666666667,0.5208333333333334,0
2025,2025_07_PIT_CIN,CIN,-5.5,69,0.4782608695652174,0.5217391304347826,0
2025,2025_07_PIT_CIN,PIT,5.5,54,0,0.6481481481481481,0.35185185185185186
2025,2025_07_TB_DET,DET,6,65,0.7230769230769231,0.27692307692307694,0
2025,2025_07_TB_DET,TB,-6,65,0,0.24615384615384617,0.7538461538461538
2025,2025_07_WAS_DAL,DAL,1.5,60,0.7833333333333333,0.21666666666666667,0
2025,2025_07_WAS_DAL,WAS,-1.5,63,0,0.2222222222222222,0.7777777777777778
2025,2025_08_BUF_CAR,BUF,7,60,0.6,0.4,0
2025,2025_08_BUF_CAR,CAR,-7,59,0,0.3050847457627119,0.6949152542372882
2025,2025_08_CHI_BAL,BAL,2.5,59,0.576271186440678,0.423728813559322,0
2025,2025_08_CHI_BAL,CHI,-2.5,62,0,0.5645161290322581,0.43548387096774194
2025,2025_08_CLE_NE,CLE,-7,52,0,0.4423076923076923,0.5576923076923077
2025,2025_08_CLE_NE,NE,7,62,0.3709677419354839,0.6290322580645161,0
2025,2025_08_DAL_DEN,DAL,-3.5,68,0,0.19117647058823528,0.8088235294117647
2025,2025_08_DAL_DEN,DEN,3.5,55,0.7454545454545455,0.2545454545454545,0
2025,2025_08_GB_PIT,GB,3,62,0.27419354838709675,0.5967741935483871,0.12903225806451613
2025,2025_08_GB_PIT,PIT,-3,57,0.15789473684210523,0.5964912280701754,0.24561403508771928
2025,2025_08_MIA_ATL,ATL,7,48,0,0.3541666666666667,0.6458333333333334
2025,2025_08_MIA_ATL,MIA,-7,65,0.5692307692307692,0.4307692307692308,0
2025,2025_08_MIN_LAC,LAC,3,70,0.8,0.2,0
2025,2025_08_MIN_LAC,MIN,-3,47,0,0.1276595744680851,0.8723404255319149
2025,2025_08_NYG_PHI,NYG,-7,49,0,0.42857142857142855,0.5714285714285714
2025,2025_08_NYG_PHI,PHI,7,54,0.5925925925925926,0.4074074074074074,0
2025,2025_08_NYJ_CIN,CIN,5.5,58,0.6379310344827587,0.3620689655172414,0
2025,2025_08_NYJ_CIN,NYJ,-5.5,68,0,0.22058823529411764,0.7794117647058824
2025,2025_08_SF_HOU,HOU,2.5,74,0.6081081081081081,0.3918918918918919,0
2025,2025_08_SF_HOU,SF,-2.5,44,0,0.1590909090909091,0.8409090909090909
2025,2025_08_TB_NO,NO,-4.5,70,0,0.37142857142857144,0.6285714285714286
2025,2025_08_TB_NO,TB,4.5,56,0.44642857142857145,0.5535714285714286,0
2025,2025_08_TEN_IND,IND,15.5,52,0.5576923076923077,0.4423076923076923,0
2025,2025_08_TEN_IND,TEN,-15.5,66,0,0.13636363636363635,0.8636363636363636
2025,2025_08_WAS_KC,KC,10.5,66,0.4393939393939394,0.5606060606060606,0
2025,2025_08_WAS_KC,WAS,-10.5,52,0,0.5769230769230769,0.4230769230769231
2025,2025_09_ARI_DAL,ARI,-3.5,63,0.5079365079365079,0.492063492063492,0
2025,2025_09_ARI_DAL,DAL,3.5,64,0,0.328125,0.671875
2025,2025_09_ATL_NE,ATL,-5.5,54,0,0.42592592592592593,0.5740740740740741
2025,2025_09_ATL_NE,NE,5.5,65,0.6153846153846154,0.38461538461538464,0
2025,2025_09_BAL_MIA,BAL,7.5,54,0.7407407407407407,0.25925925925925924,0
2025,2025_09_BAL_MIA,MIA,-7.5,61,0,0.3770491803278688,0.6229508196721312
2025,2025_09_CAR_GB,CAR,-12.5,54,0.0925925925925926,0.9074074074074074,0
2025,2025_09_CAR_GB,GB,12.5,63,0,0.8571428571428571,0.14285714285714285
2025,2025_09_CHI_CIN,CHI,3,76,0.11842105263157894,0.8552631578947368,0.02631578947368421
2025,2025_09_CHI_CIN,CIN,-3,64,0,0.578125,0.421875
2025,2025_09_DEN_HOU,DEN,-1.5,61,0.03278688524590164,0.7377049180327869,0.22950819672131148
2025,2025_09_DEN_HOU,HOU,1.5,72,0.16666666666666666,0.8333333333333334,0
2025,2025_09_IND_PIT,IND,3.5,73,0.0684931506849315,0.3698630136986301,0.5616438356164384
2025,2025_09_IND_PIT,PIT,-3.5,60,0.6,0.4,0
2025,2025_09_JAX_LV,JAX,2.5,66,0,0.9696969696969696,0.0303030303030303
2025,2025_09_JAX_LV,LV,-2.5,52,0,1,0
2025,2025_09_KC_BUF,BUF,-2.5,63,0.5873015873015873,0.4126984126984127,0
2025,2025_09_KC_BUF,KC,2.5,57,0,0.42105263157894735,0.5789473684210527
2025,2025_09_LAC_TEN,LAC,10,64,0.234375,0.765625,0
2025,2025_09_LAC_TEN,TEN,-10,44,0,0.7727272727272727,0.2272727272727273
2025,2025_09_MIN_DET,DET,9.5,62,0,0.6935483870967742,0.3064516129032258
2025,2025_09_MIN_DET,MIN,-9.5,55,0.21818181818181817,0.7818181818181819,0
2025,2025_09_NO_LA,LA,14,73,0.8356164383561644,0.1643835616438356,0
2025,2025_09_NO_LA,NO,-14,39,0,0.10256410256410256,0.8974358974358975
2025,2025_09_SEA_WAS,SEA,2.5,48,0.75,0.25,0
2025,2025_09_SEA_WAS,WAS,-2.5,62,0,0.24193548387096775,0.7580645161290323
2025,2025_09_SF_NYG,NYG,-2.5,56,0,0.4107142857142857,0.5892857142857143
2025,2025_09_SF_NYG,SF,2.5,63,0.6031746031746031,0.3968253968253968,0
2025,2025_10_ARI_SEA,ARI,-7,73,0,0.0410958904109589,0.958904109589041
2025,2025_10_ARI_SEA,SEA,7,54,0.8703703703703703,0.12962962962962962,0
2025,2025_10_ATL_IND,ATL,-6.5,54,0,0.9814814814814816,0.01851851851851851
2025,2025_10_ATL_IND,IND,6.5,67,0.02985074626865671,0.9552238805970148,0.01492537313432835
2025,2025_10_BAL_MIN,BAL,4.5,65,0.3692307692307693,0.49230769230769234,0.13846153846153847
2025,2025_10_BAL_MIN,MIN,-4.5,61,0.16393442622950818,0.3770491803278688,0.45901639344262296
2025,2025_10_BUF_MIA,BUF,8.5,65,0,0.13846153846153847,0.8615384615384616
2025,2025_10_BUF_MIA,MIA,-8.5,51,0.7058823529411765,0.29411764705882354,0
2025,2025_10_CLE_NYJ,CLE,1.5,70,0,0.6428571428571429,0.35714285714285715
2025,2025_10_CLE_NYJ,NYJ,-1.5,45,0.3333333333333333,0.6666666666666666,0
2025,2025_10_DET_WAS,DET,8.5,67,0.7313432835820896,0.26865671641791045,0
2025,2025_10_DET_WAS,WAS,-8.5,50,0,0.18,0.82
2025,2025_10_JAX_HOU,HOU,-1.5,69,0,0.30434782608695654,0.6956521739130435
2025,2025_10_JAX_HOU,JAX,1.5,55,0.7454545454545455,0.2545454545454545,0
2025,2025_10_LA_SF,LA,5.5,64,0.734375,0.265625,0
2025,2025_10_LA_SF,SF,-5.5,60,0,0.05,0.95
2025,2025_10_LV_DEN,DEN,9.5,55,0.23636363636363636,0.7636363636363637,0
2025,2025_10_LV_DEN,LV,-9.5,58,0,1,0
2025,2025_10_NE_TB,NE,-2.5,58,0.27586206896551724,0.7241379310344828,0
2025,2025_10_NE_TB,TB,2.5,66,0.04545454545454545,0.6060606060606061,0.3484848484848485
2025,2025_10_NO_CAR,CAR,5.5,50,0,0.88,0.12
2025,2025_10_NO_CAR,NO,-5.5,64,0.1875,0.8125,0
2025,2025_10_NYG_CHI,CHI,4.5,62,0.06451612903225806,0.5645161290322581,0.3709677419354839
2025,2025_10_NYG_CHI,NYG,-4.5,70,0.32857142857142857,0.6142857142857143,0.05714285714285714
2025,2025_10_PHI_GB,GB,1.5,65,0,0.7846153846153846,0.2153846153846154
2025,2025_10_PHI_GB,PHI,-1.5,60,0.18333333333333332,0.8166666666666667,0
2025,2025_10_PIT_LAC,LAC,3,68,0.5735294117647058,0.4264705882352941,0
2025,2025_10_PIT_LAC,PIT,-3,50,0,0.44,0.56
2025,2025_11_BAL_CLE,BAL,7.5,58,0,0.9655172413793104,0.03448275862068965
2025,2025_11_BAL_CLE,CLE,-7.5,54,0.2222222222222222,0.6296296296296297,0.14814814814814814
2025,2025_11_CAR_ATL,ATL,4.5,55,0.2545454545454545,0.7454545454545455,0
2025,2025_11_CAR_ATL,CAR,-4.5,69,0,0.7536231884057971,0.2463768115942029
2025,2025_11_CHI_MIN,CHI,-3,73,0.4794520547945205,0.5205479452054794,0
2025,2025_11_CHI_MIN,MIN,3,54,0,0.6111111111111112,0.3888888888888889
2025,2025_11_CIN_PIT,CIN,-5.5,62,0,0.6451612903225806,0.3548387096774194
2025,2025_11_CIN_PIT,PIT,5.5,59,0.2033898305084746,0.7966101694915254,0
2025,2025_11_DAL_LV,DAL,3.5,61,0.5081967213114754,0.4918032786885246,0
2025,2025_11_DAL_LV,LV,-3.5,57,0,0.40350877192982454,0.5964912280701754
2025,2025_11_DET_PHI,DET,-2.5,59,0,0.6271186440677966,0.3728813559322034
2025,2025_11_DET_PHI,PHI,2.5,68,0.45588235294117646,0.5441176470588235,0
2025,2025_11_GB_NYG,GB,7.5,51,0.1176470588235294,0.8823529411764706,0
2025,2025_11_GB_NYG,NYG,-7.5,68,0,0.8382352941176471,0.16176470588235295
2025,2025_11_HOU_TEN,HOU,5.5,68,0.14705882352941177,0.8529411764705882,0
2025,2025_11_HOU_TEN,TEN,-5.5,57,0,0.7368421052631579,0.2631578947368421
2025,2025_11_KC_DEN,DEN,-3.5,60,0,1,0
2025,2025_11_KC_DEN,KC,3.5,62,0,0.9516129032258064,0.04838709677419355
2025,2025_11_LAC_JAX,JAX,-3,69,0.6666666666666666,0.3333333333333333,0
2025,2025_11_LAC_JAX,LAC,3,45,0,0.4666666666666667,0.5333333333333333
2025,2025_11_NYJ_NE,NE,12.5,60,0.65,0.35,0
2025,2025_11_NYJ_NE,NYJ,-12.5,57,0,0.43859649122807015,0.5614035087719298
2025,2025_11_SEA_LA,LA,3,50,0.42,0.58,0
2025,2025_11_SEA_LA,SEA,-3,79,0,0.5063291139240507,0.4936708860759494
2025,2025_11_SF_ARI,ARI,-3.5,71,0,0.30985915492957744,0.6901408450704225
2025,2025_11_SF_ARI,SF,3.5,49,0.7551020408163265,0.24489795918367344,0
2025,2025_11_TB_BUF,BUF,6,53,0.20754716981132076,0.7924528301886793,0
2025,2025_11_TB_BUF,TB,-6,67,0,0.8955223880597015,0.1044776119402985
2025,2025_11_WAS_MIA,MIA,2.5,51,0.0784313725490196,0.9215686274509804,0
2025,2025_11_WAS_MIA,WAS,-2.5,63,0.01587301587301587,0.984126984126984,0
2025,2025_12_ATL_NO,ATL,-1.5,53,0.4339622641509434,0.5660377358490566,0
2025,2025_12_ATL_NO,NO,1.5,78,0,0.6153846153846154,0.38461538461538464
2025,2025_12_BUF_HOU,BUF,5.5,65,0,0.7538461538461538,0.24615384615384617
2025,2025_12_BUF_HOU,HOU,-5.5,55,0.2727272727272727,0.7272727272727273,0
2025,2025_12_CAR_SF,CAR,-7.5,43,0,0.4883720930232558,0.5116279069767442
2025,2025_12_CAR_SF,SF,7.5,68,0.6323529411764706,0.36764705882352944,0
2025,2025_12_CLE_LV,CLE,-3,47,0.7446808510638298,0.2553191489361702,0
2025,2025_12_CLE_LV,LV,3,75,0,0.21333333333333335,0.7866666666666666
2025,2025_12_IND_KC,IND,-3.5,46,0.4782608695652174,0.5217391304347826,0
2025,2025_12_IND_KC,KC,3.5,80,0,0.7125,0.2875
2025,2025_12_JAX_ARI,ARI,-2.5,68,0.04411764705882353,0.8970588235294118,0.0588235294117647
2025,2025_12_JAX_ARI,JAX,2.5,56,0.07142857142857142,0.9285714285714286,0
2025,2025_12_MIN_GB,GB,6.5,63,0.6349206349206349,0.36507936507936506,0
2025,2025_12_MIN_GB,MIN,-6.5,44,0,0.5227272727272727,0.4772727272727273
2025,2025_12_NE_CIN,CIN,-7.5,61,0.08196721311475409,0.6229508196721312,0.29508196721311475
2025,2025_12_NE_CIN,NE,7.5,66,0.3939393939393939,0.4696969696969697,0.13636363636363635
2025,2025_12_NYG_DET,DET,14,62,0,0.935483870967742,0.06451612903225806
2025,2025_12_NYG_DET,NYG,-14,64,0.265625,0.734375,0
2025,2025_12_NYJ_BAL,BAL,14,56,0.3928571428571429,0.6071428571428571,0
2025,2025_12_NYJ_BAL,NYJ,-14,57,0,0.6666666666666666,0.3333333333333333
2025,2025_12_PHI_DAL,DAL,-3,65,0.04615384615384615,0.3384615384615385,0.6153846153846154
2025,2025_12_PHI_DAL,PHI,3,58,0.603448275862069,0.39655172413793105,0
2025,2025_12_PIT_CHI,CHI,3,59,0.22033898305084745,0.7457627118644068,0.03389830508474576
2025,2025_12_PIT_CHI,PIT,-3,69,0.05797101449275362,0.6376811594202898,0.30434782608695654
2025,2025_12_SEA_TEN,SEA,12.5,46,0.782608695652174,0.21739130434782608,0
2025,2025_12_SEA_TEN,TEN,-12.5,68,0,0.36764705882352944,0.6323529411764706
2025,2025_12_TB_LA,LA,7,55,0.8181818181818182,0.18181818181818185,0
2025,2025_12_TB_LA,TB,-7,67,0,0.1791044776119403,0.8208955223880597
2025,2025_13_ARI_TB,ARI,-4.5,60,0,0.4166666666666667,0.5833333333333334
2025,2025_13_ARI_TB,TB,4.5,54,0.46296296296296297,0.5370370370370371,0
2025,2025_13_ATL_NYJ,ATL,3,67,0,0.9402985074626866,0.05970149253731343
2025,2025_13_ATL_NYJ,NYJ,-3,62,0.12903225806451613,0.7580645161290323,0.1129032258064516
2025,2025_13_BUF_PIT,BUF,3,74,0.3783783783783784,0.6081081081081081,0.01351351351351351
2025,2025_13_BUF_PIT,PIT,-3,43,0,0.627906976744186,0.3720930232558139
2025,2025_13_CHI_PHI,CHI,-7,84,0.2261904761904762,0.7738095238095238,0
2025,2025_13_CHI_PHI,PHI,7,49,0,0.6326530612244898,0.3673469387755102
2025,2025_13_CIN_BAL,BAL,7,56,0,0.5178571428571429,0.4821428571428571
2025,2025_13_CIN_BAL,CIN,-7,80,0.3875,0.6125,0
2025,2025_13_DEN_WAS,DEN,6.5,64,0.109375,0.890625,0
2025,2025_13_DEN_WAS,WAS,-6.5,73,0,0.9726027397260274,0.0273972602739726
2025,2025_13_GB_DET,DET,2.5,60,0,0.6166666666666667,0.38333333333333336
2025,2025_13_GB_DET,GB,-2.5,57,0.2631578947368421,0.7368421052631579,0
2025,2025_13_HOU_IND,HOU,-3,71,0.2112676056338028,0.7887323943661971,0
2025,2025_13_HOU_IND,IND,3,51,0,0.9019607843137256,0.09803921568627452
2025,2025_13_JAX_TEN,JAX,6,54,0.7222222222222222,0.2777777777777778,0
2025,2025_13_JAX_TEN,TEN,-6,55,0,0.2,0.8
2025,2025_13_KC_DAL,DAL,-3.5,62,0.24193548387096775,0.7580645161290323,0
2025,2025_13_KC_DAL,KC,3.5,60,0,0.8,0.2
2025,2025_13_LA_CAR,CAR,-10,59,0.13559322033898305,0.864406779661017,0
2025,2025_13_LA_CAR,LA,10,50,0,1,0
2025,2025_13_LV_LAC,LAC,10,65,0.676923076923077,0.3230769230769231,0
2025,2025_13_LV_LAC,LV,-10,45,0,0.3111111111111111,0.6888888888888889
2025,2025_13_MIN_SEA,MIN,-12.5,49,0,0.40816326530612246,0.5918367346938775
2025,2025_13_MIN_SEA,SEA,12.5,62,0.5645161290322581,0.43548387096774194,0
2025,2025_13_NO_MIA,MIA,5.5,56,0.75,0.25,0
2025,2025_13_NO_MIA,NO,-5.5,69,0,0.21739130434782608,0.782608695652174
2025,2025_13_NYG_NE,NE,7,61,0.819672131147541,0.18032786885245905,0
2025,2025_13_NYG_NE,NYG,-7,53,0,0.18867924528301888,0.8113207547169812
2025,2025_13_SF_CLE,CLE,-5.5,60,0,0.6833333333333333,0.31666666666666665
2025,2025_13_SF_CLE,SF,5.5,63,0.3492063492063492,0.6507936507936508,0
2025,2025_14_CHI_GB,CHI,-6.5,68,0,0.4264705882352941,0.5735294117647058
2025,2025_14_CHI_GB,GB,6.5,51,0.2549019607843137,0.7450980392156863,0
2025,2025_14_CIN_BUF,BUF,6,57,0.14035087719298245,0.6666666666666666,0.19298245614035087
2025,2025_14_CIN_BUF,CIN,-6,56,0.23214285714285715,0.6964285714285714,0.07142857142857142
2025,2025_14_DAL_DET,DAL,-3.5,76,0,0.3815789473684211,0.618421052631579
2025,2025_14_DAL_DET,DET,3.5,55,0.5818181818181818,0.41818181818181815,0
2025,2025_14_DEN_LV,DEN,8.5,72,0.4583333333333333,0.5416666666666666,0
2025,2025_14_DEN_LV,LV,-8.5,47,0,0.5319148936170213,0.46808510638297873
2025,2025_14_HOU_KC,HOU,-4.5,65,0.3384615384615385,0.6615384615384615,0
2025,2025_14_HOU_KC,KC,4.5,63,0,0.7619047619047619,0.23809523809523808
2025,2025_14_IND_JAX,IND,2.5,62,0,0.27419354838709675,0.7258064516129032
2025,2025_14_IND_JAX,JAX,-2.5,60,0.7333333333333333,0.26666666666666666,0
2025,2025_14_LA_ARI,ARI,-9.5,61,0,0.4098360655737705,0.5901639344262295
2025,2025_14_LA_ARI,LA,9.5,64,0.578125,0.421875,0
2025,2025_14_MIA_NYJ,MIA,2.5,61,0.8524590163934426,0.14754098360655735,0
2025,2025_14_MIA_NYJ,NYJ,-2.5,57,0,0.05263157894736842,0.9473684210526316
2025,2025_14_NO_TB,NO,-7.5,53,0.1320754716981132,0.8679245283018868,0
2025,2025_14_NO_TB,TB,7.5,69,0.10144927536231883,0.8115942028985508,0.08695652173913043
2025,2025_14_PHI_LAC,LAC,-1.5,66,0.24242424242424243,0.7575757575757576,0
2025,2025_14_PHI_LAC,PHI,1.5,56,0,0.9285714285714286,0.07142857142857142
2025,2025_14_PIT_BAL,BAL,5.5,75,0,0.49333333333333335,0.5066666666666667
2025,2025_14_PIT_BAL,PIT,-5.5,50,0.44,0.56,0
2025,2025_14_SEA_ATL,ATL,-7,62,0,0.6129032258064516,0.3870967741935484
2025,2025_14_SEA_ATL,SEA,7,58,0.4827586206896552,0.5172413793103449,0
2025,2025_14_TEN_CLE,CLE,4.5,64,0,0.71875,0.28125
2025,2025_14_TEN_CLE,TEN,-4.5,64,0.203125,0.796875,0
2025,2025_14_WAS_MIN,MIN,-1.5,57,0.7192982456140351,0.2807017543859649,0
2025,2025_14_WAS_MIN,WAS,1.5,49,0,0.30612244897959184,0.6938775510204082
2025,2025_15_ARI_HOU,ARI,-10.5,63,0,0,1
2025,2025_15_ARI_HOU,HOU,10.5,60,0.9666666666666668,0.03333333333333333,0
2025,2025_15_ATL_TB,ATL,-6,65,0,0.6615384615384615,0.3384615384615385
2025,2025_15_ATL_TB,TB,6,61,0.32786885245901637,0.6721311475409836,0
2025,2025_15_BAL_CIN,BAL,2.5,37,0.4864864864864865,0.5135135135135135,0
2025,2025_15_BAL_CIN,CIN,-2.5,71,0,0.39436619718309857,0.6056338028169014
2025,2025_15_BUF_NE,BUF,2.5,64,0.078125,0.46875,0.453125
2025,2025_15_BUF_NE,NE,-2.5,51,0.5098039215686274,0.43137254901960786,0.0588235294117647
2025,2025_15_CAR_NO,CAR,2.5,56,0.25,0.7321428571428571,0.01785714285714285
2025,2025_15_CAR_NO,NO,-2.5,61,0.01639344262295082,0.7377049180327869,0.2459016393442623
2025,2025_15_CLE_CHI,CHI,7.5,63,0.8095238095238095,0.1904761904761905,0
2025,2025_15_CLE_CHI,CLE,-7.5,56,0,0.10714285714285714,0.8928571428571429
2025,2025_15_DET_LA,DET,-5.5,62,0,0.6129032258064516,0.3870967741935484
2025,2025_15_DET_LA,LA,5.5,69,0.2318840579710145,0.7681159420289855,0
2025,2025_15_GB_DEN,DEN,-1.5,63,0.1904761904761905,0.7301587301587301,0.07936507936507936
2025,2025_15_GB_DEN,GB,1.5,63,0.01587301587301587,0.7777777777777778,0.2063492063492063
2025,2025_15_IND_SEA,IND,-13.5,58,0,0.9827586206896552,0.01724137931034482
2025,2025_15_IND_SEA,SEA,13.5,56,0,0.9464285714285714,0.05357142857142857
2025,2025_15_LAC_KC,KC,5.5,59,0.2033898305084746,0.7966101694915254,0
2025,2025_15_LAC_KC,LAC,-5.5,61,0.08196721311475409,0.8852459016393442,0.03278688524590164
2025,2025_15_LV_PHI,LV,-12.5,42,0,0.30952380952380953,0.6904761904761905
2025,2025_15_LV_PHI,PHI,12.5,66,0.803030303030303,0.19696969696969696,0
2025,2025_15_MIA_PIT,MIA,-3,48,0,0.4166666666666667,0.5833333333333334
2025,2025_15_MIA_PIT,PIT,3,62,0.43548387096774194,0.5645161290322581,0
2025,2025_15_MIN_DAL,DAL,5.5,69,0.08695652173913043,0.7391304347826086,0.17391304347826086
2025,2025_15_MIN_DAL,MIN,-5.5,51,0.17647058823529413,0.6274509803921569,0.19607843137254904
2025,2025_15_NYJ_JAX,JAX,13.5,56,0.8392857142857143,0.16071428571428573,0
2025,2025_15_NYJ_JAX,NYJ,-13.5,68,0,0.0588235294117647,0.9411764705882352
2025,2025_15_TEN_SF,SF,12.5,70,0.7571428571428571,0.24285714285714283,0
2025,2025_15_TEN_SF,TEN,-12.5,49,0,0.2653061224489796,0.7346938775510204
2025,2025_15_WAS_NYG,NYG,2.5,67,0,0.26865671641791045,0.7313432835820896
2025,2025_15_WAS_NYG,WAS,-2.5,55,0.5454545454545454,0.4545454545454546,0
2025,2025_16_ATL_ARI,ARI,-2.5,56,0.08928571428571429,0.625,0.2857142857142857
2025,2025_16_ATL_ARI,ATL,2.5,71,0.2676056338028169,0.647887323943662,0.08450704225352113
2025,2025_16_BUF_CLE,BUF,10.5,48,0.4791666666666667,0.5208333333333334,0
2025,2025_16_BUF_CLE,CLE,-10.5,64,0,0.625,0.375
2025,2025_16_CIN_MIA,CIN,3.5,61,0.3442622950819672,0.6557377049180327,0
2025,2025_16_CIN_MIA,MIA,-3.5,58,0,0.5,0.5
2025,2025_16_GB_CHI,CHI,1.5,56,0,0.5892857142857143,0.4107142857142857
2025,2025_16_GB_CHI,GB,-1.5,62,0.16129032258064516,0.8387096774193549,0
2025,2025_16_JAX_DEN,DEN,3.5,65,0,0.5538461538461539,0.4461538461538462
2025,2025_16_JAX_DEN,JAX,-3.5,68,0.35294117647058826,0.6470588235294118,0
2025,2025_16_KC_TEN,KC,3.5,43,0,0.6976744186046512,0.3023255813953488
2025,2025_16_KC_TEN,TEN,-3.5,68,0.4705882352941176,0.5294117647058824,0
2025,2025_16_LAC_DAL,DAL,1.5,56,0,0.8214285714285714,0.17857142857142858
2025,2025_16_LAC_DAL,LAC,-1.5,61,0.4098360655737705,0.5901639344262295,0
2025,2025_16_LA_SEA,LA,-1.5,80,0.2,0.775,0.025
2025,2025_16_LA_SEA,SEA,1.5,53,0.01886792452830188,0.6981132075471698,0.2830188679245283
2025,2025_16_LV_HOU,HOU,14.5,59,0.4576271186440678,0.5423728813559322,0
2025,2025_16_LV_HOU,LV,-14.5,53,0,0.660377358490566,0.33962264150943394
2025,2025_16_MIN_NYG,MIN,2.5,55,0.09090909090909093,0.9090909090909092,0
2025,2025_16_MIN_NYG,NYG,-2.5,48,0,0.9375,0.0625
2025,2025_16_NE_BAL,BAL,3.5,53,0.2830188679245283,0.6981132075471698,0.01886792452830188
2025,2025_16_NE_BAL,NE,-3.5,68,0.04411764705882353,0.8382352941176471,0.1176470588235294
2025,2025_16_NYJ_NO,NO,6.5,77,0.2857142857142857,0.7142857142857143,0
2025,2025_16_NYJ_NO,NYJ,-6.5,63,0,0.5873015873015873,0.4126984126984127
2025,2025_16_PHI_WAS,PHI,7,64,0.234375,0.765625,0
2025,2025_16_PHI_WAS,WAS,-7,50,0,0.72,0.28
2025,2025_16_PIT_DET,DET,7.5,68,0,0.6617647058823529,0.3382352941176471
2025,2025_16_PIT_DET,PIT,-7.5,70,0.2,0.7571428571428571,0.04285714285714286
2025,2025_16_SF_IND,IND,-4.5,58,0,0.4827586206896552,0.5172413793103449
2025,2025_16_SF_IND,SF,4.5,63,0.5555555555555556,0.4444444444444444,0
2025,2025_16_TB_CAR,CAR,-3,53,0,1,0
2025,2025_16_TB_CAR,TB,3,60,0.01666666666666666,0.9666666666666668,0.01666666666666666
2025,2025_17_ARI_CIN,ARI,-7,54,0,0.1111111111111111,0.8888888888888888
2025,2025_17_ARI_CIN,CIN,7,70,0.6428571428571429,0.35714285714285715,0
2025,2025_17_BAL_GB,BAL,-2.5,73,0.5068493150684932,0.4931506849315068,0
2025,2025_17_BAL_GB,GB,2.5,43,0,0.20930232558139536,0.7906976744186046
2025,2025_17_CHI_SF,CHI,-3.5,63,0,0.873015873015873,0.12698412698412698
2025,2025_17_CHI_SF,SF,3.5,68,0.0588235294117647,0.9411764705882352,0
2025,2025_17_DAL_WAS,DAL,8.5,87,0.6206896551724138,0.3793103448275862,0
2025,2025_17_DAL_WAS,WAS,-8.5,40,0,0.375,0.625
2025,2025_17_DEN_KC,DEN,13.5,70,0.04285714285714286,0.9571428571428572,0
2025,2025_17_DEN_KC,KC,-13.5,41,0,0.8292682926829268,0.17073170731707318
2025,2025_17_DET_MIN,DET,7,64,0,0.65625,0.34375
2025,2025_17_DET_MIN,MIN,-7,51,0.37254901960784315,0.6274509803921569,0
2025,2025_17_HOU_LAC,HOU,-1.5,59,0.864406779661017,0.13559322033898305,0
2025,2025_17_HOU_LAC,LAC,1.5,59,0,0.13559322033898305,0.864406779661017
2025,2025_17_JAX_IND,IND,-3.5,54,0,0.9444444444444444,0.05555555555555555
2025,2025_17_JAX_IND,JAX,3.5,68,0.10294117647058824,0.8235294117647058,0.07352941176470588
2025,2025_17_LA_ATL,ATL,-7.5,53,0.5471698113207547,0.4528301886792453,0
2025,2025_17_LA_ATL,LA,7.5,61,0,0.29508196721311475,0.7049180327868853
2025,2025_17_NE_NYJ,NE,12.5,60,0.7833333333333333,0.21666666666666667,0
2025,2025_17_NE_NYJ,NYJ,-12.5,63,0,0.04761904761904761,0.9523809523809524
2025,2025_17_NO_TEN,NO,1.5,51,0.0784313725490196,0.4509803921568627,0.4705882352941176
2025,2025_17_NO_TEN,TEN,-1.5,72,0.2638888888888889,0.5,0.2361111111111111
2025,2025_17_NYG_LV,LV,-3,54,0,0.3888888888888889,0.6111111111111112
2025,2025_17_NYG_LV,NYG,3,60,0.6,0.4,0
2025,2025_17_PHI_BUF,BUF,3,72,0,0.3472222222222222,0.6527777777777778
2025,2025_17_PHI_BUF,PHI,-3,53,0.5094339622641509,0.49056603773584906,0
2025,2025_17_PIT_CLE,CLE,-4.5,49,0.3673469387755102,0.6326530612244898,0
2025,2025_17_PIT_CLE,PIT,4.5,63,0,0.6984126984126984,0.30158730158730157
2025,2025_17_SEA_CAR,CAR,-6.5,49,0,0.6326530612244898,0.3673469387755102
2025,2025_17_SEA_CAR,SEA,6.5,65,0.3384615384615385,0.6615384615384615,0
2025,2025_17_TB_MIA,MIA,-5.5,52,0.5576923076923077,0.4423076923076923,0
2025,2025_17_TB_MIA,TB,5.5,63,0,0.3968253968253968,0.6031746031746031
2025,2025_18_ARI_LA,ARI,-14.5,53,0,0.6226415094339622,0.37735849056603776
2025,2025_18_ARI_LA,LA,14.5,68,0.36764705882352944,0.6323529411764706,0
2025,2025_18_BAL_PIT,BAL,4.5,47,0.02127659574468085,0.9574468085106383,0.02127659574468085
2025,2025_18_BAL_PIT,PIT,-4.5,73,0.0136986301369863,0.9863013698630136,0
2025,2025_18_CAR_TB,CAR,-3,47,0,0.5319148936170213,0.46808510638297873
2025,2025_18_CAR_TB,TB,3,66,0.5909090909090909,0.4090909090909091,0
2025,2025_18_CLE_CIN,CIN,9.5,66,0.10606060606060606,0.8181818181818182,0.07575757575757576
2025,2025_18_CLE_CIN,CLE,-9.5,52,0.25,0.75,0
2025,2025_18_DAL_NYG,DAL,3,53,0,0.5283018867924528,0.4716981132075472
2025,2025_18_DAL_NYG,NYG,-3,69,0.463768115942029,0.5362318840579711,0
2025,2025_18_DET_CHI,CHI,3.5,52,0,0.34615384615384615,0.6538461538461539
2025,2025_18_DET_CHI,DET,-3.5,72,0.375,0.625,0
2025,2025_18_GB_MIN,GB,-12.5,49,0,0.3469387755102041,0.6530612244897959
2025,2025_18_GB_MIN,MIN,12.5,64,0.515625,0.484375,0
2025,2025_18_IND_HOU,HOU,9.5,63,0.12698412698412698,0.873015873015873,0
2025,2025_18_IND_HOU,IND,-9.5,64,0,0.890625,0.109375
2025,2025_18_KC_LV,KC,3.5,62,0,0.935483870967742,0.06451612903225806
2025,2025_18_KC_LV,LV,-3.5,61,0.11475409836065574,0.8852459016393442,0
2025,2025_18_LAC_DEN,DEN,14.5,56,0.75,0.25,0
2025,2025_18_LAC_DEN,LAC,-14.5,66,0,0.09090909090909093,0.9090909090909092
2025,2025_18_MIA_NE,MIA,-14,54,0,0.4444444444444444,0.5555555555555556
2025,2025_18_MIA_NE,NE,14,54,0.7407407407407407,0.25925925925925924,0
2025,2025_18_NO_ATL,ATL,4.5,58,0.41379310344827586,0.5862068965517241,0
2025,2025_18_NO_ATL,NO,-4.5,65,0,0.676923076923077,0.3230769230769231
2025,2025_18_NYJ_BUF,BUF,12.5,68,0.7941176470588235,0.2058823529411765,0
2025,2025_18_NYJ_BUF,NYJ,-12.5,46,0,0.13043478260869565,0.8695652173913043
2025,2025_18_SEA_SF,SEA,2.5,64,0.46875,0.53125,0
2025,2025_18_SEA_SF,SF,-2.5,42,0,0.7619047619047619,0.23809523809523808
2025,2025_18_TEN_JAX,JAX,12.5,55,0.6727272727272727,0.32727272727272727,0
2025,2025_18_TEN_JAX,TEN,-12.5,53,0,0.3584905660377358,0.6415094339622641
2025,2025_18_WAS_PHI,PHI,3,62,0.0967741935483871,0.7096774193548387,0.1935483870967742
2025,2025_18_WAS_PHI,WAS,-3,61,0.04918032786885246,0.8688524590163934,0.08196721311475409
2025,2025_19_BUF_JAX,BUF,-1.5,60,0,1,0
2025,2025_19_BUF_JAX,JAX,1.5,54,0,0.9814814814814816,0.01851851851851851
2025,2025_19_GB_CHI,CHI,-2.5,77,0,0.37662337662337664,0.6233766233766234
2025,2025_19_GB_CHI,GB,2.5,70,0.5714285714285714,0.37142857142857144,0.05714285714285714
2025,2025_19_HOU_PIT,HOU,3,66,0.16666666666666666,0.8333333333333334,0
2025,2025_19_HOU_PIT,PIT,-3,56,0,0.7142857142857143,0.2857142857142857
2025,2025_19_LAC_NE,LAC,-3.5,59,0,0.6101694915254238,0.3898305084745763
2025,2025_19_LAC_NE,NE,3.5,61,0.32786885245901637,0.6721311475409836,0
2025,2025_19_LA_CAR,CAR,-10,63,0,0.7619047619047619,0.23809523809523808
2025,2025_19_LA_CAR,LA,10,71,0.28169014084507044,0.7183098591549296,0
2025,2025_19_SF_PHI,PHI,6,72,0.125,0.8611111111111112,0.01388888888888888
2025,2025_19_SF_PHI,SF,-6,55,0,0.9818181818181818,0.01818181818181818
2025,2025_20_BUF_DEN,BUF,-1.5,69,0.04347826086956521,0.6811594202898551,0.2753623188405797
2025,2025_20_BUF_DEN,DEN,1.5,58,0.20689655172413793,0.7758620689655172,0.01724137931034482
2025,2025_20_HOU_NE,HOU,-3,72,0,0.4444444444444444,0.5555555555555556
2025,2025_20_HOU_NE,NE,3,62,0.5645161290322581,0.43548387096774194,0
2025,2025_20_LA_CHI,CHI,-3.5,71,0,0.8450704225352113,0.15492957746478872
2025,2025_20_LA_CHI,LA,3.5,64,0.078125,0.921875,0
2025,2025_20_SF_SEA,SEA,6.5,52,0.9615384615384616,0.03846153846153846,0
2025,2025_20_SF_SEA,SF,-6.5,60,0,0.11666666666666668,0.8833333333333333
2025,2025_21_LA_SEA,LA,-2.5,57,0,0.7719298245614035,0.22807017543859648
2025,2025_21_LA_SEA,SEA,2.5,65,0.47692307692307695,0.5230769230769231,0
2025,2025_21_NE_DEN,DEN,-3.5,58,0.3275862068965517,0.6724137931034483,0
2025,2025_21_NE_DEN,NE,3.5,61,0.08196721311475409,0.8852459016393442,0.03278688524590164
2025,2025_22_SEA_NE,NE,-4.5,66,0,0.3636363636363637,0.6363636363636364
2025,2025_22_SEA_NE,SEA,4.5,71,0.5492957746478874,0.4507042253521127,0
