gsis_id,cur_status,cur_code,cur_available,y25_weeks_listed,y25_weeks_out,y25_weeks_out_injury,y25_weeks_q,y25_weeks_dnp,y25_top_injury,car_seasons_seen,car_weeks_listed,car_weeks_out,car_weeks_out_injury,car_weeks_q,car_weeks_dnp
00-0023459,ACT,A01,TRUE,9,1,1,1,0,Wrist,5,43,10,10,1,4
00-0025565,ACT,A01,TRUE,0,0,0,0,0,NA,2,19,3,3,16,2
00-0026027,ACT,A01,TRUE,0,0,0,0,0,NA,0,0,0,0,0,0
00-0026158,ACT,A01,TRUE,4,1,1,1,2,Shoulder,3,9,3,2,1,2
00-0026190,ACT,A01,TRUE,17,1,0,0,16,NA,5,80,7,3,6,71
00-0026300,ACT,A01,TRUE,0,0,0,0,0,NA,0,0,0,0,0,0
00-0026498,ACT,A01,TRUE,1,1,1,0,0,Finger,5,13,7,7,4,4
00-0027224,ACT,A01,TRUE,0,0,0,0,0,NA,1,1,1,0,0,1
00-0027557,ACT,A01,TRUE,0,0,0,0,0,NA,2,2,2,2,0,0
00-0027857,ACT,A01,TRUE,18,1,1,3,1,Hamstring,5,76,12,11,14,25
00-0027969,ACT,A01,TRUE,16,1,1,1,2,Ankle,5,66,5,4,1,6
00-0027973,ACT,A01,TRUE,1,0,0,1,0,Thumb,5,14,6,5,4,5
00-0028118,ACT,A01,TRUE,7,3,3,2,2,Knee,4,16,8,8,2,6
00-0028292,ACT,A01,TRUE,3,2,2,0,1,Concussion,4,11,6,5,4,5
00-0028845,ACT,A01,TRUE,2,0,0,2,0,Chest,1,2,0,0,2,0
00-0028872,ACT,A01,TRUE,2,1,0,0,1,NA,3,6,2,1,1,3
00-0028986,ACT,A01,TRUE,0,0,0,0,0,NA,2,2,1,0,1,2
00-0029604,ACT,A01,TRUE,0,0,0,0,0,NA,2,3,2,2,0,0
00-0029607,ACT,A01,TRUE,1,0,0,1,0,Calf,4,8,4,3,3,2
00-0029692,ACT,A01,TRUE,1,1,0,0,0,NA,4,4,3,0,1,2
00-0029714,ACT,A01,TRUE,0,0,0,0,0,NA,1,1,0,0,1,0
00-0029892,ACT,A01,TRUE,3,1,1,0,0,Concussion,4,8,4,4,1,1
00-0030035,RET,R02,FALSE,0,0,0,0,0,NA,4,30,7,6,5,15
00-0030070,ACT,A01,TRUE,2,1,0,1,1,NA,5,9,5,2,2,2
00-0030092,ACT,A01,TRUE,0,0,0,0,0,NA,2,3,2,2,0,0
00-0030097,ACT,A01,TRUE,1,0,0,1,0,Groin,4,8,3,3,1,0
00-0030140,ACT,A01,TRUE,1,0,0,1,0,Back,2,2,1,1,1,0
00-0030294,ACT,A01,TRUE,2,2,2,0,1,Hamstring,3,6,4,4,1,3
00-0030506,ACT,A01,TRUE,0,0,0,0,0,NA,4,17,3,3,6,1
00-0030561,ACT,A01,TRUE,11,8,8,1,7,Foot,5,57,16,14,4,12
00-0030565,ACT,A01,TRUE,4,3,3,0,2,Shoulder,5,14,7,7,3,3
00-0030615,ACT,A01,TRUE,2,1,1,0,0,Hamstring,2,3,2,2,0,0
00-0030957,ACT,A01,TRUE,0,0,0,0,0,NA,1,1,1,1,0,0
00-0031040,ACT,A01,TRUE,8,1,0,1,1,Elbow,5,44,7,3,9,17
00-0031136,ACT,A01,TRUE,0,0,0,0,0,NA,3,4,3,2,1,3
00-0031156,ACT,A01,TRUE,2,2,1,0,0,Back,4,8,4,3,2,2
00-0031203,ACT,A01,TRUE,3,1,1,2,1,Thigh,3,7,2,2,3,2
00-0031235,ACT,A01,TRUE,0,0,0,0,0,NA,3,29,8,7,8,11
00-0031237,ACT,A01,TRUE,4,1,1,1,2,Shoulder,4,25,6,6,11,6
00-0031270,ACT,A01,TRUE,7,1,1,0,0,Knee,5,38,7,7,11,6
00-0031279,ACT,A01,TRUE,16,1,1,1,2,Ankle,3,31,3,2,2,3
00-0031330,ACT,A01,TRUE,13,1,1,1,0,Foot,5,38,6,5,14,8
00-0031381,ACT,A01,TRUE,10,1,1,6,2,Hamstring,5,33,8,7,12,7
00-0031408,ACT,A01,TRUE,11,5,5,2,4,Hamstring,5,54,13,13,5,22
00-0031411,ACT,A01,TRUE,13,2,2,0,1,Quadricep,5,43,6,5,2,8
00-0031484,ACT,A01,TRUE,1,1,0,0,0,NA,4,10,5,3,0,1
00-0031492,ACT,A01,TRUE,0,0,0,0,0,NA,0,0,0,0,0,0
00-0031503,ACT,A01,TRUE,0,0,0,0,0,NA,3,12,3,3,8,3
00-0031565,ACT,A01,TRUE,0,0,0,0,0,NA,2,3,2,0,1,0
00-0031583,ACT,A01,TRUE,11,3,3,2,3,Knee,3,27,5,4,2,15
00-0031595,ACT,A01,TRUE,0,0,0,0,0,NA,3,10,4,4,0,1
00-0031622,ACT,A01,TRUE,2,1,1,1,1,Knee,2,3,2,2,1,1
00-0031898,ACT,A01,TRUE,9,2,1,0,1,Thumb,1,9,2,1,0,1
00-0031933,ACT,A01,TRUE,13,1,1,0,0,Wrist,5,51,8,8,8,6
00-0031957,ACT,A01,TRUE,11,4,4,5,5,Ankle,5,22,11,10,6,9
00-0032052,ACT,A01,TRUE,5,1,1,0,0,Shoulder,5,25,6,3,2,7
00-0032065,ACT,A01,TRUE,0,0,0,0,0,NA,3,9,3,1,1,4
00-0032071,ACT,A01,TRUE,10,3,2,2,2,Hand,5,38,8,5,23,10
00-0032103,ACT,A01,TRUE,4,2,1,2,1,Ankle,5,46,14,13,18,10
00-0032104,ACT,A01,TRUE,1,1,1,0,0,Knee,3,6,4,4,1,2
00-0032146,ACT,A01,TRUE,6,1,1,3,0,Back,5,34,12,12,13,11
00-0032156,ACT,A01,TRUE,0,0,0,0,0,NA,3,4,3,3,0,1
00-0032164,ACT,A01,TRUE,7,1,1,2,1,Hand,5,42,15,15,9,19
00-0032208,ACT,A01,TRUE,0,0,0,0,0,NA,1,2,2,2,0,1
00-0032228,ACT,A01,TRUE,2,1,1,0,0,Hamstring,3,6,3,3,2,1
00-0032268,ACT,A01,TRUE,3,3,3,0,2,Hand,3,7,5,5,2,5
00-0032378,ACT,A01,TRUE,13,4,4,1,12,Neck,5,51,8,8,9,41
00-0032379,ACT,A01,TRUE,0,0,0,0,0,NA,3,9,2,2,3,1
00-0032380,ACT,A01,TRUE,15,4,4,1,13,Oblique,5,44,9,8,5,17
00-0032387,ACT,A01,TRUE,9,2,2,1,0,Wrist,4,32,5,5,4,6
00-0032391,ACT,A01,TRUE,7,1,0,0,0,NA,4,20,3,2,7,0
00-0032392,ACT,A01,TRUE,2,2,2,0,1,Concussion,5,7,6,6,0,1
00-0032399,ACT,A01,TRUE,1,1,1,0,1,Knee,3,3,3,2,0,1
00-0032412,ACT,A01,TRUE,0,0,0,0,0,NA,2,7,3,3,2,1
00-0032424,ACT,A01,TRUE,1,0,0,1,0,Back,5,24,6,6,4,3
00-0032434,ACT,A01,TRUE,0,0,0,0,0,NA,1,1,1,1,0,0
00-0032445,ACT,A01,TRUE,0,0,0,0,0,NA,1,1,1,1,0,0
00-0032464,ACT,A01,TRUE,6,3,3,2,3,Ankle,5,15,7,7,7,5
00-0032497,ACT,A01,TRUE,1,1,1,0,0,Neck,3,5,3,3,0,0
00-0032569,ACT,A01,TRUE,1,1,0,0,0,NA,3,3,3,1,0,0
00-0032580,ACT,A01,TRUE,6,2,2,2,5,Hamstring,5,36,5,4,27,9
00-0032667,ACT,A01,TRUE,3,1,1,0,0,Knee,5,11,5,3,4,1
00-0032701,ACT,A01,TRUE,3,3,3,0,2,Hamstring,1,3,3,3,0,2
00-0032726,ACT,A01,TRUE,4,3,3,0,2,Quadricep,3,7,6,6,0,3
00-0032753,ACT,A01,TRUE,0,0,0,0,0,NA,1,2,1,1,0,0
00-0032759,ACT,A01,TRUE,6,1,1,0,0,Elbow,5,33,15,10,12,12
00-0032762,ACT,A01,TRUE,1,1,1,0,0,Hamstring,5,25,6,5,6,5
00-0032764,ACT,A01,TRUE,0,0,0,0,0,NA,3,31,3,2,1,0
00-0032775,ACT,A01,TRUE,0,0,0,0,0,NA,3,10,3,2,3,1
00-0032889,ACT,A01,TRUE,4,1,1,0,2,Groin,5,29,6,5,10,7
00-0032918,RET,R02,FALSE,4,3,3,1,2,Hand,4,12,6,6,3,2
00-0032933,ACT,A01,TRUE,0,0,0,0,0,NA,4,22,12,12,7,10
00-0032943,ACT,A01,TRUE,1,1,0,0,0,NA,2,2,2,0,0,1
00-0032950,ACT,A01,TRUE,2,1,1,0,0,Shoulder,3,9,4,4,2,1
00-0032951,ACT,A01,TRUE,0,0,0,0,0,NA,0,0,0,0,0,0
00-0032954,ACT,A01,TRUE,11,3,3,2,8,Pectoral,4,61,9,9,5,24
00-0032965,ACT,A01,TRUE,13,1,1,3,6,Ankle,5,49,13,12,16,32
00-0033038,ACT,A01,TRUE,6,3,3,1,1,Neck,2,7,4,4,1,1
00-0033051,ACT,A01,TRUE,14,1,0,2,12,Foot,4,34,5,4,6,25
00-0033055,ACT,A01,TRUE,4,1,1,1,2,Hamstring,5,23,6,5,6,4
00-0033063,ACT,A01,TRUE,1,1,1,0,0,Elbow,1,1,1,1,0,0
00-0033066,ACT,A01,TRUE,2,1,1,0,0,Concussion,3,9,3,3,4,2
00-0033077,ACT,A01,TRUE,1,1,1,0,0,Hip,4,13,9,9,2,6
00-0033082,ACT,A01,TRUE,3,1,1,2,0,Calf,5,21,8,8,9,7
00-0033090,ACT,A01,TRUE,6,1,1,0,0,Knee,5,17,4,4,6,1
00-0033093,ACT,A01,TRUE,0,0,0,0,0,NA,4,15,7,7,4,5
00-0033106,ACT,A01,TRUE,0,0,0,0,0,NA,2,6,2,1,4,2
00-0033109,ACT,A01,TRUE,13,2,2,0,1,Thigh,5,24,7,7,2,3
00-0033110,ACT,A01,TRUE,10,1,1,3,7,Hip,5,28,8,7,10,11
00-0033119,ACT,A01,TRUE,0,0,0,0,0,NA,2,6,2,2,2,0
00-0033120,ACT,A01,TRUE,4,1,1,0,0,Elbow,5,24,5,5,2,0
00-0033131,ACT,A01,TRUE,8,1,0,1,0,Oblique,5,34,6,5,9,8
00-0033132,ACT,A01,TRUE,4,1,1,0,0,Ankle,3,8,3,2,1,2
00-0033217,ACT,A01,TRUE,0,0,0,0,0,NA,4,8,3,3,5,1
00-0033246,ACT,A01,TRUE,0,0,0,0,0,NA,2,2,2,2,0,0
00-0033260,ACT,A01,TRUE,0,0,0,0,0,NA,0,0,0,0,0,0
00-0033269,ACT,A01,TRUE,1,1,0,0,0,NA,2,2,2,0,0,1
00-0033280,ACT,A01,TRUE,17,1,1,1,1,Calf,5,46,8,8,6,11
00-0033281,ACT,A01,TRUE,8,3,3,1,3,Finger,5,32,10,10,16,12
00-0033284,ACT,A01,TRUE,6,2,2,2,1,Elbow,5,49,8,7,9,13
00-0033288,ACT,A01,TRUE,5,1,1,2,1,Ankle,5,24,5,5,12,5
00-0033290,ACT,A01,TRUE,6,1,1,3,1,Pectoral,4,23,5,5,7,3
00-0033293,ACT,A01,TRUE,8,2,2,2,1,Shoulder,5,51,9,9,12,5
00-0033294,ACT,A01,TRUE,2,1,0,1,1,NA,3,6,3,1,3,1
00-0033297,ACT,A01,TRUE,4,2,2,0,1,Ankle,5,21,8,8,6,4
00-0033303,ACT,A01,TRUE,0,0,0,0,0,NA,3,11,6,5,3,4
00-0033307,ACT,A01,TRUE,1,1,1,0,0,Rib,4,8,3,3,4,0
00-0033319,ACT,A01,TRUE,0,0,0,0,0,NA,1,3,1,1,2,0
00-0033336,ACT,A01,TRUE,1,1,1,0,0,Thumb,1,1,1,1,0,0
00-0033347,ACT,A01,TRUE,0,0,0,0,0,NA,3,19,8,8,6,7
00-0033375,ACT,A01,TRUE,3,2,2,0,0,Groin,2,6,3,3,1,0
00-0033376,ACT,A01,TRUE,8,7,7,0,5,Calf,3,17,8,8,8,7
00-0033381,ACT,A01,TRUE,4,2,2,2,1,Back,4,10,4,4,6,2
00-0033455,ACT,A01,TRUE,0,0,0,0,0,NA,1,3,2,2,1,2
00-0033523,ACT,A01,TRUE,12,1,0,0,1,NA,5,32,8,6,2,9
00-0033526,ACT,A01,TRUE,5,2,2,1,2,Ankle,4,15,5,4,2,3
00-0033537,ACT,A01,TRUE,3,3,3,0,0,Achilles,3,26,23,6,2,19
00-0033538,ACT,A01,TRUE,0,0,0,0,0,NA,3,9,5,5,2,2
00-0033546,ACT,A01,TRUE,1,1,0,0,0,NA,5,14,8,5,2,6
00-0033548,ACT,A01,TRUE,6,3,3,1,1,Hamstring,5,26,8,8,7,7
00-0033553,ACT,A01,TRUE,1,1,1,0,1,Foot,5,20,8,7,10,7
00-0033555,ACT,A01,TRUE,3,2,2,1,1,Abdomen,4,17,6,6,5,3
00-0033576,ACT,A01,TRUE,3,2,2,1,1,Calf,3,7,4,4,3,1
00-0033589,ACT,A01,TRUE,3,0,0,3,0,Elbow,2,5,0,0,5,0
00-0033676,ACT,A01,TRUE,0,0,0,0,0,NA,3,11,6,5,5,6
00-0033729,ACT,A01,TRUE,0,0,0,0,0,NA,1,1,1,1,0,0
00-0033752,ACT,A01,TRUE,3,3,3,0,2,Foot,1,3,3,3,0,2
00-0033757,ACT,A01,TRUE,0,0,0,0,0,NA,3,4,2,2,1,0
00-0033783,ACT,A01,TRUE,2,1,1,0,0,Knee,5,15,11,10,2,7
00-0033787,ACT,A01,TRUE,0,0,0,0,0,NA,1,2,2,2,0,1
00-0033793,ACT,A01,TRUE,2,1,0,1,1,Neck,2,3,2,0,1,1
00-0033831,ACT,A01,TRUE,0,0,0,0,0,NA,4,15,5,5,5,1
00-0033857,ACT,A01,TRUE,4,1,1,0,0,Knee,5,33,12,12,5,8
00-0033860,ACT,A01,TRUE,11,1,0,0,0,NA,5,26,4,2,9,3
00-0033862,ACT,A01,TRUE,0,0,0,0,0,NA,1,3,1,1,1,0
00-0033868,ACT,A01,TRUE,10,1,1,0,1,Ankle,5,60,6,6,4,10
00-0033869,ACT,A01,TRUE,1,1,0,0,0,NA,2,9,2,1,0,0
00-0033870,ACT,A01,TRUE,3,2,2,0,1,Calf,4,10,4,4,2,2
00-0033873,ACT,A01,TRUE,7,1,1,0,0,Groin,4,25,4,4,2,0
00-0033877,ACT,A01,TRUE,7,2,2,2,1,Toe,4,24,5,5,7,2
00-0033881,ACT,A01,TRUE,3,2,2,0,1,Back,4,16,10,10,4,6
00-0033885,ACT,A01,TRUE,13,6,6,1,5,Knee,5,58,18,18,9,14
00-0033886,ACT,A01,TRUE,16,4,4,0,3,Lung,5,40,10,10,3,6
00-0033890,ACT,A01,TRUE,5,2,2,0,1,Concussion,5,15,5,4,7,3
00-0033904,ACT,A01,TRUE,4,2,2,0,1,Concussion,5,13,7,5,1,2
00-0033906,ACT,A01,TRUE,12,7,7,4,6,Ankle,5,37,16,14,14,15
00-0033908,ACT,A01,TRUE,10,1,1,2,1,Hamstring,5,27,8,8,7,6
00-0033910,ACT,A01,TRUE,1,1,0,0,0,NA,3,4,1,0,3,0
00-0033914,ACT,A01,TRUE,2,2,1,0,1,Concussion,4,8,4,3,4,2
00-0033921,ACT,A01,TRUE,16,9,9,2,5,Fibula,5,37,15,15,8,8
00-0033928,ACT,A01,TRUE,7,4,4,1,3,Neck,4,28,8,8,4,5
00-0033935,ACT,A01,TRUE,8,5,5,3,8,Hip,5,29,10,10,5,11
00-0033945,ACT,A01,TRUE,11,4,4,0,4,Knee,3,20,5,5,4,6
00-0033947,ACT,A01,TRUE,1,0,0,1,0,Knee,5,19,2,1,15,2
00-0033952,ACT,A01,TRUE,12,1,1,1,0,Biceps,5,37,4,3,2,15
00-0033955,ACT,A01,TRUE,1,1,1,0,0,Hamstring,3,9,5,5,2,3
00-0033964,ACT,A01,TRUE,3,1,1,2,0,Knee,3,6,2,2,4,1
00-0034051,ACT,A01,TRUE,4,1,1,1,0,Knee,3,6,3,3,1,0
00-0034067,ACT,A01,TRUE,0,0,0,0,0,NA,1,2,1,1,0,0
00-0034112,ACT,A01,TRUE,0,0,0,0,0,NA,2,4,1,0,3,1
00-0034114,ACT,A01,TRUE,0,0,0,0,0,NA,3,4,3,3,1,1
00-0034116,ACT,A01,TRUE,1,1,1,0,1,Hamstring,5,17,10,10,6,8
00-0034158,ACT,A01,TRUE,8,2,2,5,1,Knee,4,18,7,6,7,5
00-0034160,ACT,A01,TRUE,0,0,0,0,0,NA,3,4,3,3,1,0
00-0034162,ACT,A01,TRUE,0,0,0,0,0,NA,2,4,2,2,0,0
00-0034163,ACT,A01,TRUE,0,0,0,0,0,NA,3,6,1,1,3,0
00-0034173,ACT,A01,TRUE,3,3,3,0,2,Hamstring,4,7,5,4,2,5
00-0034198,ACT,A01,TRUE,0,0,0,0,0,NA,1,2,1,1,0,0
00-0034234,ACT,A01,TRUE,3,1,1,2,0,Calf,4,16,4,4,3,2
00-0034248,ACT,A01,TRUE,8,3,3,3,3,Quadricep,5,21,9,9,9,5
00-0034261,ACT,A01,TRUE,1,0,0,1,0,Knee,4,8,5,5,1,1
00-0034270,ACT,A01,TRUE,0,0,0,0,0,NA,3,10,4,3,6,0
00-0034272,ACT,A01,TRUE,1,1,1,0,1,Calf,5,15,6,6,5,4
00-0034277,ACT,A01,TRUE,5,3,3,1,4,Knee,5,26,11,11,10,11
00-0034278,ACT,A01,TRUE,1,1,0,0,1,NA,2,3,2,1,0,1
00-0034285,ACT,A01,TRUE,1,1,1,0,0,Shoulder,5,14,7,6,0,2
00-0034302,ACT,A01,TRUE,3,1,1,0,0,Shoulder,5,29,5,5,9,0
00-0034320,ACT,A01,TRUE,0,0,0,0,0,NA,3,3,2,2,1,2
00-0034333,ACT,A01,TRUE,8,2,2,1,6,Back,4,16,4,4,4,9
00-0034342,ACT,A01,TRUE,1,1,1,0,0,Wrist,5,19,6,6,9,2
00-0034348,ACT,A01,TRUE,0,0,0,0,0,NA,3,13,6,6,4,5
00-0034350,ACT,A01,TRUE,5,2,2,0,0,Knee,5,23,12,12,0,5
00-0034351,ACT,A01,TRUE,6,3,3,0,2,Knee,4,25,12,12,1,9
00-0034355,ACT,A01,TRUE,0,0,0,0,0,NA,2,5,3,3,1,2
00-0034356,ACT,A01,TRUE,3,1,1,0,0,Ankle,4,21,4,4,9,1
00-0034357,ACT,A01,TRUE,0,0,0,0,0,NA,2,2,2,2,0,0
00-0034361,ACT,A01,TRUE,5,2,2,1,1,Knee,5,18,7,7,3,3
00-0034365,ACT,A01,TRUE,2,1,1,1,0,Calf,4,14,5,5,7,4
00-0034371,ACT,A01,TRUE,4,2,2,1,1,Groin,2,5,3,3,1,2
00-0034373,ACT,A01,TRUE,3,1,1,1,1,Hamstring,5,20,10,10,6,7
00-0034376,ACT,A01,TRUE,8,1,1,5,1,Groin,5,27,8,8,8,5
00-0034377,ACT,A01,TRUE,5,4,4,1,3,Hamstring,4,21,14,14,1,9
00-0034381,ACT,A01,TRUE,7,1,1,2,1,Ankle,5,41,6,5,4,4
00-0034383,ACT,A01,TRUE,7,1,1,1,1,Knee,4,23,6,6,4,3
00-0034384,ACT,A01,TRUE,5,2,2,2,1,Hamstring,5,28,8,7,8,7
00-0034386,ACT,A01,TRUE,4,2,2,2,1,Calf,4,17,6,6,5,4
00-0034391,ACT,A01,TRUE,1,1,1,0,0,Concussion,4,6,4,4,0,1
00-0034397,ACT,A01,TRUE,1,1,1,0,1,Foot,2,5,2,2,2,1
00-0034399,ACT,A01,TRUE,4,2,2,2,2,Calf,4,20,7,7,4,4
00-0034413,ACT,A01,TRUE,2,1,1,0,0,Hamstring,3,6,2,2,3,1
00-0034417,ACT,A01,TRUE,0,0,0,0,0,NA,1,1,1,0,0,0
00-0034418,ACT,A01,TRUE,3,2,2,0,1,Knee,4,23,8,8,8,6
00-0034419,ACT,A01,TRUE,7,3,3,0,2,Hamstring,5,17,6,6,4,4
00-0034429,ACT,A01,TRUE,0,0,0,0,0,NA,3,14,6,6,2,5
00-0034431,ACT,A01,TRUE,7,1,1,0,5,Ankle,4,19,4,3,4,11
00-0034437,ACT,A01,TRUE,3,1,1,0,0,Groin,3,7,2,2,1,1
00-0034446,ACT,A01,TRUE,0,0,0,0,0,NA,3,11,5,5,6,3
00-0034465,ACT,A01,TRUE,0,0,0,0,0,NA,0,0,0,0,0,0
00-0034473,ACT,A01,TRUE,4,1,1,0,0,Chest,5,18,8,8,4,4
00-0034485,ACT,A01,TRUE,0,0,0,0,0,NA,1,6,1,1,0,0
00-0034487,ACT,A01,TRUE,1,1,1,0,0,Toe,4,5,2,2,2,0
00-0034488,ACT,A01,TRUE,0,0,0,0,0,NA,1,7,4,4,0,3
00-0034495,ACT,A01,TRUE,9,6,1,2,6,Hamstring,4,28,11,6,9,11
00-0034571,ACT,A01,TRUE,0,0,0,0,0,NA,3,4,3,3,0,0
00-0034573,ACT,A01,TRUE,7,3,3,1,4,Concussion,5,31,11,7,13,11
00-0034577,ACT,A01,TRUE,0,0,0,0,0,NA,0,0,0,0,0,0
00-0034613,ACT,A01,TRUE,2,2,2,0,1,Concussion,4,11,6,6,4,6
00-0034639,ACT,A01,TRUE,2,1,1,1,0,Calf,4,11,6,6,2,2
00-0034657,ACT,A01,TRUE,0,0,0,0,0,NA,1,2,1,1,1,0
00-0034668,ACT,A01,TRUE,1,1,0,0,1,NA,3,4,4,3,0,3
00-0034673,ACT,A01,TRUE,3,2,2,1,1,Groin,4,18,9,9,5,7
00-0034675,ACT,A01,TRUE,6,1,1,1,1,Knee,4,10,5,5,1,2
00-0034720,ACT,A01,TRUE,7,4,4,2,2,Ankle,5,23,9,9,6,5
00-0034721,ACT,A01,TRUE,1,1,1,0,0,Ankle,3,5,3,3,2,1
00-0034752,ACT,A01,TRUE,0,0,0,0,0,NA,4,22,6,6,5,4
00-0034753,ACT,A01,TRUE,1,1,1,0,0,Glute,3,8,2,2,6,3
00-0034754,ACT,A01,TRUE,1,0,0,1,0,Groin,4,7,5,5,1,2
00-0034759,ACT,A01,TRUE,3,3,3,0,0,Ankle,5,29,9,9,6,3
00-0034760,ACT,A01,TRUE,3,2,2,1,1,Ankle,3,9,4,4,5,1
00-0034763,ACT,A01,TRUE,0,0,0,0,0,NA,1,3,1,1,0,0
00-0034768,ACT,A01,TRUE,2,1,1,1,0,Hand,4,9,5,5,1,1
00-0034771,ACT,A01,TRUE,0,0,0,0,0,NA,0,0,0,0,0,0
00-0034773,ACT,A01,TRUE,3,1,1,2,1,Foot,5,29,8,8,18,9
00-0034775,ACT,A01,TRUE,7,5,5,1,5,Hamstring,4,11,8,8,2,7
00-0034778,ACT,A01,TRUE,6,1,1,2,0,Achilles,5,37,11,11,16,8
00-0034779,ACT,A01,TRUE,1,1,0,0,1,NA,3,12,4,3,3,1
00-0034780,ACT,A01,TRUE,3,2,2,1,2,Hamstring,4,9,5,5,4,4
00-0034782,ACT,A01,TRUE,7,1,1,3,0,Foot,5,17,4,4,7,1
00-0034789,ACT,A01,TRUE,5,4,4,0,3,Calf,5,28,16,15,2,11
00-0034790,ACT,A01,TRUE,4,1,1,0,0,Ankle,5,23,6,6,6,4
00-0034794,ACT,A01,TRUE,3,3,3,0,0,Hip,1,3,3,3,0,0
00-0034796,ACT,A01,TRUE,12,4,4,1,3,Hamstring,5,37,15,12,9,14
00-0034798,ACT,A01,TRUE,1,0,0,1,0,Calf,3,17,2,2,8,0
00-0034800,ACT,A01,TRUE,14,1,1,3,0,Ankle,3,25,3,3,7,2
00-0034805,ACT,A01,TRUE,7,1,1,1,0,Hip,5,29,5,4,12,1
00-0034810,ACT,A01,TRUE,4,1,1,0,0,Calf,5,20,7,7,4,4
00-0034815,ACT,A01,TRUE,2,2,2,0,2,Ankle,3,9,4,4,2,3
00-0034818,ACT,A01,TRUE,3,2,0,1,1,NA,4,28,5,3,2,1
00-0034825,ACT,A01,TRUE,8,5,5,3,6,Quadricep,4,14,8,8,4,7
00-0034827,ACT,A01,TRUE,9,1,1,1,1,Hip,5,16,3,3,6,1
00-0034828,ACT,A01,TRUE,14,4,4,7,4,Knee,4,27,7,6,8,4
00-0034829,ACT,A01,TRUE,2,2,2,0,1,Pectoral,2,4,3,3,0,1
00-0034832,ACT,A01,TRUE,4,1,1,2,0,Foot,5,21,5,4,12,2
00-0034836,ACT,A01,TRUE,7,2,2,0,2,Concussion,5,44,22,18,9,30
00-0034837,ACT,A01,TRUE,5,3,3,2,3,Hamstring,3,12,6,4,2,6
00-0034843,ACT,A01,TRUE,6,3,3,2,3,Ankle,5,19,9,9,7,6
00-0034844,ACT,A01,TRUE,4,1,1,0,0,Groin,5,41,10,9,9,5
00-0034847,ACT,A01,TRUE,3,1,1,1,1,Foot,4,11,5,5,2,2
00-0034855,ACT,A01,TRUE,10,1,1,2,0,Shoulder,5,31,5,5,7,2
00-0034856,ACT,A01,TRUE,13,3,3,0,3,Shoulder,5,51,14,14,10,11
00-0034857,ACT,A01,TRUE,5,1,1,0,0,Foot,5,41,5,5,1,0
00-0034867,ACT,A01,TRUE,0,0,0,0,0,NA,1,2,1,1,1,1
00-0034869,ACT,A01,TRUE,4,1,1,1,0,Oblique,3,11,3,3,2,1
00-0034874,ACT,A01,TRUE,6,3,3,0,2,Hamstring,5,18,7,7,4,4
00-0034941,ACT,A01,TRUE,1,1,1,0,0,Knee,4,7,5,3,1,2
00-0034951,ACT,A01,TRUE,3,1,1,0,0,Ankle,3,9,3,3,1,1
00-0034959,ACT,A01,TRUE,0,0,0,0,0,NA,3,14,8,8,5,5
00-0034960,ACT,A01,TRUE,2,1,1,1,0,Knee,5,26,5,5,17,3
00-0034966,ACT,A01,TRUE,0,0,0,0,0,NA,1,2,1,1,0,0
00-0034967,ACT,A01,TRUE,0,0,0,0,0,NA,3,15,3,3,5,1
00-0034968,ACT,A01,TRUE,0,0,0,0,0,NA,4,23,8,8,11,5
00-0034973,ACT,A01,TRUE,10,2,2,1,2,Knee,4,35,6,6,8,6
00-0034974,ACT,A01,TRUE,10,3,3,3,2,Hamstring,4,21,6,6,6,3
00-0034975,ACT,A01,TRUE,3,3,3,0,1,Toe,4,14,9,9,3,5
00-0034978,ACT,A01,TRUE,5,3,3,1,1,Biceps,5,15,9,8,2,5
00-0034981,ACT,A01,TRUE,2,1,1,1,1,Ankle,5,17,6,6,4,3
00-0034982,ACT,A01,TRUE,8,6,6,1,4,Quadricep,5,38,20,20,8,14
00-0034987,ACT,A01,TRUE,2,1,1,1,0,Knee,5,12,5,5,6,2
00-0034989,ACT,A01,TRUE,3,2,2,0,0,Concussion,2,4,3,3,0,0
00-0034993,ACT,A01,TRUE,3,2,2,1,1,Concussion,3,9,4,4,3,1
00-0034994,ACT,A01,TRUE,0,0,0,0,0,NA,1,2,1,1,0,0
00-0035020,ACT,A01,TRUE,14,5,5,4,5,Hamstring,4,29,10,10,10,10
00-0035021,ACT,A01,TRUE,3,2,2,0,1,Chest,3,9,7,7,1,4
00-0035039,ACT,A01,TRUE,0,0,0,0,0,NA,1,1,1,1,0,1
00-0035100,ACT,A01,TRUE,0,0,0,0,0,NA,1,4,1,1,0,0
00-0035112,ACT,A01,TRUE,11,4,4,0,3,Back,5,30,9,9,11,7
00-0035118,ACT,A01,TRUE,0,0,0,0,0,NA,1,1,0,0,1,0
00-0035125,ACT,A01,TRUE,5,1,1,0,0,Neck,5,34,6,6,13,1
00-0035133,ACT,A01,TRUE,3,1,0,2,0,Neck,5,19,7,6,5,4
00-0035140,ACT,A01,TRUE,2,1,1,1,1,Calf,5,29,9,9,7,7
00-0035144,ACT,A01,TRUE,3,2,2,1,2,Ribs,3,10,5,5,3,4
00-0035149,ACT,A01,TRUE,0,0,0,0,0,NA,2,6,2,2,1,0
00-0035156,ACT,A01,TRUE,0,0,0,0,0,NA,0,0,0,0,0,0
00-0035166,ACT,A01,TRUE,8,1,1,1,1,Knee,5,29,9,9,8,10
00-0035190,ACT,A01,TRUE,1,0,0,1,0,Ankle,2,2,1,0,1,0
00-0035192,ACT,A01,TRUE,2,2,2,0,1,Calf,2,3,3,2,0,2
00-0035202,ACT,A01,TRUE,2,0,0,2,0,Hamstring,4,9,2,2,5,2
00-0035208,ACT,A01,TRUE,4,1,1,1,1,Hamstring,2,6,2,2,1,1
00-0035227,ACT,A01,TRUE,2,1,1,1,1,Neck,4,17,7,7,5,5
00-0035228,ACT,A01,TRUE,4,1,0,3,1,Foot,5,20,6,5,12,2
00-0035229,ACT,A01,TRUE,3,3,3,0,2,Shoulder,5,22,8,8,8,4
00-0035230,ACT,A01,TRUE,6,4,4,2,3,Ankle,5,21,12,12,7,8
00-0035234,ACT,A01,TRUE,7,2,2,0,2,Ankle,5,19,6,6,2,3
00-0035235,RET,R02,FALSE,0,0,0,0,0,NA,2,17,5,5,2,2
00-0035236,ACT,A01,TRUE,0,0,0,0,0,NA,3,19,12,12,7,11
00-0035237,ACT,A01,TRUE,15,3,3,1,3,Knee,5,28,7,7,3,4
00-0035238,ACT,A01,TRUE,0,0,0,0,0,NA,3,7,3,3,3,1
00-0035239,ACT,A01,TRUE,0,0,0,0,0,NA,4,26,11,10,11,6
00-0035242,ACT,A01,TRUE,0,0,0,0,0,NA,4,19,10,10,5,7
00-0035244,ACT,A01,TRUE,2,1,1,1,0,Fibula,5,24,14,14,6,11
00-0035248,ACT,A01,TRUE,1,1,1,0,0,Calf,5,18,8,8,4,5
00-0035249,ACT,A01,TRUE,5,3,3,0,2,Foot,2,20,6,6,0,4
00-0035250,ACT,A01,TRUE,0,0,0,0,0,NA,2,4,2,2,2,1
00-0035251,ACT,A01,TRUE,0,0,0,0,0,NA,1,2,1,1,1,0
00-0035253,ACT,A01,TRUE,3,2,2,1,1,Concussion,5,14,8,7,4,5
00-0035254,ACT,A01,TRUE,4,3,2,1,2,Knee,5,12,7,5,4,3
00-0035258,ACT,A01,TRUE,2,1,1,1,0,Elbow,4,7,4,3,2,0
00-0035261,ACT,A01,TRUE,7,1,1,0,0,Neck,5,27,5,5,10,7
00-0035262,ACT,A01,TRUE,4,1,1,0,0,Knee,5,20,7,7,6,4
00-0035264,ACT,A01,TRUE,0,0,0,0,0,NA,1,1,1,1,0,0
00-0035266,ACT,A01,TRUE,1,1,1,0,0,Knee,4,10,4,3,6,2
00-0035269,ACT,A01,TRUE,3,2,2,0,1,Back,4,9,5,5,2,2
00-0035270,ACT,A01,TRUE,0,0,0,0,0,NA,3,5,4,4,1,3
00-0035272,ACT,A01,TRUE,9,6,6,2,3,Neck,5,26,10,10,7,3
00-0035276,ACT,A01,TRUE,3,1,1,1,1,Hamstring,4,23,11,11,2,8
00-0035277,ACT,A01,TRUE,1,0,0,1,0,Ribs,2,2,1,0,1,0
00-0035279,ACT,A01,TRUE,9,1,1,0,0,Ankle,4,18,6,6,1,0
00-0035280,ACT,A01,TRUE,0,0,0,0,0,NA,3,6,1,1,5,1
00-0035282,ACT,A01,TRUE,1,1,0,0,1,NA,1,1,1,0,0,1
00-0035286,ACT,A01,TRUE,4,3,0,1,3,NA,5,19,13,10,2,8
00-0035289,ACT,A01,TRUE,0,0,0,0,0,NA,2,3,2,1,0,2
00-0035298,ACT,A01,TRUE,4,4,4,0,3,Finger,2,5,5,5,0,3
00-0035316,ACT,A01,TRUE,11,1,1,0,0,Elbow,4,16,5,5,1,2
00-0035317,RET,R02,FALSE,0,0,0,0,0,NA,1,1,1,1,0,1
00-0035352,ACT,A01,TRUE,3,1,1,2,0,Concussion,4,10,3,3,4,0
00-0035357,ACT,A01,TRUE,6,1,1,3,0,Hamstring,5,35,5,4,5,2
00-0035358,ACT,A01,TRUE,2,1,0,0,1,NA,3,4,2,1,1,1
00-0035359,ACT,A01,TRUE,0,0,0,0,0,NA,0,0,0,0,0,0
00-0035363,ACT,A01,TRUE,0,0,0,0,0,NA,0,0,0,0,0,0
00-0035378,ACT,A01,TRUE,3,2,2,0,1,Concussion,4,12,3,3,8,1
00-0035386,ACT,A01,TRUE,11,7,7,2,7,Hamstring,3,13,9,9,2,7
00-0035402,ACT,A01,TRUE,0,0,0,0,0,NA,4,6,4,4,2,1
00-0035406,ACT,A01,TRUE,0,0,0,0,0,NA,1,3,0,0,3,2
00-0035408,ACT,A01,TRUE,0,0,0,0,0,NA,1,1,1,0,0,0
00-0035409,ACT,A01,TRUE,3,3,3,0,1,Concussion,2,6,4,4,2,3
00-0035413,ACT,A01,TRUE,6,1,1,4,1,Hip,4,23,9,9,6,8
00-0035500,ACT,A01,TRUE,2,1,1,1,1,Chest,4,11,2,2,7,3
00-0035525,ACT,A01,TRUE,2,1,0,1,0,Foot,5,11,5,4,4,0
00-0035526,ACT,A01,TRUE,1,1,1,0,0,Hip,5,52,6,6,12,7
00-0035535,ACT,A01,TRUE,9,4,4,0,3,Hamstring,5,21,9,9,5,7
00-0035537,ACT,A01,TRUE,2,0,0,2,0,Ankle,3,8,2,2,3,0
00-0035542,ACT,A01,TRUE,0,0,0,0,0,NA,2,3,3,3,0,3
00-0035544,ACT,A01,TRUE,1,0,0,1,0,Abdomen,1,1,0,0,1,0
00-0035588,ACT,A01,TRUE,6,1,1,1,1,Hip,5,22,9,8,5,5
00-0035594,ACT,A01,TRUE,7,3,3,2,1,Ankle,5,25,12,12,11,9
00-0035630,ACT,A01,TRUE,6,1,1,4,0,Foot,4,18,4,3,6,2
00-0035631,ACT,A01,TRUE,2,1,1,0,0,Ankle,5,11,7,7,2,3
00-0035632,ACT,A01,TRUE,3,1,1,1,1,Ankle,5,26,15,15,7,12
00-0035633,ACT,A01,TRUE,0,0,0,0,0,NA,3,9,4,4,4,3
00-0035636,ACT,A01,TRUE,3,1,1,2,1,Knee,4,6,4,3,2,2
00-0035637,ACT,A01,TRUE,0,0,0,0,0,NA,3,15,8,8,2,6
00-0035639,RET,R02,FALSE,0,0,0,0,0,NA,3,7,3,2,3,1
00-0035640,ACT,A01,TRUE,11,1,1,0,2,Abdomen,5,54,6,6,6,6
00-0035642,ACT,A01,TRUE,1,1,0,0,0,NA,4,9,4,3,1,0
00-0035643,ACT,A01,TRUE,12,3,3,1,2,Hamstring,5,48,12,12,8,12
00-0035644,ACT,A01,TRUE,4,3,3,1,2,Ankle,5,35,9,9,4,5
00-0035645,RES,R36,FALSE,3,1,1,2,1,Concussion,4,10,6,6,4,4
00-0035647,ACT,A01,TRUE,0,0,0,0,0,NA,4,14,5,4,4,4
00-0035655,ACT,A01,TRUE,2,1,1,1,0,Ankle,4,10,4,4,5,2
00-0035659,ACT,A01,TRUE,10,8,8,0,9,Quadricep,4,23,11,11,1,11
00-0035662,ACT,A01,TRUE,10,2,1,0,1,Ankle,5,38,10,9,15,10
00-0035668,ACT,A01,TRUE,0,0,0,0,0,NA,2,3,3,2,0,1
00-0035669,ACT,A01,TRUE,1,0,0,1,0,Groin,5,13,5,5,5,3
00-0035672,ACT,A01,TRUE,1,1,0,0,0,NA,4,13,6,5,1,2
00-0035674,ACT,A01,TRUE,3,1,1,1,1,Elbow,3,6,4,3,1,2
00-0035676,ACT,A01,TRUE,3,2,2,0,1,Hamstring,5,50,10,10,4,11
00-0035678,ACT,A01,TRUE,1,0,0,1,1,Knee,5,19,4,3,8,6
00-0035679,ACT,A01,TRUE,1,1,1,0,0,Ankle,3,9,5,5,2,1
00-0035680,ACT,A01,TRUE,2,1,1,1,0,Hand,5,20,7,7,2,2
00-0035683,ACT,A01,TRUE,6,1,1,2,3,Elbow,5,28,5,3,8,4
00-0035685,ACT,A01,TRUE,1,0,0,1,0,NA,5,19,11,10,5,8
00-0035686,ACT,A01,TRUE,0,0,0,0,0,NA,3,6,4,4,1,2
00-0035688,ACT,A01,TRUE,8,3,3,3,3,Knee,4,37,8,8,11,7
00-0035689,ACT,A01,TRUE,4,1,1,1,0,Knee,5,25,9,9,5,4
00-0035698,ACT,A01,TRUE,5,2,2,0,2,Calf,5,27,9,8,9,10
00-0035699,ACT,A01,TRUE,5,4,4,1,3,Hip,5,33,17,16,12,13
00-0035700,ACT,A01,TRUE,13,1,1,4,1,Knee,5,46,6,6,18,9
00-0035702,ACT,A01,TRUE,2,1,1,1,0,Calf,5,21,4,4,13,1
00-0035704,ACT,A01,TRUE,1,1,0,0,0,NA,4,8,3,2,2,1
00-0035705,ACT,A01,TRUE,3,2,2,1,2,Hamstring,4,15,7,7,8,6
00-0035710,ACT,A01,TRUE,3,1,1,0,0,Fibula,4,12,9,9,1,1
00-0035713,ACT,A01,TRUE,1,0,0,1,0,Hip,5,24,4,4,9,3
00-0035717,ACT,A01,TRUE,3,1,1,0,1,Knee,5,36,7,7,9,8
00-0035718,ACT,A01,TRUE,4,1,1,2,0,Neck,4,13,3,3,9,3
00-0035743,ACT,A01,TRUE,1,0,0,1,0,Concussion,1,1,0,0,1,0
00-0035763,ACT,A01,TRUE,2,1,1,1,1,Calf,5,10,6,4,4,3
00-0035764,ACT,A01,TRUE,0,0,0,0,0,NA,3,8,4,4,2,1
00-0035795,ACT,A01,TRUE,5,4,4,0,3,Calf,3,12,7,7,3,6
00-0035821,ACT,A01,TRUE,0,0,0,0,0,NA,0,0,0,0,0,0
00-0035827,ACT,A01,TRUE,1,1,1,0,0,Back,5,8,2,2,6,1
00-0035829,ACT,A01,TRUE,0,0,0,0,0,NA,0,0,0,0,0,0
00-0035841,ACT,A01,TRUE,5,3,3,2,2,Ankle,3,13,4,4,5,2
00-0035857,ACT,A01,TRUE,0,0,0,0,0,NA,0,0,0,0,0,0
00-0035859,ACT,A01,TRUE,2,1,1,1,1,Back,4,5,3,2,2,2
00-0035889,ACT,A01,TRUE,0,0,0,0,0,NA,1,4,1,1,1,0
00-0035890,ACT,A01,TRUE,12,7,7,4,7,Hamstring,4,16,9,9,5,8
00-0035891,ACT,A01,TRUE,9,1,1,0,0,Abdomen,1,9,1,1,0,0
00-0035895,ACT,A01,TRUE,2,1,1,0,0,Ankle,5,11,7,7,2,2
00-0035900,ACT,A01,TRUE,0,0,0,0,0,NA,0,0,0,0,0,0
00-0035933,ACT,A01,TRUE,0,0,0,0,0,NA,1,4,1,1,2,1
00-0035942,ACT,A01,TRUE,3,3,3,0,2,Hip,4,8,6,6,1,2
00-0035944,ACT,A01,TRUE,1,0,0,1,0,Shoulder,2,2,1,1,1,0
00-0035946,ACT,A01,TRUE,0,0,0,0,0,NA,1,1,1,0,0,0
00-0035973,ACT,A01,TRUE,0,0,0,0,0,NA,0,0,0,0,0,0
00-0035976,ACT,A01,TRUE,0,0,0,0,0,NA,0,0,0,0,0,0
00-0035992,ACT,A01,TRUE,3,1,1,2,1,Wrist,3,9,5,3,3,4
00-0035993,ACT,A01,TRUE,0,0,0,0,0,NA,4,9,4,2,4,3
00-0035997,ACT,A01,TRUE,0,0,0,0,0,NA,0,0,0,0,0,0
00-0036020,ACT,A01,TRUE,0,0,0,0,0,NA,3,9,2,2,5,0
00-0036032,ACT,A01,TRUE,0,0,0,0,0,NA,1,4,1,1,0,0
00-0036036,ACT,A01,TRUE,0,0,0,0,0,NA,2,3,2,1,1,0
00-0036037,ACT,A01,TRUE,1,1,0,0,0,NA,4,9,4,2,5,0
00-0036040,ACT,A01,TRUE,4,1,1,1,0,Ankle,4,23,7,7,8,4
00-0036081,ACT,A01,TRUE,1,1,1,0,1,Ankle,3,8,5,5,0,2
00-0036082,ACT,A01,TRUE,4,1,0,1,4,NA,1,4,1,0,1,4
00-0036087,ACT,A01,TRUE,1,1,1,0,0,Ankle,3,7,3,3,3,0
00-0036105,ACT,A01,TRUE,0,0,0,0,0,NA,2,5,1,1,3,1
00-0036114,ACT,A01,TRUE,0,0,0,0,0,NA,2,11,4,4,2,2
00-0036123,ACT,A01,TRUE,0,0,0,0,0,NA,0,0,0,0,0,0
00-0036124,ACT,A01,TRUE,3,1,1,2,1,Concussion,2,6,3,2,3,2
00-0036130,ACT,A01,TRUE,3,3,3,0,2,Neck,3,5,5,4,0,2
00-0036132,ACT,A01,TRUE,6,3,3,1,2,Hamstring,5,21,11,11,3,9
00-0036139,ACT,A01,TRUE,5,1,1,0,0,Quadricep,4,18,5,5,3,2
00-0036145,ACT,A01,TRUE,0,0,0,0,0,NA,1,3,1,1,2,0
00-0036157,ACT,A01,TRUE,2,1,1,1,1,Ankle,3,4,1,1,3,2
00-0036158,ACT,A01,TRUE,2,2,2,0,1,Foot,3,18,6,5,5,6
00-0036159,ACT,A01,TRUE,1,1,1,0,0,Groin,5,19,6,6,13,2
00-0036162,ACT,A01,TRUE,1,1,1,0,1,Hip,1,1,1,1,0,1
00-0036165,ACT,A01,TRUE,0,0,0,0,0,NA,1,2,1,1,0,0
00-0036166,ACT,A01,TRUE,0,0,0,0,0,NA,4,16,5,5,8,2
00-0036171,ACT,A01,TRUE,10,1,1,4,0,Pectoral,5,30,6,6,8,2
00-0036176,ACT,A01,TRUE,0,0,0,0,0,NA,0,0,0,0,0,0
00-0036181,ACT,A01,TRUE,3,1,0,2,0,Groin,4,27,10,8,9,7
00-0036182,ACT,A01,TRUE,0,0,0,0,0,NA,3,5,3,3,2,2
00-0036187,ACT,A01,TRUE,3,1,1,0,0,Knee,4,15,5,5,4,2
00-0036193,ACT,A01,TRUE,6,2,2,0,1,Ankle,4,27,4,4,13,1
00-0036195,ACT,A01,TRUE,2,1,1,0,0,Knee,2,5,2,2,0,0
00-0036198,ACT,A01,TRUE,3,1,1,1,0,Shoulder,4,12,3,3,8,0
00-0036199,ACT,A01,TRUE,0,0,0,0,0,NA,4,11,2,2,6,2
00-0036204,ACT,A01,TRUE,5,2,2,1,1,Shoulder,2,7,3,3,2,1
00-0036212,ACT,A01,TRUE,4,1,1,0,0,Thumb,5,26,11,11,6,5
00-0036214,ACT,A01,TRUE,0,0,0,0,0,NA,3,7,3,3,4,2
00-0036215,ACT,A01,TRUE,1,1,1,0,0,Rib,2,2,1,1,1,0
00-0036220,ACT,A01,TRUE,4,1,1,0,0,Knee,4,8,2,1,2,1
00-0036221,ACT,A01,TRUE,1,1,1,0,0,Foot,5,26,6,6,6,1
00-0036222,ACT,A01,TRUE,2,1,1,0,0,Elbow,3,6,3,3,2,1
00-0036223,ACT,A01,TRUE,0,0,0,0,0,NA,4,17,12,12,3,8
00-0036224,ACT,A01,TRUE,7,2,2,2,1,Shoulder,4,25,7,7,9,5
00-0036231,ACT,A01,TRUE,5,2,2,1,2,Hand,5,38,7,7,28,6
00-0036232,ACT,A01,TRUE,4,2,2,2,2,Neck,5,19,8,8,7,6
00-0036237,ACT,A01,TRUE,0,0,0,0,0,NA,3,15,8,8,3,6
00-0036239,ACT,A01,TRUE,0,0,0,0,0,NA,1,1,1,1,0,0
00-0036244,ACT,A01,TRUE,6,1,1,4,1,Shoulder,3,10,3,3,5,1
00-0036246,ACT,A01,TRUE,1,1,1,0,0,Back,4,10,5,5,2,1
00-0036248,ACT,A01,TRUE,6,3,3,2,1,Toe,5,20,8,8,11,4
00-0036249,ACT,A01,TRUE,0,0,0,0,0,NA,3,9,5,5,4,3
00-0036252,ACT,A01,TRUE,3,1,1,0,0,Glute,5,22,5,5,7,5
00-0036253,ACT,A01,TRUE,1,1,1,0,1,Shoulder,4,12,8,8,2,6
00-0036256,ACT,A01,TRUE,1,1,1,0,0,Calf,4,6,3,3,3,2
00-0036258,ACT,A01,TRUE,3,1,1,0,0,Ankle,5,25,13,13,9,10
00-0036259,ACT,A01,TRUE,10,2,2,4,2,Ankle,4,25,9,9,7,7
00-0036260,ACT,A01,TRUE,6,1,1,0,4,Back,4,21,7,6,7,9
00-0036262,ACT,A01,TRUE,1,1,1,0,0,Back,5,10,6,5,3,0
00-0036264,ACT,A01,TRUE,12,2,2,0,0,Shoulder,2,19,3,3,4,1
00-0036265,ACT,A01,TRUE,0,0,0,0,0,NA,3,13,4,4,4,2
00-0036266,ACT,A01,TRUE,3,1,1,1,1,Knee,5,17,7,7,4,3
00-0036267,ACT,A01,TRUE,0,0,0,0,0,NA,4,27,12,12,9,7
00-0036271,ACT,A01,TRUE,0,0,0,0,0,NA,3,10,6,6,1,2
00-0036272,ACT,A01,TRUE,4,1,1,2,0,Ankle,4,11,4,4,2,1
00-0036275,ACT,A01,TRUE,9,2,2,6,2,Groin,5,41,10,10,22,7
00-0036280,ACT,A01,TRUE,5,1,1,3,0,Knee,5,15,7,6,6,4
00-0036281,ACT,A01,TRUE,0,0,0,0,0,NA,4,19,6,6,7,3
00-0036282,ACT,A01,TRUE,10,1,1,0,0,Back,5,24,7,7,1,2
00-0036285,ACT,A01,TRUE,7,3,3,1,3,Hamstring,4,16,9,9,3,7
00-0036286,ACT,A01,TRUE,8,2,2,1,1,Ankle,3,12,3,3,3,1
00-0036287,ACT,A01,TRUE,0,0,0,0,0,NA,2,7,1,1,2,0
00-0036289,ACT,A01,TRUE,0,0,0,0,0,NA,2,3,1,0,1,3
00-0036290,ACT,A01,TRUE,6,2,2,1,1,Back,5,15,6,6,4,1
00-0036292,ACT,A01,TRUE,9,2,2,4,1,Groin,4,20,7,7,10,7
00-0036293,ACT,A01,TRUE,5,1,1,2,1,Back,3,10,4,4,4,1
00-0036295,ACT,A01,TRUE,0,0,0,0,0,NA,1,1,1,1,0,1
00-0036298,ACT,A01,TRUE,2,1,1,1,0,Elbow,5,16,8,6,4,6
00-0036300,ACT,A01,TRUE,0,0,0,0,0,NA,2,3,2,2,1,2
00-0036302,ACT,A01,TRUE,5,2,2,1,1,Hamstring,5,12,7,5,2,2
00-0036305,ACT,A01,TRUE,0,0,0,0,0,NA,2,2,2,1,0,1
00-0036306,ACT,A01,TRUE,4,3,3,1,1,Forearm,3,11,4,4,6,1
00-0036307,ACT,A01,TRUE,0,0,0,0,0,NA,1,5,2,2,3,2
00-0036309,ACT,A01,TRUE,9,2,2,3,3,Hamstring,4,32,7,7,9,7
00-0036313,ACT,A01,TRUE,0,0,0,0,0,NA,1,1,0,0,1,0
00-0036321,ACT,A01,TRUE,7,6,6,0,5,Calf,4,15,9,8,4,5
00-0036322,ACT,A01,TRUE,2,1,0,0,0,NA,5,11,5,4,4,0
00-0036323,ACT,A01,TRUE,4,1,1,0,0,Oblique,5,12,3,3,3,0
00-0036325,ACT,A01,TRUE,5,1,1,3,0,Biceps,5,26,10,10,10,7
00-0036327,ACT,A01,TRUE,10,2,2,1,1,Ankle,4,25,8,8,5,4
00-0036329,ACT,A01,TRUE,5,1,1,3,1,Quadricep,5,17,8,8,6,4
00-0036331,ACT,A01,TRUE,2,1,1,0,0,Hamstring,5,18,4,4,8,4
00-0036333,ACT,A01,TRUE,8,4,4,1,3,Ankle,5,23,14,14,4,8
00-0036334,ACT,A01,TRUE,0,0,0,0,0,NA,3,12,9,9,2,6
00-0036335,ACT,A01,TRUE,3,2,1,1,1,Hip,4,16,6,4,7,3
00-0036337,ACT,A01,TRUE,6,1,1,1,0,Shoulder,4,13,6,6,1,2
00-0036338,ACT,A01,TRUE,4,1,1,3,1,Hip,2,6,2,2,4,1
00-0036339,ACT,A01,TRUE,5,4,4,0,3,Ankle,5,20,9,9,5,5
00-0036341,ACT,A01,TRUE,0,0,0,0,0,NA,2,5,3,3,2,3
00-0036345,ACT,A01,TRUE,0,0,0,0,0,NA,3,9,3,3,4,2
00-0036347,ACT,A01,TRUE,1,1,1,0,0,Concussion,2,2,2,2,0,1
00-0036348,ACT,A01,TRUE,7,1,1,2,0,Foot,4,13,4,4,3,0
00-0036349,ACT,A01,TRUE,0,0,0,0,0,NA,3,12,4,4,8,5
00-0036354,ACT,A01,TRUE,0,0,0,0,0,NA,0,0,0,0,0,0
00-0036355,ACT,A01,TRUE,6,1,1,1,1,Hand,5,26,5,5,4,4
00-0036356,ACT,A01,TRUE,0,0,0,0,0,NA,4,7,4,3,1,1
00-0036358,ACT,A01,TRUE,6,4,4,0,3,Ankle,5,27,9,9,5,6
00-0036362,ACT,A01,TRUE,0,0,0,0,0,NA,4,17,6,6,4,2
00-0036363,ACT,A01,TRUE,8,5,5,3,4,Ankle,3,15,9,9,3,5
00-0036366,ACT,A01,TRUE,1,1,1,0,0,Knee,4,10,7,7,2,3
00-0036369,ACT,A01,TRUE,1,1,1,0,0,Elbow,5,14,5,4,2,1
00-0036371,ACT,A01,TRUE,1,1,1,0,0,Heel,5,15,7,7,8,2
00-0036374,ACT,A01,TRUE,6,1,1,2,1,Knee,5,59,12,10,9,10
00-0036375,ACT,A01,TRUE,3,0,0,3,0,Hand,5,10,4,4,4,1
00-0036376,ACT,A01,TRUE,0,0,0,0,0,NA,3,16,4,4,5,3
00-0036378,ACT,A01,TRUE,3,2,2,1,1,Quadricep,5,22,12,12,5,4
00-0036380,ACT,A01,TRUE,0,0,0,0,0,NA,3,19,7,7,9,9
00-0036386,ACT,A01,TRUE,7,2,2,3,1,Foot,5,27,11,11,10,6
00-0036387,ACT,A01,TRUE,0,0,0,0,0,NA,2,2,2,2,0,1
00-0036388,ACT,A01,TRUE,1,1,1,0,0,Ankle,5,8,5,4,0,0
00-0036389,ACT,A01,TRUE,0,0,0,0,0,NA,4,20,7,6,3,4
00-0036391,ACT,A01,TRUE,4,3,3,1,1,Foot,3,9,5,5,2,2
00-0036392,ACT,A01,TRUE,0,0,0,0,0,NA,1,4,3,3,0,2
00-0036394,ACT,A01,TRUE,1,0,0,1,1,NA,3,5,2,2,2,1
00-0036395,ACT,A01,TRUE,0,0,0,0,0,NA,4,12,8,8,2,1
00-0036396,ACT,A01,TRUE,0,0,0,0,0,NA,2,2,2,2,0,0
00-0036406,ACT,A01,TRUE,11,5,5,2,3,Knee,5,35,9,9,9,5
00-0036407,ACT,A01,TRUE,2,1,1,0,0,Knee,4,33,6,6,5,3
00-0036408,ACT,A01,TRUE,5,4,4,0,3,Ankle,4,13,11,11,0,9
00-0036409,ACT,A01,TRUE,4,1,1,2,0,Elbow,5,26,5,5,6,1
00-0036410,ACT,A01,TRUE,4,3,3,1,2,Concussion,5,41,11,11,17,11
00-0036411,ACT,A01,TRUE,2,1,1,0,0,Foot,5,30,18,18,11,15
00-0036415,ACT,A01,TRUE,4,2,2,2,1,Ankle,5,16,9,8,5,5
00-0036416,ACT,A01,TRUE,8,2,2,2,1,Ankle,5,32,14,14,10,9
00-0036417,ACT,A01,TRUE,7,1,1,2,1,Shoulder,5,38,7,7,12,7
00-0036418,ACT,A01,TRUE,6,1,1,0,0,Hand,3,10,3,3,1,1
00-0036421,ACT,A01,TRUE,0,0,0,0,0,NA,0,0,0,0,0,0
00-0036422,ACT,A01,TRUE,1,1,0,0,1,NA,4,8,5,4,3,3
00-0036423,ACT,A01,TRUE,0,0,0,0,0,NA,4,10,4,3,3,1
00-0036425,ACT,A01,TRUE,0,0,0,0,0,NA,4,14,3,3,7,5
00-0036427,ACT,A01,TRUE,0,0,0,0,0,NA,0,0,0,0,0,0
00-0036428,ACT,A01,TRUE,3,2,2,0,1,Foot,5,8,5,5,1,2
00-0036429,ACT,A01,TRUE,5,1,1,0,4,Ankle,3,13,4,4,0,7
00-0036442,ACT,A01,TRUE,4,3,3,0,0,Toe,5,37,8,8,2,1
00-0036443,ACT,A01,TRUE,0,0,0,0,0,NA,0,0,0,0,0,0
00-0036448,E14,E14,FALSE,0,0,0,0,0,NA,0,0,0,0,0,0
00-0036463,ACT,A01,TRUE,0,0,0,0,0,NA,0,0,0,0,0,0
00-0036479,ACT,A01,TRUE,1,1,1,0,0,Ankle,5,21,14,14,5,11
00-0036480,ACT,A01,TRUE,0,0,0,0,0,NA,3,5,3,3,1,1
00-0036483,ACT,A01,TRUE,3,1,1,0,0,Calf,1,3,1,1,0,0
00-0036497,ACT,A01,TRUE,0,0,0,0,0,NA,1,1,0,0,1,0
00-0036500,ACT,A01,TRUE,0,0,0,0,0,NA,2,4,2,2,1,1
00-0036501,ACT,A01,TRUE,6,4,4,2,2,Concussion,4,24,11,11,6,7
00-0036502,ACT,A01,TRUE,1,1,1,0,0,Heel,4,12,6,6,4,3
00-0036504,ACT,A01,TRUE,2,2,2,0,1,Groin,5,14,11,11,2,8
00-0036534,ACT,A01,TRUE,2,1,1,1,1,Knee,2,3,2,2,1,1
00-0036535,ACT,A01,TRUE,0,0,0,0,0,NA,0,0,0,0,0,0
00-0036550,ACT,A01,TRUE,8,3,3,2,5,Ankle,5,25,11,9,6,12
00-0036551,ACT,A01,TRUE,15,1,1,4,3,Groin,5,36,10,10,11,10
00-0036552,ACT,A01,TRUE,2,1,1,1,1,Hamstring,5,22,10,9,9,6
00-0036554,ACT,A01,TRUE,7,3,3,0,2,Concussion,5,33,12,12,7,10
00-0036555,ACT,A01,TRUE,4,3,3,1,2,Calf,4,14,7,6,3,4
00-0036556,ACT,A01,TRUE,0,0,0,0,0,NA,3,15,8,8,5,8
00-0036557,ACT,A01,TRUE,4,1,1,3,2,Knee,4,8,5,5,3,3
00-0036561,RES,R36,FALSE,0,0,0,0,0,NA,0,0,0,0,0,0
00-0036563,ACT,A01,TRUE,3,1,0,2,1,Calf,4,9,6,5,3,3
00-0036564,ACT,A01,TRUE,1,1,1,0,0,Chest,5,20,6,6,7,5
00-0036567,ACT,A01,TRUE,0,0,0,0,0,NA,3,26,8,8,11,10
00-0036568,ACT,A01,TRUE,0,0,0,0,0,NA,3,9,3,3,5,2
00-0036569,ACT,A01,TRUE,0,0,0,0,0,NA,3,10,4,4,4,4
00-0036584,ACT,A01,TRUE,0,0,0,0,0,NA,0,0,0,0,0,0
00-0036587,ACT,A01,TRUE,2,1,1,1,0,Achilles,4,7,3,3,3,1
00-0036590,ACT,A01,TRUE,4,3,3,0,1,Groin,4,28,8,8,4,3
00-0036596,ACT,A01,TRUE,0,0,0,0,0,NA,4,19,6,6,5,2
00-0036603,ACT,A01,TRUE,16,1,1,2,12,Knee,4,30,3,2,11,21
00-0036604,ACT,A01,TRUE,4,0,0,4,0,Ankle,3,10,3,3,6,2
00-0036613,ACT,A01,TRUE,8,1,1,2,0,Shoulder,5,36,6,6,11,2
00-0036614,ACT,A01,TRUE,0,0,0,0,0,NA,3,6,3,3,2,3
00-0036616,ACT,A01,TRUE,15,3,3,7,4,Knee,5,32,14,13,11,7
00-0036617,ACT,A01,TRUE,0,0,0,0,0,NA,2,10,7,7,2,4
00-0036618,ACT,A01,TRUE,4,3,3,1,1,Knee,5,26,14,14,4,9
00-0036619,ACT,A01,TRUE,5,3,3,2,2,Toe,4,14,7,7,5,5
00-0036621,ACT,A01,TRUE,6,1,1,1,0,Biceps,5,33,9,9,5,4
00-0036622,ACT,A01,TRUE,1,1,1,0,0,Ankle,5,22,7,7,5,3
00-0036623,ACT,A01,TRUE,1,1,1,0,0,Rib,3,4,3,2,0,1
00-0036624,ACT,A01,TRUE,5,3,3,2,1,Knee,4,9,4,4,4,2
00-0036625,ACT,A01,TRUE,3,1,1,2,1,Shoulder,5,25,11,10,6,9
00-0036626,ACT,A01,TRUE,6,1,1,1,0,Shoulder,4,17,7,7,5,4
00-0036628,ACT,A01,TRUE,7,3,3,1,3,Calf,4,14,6,6,2,3
00-0036629,ACT,A01,TRUE,0,0,0,0,0,NA,2,6,3,2,2,3
00-0036630,ACT,A01,TRUE,0,0,0,0,0,NA,4,6,4,4,2,2
00-0036635,ACT,A01,TRUE,0,0,0,0,0,NA,3,6,5,5,0,2
00-0036637,ACT,A01,TRUE,5,2,2,0,1,Shoulder,4,11,5,5,0,1
00-0036638,RES,R36,FALSE,0,0,0,0,0,NA,2,2,2,1,0,0
00-0036642,ACT,A01,TRUE,0,0,0,0,0,NA,2,5,1,1,3,0
00-0036643,ACT,A01,TRUE,1,1,1,0,0,Groin,4,11,5,5,5,3
00-0036644,ACT,A01,TRUE,0,0,0,0,0,NA,2,3,2,1,1,1
00-0036645,ACT,A01,TRUE,0,0,0,0,0,NA,2,7,5,5,2,2
00-0036646,ACT,A01,TRUE,1,1,1,0,0,Concussion,4,6,3,3,2,1
00-0036648,ACT,A01,TRUE,3,2,2,1,1,Pectoral,2,4,2,2,2,1
00-0036649,ACT,A01,TRUE,1,1,0,0,0,NA,4,13,4,1,4,2
00-0036653,ACT,A01,TRUE,0,0,0,0,0,NA,2,6,5,4,1,2
00-0036655,ACT,A01,TRUE,3,1,1,2,0,Shoulder,2,5,1,1,4,0
00-0036658,ACT,A01,TRUE,0,0,0,0,0,NA,2,5,2,2,2,1
00-0036660,ACT,A01,TRUE,11,4,4,3,5,Ankle,5,30,8,7,5,5
00-0036664,ACT,A01,TRUE,0,0,0,0,0,NA,0,0,0,0,0,0
00-0036672,ACT,A01,TRUE,1,0,0,1,0,Foot,5,9,5,5,2,2
00-0036677,ACT,A01,TRUE,3,1,1,2,0,Knee,3,12,8,8,3,5
00-0036679,ACT,A01,TRUE,0,0,0,0,0,NA,0,0,0,0,0,0
00-0036682,ACT,A01,TRUE,0,0,0,0,0,NA,1,1,1,1,0,0
00-0036683,ACT,A01,TRUE,0,0,0,0,0,NA,0,0,0,0,0,0
00-0036695,ACT,A01,TRUE,0,0,0,0,0,NA,4,9,4,3,4,2
00-0036705,ACT,A01,TRUE,2,0,0,2,0,Elbow,3,6,3,3,3,2
00-0036727,ACT,A01,TRUE,0,0,0,0,0,NA,2,3,2,2,1,1
00-0036728,ACT,A01,TRUE,1,1,1,0,0,Elbow,2,2,2,2,0,1
00-0036736,ACT,A01,TRUE,5,2,2,2,1,Foot,2,11,7,7,3,6
00-0036741,ACT,A01,TRUE,3,1,1,1,1,Ankle,5,10,5,4,1,1
00-0036754,ACT,A01,TRUE,4,3,3,1,2,Ankle,4,10,7,7,3,5
00-0036755,ACT,A01,TRUE,0,0,0,0,0,NA,0,0,0,0,0,0
00-0036775,ACT,A01,TRUE,0,0,0,0,0,NA,0,0,0,0,0,0
00-0036783,ACT,A01,TRUE,0,0,0,0,0,NA,0,0,0,0,0,0
00-0036788,ACT,A01,TRUE,0,0,0,0,0,NA,1,4,1,1,1,0
00-0036802,ACT,A01,TRUE,0,0,0,0,0,NA,2,4,4,4,0,3
00-0036813,ACT,A01,TRUE,6,2,2,1,2,Hip,2,12,4,4,4,3
00-0036816,ACT,A01,TRUE,0,0,0,0,0,NA,2,2,1,1,1,0
00-0036825,ACT,A01,TRUE,4,1,1,2,0,Calf,3,12,7,7,3,4
00-0036833,ACT,A01,TRUE,0,0,0,0,0,NA,2,3,2,1,1,0
00-0036839,ACT,A01,TRUE,0,0,0,0,0,NA,0,0,0,0,0,0
00-0036841,ACT,A01,TRUE,0,0,0,0,0,NA,1,1,1,1,0,0
00-0036842,ACT,A01,TRUE,9,6,6,1,5,Hamstring,5,17,10,9,4,7
00-0036843,ACT,A01,TRUE,1,0,0,1,0,Ankle,3,5,3,2,1,3
00-0036844,ACT,A01,TRUE,1,0,0,1,0,Hamstring,3,3,1,1,2,0
00-0036849,ACT,A01,TRUE,5,1,1,2,0,Hamstring,4,9,3,2,4,0
00-0036850,ACT,A01,TRUE,5,2,2,2,2,Oblique,3,15,6,6,4,6
00-0036854,ACT,A01,TRUE,0,0,0,0,0,NA,2,3,2,2,1,0
00-0036855,ACT,A01,TRUE,0,0,0,0,0,NA,1,3,2,2,1,1
00-0036856,ACT,A01,TRUE,0,0,0,0,0,NA,1,2,1,1,1,1
00-0036859,ACT,A01,TRUE,0,0,0,0,0,NA,1,2,2,2,0,2
00-0036862,ACT,A01,TRUE,9,1,1,0,0,Hand,5,32,9,9,8,5
00-0036866,ACT,A01,TRUE,0,0,0,0,0,NA,3,7,5,4,2,4
00-0036867,ACT,A01,TRUE,1,1,1,0,0,Wrist,4,9,4,4,4,2
00-0036869,ACT,A01,TRUE,6,1,1,3,1,Neck,4,12,5,5,4,3
00-0036871,ACT,A01,TRUE,12,4,4,6,3,Knee,5,36,15,15,10,13
00-0036874,ACT,A01,TRUE,4,4,4,0,3,Pectoral,5,14,8,8,3,5
00-0036875,ACT,A01,TRUE,4,2,2,2,3,Toe,5,20,9,8,10,10
00-0036876,ACT,A01,TRUE,1,1,1,0,0,Abdomen,4,12,9,8,2,5
00-0036879,ACT,A01,TRUE,0,0,0,0,0,NA,1,1,0,0,1,1
00-0036880,ACT,A01,TRUE,6,2,2,4,2,Ankle,5,16,5,5,9,2
00-0036881,ACT,A01,TRUE,7,5,3,0,4,Knee,5,13,9,5,2,6
00-0036883,ACT,A01,TRUE,0,0,0,0,0,NA,1,1,1,0,0,0
00-0036884,ACT,A01,TRUE,4,1,1,2,3,Hamstring,5,18,6,6,10,7
00-0036885,ACT,A01,TRUE,0,0,0,0,0,NA,4,20,7,7,6,7
00-0036887,ACT,A01,TRUE,0,0,0,0,0,NA,1,1,0,0,1,0
00-0036888,ACT,A01,TRUE,3,2,2,1,1,Pectoral,4,17,5,5,5,1
00-0036894,ACT,A01,TRUE,1,1,1,0,0,Quadricep,5,16,9,9,1,3
00-0036898,ACT,A01,TRUE,3,1,1,1,1,Elbow,3,5,3,2,1,1
00-0036900,ACT,A01,TRUE,1,0,0,1,1,NA,4,15,7,7,6,5
00-0036901,ACT,A01,TRUE,2,1,1,1,0,Knee,4,12,4,4,7,1
00-0036902,ACT,A01,TRUE,5,4,4,0,3,Ankle,4,15,8,8,2,5
00-0036903,ACT,A01,TRUE,2,1,1,0,0,Concussion,4,8,3,2,3,2
00-0036904,ACT,A01,TRUE,2,2,2,0,1,Concussion,4,10,4,4,5,3
00-0036905,ACT,A01,TRUE,3,1,1,1,1,Thumb,5,15,7,5,5,5
00-0036909,ACT,A01,TRUE,8,4,4,1,3,Foot,4,15,7,7,4,5
00-0036912,ACT,A01,TRUE,2,1,1,0,0,Shoulder,5,30,8,8,2,7
00-0036914,ACT,A01,TRUE,2,1,1,0,0,Back,5,12,8,8,1,4
00-0036915,RES,R41,FALSE,0,0,0,0,0,NA,3,16,5,5,2,3
00-0036916,ACT,A01,TRUE,4,2,2,2,0,Ankle,4,14,6,6,2,1
00-0036919,ACT,A01,TRUE,0,0,0,0,0,NA,4,5,5,5,0,1
00-0036924,ACT,A01,TRUE,0,0,0,0,0,NA,3,4,3,2,1,3
00-0036926,ACT,A01,TRUE,3,1,1,2,0,Ribs,5,24,13,13,9,8
00-0036927,ACT,A01,TRUE,0,0,0,0,0,NA,4,22,12,12,6,9
00-0036930,ACT,A01,TRUE,0,0,0,0,0,NA,4,10,8,8,2,6
00-0036932,ACT,A01,TRUE,7,1,1,2,1,Back,5,28,9,9,9,8
00-0036933,ACT,A01,TRUE,0,0,0,0,0,NA,4,10,5,5,1,2
00-0036934,ACT,A01,TRUE,5,2,2,0,1,Ankle,5,26,7,7,8,3
00-0036937,ACT,A01,TRUE,7,5,5,1,4,Knee,4,19,11,11,7,9
00-0036940,ACT,A01,TRUE,1,0,0,1,1,Eye,4,14,6,6,7,9
00-0036941,ACT,A01,TRUE,1,1,1,0,0,Shoulder,4,11,5,5,5,1
00-0036942,ACT,A01,TRUE,3,1,1,0,0,Elbow,4,8,3,3,1,0
00-0036943,ACT,A01,TRUE,0,0,0,0,0,NA,1,2,1,1,0,0
00-0036944,ACT,A01,TRUE,8,2,2,0,1,Concussion,5,31,9,9,10,7
00-0036945,ACT,A01,TRUE,7,4,4,1,4,Knee,5,30,13,13,9,10
00-0036948,ACT,A01,TRUE,4,2,2,1,1,Calf,3,11,5,4,1,2
00-0036952,ACT,A01,TRUE,4,1,1,0,0,Thumb,4,15,6,6,3,4
00-0036953,ACT,A01,TRUE,5,1,1,0,0,Shoulder,5,26,8,8,9,5
00-0036954,ACT,A01,TRUE,0,0,0,0,0,NA,4,12,5,5,3,4
00-0036955,ACT,A01,TRUE,0,0,0,0,0,NA,3,6,4,4,1,1
00-0036956,ACT,A01,TRUE,4,2,2,1,1,Concussion,2,6,3,3,2,1
00-0036959,ACT,A01,TRUE,0,0,0,0,0,NA,0,0,0,0,0,0
00-0036962,ACT,A01,TRUE,1,1,0,0,0,NA,5,11,6,5,1,1
00-0036963,ACT,A01,TRUE,4,1,1,3,1,Knee,4,15,5,5,9,3
00-0036964,ACT,A01,TRUE,1,1,1,0,0,Knee,4,8,6,6,2,2
00-0036967,ACT,A01,TRUE,5,3,3,2,3,Concussion,3,10,4,4,6,3
00-0036970,ACT,A01,TRUE,7,1,1,2,0,Knee,5,13,4,3,4,2
00-0036971,ACT,A01,TRUE,1,1,1,0,0,Ankle,5,20,5,5,14,2
00-0036972,ACT,A01,TRUE,10,1,1,2,0,Knee,3,16,4,3,5,1
00-0036973,ACT,A01,TRUE,1,1,1,0,0,Shoulder,4,11,3,3,6,0
00-0036974,ACT,A01,TRUE,7,1,1,0,0,Shoulder,4,32,9,9,11,5
00-0036975,ACT,A01,TRUE,3,2,2,1,1,Concussion,3,14,9,9,3,6
00-0036976,ACT,A01,TRUE,5,2,2,3,1,Shoulder,5,23,8,8,6,4
00-0036977,ACT,A01,TRUE,1,1,0,0,0,NA,4,8,5,3,2,2
00-0036979,ACT,A01,TRUE,1,1,1,0,1,Triceps,3,14,4,4,7,3
00-0036980,ACT,A01,TRUE,1,1,0,0,0,NA,5,8,5,3,2,3
00-0036981,ACT,A01,TRUE,15,1,1,1,1,Back,5,49,6,5,29,7
00-0036982,ACT,A01,TRUE,9,7,7,1,7,Neck,3,12,8,8,2,8
00-0036983,ACT,A01,TRUE,0,0,0,0,0,NA,1,4,1,1,1,0
00-0036985,ACT,A01,TRUE,5,1,1,2,0,Groin,3,9,3,3,3,0
00-0036986,ACT,A01,TRUE,2,1,1,1,1,Hamstring,3,8,3,3,2,1
00-0036987,ACT,A01,TRUE,2,1,1,1,1,Neck,4,11,2,1,9,5
00-0036988,ACT,A01,TRUE,9,4,4,4,3,Knee,4,25,13,13,8,10
00-0036989,ACT,A01,TRUE,0,0,0,0,0,NA,3,8,3,3,1,1
00-0036990,ACT,A01,TRUE,3,2,2,0,1,Forearm,5,21,10,10,3,5
00-0036992,ACT,A01,TRUE,11,3,3,8,5,Hamstring,5,24,11,11,12,10
00-0036994,ACT,A01,TRUE,12,1,1,2,2,Knee,5,35,5,5,11,8
00-0036995,ACT,A01,TRUE,3,3,3,0,2,Concussion,5,33,13,13,7,8
00-0036996,ACT,A01,TRUE,7,1,1,1,0,Shoulder,5,34,14,14,5,8
00-0036997,ACT,A01,TRUE,3,2,2,0,1,Neck,4,10,5,5,3,2
00-0036998,ACT,A01,TRUE,6,2,2,3,2,Knee,5,31,6,6,16,4
00-0037001,ACT,A01,TRUE,1,1,0,0,0,NA,4,12,7,5,4,3
00-0037002,ACT,A01,TRUE,12,2,2,1,1,Ankle,5,52,8,8,4,4
00-0037003,ACT,A01,TRUE,3,3,3,0,0,Ankle,4,14,8,8,4,3
00-0037004,ACT,A01,TRUE,5,4,4,0,1,Hip,5,17,13,12,2,5
00-0037005,ACT,A01,TRUE,0,0,0,0,0,NA,4,18,5,5,8,4
00-0037007,ACT,A01,TRUE,5,4,4,0,3,Hamstring,5,19,9,8,4,7
00-0037008,ACT,A01,TRUE,0,0,0,0,0,NA,3,15,6,6,8,5
00-0037009,ACT,A01,TRUE,0,0,0,0,0,NA,3,13,4,4,1,1
00-0037012,ACT,A01,TRUE,0,0,0,0,0,NA,1,3,2,2,0,1
00-0037013,ACT,A01,TRUE,1,0,0,1,1,NA,4,17,11,11,4,7
00-0037031,ACT,A01,TRUE,0,0,0,0,0,NA,0,0,0,0,0,0
00-0037034,ACT,A01,TRUE,3,2,2,0,0,Concussion,4,11,7,7,1,3
00-0037041,ACT,A01,TRUE,0,0,0,0,0,NA,0,0,0,0,0,0
00-0037051,ACT,A01,TRUE,0,0,0,0,0,NA,0,0,0,0,0,0
00-0037055,ACT,A01,TRUE,0,0,0,0,0,NA,1,2,1,1,1,1
00-0037057,ACT,A01,TRUE,0,0,0,0,0,NA,0,0,0,0,0,0
00-0037073,ACT,A01,TRUE,1,1,1,0,0,Shoulder,3,8,4,4,1,2
00-0037074,ACT,A01,TRUE,8,1,1,3,1,Neck,4,28,7,7,12,7
00-0037075,ACT,A01,TRUE,6,4,4,1,3,Knee,4,22,10,10,5,8
00-0037076,ACT,A01,TRUE,1,0,0,1,1,Knee,2,2,1,1,1,1
00-0037077,ACT,A01,TRUE,0,0,0,0,0,NA,0,0,0,0,0,0
00-0037078,ACT,A01,TRUE,0,0,0,0,0,NA,2,5,3,3,1,1
00-0037079,ACT,A01,TRUE,4,2,2,0,0,Concussion,4,15,7,7,1,3
00-0037080,ACT,A01,TRUE,0,0,0,0,0,NA,1,1,1,0,0,1
00-0037081,ACT,A01,TRUE,3,2,2,1,1,Knee,3,10,6,6,3,3
00-0037082,ACT,A01,TRUE,6,4,4,0,3,Ankle,2,7,4,4,1,3
00-0037083,ACT,A01,TRUE,4,1,1,1,1,Knee,4,11,4,4,1,1
00-0037085,ACT,A01,TRUE,1,1,1,0,0,Shoulder,2,5,2,2,3,1
00-0037086,ACT,A01,TRUE,5,3,3,0,2,Oblique,3,11,7,7,1,3
00-0037089,ACT,A01,TRUE,0,0,0,0,0,NA,1,3,1,1,1,2
00-0037091,ACT,A01,TRUE,6,2,2,1,3,Shoulder,1,6,2,2,1,3
00-0037092,ACT,A01,TRUE,1,0,0,1,1,NA,2,2,1,1,1,1
00-0037093,ACT,A01,TRUE,7,6,6,0,3,Quadricep,3,14,10,10,2,6
00-0037094,ACT,A01,TRUE,0,0,0,0,0,NA,1,3,1,1,1,0
00-0037096,ACT,A01,TRUE,0,0,0,0,0,NA,1,6,5,5,1,5
00-0037098,ACT,A01,TRUE,0,0,0,0,0,NA,0,0,0,0,0,0
00-0037106,ACT,A01,TRUE,3,2,2,0,1,Hamstring,4,7,6,5,0,3
00-0037109,ACT,A01,TRUE,3,3,3,0,2,Concussion,2,4,3,3,1,3
00-0037112,ACT,A01,TRUE,0,0,0,0,0,NA,0,0,0,0,0,0
00-0037120,ACT,A01,TRUE,8,4,4,3,2,Groin,1,8,4,4,3,2
00-0037129,ACT,A01,TRUE,6,2,2,2,2,Concussion,4,13,6,6,4,4
00-0037130,ACT,A01,TRUE,1,1,1,0,0,Thigh,4,13,8,8,1,5
00-0037132,ACT,A01,TRUE,0,0,0,0,0,NA,3,12,8,8,3,1
00-0037137,ACT,A01,TRUE,4,2,2,0,1,Concussion,4,11,7,6,1,4
00-0037138,ACT,A01,TRUE,0,0,0,0,0,NA,0,0,0,0,0,0
00-0037141,ACT,A01,TRUE,0,0,0,0,0,NA,3,17,4,4,11,6
00-0037155,ACT,A01,TRUE,5,1,1,2,1,Groin,3,13,6,6,4,5
00-0037156,ACT,A01,TRUE,0,0,0,0,0,NA,1,2,1,1,1,1
00-0037157,ACT,A01,TRUE,4,1,1,2,0,Ankle,3,6,2,2,3,1
00-0037184,ACT,A01,TRUE,0,0,0,0,0,NA,1,1,1,1,0,0
00-0037190,ACT,A01,TRUE,11,6,6,0,5,Calf,4,18,10,10,3,8
00-0037191,ACT,A01,TRUE,3,2,2,1,2,Knee,4,11,5,5,3,3
00-0037192,ACT,A01,TRUE,6,1,1,2,0,Thumb,3,13,3,3,5,0
00-0037193,ACT,A01,TRUE,4,1,1,0,0,Ankle,4,12,6,6,0,2
00-0037194,ACT,A01,TRUE,1,0,0,1,0,Neck,2,2,1,1,1,0
00-0037195,ACT,A01,TRUE,2,1,1,0,1,Back,4,16,6,6,2,2
00-0037196,ACT,A01,TRUE,2,1,1,1,0,Quadricep,3,11,3,2,2,0
00-0037197,ACT,A01,TRUE,6,4,4,1,2,Knee,4,24,12,12,4,5
00-0037203,ACT,A01,TRUE,1,0,0,1,0,Ankle,3,5,2,2,3,0
00-0037205,ACT,A01,TRUE,2,2,2,0,1,Ankle,4,6,4,3,2,2
00-0037207,ACT,A01,TRUE,0,0,0,0,0,NA,1,1,1,1,0,0
00-0037208,ACT,A01,TRUE,1,1,1,0,0,Knee,3,3,3,3,0,1
00-0037224,ACT,A01,TRUE,0,0,0,0,0,NA,1,1,1,0,0,0
00-0037228,ACT,A01,TRUE,5,1,1,1,0,Ankle,3,13,5,5,4,3
00-0037229,ACT,A01,TRUE,4,1,1,3,0,Knee,4,14,6,6,5,3
00-0037231,ACT,A01,TRUE,0,0,0,0,0,NA,0,0,0,0,0,0
00-0037235,ACT,A01,TRUE,9,3,3,2,2,Knee,2,13,4,4,5,4
00-0037236,ACT,A01,TRUE,1,1,1,0,0,Elbow,2,3,1,1,2,0
00-0037237,ACT,A01,TRUE,6,1,1,2,0,Oblique,4,16,10,10,2,6
00-0037238,ACT,A01,TRUE,11,5,5,5,5,Knee,4,21,8,8,7,6
00-0037239,ACT,A01,TRUE,8,2,1,3,1,Ankle,4,27,8,7,11,6
00-0037240,ACT,A01,TRUE,0,0,0,0,0,NA,2,4,2,2,2,1
00-0037241,ACT,A01,TRUE,6,3,3,2,2,Toe,1,6,3,3,2,2
00-0037242,ACT,A01,TRUE,0,0,0,0,0,NA,3,14,3,3,5,2
00-0037243,ACT,A01,TRUE,9,1,1,2,1,Knee,4,21,4,4,6,4
00-0037244,ACT,A01,TRUE,4,2,2,1,1,Calf,3,10,5,5,4,3
00-0037246,ACT,A01,TRUE,6,4,4,0,3,Concussion,3,11,9,9,0,7
00-0037247,ACT,A01,TRUE,2,1,1,0,0,Calf,3,8,5,5,1,2
00-0037248,ACT,A01,TRUE,3,1,1,0,0,Ankle,3,7,3,2,1,0
00-0037249,ACT,A01,TRUE,6,1,1,0,0,Wrist,4,13,6,6,1,3
00-0037250,ACT,A01,TRUE,0,0,0,0,0,NA,3,8,3,2,1,0
00-0037251,ACT,A01,TRUE,4,4,4,0,3,Quadricep,4,17,9,9,0,6
00-0037252,ACT,A01,TRUE,0,0,0,0,0,NA,3,9,8,7,1,6
00-0037253,ACT,A01,TRUE,2,1,1,1,0,Elbow,4,14,7,7,5,4
00-0037254,ACT,A01,TRUE,12,5,5,3,4,Ankle,3,28,11,11,5,6
00-0037255,ACT,A01,TRUE,4,2,1,1,1,Achilles,4,16,7,5,5,4
00-0037256,ACT,A01,TRUE,0,0,0,0,0,NA,2,5,1,1,4,1
00-0037258,ACT,A01,TRUE,1,1,0,0,0,NA,4,17,12,11,3,8
00-0037259,ACT,A01,TRUE,1,1,1,0,1,Foot,4,12,5,5,4,4
00-0037260,ACT,A01,TRUE,6,2,2,2,2,Knee,3,14,4,4,5,3
00-0037261,ACT,A01,TRUE,3,1,1,0,1,Ankle,3,7,4,3,1,2
00-0037262,ACT,A01,TRUE,1,1,1,0,0,Oblique,1,1,1,1,0,0
00-0037263,ACT,A01,TRUE,2,1,1,1,0,Hip,2,4,2,2,1,0
00-0037266,ACT,A01,TRUE,0,0,0,0,0,NA,3,7,4,4,2,1
00-0037267,ACT,A01,TRUE,1,0,0,1,0,Hamstring,3,13,5,5,2,1
00-0037268,ACT,A01,TRUE,6,2,2,0,1,Thumb,3,12,4,4,3,2
00-0037269,ACT,A01,TRUE,0,0,0,0,0,NA,2,4,2,1,1,0
00-0037270,ACT,A01,TRUE,3,1,1,2,1,Elbow,3,12,4,4,7,1
00-0037271,ACT,A01,TRUE,3,1,1,1,0,Hamstring,2,8,5,5,2,3
00-0037274,ACT,A01,TRUE,0,0,0,0,0,NA,1,1,0,0,1,0
00-0037275,ACT,A01,TRUE,8,4,4,1,3,Foot,2,17,9,9,2,8
00-0037276,ACT,A01,TRUE,5,2,2,2,1,Knee,2,6,3,2,2,1
00-0037277,ACT,A01,TRUE,1,1,1,0,0,Hamstring,3,6,4,4,2,1
00-0037278,ACT,A01,TRUE,3,2,2,1,1,Shoulder,2,6,4,4,2,2
00-0037280,ACT,A01,TRUE,0,0,0,0,0,NA,0,0,0,0,0,0
00-0037281,ACT,A01,TRUE,0,0,0,0,0,NA,3,4,3,3,1,0
00-0037282,ACT,A01,TRUE,0,0,0,0,0,NA,1,4,2,2,2,3
00-0037283,ACT,A01,TRUE,5,4,4,1,1,Shoulder,3,10,5,5,3,1
00-0037284,ACT,A01,TRUE,0,0,0,0,0,NA,1,1,1,0,0,0
00-0037287,ACT,A01,TRUE,2,1,1,0,0,Abdomen,3,20,5,5,12,3
00-0037288,ACT,A01,TRUE,7,1,1,2,1,Groin,4,20,7,7,5,5
00-0037289,ACT,A01,TRUE,4,4,4,0,0,Knee,4,12,8,8,4,2
00-0037291,ACT,A01,TRUE,3,1,1,0,0,Hand,4,19,8,8,5,4
00-0037292,ACT,A01,TRUE,1,1,1,0,1,Neck,2,5,4,4,1,3
00-0037294,ACT,A01,TRUE,0,0,0,0,0,NA,0,0,0,0,0,0
00-0037295,ACT,A01,TRUE,8,2,2,4,3,Knee,2,15,3,3,4,3
00-0037297,ACT,A01,TRUE,7,4,4,0,3,Ankle,4,13,6,5,2,3
00-0037298,ACT,A01,TRUE,3,3,3,0,1,Knee,1,3,3,3,0,1
00-0037300,ACT,A01,TRUE,0,0,0,0,0,NA,2,3,1,0,2,1
00-0037301,ACT,A01,TRUE,6,2,2,2,1,Neck,4,15,6,5,3,3
00-0037302,ACT,A01,TRUE,3,1,1,2,0,Ankle,2,8,5,4,3,4
00-0037303,ACT,A01,TRUE,0,0,0,0,0,NA,0,0,0,0,0,0
00-0037304,ACT,A01,TRUE,1,1,1,0,0,Knee,3,3,3,2,0,0
00-0037305,ACT,A01,TRUE,0,0,0,0,0,NA,1,3,0,0,3,0
00-0037307,ACT,A01,TRUE,1,1,0,0,0,NA,3,12,5,2,5,3
00-0037310,ACT,A01,TRUE,4,1,1,0,0,Knee,2,7,4,4,0,0
00-0037311,ACT,A01,TRUE,1,1,1,0,0,Head,4,8,5,5,2,1
00-0037312,ACT,A01,TRUE,0,0,0,0,0,NA,2,2,2,2,0,2
00-0037313,ACT,A01,TRUE,6,2,2,1,1,Ankle,2,7,3,3,1,1
00-0037315,ACT,A01,TRUE,1,1,1,0,0,Knee,2,4,1,1,3,0
00-0037320,ACT,A01,TRUE,2,0,0,2,0,Knee,3,16,4,4,12,6
00-0037321,ACT,A01,TRUE,0,0,0,0,0,NA,1,6,4,4,1,3
00-0037323,ACT,A01,TRUE,0,0,0,0,0,NA,2,3,2,2,1,0
00-0037324,ACT,A01,TRUE,0,0,0,0,0,NA,0,0,0,0,0,0
00-0037327,ACT,A01,TRUE,1,0,0,1,0,Hamstring,3,7,1,1,5,0
00-0037329,ACT,A01,TRUE,0,0,0,0,0,NA,0,0,0,0,0,0
00-0037330,ACT,A01,TRUE,0,0,0,0,0,NA,2,5,3,3,2,1
00-0037332,ACT,A01,TRUE,0,0,0,0,0,NA,1,2,2,2,0,1
00-0037336,ACT,A01,TRUE,0,0,0,0,0,NA,0,0,0,0,0,0
00-0037340,ACT,A01,TRUE,3,2,2,1,2,Knee,1,3,2,2,1,2
00-0037348,ACT,A01,TRUE,0,0,0,0,0,NA,1,11,1,1,4,0
00-0037353,ACT,A01,TRUE,0,0,0,0,0,NA,3,21,5,5,3,2
00-0037364,ACT,A01,TRUE,1,1,1,0,0,Ankle,3,5,4,3,1,0
00-0037381,ACT,A01,TRUE,0,0,0,0,0,NA,0,0,0,0,0,0
00-0037382,ACT,A01,TRUE,0,0,0,0,0,NA,2,3,2,2,1,1
00-0037384,ACT,A01,TRUE,0,0,0,0,0,NA,1,1,1,1,0,0
00-0037385,ACT,A01,TRUE,0,0,0,0,0,NA,0,0,0,0,0,0
00-0037387,ACT,A01,TRUE,0,0,0,0,0,NA,1,1,1,1,0,0
00-0037395,ACT,A01,TRUE,0,0,0,0,0,NA,1,2,1,1,1,0
00-0037404,ACT,A01,TRUE,0,0,0,0,0,NA,0,0,0,0,0,0
00-0037412,ACT,A01,TRUE,1,1,1,0,0,Finger,1,1,1,1,0,0
00-0037413,ACT,A01,TRUE,0,0,0,0,0,NA,1,2,1,1,1,2
00-0037414,ACT,A01,TRUE,0,0,0,0,0,NA,1,1,1,0,0,0
00-0037422,ACT,A01,TRUE,0,0,0,0,0,NA,1,2,0,0,2,0
00-0037428,ACT,A01,TRUE,0,0,0,0,0,NA,1,2,1,1,0,0
00-0037431,ACT,A01,TRUE,0,0,0,0,0,NA,0,0,0,0,0,0
00-0037447,ACT,A01,TRUE,0,0,0,0,0,NA,0,0,0,0,0,0
00-0037457,ACT,A01,TRUE,4,1,1,0,1,Chest,4,15,5,5,5,6
00-0037461,ACT,A01,TRUE,0,0,0,0,0,NA,0,0,0,0,0,0
00-0037468,ACT,A01,TRUE,0,0,0,0,0,NA,3,3,3,3,0,2
00-0037475,ACT,A01,TRUE,3,2,2,0,1,Quadricep,3,8,3,3,3,2
00-0037480,ACT,A01,TRUE,0,0,0,0,0,NA,1,2,2,2,0,0
00-0037493,ACT,A01,TRUE,2,2,2,0,1,Knee,2,5,5,5,0,1
00-0037500,ACT,A01,TRUE,0,0,0,0,0,NA,1,1,1,1,0,0
00-0037509,ACT,A01,TRUE,0,0,0,0,0,NA,0,0,0,0,0,0
00-0037512,ACT,A01,TRUE,3,1,1,1,0,Hip,3,6,3,3,1,0
00-0037522,ACT,A01,TRUE,0,0,0,0,0,NA,0,0,0,0,0,0
00-0037525,ACT,A01,TRUE,2,2,2,0,1,Ankle,4,11,6,6,3,3
00-0037526,ACT,A01,TRUE,4,2,2,2,1,Hamstring,1,4,2,2,2,1
00-0037527,ACT,A01,TRUE,0,0,0,0,0,NA,1,3,2,2,1,2
00-0037539,ACT,A01,TRUE,3,3,3,0,1,Foot,1,3,3,3,0,1
00-0037544,ACT,A01,TRUE,0,0,0,0,0,NA,2,4,0,0,4,1
00-0037545,ACT,A01,TRUE,2,1,1,1,0,Concussion,4,10,6,6,2,3
00-0037547,ACT,A01,TRUE,1,1,1,0,0,Knee,2,3,2,2,0,0
00-0037549,ACT,A01,TRUE,2,1,1,1,1,Concussion,1,2,1,1,1,1
00-0037557,ACT,A01,TRUE,0,0,0,0,0,NA,1,1,1,1,0,0
00-0037561,ACT,A01,TRUE,0,0,0,0,0,NA,2,6,3,3,1,2
00-0037563,ACT,A01,TRUE,2,2,2,0,1,Calf,1,2,2,2,0,1
00-0037570,ACT,A01,TRUE,0,0,0,0,0,NA,0,0,0,0,0,0
00-0037578,ACT,A01,TRUE,5,1,1,3,3,Ankle,3,15,6,6,6,7
00-0037585,ACT,A01,TRUE,0,0,0,0,0,NA,0,0,0,0,0,0
00-0037587,ACT,A01,TRUE,2,1,1,0,0,Ankle,3,17,5,5,2,2
00-0037593,ACT,A01,TRUE,0,0,0,0,0,NA,3,9,5,5,3,4
00-0037594,ACT,A01,TRUE,1,1,1,0,0,Back,2,3,2,2,1,0
00-0037596,ACT,A01,TRUE,2,1,1,0,0,Elbow,3,7,4,4,1,2
00-0037601,ACT,A01,TRUE,5,2,2,3,2,Knee,2,10,3,3,6,3
00-0037602,ACT,A01,TRUE,6,3,3,1,2,Ankle,3,9,5,5,1,2
00-0037605,ACT,A01,TRUE,0,0,0,0,0,NA,1,1,1,1,0,1
00-0037611,ACT,A01,TRUE,5,5,5,0,5,Shoulder,4,17,9,9,5,6
00-0037612,ACT,A01,TRUE,4,4,4,0,4,Neck,4,27,16,16,7,15
00-0037614,ACT,A01,TRUE,0,0,0,0,0,NA,2,8,4,4,2,2
00-0037615,ACT,A01,TRUE,5,4,4,1,2,Hamstring,3,14,6,6,3,3
00-0037616,ACT,A01,TRUE,1,1,1,0,0,Shoulder,1,1,1,1,0,0
00-0037618,ACT,A01,TRUE,0,0,0,0,0,NA,0,0,0,0,0,0
00-0037620,ACT,A01,TRUE,0,0,0,0,0,NA,0,0,0,0,0,0
00-0037633,ACT,A01,TRUE,0,0,0,0,0,NA,1,1,1,1,0,1
00-0037638,ACT,A01,TRUE,0,0,0,0,0,NA,0,0,0,0,0,0
00-0037661,ACT,A01,TRUE,0,0,0,0,0,NA,1,1,1,0,0,0
00-0037663,ACT,A01,TRUE,8,3,3,1,3,Ankle,4,14,7,7,2,6
00-0037664,ACT,A01,TRUE,7,3,3,0,2,Concussion,4,15,7,7,4,3
00-0037665,ACT,A01,TRUE,1,1,1,0,0,Shoulder,3,8,4,3,2,1
00-0037666,ACT,A01,TRUE,0,0,0,0,0,NA,2,4,2,2,2,0
00-0037667,ACT,A01,TRUE,13,9,9,4,10,Knee,4,21,12,12,8,11
00-0037686,ACT,A01,TRUE,0,0,0,0,0,NA,0,0,0,0,0,0
00-0037692,ACT,A01,TRUE,0,0,0,0,0,NA,1,2,1,1,0,1
00-0037708,ACT,A01,TRUE,0,0,0,0,0,NA,0,0,0,0,0,0
00-0037711,ACT,A01,TRUE,0,0,0,0,0,NA,0,0,0,0,0,0
00-0037740,ACT,A01,TRUE,4,2,2,2,3,Knee,2,6,3,3,3,3
00-0037741,ACT,A01,TRUE,1,1,1,0,0,Toe,3,9,7,7,1,6
00-0037742,ACT,A01,TRUE,3,2,2,0,1,Finger,4,24,15,14,3,12
00-0037743,ACT,A01,TRUE,1,1,0,0,0,NA,3,5,4,3,1,1
00-0037744,ACT,A01,TRUE,0,0,0,0,0,NA,3,5,3,2,2,2
00-0037745,ACT,A01,TRUE,1,1,1,0,0,Knee,3,6,1,1,5,3
00-0037746,ACT,A01,TRUE,0,0,0,0,0,NA,3,16,7,7,4,5
00-0037748,ACT,A01,TRUE,0,0,0,0,0,NA,0,0,0,0,0,0
00-0037752,ACT,A01,TRUE,0,0,0,0,0,NA,1,2,1,1,0,1
00-0037753,ACT,A01,TRUE,3,2,2,1,2,Hamstring,4,13,6,6,4,4
00-0037755,ACT,A01,TRUE,1,1,1,0,1,Hamstring,2,5,4,4,1,3
00-0037756,ACT,A01,TRUE,4,1,1,1,0,Knee,3,13,4,4,6,1
00-0037757,ACT,A01,TRUE,4,2,2,0,0,Elbow,4,15,10,10,1,4
00-0037758,ACT,A01,TRUE,5,3,3,1,2,Concussion,4,23,11,11,6,7
00-0037799,ACT,A01,TRUE,1,1,1,0,0,Hamstring,1,1,1,1,0,0
00-0037801,ACT,A01,TRUE,8,3,3,0,2,Shoulder,3,14,5,5,2,4
00-0037804,ACT,A01,TRUE,0,0,0,0,0,NA,0,0,0,0,0,0
00-0037805,ACT,A01,TRUE,0,0,0,0,0,NA,1,4,3,3,0,2
00-0037807,ACT,A01,TRUE,4,1,1,3,0,Calf,3,11,6,6,4,4
00-0037808,ACT,A01,TRUE,1,1,1,0,1,Ankle,1,1,1,1,0,1
00-0037809,ACT,A01,TRUE,7,1,1,1,0,Foot,3,10,2,2,3,2
00-0037810,ACT,A01,TRUE,0,0,0,0,0,NA,2,13,10,10,1,3
00-0037811,ACT,A01,TRUE,0,0,0,0,0,NA,1,3,1,1,2,1
00-0037812,ACT,A01,TRUE,4,1,1,0,0,Neck,4,30,8,8,4,5
00-0037813,ACT,A01,TRUE,0,0,0,0,0,NA,1,1,1,0,0,0
00-0037814,ACT,A01,TRUE,0,0,0,0,0,NA,2,2,0,0,2,0
00-0037815,ACT,A01,TRUE,0,0,0,0,0,NA,3,4,3,3,0,0
00-0037816,ACT,A01,TRUE,4,1,1,0,0,Wrist,4,19,9,9,4,5
00-0037817,ACT,A01,TRUE,17,2,2,9,5,Back,3,23,4,4,10,5
00-0037818,ACT,A01,TRUE,0,0,0,0,0,NA,3,11,3,3,3,1
00-0037819,ACT,A01,TRUE,2,2,2,0,1,Knee,3,6,4,3,1,1
00-0037821,ACT,A01,TRUE,6,4,4,0,3,Hamstring,2,12,7,7,1,6
00-0037823,ACT,A01,TRUE,2,2,2,0,1,Shin,4,13,6,6,5,3
00-0037825,ACT,A01,TRUE,2,1,1,0,0,Calf,3,8,4,4,3,2
00-0037826,ACT,A01,TRUE,5,5,5,0,2,Knee,3,7,7,7,0,3
00-0037828,ACT,A01,TRUE,0,0,0,0,0,NA,2,7,1,1,3,1
00-0037829,ACT,A01,TRUE,4,2,2,2,1,Knee,4,14,7,7,6,5
00-0037830,ACT,A01,TRUE,0,0,0,0,0,NA,3,8,3,3,4,2
00-0037831,ACT,A01,TRUE,0,0,0,0,0,NA,2,2,2,1,0,1
00-0037832,ACT,A01,TRUE,8,1,1,2,0,Hand,2,9,1,1,3,0
00-0037833,ACT,A01,TRUE,0,0,0,0,0,NA,2,2,2,2,0,2
00-0037834,ACT,A01,TRUE,12,6,6,3,3,Toe,4,24,11,11,6,5
00-0037835,ACT,A01,TRUE,6,1,1,2,1,Foot,4,19,9,9,5,6
00-0037837,ACT,A01,TRUE,6,3,3,0,3,Shoulder,3,8,5,5,0,3
00-0037838,ACT,A01,TRUE,6,4,4,1,1,Foot,3,11,7,7,3,2
00-0037839,ACT,A01,TRUE,0,0,0,0,0,NA,3,15,7,7,5,5
00-0037840,ACT,A01,TRUE,2,1,1,1,0,Ankle,3,7,3,3,3,1
00-0037841,ACT,A01,TRUE,4,2,2,0,0,Elbow,3,10,6,6,2,2
00-0037842,ACT,A01,TRUE,0,0,0,0,0,NA,2,2,1,1,1,0
00-0037843,ACT,A01,TRUE,0,0,0,0,0,NA,0,0,0,0,0,0
00-0037844,ACT,A01,TRUE,0,0,0,0,0,NA,1,2,1,1,1,0
00-0037845,ACT,A01,TRUE,0,0,0,0,0,NA,0,0,0,0,0,0
00-0037984,ACT,A01,TRUE,0,0,0,0,0,NA,2,3,0,0,3,0
00-0038038,ACT,A01,TRUE,7,1,1,2,1,Ankle,4,17,2,2,8,3
00-0038039,ACT,A01,TRUE,1,1,1,0,0,Knee,4,13,5,5,7,3
00-0038041,ACT,A01,TRUE,3,1,1,1,0,Calf,3,14,6,6,4,4
00-0038043,ACT,A01,TRUE,0,0,0,0,0,NA,3,6,3,3,0,0
00-0038046,ACT,A01,TRUE,1,1,1,0,0,Nose,3,5,3,3,2,2
00-0038090,ACT,A01,TRUE,1,1,1,0,0,Ankle,4,9,4,4,1,1
00-0038094,ACT,A01,TRUE,0,0,0,0,0,NA,2,2,1,1,1,0
00-0038095,ACT,A01,TRUE,0,0,0,0,0,NA,2,2,2,2,0,0
00-0038097,ACT,A01,TRUE,0,0,0,0,0,NA,0,0,0,0,0,0
00-0038098,ACT,A01,TRUE,0,0,0,0,0,NA,3,11,5,5,5,3
00-0038099,ACT,A01,TRUE,3,2,2,1,1,Shoulder,4,7,4,4,2,1
00-0038100,ACT,A01,TRUE,2,2,2,0,1,Hip,4,13,7,7,5,5
00-0038101,ACT,A01,TRUE,4,2,2,0,1,Hamstring,4,19,9,9,4,4
00-0038102,ACT,A01,TRUE,1,1,1,0,0,Hamstring,4,17,7,7,3,3
00-0038103,ACT,A01,TRUE,0,0,0,0,0,NA,2,13,3,3,10,0
00-0038104,ACT,A01,TRUE,2,2,2,0,2,Concussion,4,10,3,3,6,2
00-0038106,ACT,A01,TRUE,0,0,0,0,0,NA,1,2,1,0,1,0
00-0038107,ACT,A01,TRUE,1,1,1,0,1,Ankle,4,7,3,3,3,2
00-0038108,ACT,A01,TRUE,0,0,0,0,0,NA,0,0,0,0,0,0
00-0038111,ACT,A01,TRUE,10,5,5,5,5,Hamstring,4,24,11,11,8,9
00-0038112,ACT,A01,TRUE,4,3,3,1,2,Knee,4,18,9,9,2,4
00-0038114,ACT,A01,TRUE,0,0,0,0,0,NA,3,4,3,3,1,1
00-0038115,ACT,A01,TRUE,4,1,1,1,1,Neck,3,13,6,6,5,6
00-0038116,ACT,A01,TRUE,0,0,0,0,0,NA,1,2,0,0,2,0
00-0038117,ACT,A01,TRUE,4,2,2,1,1,Ankle,4,24,8,8,7,5
00-0038118,ACT,A01,TRUE,1,1,0,0,0,NA,3,5,3,1,1,0
00-0038120,ACT,A01,TRUE,4,2,2,1,0,Knee,4,16,5,5,8,1
00-0038121,ACT,A01,TRUE,4,1,1,1,0,Groin,4,9,3,3,3,1
00-0038123,ACT,A01,TRUE,4,1,1,0,0,Neck,4,19,4,4,5,1
00-0038124,ACT,A01,TRUE,10,3,3,3,1,Knee,4,43,11,11,19,13
00-0038125,ACT,A01,TRUE,1,1,1,0,0,Hip,4,13,6,6,4,1
00-0038127,ACT,A01,TRUE,4,1,1,1,0,Groin,4,18,5,5,5,3
00-0038128,ACT,A01,TRUE,5,1,1,3,0,Shoulder,2,6,2,2,3,0
00-0038129,ACT,A01,TRUE,3,1,1,1,0,Knee,3,9,3,3,5,2
00-0038131,ACT,A01,TRUE,7,2,2,2,1,Knee,3,13,4,4,5,1
00-0038133,ACT,A01,TRUE,1,0,0,1,0,Toe,4,15,4,4,5,4
00-0038134,ACT,A01,TRUE,3,1,1,1,0,Glute,4,34,5,5,16,9
00-0038135,ACT,A01,TRUE,4,1,1,3,1,Back,4,20,11,11,7,10
00-0038136,ACT,A01,TRUE,5,2,2,1,1,Knee,3,11,6,6,2,4
00-0038142,ACT,A01,TRUE,0,0,0,0,0,NA,3,3,2,2,1,1
00-0038144,E14,E14,FALSE,0,0,0,0,0,NA,0,0,0,0,0,0
00-0038152,ACT,A01,TRUE,0,0,0,0,0,NA,0,0,0,0,0,0
00-0038194,ACT,A01,TRUE,0,0,0,0,0,NA,0,0,0,0,0,0
00-0038223,ACT,A01,TRUE,0,0,0,0,0,NA,0,0,0,0,0,0
00-0038304,ACT,A01,TRUE,2,2,2,0,0,Hip,1,2,2,2,0,0
00-0038348,ACT,A01,TRUE,3,1,1,2,0,Knee,1,3,1,1,2,0
00-0038359,ACT,A01,TRUE,4,1,1,1,0,Concussion,1,4,1,1,1,0
00-0038360,ACT,A01,TRUE,0,0,0,0,0,NA,1,1,1,0,0,0
00-0038366,ACT,A01,TRUE,0,0,0,0,0,NA,0,0,0,0,0,0
00-0038382,ACT,A01,TRUE,0,0,0,0,0,NA,1,2,1,0,1,1
00-0038383,ACT,A01,TRUE,3,1,1,0,0,Foot,2,6,2,2,2,1
00-0038386,ACT,A01,TRUE,11,5,5,2,4,Shoulder,3,20,8,8,3,5
00-0038387,ACT,A01,TRUE,1,1,1,0,0,Shoulder,2,6,2,2,3,1
00-0038388,ACT,A01,TRUE,0,0,0,0,0,NA,1,1,1,1,0,0
00-0038389,ACT,A01,TRUE,0,0,0,0,0,NA,1,4,1,1,3,0
00-0038390,ACT,A01,TRUE,4,4,4,0,2,Elbow,3,12,10,10,1,6
00-0038391,ACT,A01,TRUE,0,0,0,0,0,NA,0,0,0,0,0,0
00-0038392,ACT,A01,TRUE,4,4,4,0,1,Knee,1,4,4,4,0,1
00-0038393,ACT,A01,TRUE,15,4,4,6,3,Calf,3,23,5,5,13,4
00-0038394,ACT,A01,TRUE,1,1,1,0,1,Lung,2,2,2,2,0,1
00-0038395,ACT,A01,TRUE,0,0,0,0,0,NA,2,11,10,5,0,7
00-0038396,ACT,A01,TRUE,1,0,0,1,0,Knee,2,2,0,0,2,0
00-0038397,ACT,A01,TRUE,0,0,0,0,0,NA,0,0,0,0,0,0
00-0038398,ACT,A01,TRUE,4,2,2,1,1,Ankle,1,4,2,2,1,1
00-0038399,ACT,A01,TRUE,0,0,0,0,0,NA,2,2,2,2,0,1
00-0038400,ACT,A01,TRUE,4,2,2,2,1,Thumb,1,4,2,2,2,1
00-0038401,ACT,A01,TRUE,0,0,0,0,0,NA,2,2,1,1,1,0
00-0038403,ACT,A01,TRUE,0,0,0,0,0,NA,2,4,2,2,1,0
00-0038407,ACT,A01,TRUE,6,3,3,0,1,Hamstring,3,8,5,5,0,1
00-0038408,ACT,A01,TRUE,0,0,0,0,0,NA,2,7,2,2,4,2
00-0038409,ACT,A01,TRUE,0,0,0,0,0,NA,0,0,0,0,0,0
00-0038411,ACT,A01,TRUE,0,0,0,0,0,NA,1,2,1,1,0,0
00-0038412,ACT,A01,TRUE,2,1,1,0,0,Concussion,2,3,2,2,0,0
00-0038413,ACT,A01,TRUE,0,0,0,0,0,NA,1,2,1,1,1,0
00-0038414,ACT,A01,TRUE,2,2,2,0,1,Achilles,1,2,2,2,0,1
00-0038416,ACT,A01,TRUE,1,1,0,0,0,NA,2,2,2,0,0,0
00-0038426,E14,E14,FALSE,0,0,0,0,0,NA,0,0,0,0,0,0
00-0038428,ACT,A01,TRUE,1,1,1,0,0,Calf,1,1,1,1,0,0
00-0038429,ACT,A01,TRUE,0,0,0,0,0,NA,0,0,0,0,0,0
00-0038440,ACT,A01,TRUE,4,2,2,1,1,Ankle,1,4,2,2,1,1
00-0038454,ACT,A01,TRUE,3,1,1,0,0,Knee,3,11,3,3,6,0
00-0038463,ACT,A01,TRUE,4,2,2,2,1,Groin,2,6,2,2,4,2
00-0038476,ACT,A01,TRUE,0,0,0,0,0,NA,2,4,2,2,1,1
00-0038488,ACT,A01,TRUE,2,1,1,0,0,Hand,3,16,8,8,1,6
00-0038489,ACT,A01,TRUE,0,0,0,0,0,NA,1,2,1,1,1,0
00-0038492,ACT,A01,TRUE,0,0,0,0,0,NA,1,3,3,3,0,2
00-0038493,ACT,A01,TRUE,5,3,3,0,2,Calf,3,11,6,6,2,4
00-0038496,ACT,A01,TRUE,2,2,2,0,1,Shoulder,2,4,3,3,1,1
00-0038498,ACT,A01,TRUE,0,0,0,0,0,NA,0,0,0,0,0,0
00-0038504,ACT,A01,TRUE,0,0,0,0,0,NA,1,3,3,3,0,2
00-0038505,ACT,A01,TRUE,2,1,1,1,0,Foot,1,2,1,1,1,0
00-0038506,ACT,A01,TRUE,2,1,1,0,0,Ankle,2,5,2,2,1,0
00-0038509,ACT,A01,TRUE,0,0,0,0,0,NA,0,0,0,0,0,0
00-0038513,ACT,A01,TRUE,5,3,3,2,2,Hip,3,7,4,3,3,2
00-0038514,ACT,A01,TRUE,0,0,0,0,0,NA,0,0,0,0,0,0
00-0038519,ACT,A01,TRUE,5,2,2,1,1,Knee,3,9,4,4,1,1
00-0038521,ACT,A01,TRUE,1,1,1,0,0,Chest,1,1,1,1,0,0
00-0038523,ACT,A01,TRUE,0,0,0,0,0,NA,0,0,0,0,0,0
00-0038535,ACT,A01,TRUE,0,0,0,0,0,NA,2,5,1,0,3,2
00-0038536,ACT,A01,TRUE,5,3,3,2,2,Calf,2,9,5,5,2,4
00-0038540,ACT,A01,TRUE,5,3,3,2,3,Knee,3,7,4,4,3,4
00-0038541,ACT,A01,TRUE,0,0,0,0,0,NA,2,5,2,2,2,1
00-0038542,ACT,A01,TRUE,1,1,0,0,0,NA,2,6,2,1,0,0
00-0038543,ACT,A01,TRUE,10,1,0,1,1,NA,2,13,2,1,1,1
00-0038544,ACT,A01,TRUE,6,1,1,4,0,Groin,3,11,3,3,7,1
00-0038545,ACT,A01,TRUE,2,1,1,1,0,Ankle,3,10,3,3,2,0
00-0038546,ACT,A01,TRUE,0,0,0,0,0,NA,2,2,1,0,1,1
00-0038547,ACT,A01,TRUE,0,0,0,0,0,NA,0,0,0,0,0,0
00-0038548,ACT,A01,TRUE,0,0,0,0,0,NA,0,0,0,0,0,0
00-0038549,ACT,A01,TRUE,2,0,0,2,0,Hamstring,3,5,2,2,2,0
00-0038550,ACT,A01,TRUE,0,0,0,0,0,NA,1,3,3,3,0,0
00-0038551,ACT,A01,TRUE,0,0,0,0,0,NA,2,18,8,8,9,10
00-0038552,ACT,A01,TRUE,2,1,1,0,0,Ankle,3,9,6,6,1,2
00-0038553,ACT,A01,TRUE,4,1,1,2,2,Ankle,3,12,3,3,6,4
00-0038554,ACT,A01,TRUE,2,2,2,0,1,Hamstring,3,8,5,5,2,4
00-0038555,ACT,A01,TRUE,1,1,0,0,0,NA,2,8,3,2,2,1
00-0038556,ACT,A01,TRUE,5,5,5,0,2,Knee,2,8,7,7,0,3
00-0038557,ACT,A01,TRUE,4,2,2,0,1,Groin,3,18,4,4,1,1
00-0038558,ACT,A01,TRUE,2,1,1,1,0,Concussion,3,5,3,3,1,0
00-0038559,ACT,A01,TRUE,1,1,1,0,0,Foot,3,9,4,4,5,3
00-0038560,ACT,A01,TRUE,0,0,0,0,0,NA,1,2,1,1,0,0
00-0038562,ACT,A01,TRUE,0,0,0,0,0,NA,2,5,5,5,0,3
00-0038563,ACT,A01,TRUE,1,1,1,0,0,Knee,3,3,3,3,0,0
00-0038564,ACT,A01,TRUE,2,1,1,1,0,Neck,1,2,1,1,1,0
00-0038565,ACT,A01,TRUE,1,1,1,0,0,Back,2,3,2,2,1,1
00-0038566,RES,R37,FALSE,0,0,0,0,0,NA,2,6,3,3,3,2
00-0038567,ACT,A01,TRUE,0,0,0,0,0,NA,0,0,0,0,0,0
00-0038568,ACT,A01,TRUE,5,5,5,0,4,Triceps,2,6,6,5,0,4
00-0038570,ACT,A01,TRUE,1,1,1,0,0,Back,2,3,2,2,1,1
00-0038571,ACT,A01,TRUE,3,1,1,0,0,Thumb,1,3,1,1,0,0
00-0038573,ACT,A01,TRUE,8,7,7,1,6,Ankle,2,13,8,8,4,8
00-0038574,ACT,A01,TRUE,2,1,0,1,0,Knee,1,2,1,0,1,0
00-0038576,ACT,A01,TRUE,7,4,4,2,4,Ankle,3,19,6,6,12,9
00-0038577,ACT,A01,TRUE,4,1,1,2,0,Hamstring,3,13,7,7,2,4
00-0038578,ACT,A01,TRUE,1,1,0,0,1,NA,2,4,3,2,0,2
00-0038579,ACT,A01,TRUE,3,3,3,0,0,Wrist,2,8,4,4,1,1
00-0038580,ACT,A01,TRUE,6,4,4,1,2,Hamstring,3,13,7,6,5,4
00-0038581,ACT,A01,TRUE,0,0,0,0,0,NA,0,0,0,0,0,0
00-0038585,ACT,A01,TRUE,0,0,0,0,0,NA,2,4,2,2,2,0
00-0038586,ACT,A01,TRUE,0,0,0,0,0,NA,0,0,0,0,0,0
00-0038587,ACT,A01,TRUE,0,0,0,0,0,NA,2,4,2,2,2,2
00-0038588,ACT,A01,TRUE,2,1,1,1,0,Oblique,3,7,4,4,1,1
00-0038589,ACT,A01,TRUE,2,2,2,0,1,Concussion,2,10,6,6,2,4
00-0038590,RES,R36,FALSE,3,1,1,0,0,Knee,3,9,3,3,3,1
00-0038591,ACT,A01,TRUE,3,1,1,0,0,Knee,3,6,3,3,1,1
00-0038592,ACT,A01,TRUE,0,0,0,0,0,NA,0,0,0,0,0,0
00-0038593,ACT,A01,TRUE,0,0,0,0,0,NA,1,2,1,1,0,0
00-0038594,ACT,A01,TRUE,1,1,1,0,0,Achilles,3,7,2,2,5,2
00-0038595,ACT,A01,TRUE,0,0,0,0,0,NA,0,0,0,0,0,0
00-0038596,ACT,A01,TRUE,1,1,1,0,0,Elbow,2,6,5,5,1,3
00-0038597,ACT,A01,TRUE,2,1,1,0,0,Calf,3,9,4,4,3,2
00-0038599,ACT,A01,TRUE,0,0,0,0,0,NA,2,7,5,5,2,3
00-0038600,ACT,A01,TRUE,1,0,0,1,0,Quadricep,3,4,2,2,2,1
00-0038601,ACT,A01,TRUE,3,3,3,0,2,Ankle,2,5,4,4,1,3
00-0038603,ACT,A01,TRUE,4,2,2,1,3,Ankle,3,10,4,4,5,5
00-0038605,ACT,A01,TRUE,1,0,0,1,0,Quadricep,2,4,3,3,1,2
00-0038606,ACT,A01,TRUE,3,1,1,2,0,Hip,3,6,3,3,3,1
00-0038608,ACT,A01,TRUE,7,3,3,2,2,Hamstring,3,14,8,6,3,4
00-0038609,ACT,A01,TRUE,0,0,0,0,0,NA,0,0,0,0,0,0
00-0038610,ACT,A01,TRUE,0,0,0,0,0,NA,0,0,0,0,0,0
00-0038611,ACT,A01,TRUE,7,1,1,3,2,Calf,2,11,3,2,4,5
00-0038612,ACT,A01,TRUE,0,0,0,0,0,NA,2,6,2,2,3,2
00-0038613,ACT,A01,TRUE,0,0,0,0,0,NA,2,5,5,5,0,2
00-0038614,ACT,A01,TRUE,3,1,1,2,0,Ankle,1,3,1,1,2,0
00-0038615,ACT,A01,TRUE,0,0,0,0,0,NA,1,4,2,2,1,2
00-0038616,ACT,A01,TRUE,1,1,1,0,0,Hamstring,2,7,5,5,2,2
00-0038618,ACT,A01,TRUE,0,0,0,0,0,NA,2,3,1,1,2,0
00-0038619,ACT,A01,TRUE,0,0,0,0,0,NA,1,2,2,2,0,1
00-0038620,ACT,A01,TRUE,0,0,0,0,0,NA,0,0,0,0,0,0
00-0038621,ACT,A01,TRUE,2,1,1,1,0,Hamstring,3,9,5,5,4,3
00-0038623,ACT,A01,TRUE,2,1,1,1,0,Elbow,3,6,3,3,3,1
00-0038625,ACT,A01,TRUE,8,1,1,4,1,Knee,2,17,3,3,6,2
00-0038628,ACT,A01,TRUE,7,4,4,1,2,Hamstring,2,10,7,7,1,4
00-0038629,ACT,A01,TRUE,0,0,0,0,0,NA,0,0,0,0,0,0
00-0038632,ACT,A01,TRUE,0,0,0,0,0,NA,2,5,5,5,0,1
00-0038633,ACT,A01,TRUE,0,0,0,0,0,NA,1,6,1,1,1,0
00-0038635,ACT,A01,TRUE,0,0,0,0,0,NA,0,0,0,0,0,0
00-0038636,ACT,A01,TRUE,0,0,0,0,0,NA,2,7,4,4,2,2
00-0038640,ACT,A01,TRUE,0,0,0,0,0,NA,1,4,2,2,2,1
00-0038642,ACT,A01,TRUE,0,0,0,0,0,NA,1,2,0,0,2,0
00-0038643,ACT,A01,TRUE,0,0,0,0,0,NA,0,0,0,0,0,0
00-0038645,ACT,A01,TRUE,0,0,0,0,0,NA,0,0,0,0,0,0
00-0038646,ACT,A01,TRUE,3,2,2,0,0,Wrist,2,7,3,3,3,1
00-0038647,ACT,A01,TRUE,0,0,0,0,0,NA,0,0,0,0,0,0
00-0038648,ACT,A01,TRUE,0,0,0,0,0,NA,0,0,0,0,0,0
00-0038649,ACT,A01,TRUE,2,1,1,1,0,Ankle,1,2,1,1,1,0
00-0038653,ACT,A01,TRUE,0,0,0,0,0,NA,1,3,1,1,0,0
00-0038658,ACT,A01,TRUE,0,0,0,0,0,NA,0,0,0,0,0,0
00-0038660,ACT,A01,TRUE,3,3,3,0,1,Elbow,3,6,6,5,0,3
00-0038661,ACT,A01,TRUE,0,0,0,0,0,NA,0,0,0,0,0,0
00-0038663,ACT,A01,TRUE,0,0,0,0,0,NA,1,2,2,2,0,1
00-0038678,CUT,W03,FALSE,0,0,0,0,0,NA,0,0,0,0,0,0
00-0038679,ACT,A01,TRUE,1,1,1,0,1,Knee,1,1,1,1,0,1
00-0038684,ACT,A01,TRUE,6,2,2,2,1,Hamstring,1,6,2,2,2,1
00-0038685,ACT,A01,TRUE,1,0,0,1,0,Chest,3,7,2,2,4,1
00-0038694,ACT,A01,TRUE,0,0,0,0,0,NA,1,1,1,0,0,0
00-0038696,ACT,A01,TRUE,0,0,0,0,0,NA,0,0,0,0,0,0
00-0038703,ACT,A01,TRUE,3,2,2,1,2,Concussion,1,3,2,2,1,2
00-0038705,ACT,A01,TRUE,6,5,5,1,4,Ankle,3,14,11,11,3,8
00-0038710,ACT,A01,TRUE,3,1,1,0,0,Shoulder,2,4,1,1,1,0
00-0038711,ACT,A01,TRUE,1,1,1,0,0,Quadricep,2,4,2,2,1,0
00-0038715,RES,R22,FALSE,1,1,0,0,0,NA,2,5,5,4,0,3
00-0038716,ACT,A01,TRUE,0,0,0,0,0,NA,0,0,0,0,0,0
00-0038717,ACT,A01,TRUE,0,0,0,0,0,NA,0,0,0,0,0,0
00-0038720,RES,R36,FALSE,5,3,3,1,2,Ankle,3,14,6,6,4,3
00-0038724,ACT,A01,TRUE,3,1,1,2,0,Knee,1,3,1,1,2,0
00-0038728,ACT,A01,TRUE,0,0,0,0,0,NA,0,0,0,0,0,0
00-0038729,E14,E14,FALSE,0,0,0,0,0,NA,0,0,0,0,0,0
00-0038731,ACT,A01,TRUE,2,2,2,0,1,Knee,2,5,3,3,2,3
00-0038735,ACT,A01,TRUE,0,0,0,0,0,NA,1,1,1,1,0,0
00-0038737,ACT,A01,TRUE,0,0,0,0,0,NA,1,1,1,1,0,0
00-0038738,ACT,A01,TRUE,3,1,1,1,0,Hip,3,8,3,3,2,1
00-0038742,ACT,A01,TRUE,0,0,0,0,0,NA,2,2,2,1,0,0
00-0038748,ACT,A01,TRUE,0,0,0,0,0,NA,0,0,0,0,0,0
00-0038752,ACT,A01,TRUE,6,4,4,0,2,Calf,3,11,6,6,0,2
00-0038764,ACT,A01,TRUE,0,0,0,0,0,NA,0,0,0,0,0,0
00-0038765,ACT,A01,TRUE,5,1,1,1,0,Oblique,1,5,1,1,1,0
00-0038769,ACT,A01,TRUE,0,0,0,0,0,NA,0,0,0,0,0,0
00-0038776,ACT,A01,TRUE,0,0,0,0,0,NA,0,0,0,0,0,0
00-0038778,ACT,A01,TRUE,4,1,1,1,0,Hip,2,6,3,3,1,1
00-0038781,ACT,A01,TRUE,0,0,0,0,0,NA,0,0,0,0,0,0
00-0038782,ACT,A01,TRUE,0,0,0,0,0,NA,0,0,0,0,0,0
00-0038783,ACT,A01,TRUE,13,9,9,0,7,Knee,2,15,10,10,0,7
00-0038785,ACT,A01,TRUE,0,0,0,0,0,NA,0,0,0,0,0,0
00-0038788,ACT,A01,TRUE,4,2,2,2,1,Hamstring,2,6,3,3,2,1
00-0038791,ACT,A01,TRUE,0,0,0,0,0,NA,0,0,0,0,0,0
00-0038792,ACT,A01,TRUE,0,0,0,0,0,NA,0,0,0,0,0,0
00-0038794,ACT,A01,TRUE,0,0,0,0,0,NA,1,2,2,2,0,1
00-0038795,ACT,A01,TRUE,0,0,0,0,0,NA,0,0,0,0,0,0
00-0038796,ACT,A01,TRUE,0,0,0,0,0,NA,2,7,6,6,1,2
00-0038797,ACT,A01,TRUE,1,0,0,1,1,NA,3,7,1,1,5,2
00-0038801,ACT,A01,TRUE,0,0,0,0,0,NA,0,0,0,0,0,0
00-0038807,ACT,A01,TRUE,0,0,0,0,0,NA,2,8,4,4,3,2
00-0038809,ACT,A01,TRUE,0,0,0,0,0,NA,0,0,0,0,0,0
00-0038817,ACT,A01,TRUE,0,0,0,0,0,NA,1,2,1,1,1,0
00-0038818,ACT,A01,TRUE,3,2,2,1,1,Shoulder,1,3,2,2,1,1
00-0038820,ACT,A01,TRUE,7,4,4,2,3,Quadricep,3,14,6,6,5,6
00-0038823,ACT,A01,TRUE,0,0,0,0,0,NA,2,6,3,3,1,1
00-0038824,ACT,A01,TRUE,0,0,0,0,0,NA,0,0,0,0,0,0
00-0038839,ACT,A01,TRUE,0,0,0,0,0,NA,0,0,0,0,0,0
00-0038840,ACT,A01,TRUE,3,1,1,1,0,Hip,1,3,1,1,1,0
00-0038841,ACT,A01,TRUE,0,0,0,0,0,NA,0,0,0,0,0,0
00-0038851,ACT,A01,TRUE,0,0,0,0,0,NA,1,2,1,1,1,0
00-0038852,ACT,A01,TRUE,0,0,0,0,0,NA,0,0,0,0,0,0
00-0038853,ACT,A01,TRUE,0,0,0,0,0,NA,2,7,5,5,2,3
00-0038865,ACT,A01,TRUE,0,0,0,0,0,NA,0,0,0,0,0,0
00-0038866,ACT,A01,TRUE,0,0,0,0,0,NA,1,3,1,1,2,0
00-0038877,ACT,A01,TRUE,0,0,0,0,0,NA,1,1,0,0,1,1
00-0038890,ACT,A01,TRUE,3,2,2,0,0,Fibula,1,3,2,2,0,0
00-0038891,ACT,A01,TRUE,0,0,0,0,0,NA,0,0,0,0,0,0
00-0038896,ACT,A01,TRUE,4,2,2,1,1,Back,1,4,2,2,1,1
00-0038905,ACT,A01,TRUE,0,0,0,0,0,NA,2,4,2,2,2,0
00-0038911,ACT,A01,TRUE,0,0,0,0,0,NA,0,0,0,0,0,0
00-0038922,ACT,A01,TRUE,1,1,1,0,0,Shoulder,1,1,1,1,0,0
00-0038923,ACT,A01,TRUE,0,0,0,0,0,NA,0,0,0,0,0,0
00-0038930,ACT,A01,TRUE,0,0,0,0,0,NA,0,0,0,0,0,0
00-0038932,ACT,A01,TRUE,4,2,2,1,2,Elbow,3,10,5,5,2,3
00-0038933,ACT,A01,TRUE,12,3,3,6,2,Knee,3,31,7,7,9,4
00-0038934,ACT,A01,TRUE,7,3,3,0,1,Knee,3,11,4,4,2,1
00-0038935,ACT,A01,TRUE,2,1,1,1,1,Hip,3,9,4,4,4,3
00-0038936,ACT,A01,TRUE,0,0,0,0,0,NA,2,9,4,4,3,4
00-0038937,ACT,A01,TRUE,0,0,0,0,0,NA,1,7,6,6,0,5
00-0038938,ACT,A01,TRUE,3,1,1,1,0,Ankle,3,5,3,3,1,0
00-0038940,ACT,A01,TRUE,0,0,0,0,0,NA,2,3,1,1,2,0
00-0038941,ACT,A01,TRUE,0,0,0,0,0,NA,1,1,0,0,1,0
00-0038951,ACT,A01,TRUE,2,1,1,0,0,Groin,1,2,1,1,0,0
00-0038953,ACT,A01,TRUE,0,0,0,0,0,NA,0,0,0,0,0,0
00-0038958,RET,R02,FALSE,4,3,2,1,1,Hand,2,7,6,5,1,1
00-0038966,ACT,A01,TRUE,2,1,1,1,0,Concussion,1,2,1,1,1,0
00-0038976,ACT,A01,TRUE,7,3,3,1,1,Concussion,2,12,4,4,2,2
00-0038977,ACT,A01,TRUE,0,0,0,0,0,NA,2,9,3,3,3,2
00-0038978,ACT,A01,TRUE,2,1,1,0,0,Head,3,8,7,7,0,2
00-0038979,ACT,A01,TRUE,5,1,1,1,1,Concussion,3,15,8,8,2,5
00-0038980,ACT,A01,TRUE,5,3,3,2,3,Knee,3,13,4,4,3,3
00-0038981,ACT,A01,TRUE,1,1,1,0,1,Knee,3,6,4,4,1,2
00-0038982,ACT,A01,TRUE,1,1,1,0,0,Wrist,3,9,5,5,0,2
00-0038984,ACT,A01,TRUE,3,2,2,0,1,Ankle,3,5,3,2,1,1
00-0038986,ACT,A01,TRUE,2,2,2,0,1,Hamstring,2,6,3,3,0,1
00-0038994,ACT,A01,TRUE,1,1,1,0,0,Achilles,3,7,5,5,1,2
00-0038995,ACT,A01,TRUE,3,2,2,1,2,Knee,3,6,4,3,2,3
00-0038996,ACT,A01,TRUE,3,1,1,1,1,Knee,2,10,2,2,2,1
00-0038997,ACT,A01,TRUE,7,2,2,0,1,Ankle,3,20,5,5,6,4
00-0039000,ACT,A01,TRUE,4,1,1,1,1,Hip,3,13,3,3,6,2
00-0039001,ACT,A01,TRUE,1,1,1,0,0,Oblique,2,2,2,2,0,0
00-0039002,ACT,A01,TRUE,0,0,0,0,0,NA,2,11,6,6,3,3
00-0039003,ACT,A01,TRUE,2,2,2,0,0,Ankle,2,5,5,5,0,0
00-0039004,ACT,A01,TRUE,0,0,0,0,0,NA,1,4,1,1,3,1
00-0039006,ACT,A01,TRUE,0,0,0,0,0,NA,0,0,0,0,0,0
00-0039007,ACT,A01,TRUE,2,0,0,2,0,Ankle,3,11,4,4,7,3
00-0039009,ACT,A01,TRUE,3,1,1,1,0,Knee,3,8,3,2,3,1
00-0039013,ACT,A01,TRUE,2,1,1,1,0,Triceps,2,4,2,2,1,0
00-0039014,ACT,A01,TRUE,1,1,1,0,0,Knee,3,11,4,4,3,3
00-0039018,ACT,A01,TRUE,2,1,1,1,0,Ankle,2,3,2,2,1,0
00-0039019,ACT,A01,TRUE,8,3,3,1,2,Concussion,3,21,10,10,3,7
00-0039020,ACT,A01,TRUE,3,1,1,1,0,Back,3,19,4,4,2,1
00-0039021,ACT,A01,TRUE,6,4,4,1,3,Back,3,13,10,10,1,7
00-0039023,ACT,A01,TRUE,0,0,0,0,0,NA,0,0,0,0,0,0
00-0039030,ACT,A01,TRUE,3,2,2,0,1,Ankle,1,3,2,2,0,1
00-0039031,ACT,A01,TRUE,0,0,0,0,0,NA,0,0,0,0,0,0
00-0039032,ACT,A01,TRUE,3,1,1,1,0,Ankle,3,13,7,7,4,3
00-0039034,ACT,A01,TRUE,0,0,0,0,0,NA,2,7,4,4,1,3
00-0039040,ACT,A01,TRUE,4,1,1,1,1,Calf,3,18,3,3,5,1
00-0039041,ACT,A01,TRUE,1,0,0,1,1,NA,2,2,0,0,2,1
00-0039042,ACT,A01,TRUE,0,0,0,0,0,NA,0,0,0,0,0,0
00-0039047,ACT,A01,TRUE,6,3,3,0,2,Oblique,3,16,5,5,3,2
00-0039048,ACT,A01,TRUE,4,3,3,1,2,Ankle,2,6,4,4,1,2
00-0039049,ACT,A01,TRUE,3,2,2,0,1,Hip,3,11,7,7,1,6
00-0039050,ACT,A01,TRUE,0,0,0,0,0,NA,1,3,2,2,1,1
00-0039051,ACT,A01,TRUE,2,1,1,0,1,Ankle,3,13,5,4,5,3
00-0039052,ACT,A01,TRUE,3,2,2,1,2,Hamstring,3,11,5,4,6,4
00-0039053,ACT,A01,TRUE,0,0,0,0,0,NA,0,0,0,0,0,0
00-0039054,ACT,A01,TRUE,9,1,1,3,0,Neck,2,17,2,2,7,0
00-0039058,ACT,A01,TRUE,4,1,1,2,2,Ankle,2,5,2,2,2,2
00-0039059,ACT,A01,TRUE,0,0,0,0,0,NA,2,3,3,1,0,1
00-0039061,ACT,A01,TRUE,1,0,0,1,1,NA,2,3,1,1,2,1
00-0039062,ACT,A01,TRUE,4,1,1,3,1,Knee,2,6,2,2,4,1
00-0039063,ACT,A01,TRUE,3,2,2,1,1,Pectoral,3,15,10,10,5,8
00-0039064,ACT,A01,TRUE,3,1,1,1,0,Shoulder,3,11,2,2,8,3
00-0039065,ACT,A01,TRUE,1,1,1,0,1,Back,3,8,4,4,2,2
00-0039066,ACT,A01,TRUE,6,4,4,1,3,Ankle,3,13,10,7,2,9
00-0039067,ACT,A01,TRUE,6,2,2,0,2,Hamstring,3,12,5,5,0,3
00-0039068,ACT,A01,TRUE,0,0,0,0,0,NA,2,3,2,2,0,0
00-0039070,ACT,A01,TRUE,1,1,1,0,0,Hand,2,5,3,3,2,1
00-0039071,ACT,A01,TRUE,7,4,4,0,3,Hip,3,13,6,6,2,4
00-0039072,ACT,A01,TRUE,3,2,2,1,0,Pectoral,3,14,6,6,3,3
00-0039074,ACT,A01,TRUE,1,1,1,0,0,Knee,2,6,4,4,2,2
00-0039075,ACT,A01,TRUE,5,2,2,0,3,Ankle,3,17,4,4,7,5
00-0039076,ACT,A01,TRUE,0,0,0,0,0,NA,1,1,0,0,1,0
00-0039077,ACT,A01,TRUE,0,0,0,0,0,NA,0,0,0,0,0,0
00-0039107,ACT,A01,TRUE,0,0,0,0,0,NA,1,1,0,0,1,1
00-0039108,ACT,A01,TRUE,5,1,1,0,1,Chest,3,23,7,7,4,7
00-0039109,ACT,A01,TRUE,2,2,2,0,1,Groin,2,3,3,3,0,1
00-0039110,ACT,A01,TRUE,2,1,1,0,0,Ankle,3,7,3,3,0,0
00-0039111,ACT,A01,TRUE,1,1,0,0,0,NA,2,2,1,0,1,0
00-0039112,ACT,A01,TRUE,13,7,7,3,6,Foot,3,16,8,8,4,6
00-0039137,ACT,A01,TRUE,13,1,1,1,12,Knee,3,16,2,2,3,12
00-0039138,ACT,A01,TRUE,2,1,1,1,0,Back,3,4,3,3,1,0
00-0039139,ACT,A01,TRUE,0,0,0,0,0,NA,1,3,2,2,1,1
00-0039140,ACT,A01,TRUE,0,0,0,0,0,NA,1,1,1,1,0,0
00-0039141,ACT,A01,TRUE,5,2,2,2,2,Toe,3,13,6,6,4,4
00-0039142,ACT,A01,TRUE,4,2,2,2,1,Quadricep,3,12,4,4,6,3
00-0039143,ACT,A01,TRUE,0,0,0,0,0,NA,2,7,4,4,3,5
00-0039144,ACT,A01,TRUE,0,0,0,0,0,NA,2,14,4,4,5,4
00-0039145,ACT,A01,TRUE,4,1,1,1,0,Ankle,2,9,3,3,2,1
00-0039146,ACT,A01,TRUE,9,4,4,2,1,Foot,3,22,6,6,6,2
00-0039147,ACT,A01,TRUE,9,4,4,2,2,Hamstring,3,16,6,6,5,4
00-0039148,ACT,A01,TRUE,9,3,2,4,2,Groin,3,17,5,4,8,3
00-0039149,ACT,A01,TRUE,2,1,1,1,0,Hamstring,3,16,4,4,3,1
00-0039150,ACT,A01,TRUE,3,1,1,1,1,Ankle,3,9,4,4,1,2
00-0039151,ACT,A01,TRUE,1,1,1,0,0,Shoulder,3,14,6,6,1,3
00-0039152,ACT,A01,TRUE,0,0,0,0,0,NA,2,17,2,2,6,0
00-0039155,ACT,A01,TRUE,3,2,2,1,0,Knee,1,3,2,2,1,0
00-0039156,ACT,A01,TRUE,0,0,0,0,0,NA,2,11,6,6,4,6
00-0039157,ACT,A01,TRUE,1,1,1,0,1,Knee,2,4,2,2,2,2
00-0039158,ACT,A01,TRUE,0,0,0,0,0,NA,1,1,0,0,1,1
00-0039163,ACT,A01,TRUE,4,4,4,0,3,Concussion,3,11,7,7,2,5
00-0039164,ACT,A01,TRUE,3,3,3,0,0,Eye,3,11,7,7,3,3
00-0039165,ACT,A01,TRUE,2,0,0,2,1,Foot,3,8,2,2,4,2
00-0039167,ACT,A01,TRUE,6,3,3,1,2,Hamstring,3,9,5,5,2,3
00-0039169,ACT,A01,TRUE,7,2,2,4,2,Knee,3,14,4,4,8,3
00-0039172,ACT,A01,TRUE,0,0,0,0,0,NA,0,0,0,0,0,0
00-0039174,E14,E14,FALSE,0,0,0,0,0,NA,0,0,0,0,0,0
00-0039176,E14,E14,FALSE,1,1,1,0,0,Quadricep,1,1,1,1,0,0
00-0039177,E14,E14,FALSE,0,0,0,0,0,NA,0,0,0,0,0,0
00-0039178,ACT,A01,TRUE,1,1,1,0,0,Throat,1,1,1,1,0,0
00-0039207,ACT,A01,TRUE,0,0,0,0,0,NA,0,0,0,0,0,0
00-0039229,E14,E14,FALSE,1,0,0,1,0,NA,1,1,0,0,1,0
00-0039230,ACT,A01,TRUE,0,0,0,0,0,NA,0,0,0,0,0,0
00-0039232,ACT,A01,TRUE,5,1,1,0,0,Foot,2,9,3,3,2,1
00-0039233,ACT,A01,TRUE,1,1,1,0,0,Knee,2,2,2,2,0,0
00-0039234,ACT,A01,TRUE,1,1,1,0,0,Shoulder,2,5,3,3,2,1
00-0039235,ACT,A01,TRUE,0,0,0,0,0,NA,1,4,2,2,1,1
00-0039236,ACT,A01,TRUE,0,0,0,0,0,NA,1,6,1,1,3,3
00-0039237,ACT,A01,TRUE,0,0,0,0,0,NA,1,1,1,1,0,0
00-0039239,ACT,A01,TRUE,0,0,0,0,0,NA,0,0,0,0,0,0
00-0039241,ACT,A01,TRUE,0,0,0,0,0,NA,1,1,1,1,0,0
00-0039242,ACT,A01,TRUE,1,1,0,0,0,NA,1,1,1,0,0,0
00-0039244,ACT,A01,TRUE,0,0,0,0,0,NA,0,0,0,0,0,0
00-0039259,ACT,A01,TRUE,0,0,0,0,0,NA,0,0,0,0,0,0
00-0039265,ACT,A01,TRUE,0,0,0,0,0,NA,0,0,0,0,0,0
00-0039266,ACT,A01,TRUE,0,0,0,0,0,NA,0,0,0,0,0,0
00-0039267,ACT,A01,TRUE,0,0,0,0,0,NA,0,0,0,0,0,0
00-0039269,ACT,A01,TRUE,0,0,0,0,0,NA,0,0,0,0,0,0
00-0039272,ACT,A01,TRUE,1,1,1,0,1,Throat,1,1,1,1,0,1
00-0039275,ACT,A01,TRUE,0,0,0,0,0,NA,0,0,0,0,0,0
00-0039277,ACT,A01,TRUE,0,0,0,0,0,NA,0,0,0,0,0,0
00-0039284,ACT,A01,TRUE,1,0,0,1,0,Shoulder,2,2,0,0,2,0
00-0039285,ACT,A01,TRUE,0,0,0,0,0,NA,0,0,0,0,0,0
00-0039288,ACT,A01,TRUE,0,0,0,0,0,NA,0,0,0,0,0,0
00-0039289,ACT,A01,TRUE,0,0,0,0,0,NA,0,0,0,0,0,0
00-0039291,ACT,A01,TRUE,2,2,2,0,1,Concussion,1,2,2,2,0,1
00-0039292,ACT,A01,TRUE,0,0,0,0,0,NA,0,0,0,0,0,0
00-0039299,ACT,A01,TRUE,2,2,2,0,1,Hamstring,1,2,2,2,0,1
00-0039305,ACT,A01,TRUE,3,0,0,3,1,Ankle,1,3,0,0,3,1
00-0039309,ACT,A01,TRUE,1,1,1,0,0,Back,2,6,5,5,1,3
00-0039310,ACT,A01,TRUE,1,1,1,0,1,Neck,2,2,2,1,0,2
00-0039312,ACT,A01,TRUE,0,0,0,0,0,NA,0,0,0,0,0,0
00-0039313,ACT,A01,TRUE,4,3,3,1,2,Ankle,1,4,3,3,1,2
00-0039317,ACT,A01,TRUE,0,0,0,0,0,NA,1,1,1,0,0,0
00-0039323,ACT,A01,TRUE,0,0,0,0,0,NA,0,0,0,0,0,0
00-0039324,ACT,A01,TRUE,3,3,3,0,2,Back,2,5,4,4,0,2
00-0039325,ACT,A01,TRUE,0,0,0,0,0,NA,1,1,1,1,0,0
00-0039332,ACT,A01,TRUE,2,0,0,2,0,Ankle,1,2,0,0,2,0
00-0039333,ACT,A01,TRUE,1,1,1,0,0,Knee,2,4,2,2,1,0
00-0039337,ACT,A01,TRUE,3,1,1,0,1,Back,2,13,4,4,3,5
00-0039338,ACT,A01,TRUE,8,2,2,3,2,Knee,2,12,3,3,3,2
00-0039339,ACT,A01,TRUE,8,3,3,3,3,Ankle,2,11,4,4,4,4
00-0039340,ACT,A01,TRUE,2,1,1,1,1,Hamstring,2,4,2,1,2,1
00-0039341,ACT,A01,TRUE,10,7,7,1,6,Ankle,2,18,8,8,3,7
00-0039342,ACT,A01,TRUE,5,2,2,1,1,Hamstring,2,10,4,4,4,2
00-0039343,ACT,A01,TRUE,8,2,2,1,1,Foot,2,16,5,5,2,3
00-0039344,ACT,A01,TRUE,0,0,0,0,0,NA,1,5,1,1,4,0
00-0039345,ACT,A01,TRUE,8,3,3,3,1,Neck,2,11,4,4,4,1
00-0039346,ACT,A01,TRUE,0,0,0,0,0,NA,1,5,3,3,1,2
00-0039347,ACT,A01,TRUE,6,5,5,1,3,Shoulder,2,7,6,6,1,4
00-0039348,ACT,A01,TRUE,2,0,0,2,0,Ankle,2,4,2,2,2,1
00-0039349,ACT,A01,TRUE,0,0,0,0,0,NA,0,0,0,0,0,0
00-0039350,ACT,A01,TRUE,2,2,2,0,0,Back,2,3,3,3,0,0
00-0039351,ACT,A01,TRUE,5,1,1,0,0,Knee,2,7,2,2,0,0
00-0039352,ACT,A01,TRUE,0,0,0,0,0,NA,1,3,1,1,1,0
00-0039353,ACT,A01,TRUE,5,1,1,1,0,Quadricep,2,7,2,2,2,0
00-0039354,ACT,A01,TRUE,0,0,0,0,0,NA,1,2,1,1,1,0
00-0039355,ACT,A01,TRUE,0,0,0,0,0,NA,1,1,1,1,0,0
00-0039356,ACT,A01,TRUE,5,3,3,1,3,Ankle,2,9,5,5,2,4
00-0039357,ACT,A01,TRUE,3,1,1,2,0,Hamstring,2,9,6,6,3,5
00-0039358,ACT,A01,TRUE,0,0,0,0,0,NA,1,1,0,0,1,0
00-0039359,ACT,A01,TRUE,2,1,1,1,0,Foot,2,5,4,1,2,1
00-0039360,ACT,A01,TRUE,1,0,0,1,0,Knee,2,5,2,2,2,1
00-0039361,ACT,A01,TRUE,10,8,8,1,5,Foot,2,20,9,9,6,5
00-0039362,ACT,A01,TRUE,4,4,4,0,1,Knee,1,4,4,4,0,1
00-0039363,ACT,A01,TRUE,1,1,1,0,0,Shoulder,2,6,3,3,1,1
00-0039364,ACT,A01,TRUE,14,6,6,7,5,Groin,2,16,7,7,8,6
00-0039365,ACT,A01,TRUE,2,0,0,2,0,Hamstring,2,7,2,2,3,1
00-0039366,ACT,A01,TRUE,6,2,2,2,2,Knee,2,8,3,3,3,2
00-0039367,RES,R34,FALSE,0,0,0,0,0,NA,1,2,1,0,1,0
00-0039368,ACT,A01,TRUE,1,0,0,1,0,Knee,2,12,4,4,4,3
00-0039369,ACT,A01,TRUE,3,1,1,1,0,Hip,2,8,4,4,2,2
00-0039370,ACT,A01,TRUE,2,1,1,0,0,Knee,2,7,5,5,1,3
00-0039371,ACT,A01,TRUE,0,0,0,0,0,NA,0,0,0,0,0,0
00-0039372,ACT,A01,TRUE,5,3,3,2,4,Ankle,2,9,4,4,4,5
00-0039373,ACT,A01,TRUE,0,0,0,0,0,NA,1,1,0,0,1,0
00-0039374,ACT,A01,TRUE,0,0,0,0,0,NA,1,6,2,2,3,2
00-0039375,ACT,A01,TRUE,2,1,1,1,1,Hamstring,2,3,2,2,1,1
00-0039376,ACT,A01,TRUE,1,0,0,1,1,Finger,2,2,1,1,1,1
00-0039377,ACT,A01,TRUE,3,3,3,0,0,Ankle,2,7,5,5,2,1
00-0039379,ACT,A01,TRUE,2,2,2,0,1,Foot,2,5,3,3,1,1
00-0039380,ACT,A01,TRUE,2,1,1,1,1,Chest,2,3,2,1,1,2
00-0039381,ACT,A01,TRUE,0,0,0,0,0,NA,1,3,1,1,0,0
00-0039382,ACT,A01,TRUE,3,2,2,1,0,Knee,2,7,3,2,4,0
00-0039383,ACT,A01,TRUE,0,0,0,0,0,NA,0,0,0,0,0,0
00-0039384,ACT,A01,TRUE,5,2,2,1,1,Shoulder,2,8,3,3,2,1
00-0039386,ACT,A01,TRUE,0,0,0,0,0,NA,1,5,5,5,0,4
00-0039387,ACT,A01,TRUE,9,1,1,6,0,Hamstring,2,18,3,3,10,2
00-0039388,ACT,A01,TRUE,0,0,0,0,0,NA,1,3,2,2,1,1
00-0039389,ACT,A01,TRUE,0,0,0,0,0,NA,1,3,3,3,0,1
00-0039390,ACT,A01,TRUE,0,0,0,0,0,NA,1,1,1,1,0,0
00-0039391,ACT,A01,TRUE,2,0,0,2,0,Neck,1,2,0,0,2,0
00-0039392,ACT,A01,TRUE,0,0,0,0,0,NA,0,0,0,0,0,0
00-0039394,ACT,A01,TRUE,5,4,4,0,2,Concussion,2,10,8,8,0,3
00-0039395,ACT,A01,TRUE,7,6,6,0,5,Hamstring,2,9,6,6,2,5
00-0039396,ACT,A01,TRUE,0,0,0,0,0,NA,1,2,1,1,1,1
00-0039397,ACT,A01,TRUE,0,0,0,0,0,NA,0,0,0,0,0,0
00-0039398,ACT,A01,TRUE,1,1,0,0,0,NA,1,1,1,0,0,0
00-0039400,ACT,A01,TRUE,0,0,0,0,0,NA,0,0,0,0,0,0
00-0039401,ACT,A01,TRUE,1,1,1,0,0,Hand,1,1,1,1,0,0
00-0039402,ACT,A01,TRUE,0,0,0,0,0,NA,1,4,1,1,3,0
00-0039404,ACT,A01,TRUE,0,0,0,0,0,NA,1,1,0,0,1,0
00-0039405,ACT,A01,TRUE,2,2,2,0,1,Ankle,1,2,2,2,0,1
00-0039406,ACT,A01,TRUE,0,0,0,0,0,NA,1,1,1,1,0,0
00-0039407,ACT,A01,TRUE,2,1,1,0,0,Foot,2,3,2,1,0,0
00-0039408,ACT,A01,TRUE,4,1,1,3,0,Fibula,2,8,5,1,3,0
00-0039409,ACT,A01,TRUE,0,0,0,0,0,NA,0,0,0,0,0,0
00-0039410,ACT,A01,TRUE,2,1,1,1,1,Knee,2,4,2,2,1,1
00-0039411,ACT,A01,TRUE,0,0,0,0,0,NA,0,0,0,0,0,0
00-0039412,ACT,A01,TRUE,0,0,0,0,0,NA,1,2,0,0,2,0
00-0039414,ACT,A01,TRUE,2,2,2,0,0,Hamstring,2,3,2,2,1,0
00-0039415,ACT,A01,TRUE,0,0,0,0,0,NA,1,1,1,1,0,1
00-0039416,ACT,A01,TRUE,0,0,0,0,0,NA,0,0,0,0,0,0
00-0039417,ACT,A01,TRUE,3,1,1,2,0,Shoulder,2,7,3,3,4,1
00-0039418,ACT,A01,TRUE,0,0,0,0,0,NA,0,0,0,0,0,0
00-0039419,ACT,A01,TRUE,2,1,1,1,1,Hamstring,1,2,1,1,1,1
00-0039420,ACT,A01,TRUE,0,0,0,0,0,NA,1,1,1,1,0,0
00-0039421,ACT,A01,TRUE,3,2,2,0,1,Neck,1,3,2,2,0,1
00-0039422,ACT,A01,TRUE,2,1,1,0,0,Shoulder,1,2,1,1,0,0
00-0039423,ACT,A01,TRUE,1,1,1,0,0,Ribs,1,1,1,1,0,0
00-0039424,ACT,A01,TRUE,3,1,1,2,1,Hip,2,5,3,3,2,2
00-0039425,ACT,A01,TRUE,0,0,0,0,0,NA,0,0,0,0,0,0
00-0039427,ACT,A01,TRUE,0,0,0,0,0,NA,0,0,0,0,0,0
00-0039430,ACT,A01,TRUE,3,1,1,2,1,Wrist,2,4,1,1,3,1
00-0039431,ACT,A01,TRUE,0,0,0,0,0,NA,0,0,0,0,0,0
00-0039433,ACT,A01,TRUE,0,0,0,0,0,NA,0,0,0,0,0,0
00-0039435,ACT,A01,TRUE,6,4,4,1,3,Ankle,2,9,6,6,2,4
00-0039436,ACT,A01,TRUE,1,1,0,0,1,NA,1,1,1,0,0,1
00-0039437,ACT,A01,TRUE,0,0,0,0,0,NA,0,0,0,0,0,0
00-0039438,ACT,A01,TRUE,0,0,0,0,0,NA,0,0,0,0,0,0
00-0039442,ACT,A01,TRUE,1,0,0,1,0,Knee,1,1,0,0,1,0
00-0039445,ACT,A01,TRUE,0,0,0,0,0,NA,1,1,1,1,0,0
00-0039446,ACT,A01,TRUE,0,0,0,0,0,NA,0,0,0,0,0,0
00-0039448,ACT,A01,TRUE,0,0,0,0,0,NA,1,2,2,2,0,1
00-0039451,ACT,A01,TRUE,0,0,0,0,0,NA,1,2,1,1,1,1
00-0039454,ACT,A01,TRUE,0,0,0,0,0,NA,0,0,0,0,0,0
00-0039458,ACT,A01,TRUE,7,3,3,0,2,Ankle,1,7,3,3,0,2
00-0039459,ACT,A01,TRUE,2,1,1,1,0,Quadricep,1,2,1,1,1,0
00-0039460,ACT,A01,TRUE,0,0,0,0,0,NA,0,0,0,0,0,0
00-0039461,ACT,A01,TRUE,0,0,0,0,0,NA,0,0,0,0,0,0
00-0039465,ACT,A01,TRUE,1,1,1,0,0,Thigh,1,1,1,1,0,0
00-0039469,ACT,A01,TRUE,0,0,0,0,0,NA,0,0,0,0,0,0
00-0039471,ACT,A01,TRUE,0,0,0,0,0,NA,0,0,0,0,0,0
00-0039473,ACT,A01,TRUE,0,0,0,0,0,NA,0,0,0,0,0,0
00-0039475,ACT,A01,TRUE,0,0,0,0,0,NA,0,0,0,0,0,0
00-0039481,ACT,A01,TRUE,9,5,5,2,5,Ankle,2,13,6,6,4,6
00-0039485,ACT,A01,TRUE,3,2,2,1,0,Triceps,1,3,2,2,1,0
00-0039488,ACT,A01,TRUE,0,0,0,0,0,NA,0,0,0,0,0,0
00-0039489,ACT,A01,TRUE,0,0,0,0,0,NA,0,0,0,0,0,0
00-0039491,ACT,A01,TRUE,2,0,0,2,0,Quadricep,2,8,2,2,6,3
00-0039498,ACT,A01,TRUE,0,0,0,0,0,NA,0,0,0,0,0,0
00-0039506,ACT,A01,TRUE,0,0,0,0,0,NA,0,0,0,0,0,0
00-0039507,ACT,A01,TRUE,0,0,0,0,0,NA,0,0,0,0,0,0
00-0039508,ACT,A01,TRUE,0,0,0,0,0,NA,1,3,1,1,0,0
00-0039513,ACT,A01,TRUE,0,0,0,0,0,NA,0,0,0,0,0,0
00-0039515,ACT,A01,TRUE,3,3,3,0,1,Back,1,3,3,3,0,1
00-0039517,ACT,A01,TRUE,0,0,0,0,0,NA,0,0,0,0,0,0
00-0039518,ACT,A01,TRUE,0,0,0,0,0,NA,0,0,0,0,0,0
00-0039521,ACT,A01,TRUE,6,2,2,3,2,Hamstring,2,9,4,4,4,3
00-0039526,ACT,A01,TRUE,0,0,0,0,0,NA,0,0,0,0,0,0
00-0039530,ACT,A01,TRUE,1,1,1,0,0,Ankle,1,1,1,1,0,0
00-0039532,ACT,A01,TRUE,0,0,0,0,0,NA,0,0,0,0,0,0
00-0039534,ACT,A01,TRUE,0,0,0,0,0,NA,0,0,0,0,0,0
00-0039535,ACT,A01,TRUE,0,0,0,0,0,NA,0,0,0,0,0,0
00-0039539,ACT,A01,TRUE,0,0,0,0,0,NA,0,0,0,0,0,0
00-0039544,ACT,A01,TRUE,1,1,1,0,0,Shoulder,1,1,1,1,0,0
00-0039555,ACT,A01,TRUE,0,0,0,0,0,NA,0,0,0,0,0,0
00-0039565,ACT,A01,TRUE,0,0,0,0,0,NA,0,0,0,0,0,0
00-0039566,ACT,A01,TRUE,0,0,0,0,0,NA,0,0,0,0,0,0
00-0039567,E14,E14,FALSE,0,0,0,0,0,NA,0,0,0,0,0,0
00-0039568,ACT,A01,TRUE,1,1,1,0,0,Ankle,2,3,3,1,0,2
00-0039570,ACT,A01,TRUE,0,0,0,0,0,NA,0,0,0,0,0,0
00-0039576,ACT,A01,TRUE,0,0,0,0,0,NA,1,1,1,1,0,1
00-0039577,ACT,A01,TRUE,0,0,0,0,0,NA,0,0,0,0,0,0
00-0039578,ACT,A01,TRUE,2,2,2,0,0,Shoulder,2,3,3,3,0,0
00-0039582,ACT,A01,TRUE,0,0,0,0,0,NA,0,0,0,0,0,0
00-0039586,ACT,A01,TRUE,0,0,0,0,0,NA,1,1,1,1,0,0
00-0039589,ACT,A01,TRUE,1,1,1,0,0,Knee,2,9,6,6,3,3
00-0039596,ACT,A01,TRUE,4,4,4,0,0,Quadricep,1,4,4,4,0,0
00-0039601,ACT,A01,TRUE,0,0,0,0,0,NA,0,0,0,0,0,0
00-0039603,ACT,A01,TRUE,0,0,0,0,0,NA,0,0,0,0,0,0
00-0039609,ACT,A01,TRUE,0,0,0,0,0,NA,0,0,0,0,0,0
00-0039620,ACT,A01,TRUE,3,1,0,2,0,Back,2,6,1,0,5,2
00-0039622,ACT,A01,TRUE,0,0,0,0,0,NA,0,0,0,0,0,0
00-0039623,ACT,A01,TRUE,3,1,1,2,2,Groin,1,3,1,1,2,2
00-0039624,ACT,A01,TRUE,0,0,0,0,0,NA,0,0,0,0,0,0
00-0039626,ACT,A01,TRUE,0,0,0,0,0,NA,0,0,0,0,0,0
00-0039631,ACT,A01,TRUE,2,1,1,1,1,Chest,1,2,1,1,1,1
00-0039632,ACT,A01,TRUE,3,1,1,2,1,Ankle,1,3,1,1,2,1
00-0039634,ACT,A01,TRUE,0,0,0,0,0,NA,0,0,0,0,0,0
00-0039637,ACT,A01,TRUE,0,0,0,0,0,NA,0,0,0,0,0,0
00-0039648,ACT,A01,TRUE,0,0,0,0,0,NA,0,0,0,0,0,0
00-0039650,ACT,A01,TRUE,11,8,8,3,4,Knee,2,12,8,8,4,5
00-0039652,ACT,A01,TRUE,0,0,0,0,0,NA,0,0,0,0,0,0
00-0039655,ACT,A01,TRUE,0,0,0,0,0,NA,0,0,0,0,0,0
00-0039660,ACT,A01,TRUE,3,3,3,0,0,Concussion,1,3,3,3,0,0
00-0039676,ACT,A01,TRUE,0,0,0,0,0,NA,0,0,0,0,0,0
00-0039677,ACT,A01,TRUE,0,0,0,0,0,NA,0,0,0,0,0,0
00-0039679,ACT,A01,TRUE,0,0,0,0,0,NA,0,0,0,0,0,0
00-0039681,ACT,A01,TRUE,1,0,0,1,0,Hamstring,2,8,5,5,2,5
00-0039685,ACT,A01,TRUE,0,0,0,0,0,NA,0,0,0,0,0,0
00-0039686,ACT,A01,TRUE,8,4,4,0,3,Ankle,2,11,6,6,1,4
00-0039692,ACT,A01,TRUE,0,0,0,0,0,NA,0,0,0,0,0,0
00-0039696,ACT,A01,TRUE,0,0,0,0,0,NA,0,0,0,0,0,0
00-0039700,ACT,A01,TRUE,0,0,0,0,0,NA,0,0,0,0,0,0
00-0039703,ACT,A01,TRUE,0,0,0,0,0,NA,0,0,0,0,0,0
00-0039710,ACT,A01,TRUE,0,0,0,0,0,NA,0,0,0,0,0,0
00-0039714,ACT,A01,TRUE,1,0,0,1,0,Hip,1,1,0,0,1,0
00-0039716,ACT,A01,TRUE,0,0,0,0,0,NA,0,0,0,0,0,0
00-0039718,ACT,A01,TRUE,0,0,0,0,0,NA,0,0,0,0,0,0
00-0039720,ACT,A01,TRUE,0,0,0,0,0,NA,1,2,1,1,1,1
00-0039722,ACT,A01,TRUE,0,0,0,0,0,NA,0,0,0,0,0,0
00-0039725,ACT,A01,TRUE,0,0,0,0,0,NA,0,0,0,0,0,0
00-0039731,ACT,A01,TRUE,5,4,4,1,4,Hip,2,6,5,5,1,4
00-0039732,ACT,A01,TRUE,1,1,1,0,1,Ankle,2,2,2,2,0,1
00-0039733,ACT,A01,TRUE,3,1,1,1,1,Groin,2,7,3,3,2,2
00-0039734,ACT,A01,TRUE,7,1,1,3,2,Ankle,2,8,1,1,4,2
00-0039735,ACT,A01,TRUE,3,2,2,0,1,Concussion,2,8,4,3,2,2
00-0039736,ACT,A01,TRUE,4,2,2,0,1,Toe,2,5,3,3,0,1
00-0039737,ACT,A01,TRUE,2,1,1,1,1,Foot,2,3,1,1,2,1
00-0039738,ACT,A01,TRUE,2,1,1,1,0,Ankle,1,2,1,1,1,0
00-0039739,ACT,A01,TRUE,0,0,0,0,0,NA,1,8,5,5,2,1
00-0039740,ACT,A01,TRUE,1,1,1,0,0,Hip,2,3,2,2,0,0
00-0039741,ACT,A01,TRUE,0,0,0,0,0,NA,0,0,0,0,0,0
00-0039742,ACT,A01,TRUE,0,0,0,0,0,NA,0,0,0,0,0,0
00-0039743,ACT,A01,TRUE,0,0,0,0,0,NA,0,0,0,0,0,0
00-0039744,ACT,A01,TRUE,2,2,2,0,1,Concussion,2,4,4,4,0,2
00-0039745,E14,E14,FALSE,0,0,0,0,0,NA,0,0,0,0,0,0
00-0039746,ACT,A01,TRUE,3,3,3,0,1,Oblique,2,6,5,5,1,2
00-0039747,ACT,A01,TRUE,0,0,0,0,0,NA,1,4,1,1,0,0
00-0039749,ACT,A01,TRUE,0,0,0,0,0,NA,1,2,1,1,1,0
00-0039751,ACT,A01,TRUE,5,2,2,1,1,Back,2,12,4,4,4,2
00-0039752,ACT,A01,TRUE,3,2,2,0,0,Calf,1,3,2,2,0,0
00-0039753,ACT,A01,TRUE,0,0,0,0,0,NA,1,1,0,0,1,0
00-0039754,ACT,A01,TRUE,3,1,1,0,0,Knee,2,5,2,2,0,0
00-0039755,ACT,A01,TRUE,2,1,1,0,0,Calf,2,6,5,5,0,1
00-0039757,ACT,A01,TRUE,5,3,3,2,1,Concussion,1,5,3,3,2,1
00-0039763,ACT,A01,TRUE,0,0,0,0,0,NA,0,0,0,0,0,0
00-0039764,ACT,A01,TRUE,0,0,0,0,0,NA,0,0,0,0,0,0
00-0039770,ACT,A01,TRUE,8,2,2,4,1,Foot,2,13,5,5,5,4
00-0039772,ACT,A01,TRUE,5,3,3,1,2,Ankle,2,7,4,4,2,2
00-0039774,ACT,A01,TRUE,4,1,1,2,1,Ankle,1,4,1,1,2,1
00-0039775,ACT,A01,TRUE,0,0,0,0,0,NA,0,0,0,0,0,0
00-0039776,ACT,A01,TRUE,2,1,1,0,0,Hip,1,2,1,1,0,0
00-0039780,ACT,A01,TRUE,0,0,0,0,0,NA,0,0,0,0,0,0
00-0039783,ACT,A01,TRUE,0,0,0,0,0,NA,0,0,0,0,0,0
00-0039784,ACT,A01,TRUE,1,1,1,0,0,Chest,2,2,1,1,1,1
00-0039789,ACT,A01,TRUE,4,2,2,2,2,Hip,2,6,3,2,3,2
00-0039790,ACT,A01,TRUE,0,0,0,0,0,NA,1,2,1,1,1,0
00-0039791,ACT,A01,TRUE,0,0,0,0,0,NA,1,6,2,2,2,1
00-0039792,ACT,A01,TRUE,4,2,2,1,1,Oblique,1,4,2,2,1,1
00-0039793,ACT,A01,TRUE,7,1,1,1,0,Calf,2,8,2,2,1,0
00-0039794,ACT,A01,TRUE,1,1,1,0,1,Knee,2,2,1,1,1,1
00-0039795,ACT,A01,TRUE,1,1,1,0,0,Hamstring,2,3,2,2,1,1
00-0039796,ACT,A01,TRUE,1,1,1,0,0,Concussion,2,9,5,5,4,2
00-0039798,ACT,A01,TRUE,1,1,1,0,1,Concussion,2,2,2,2,0,1
00-0039807,ACT,A01,TRUE,11,5,5,5,5,Heel,2,15,6,6,6,5
00-0039808,ACT,A01,TRUE,0,0,0,0,0,NA,1,6,2,2,1,1
00-0039809,ACT,A01,TRUE,7,5,5,0,3,Hamstring,2,8,6,6,0,3
00-0039811,ACT,A01,TRUE,3,3,3,0,2,Calf,2,6,4,4,2,3
00-0039812,ACT,A01,TRUE,0,0,0,0,0,NA,1,1,0,0,1,0
00-0039813,ACT,A01,TRUE,3,1,1,2,1,Knee,2,11,5,5,5,4
00-0039814,ACT,A01,TRUE,0,0,0,0,0,NA,1,1,1,1,0,1
00-0039815,ACT,A01,TRUE,4,2,2,0,1,Shoulder,2,5,3,3,0,2
00-0039816,ACT,A01,TRUE,7,6,6,0,5,Foot,1,7,6,6,0,5
00-0039817,ACT,A01,TRUE,2,0,0,2,0,Hamstring,1,2,0,0,2,0
00-0039818,ACT,A01,TRUE,0,0,0,0,0,NA,0,0,0,0,0,0
00-0039819,ACT,A01,TRUE,0,0,0,0,0,NA,1,1,1,0,0,0
00-0039821,ACT,A01,TRUE,3,1,1,0,0,Calf,2,11,4,4,2,3
00-0039822,ACT,A01,TRUE,1,1,1,0,1,Elbow,2,8,5,5,1,4
00-0039823,ACT,A01,TRUE,0,0,0,0,0,NA,1,4,4,4,0,1
00-0039824,ACT,A01,TRUE,1,1,1,0,0,Knee,2,3,3,3,0,1
00-0039825,ACT,A01,TRUE,3,1,1,0,0,Shoulder,2,4,2,2,0,0
00-0039826,ACT,A01,TRUE,1,1,1,0,0,Ankle,2,2,2,2,0,0
00-0039827,ACT,A01,TRUE,0,0,0,0,0,NA,0,0,0,0,0,0
00-0039828,ACT,A01,TRUE,0,0,0,0,0,NA,0,0,0,0,0,0
00-0039829,ACT,A01,TRUE,4,3,3,1,2,Ankle,2,8,4,4,4,3
00-0039830,ACT,A01,TRUE,0,0,0,0,0,NA,0,0,0,0,0,0
00-0039831,ACT,A01,TRUE,1,1,1,0,0,Hamstring,1,1,1,1,0,0
00-0039832,ACT,A01,TRUE,0,0,0,0,0,NA,0,0,0,0,0,0
00-0039833,ACT,A01,TRUE,0,0,0,0,0,NA,0,0,0,0,0,0
00-0039834,ACT,A01,TRUE,6,1,1,1,0,Shoulder,1,6,1,1,1,0
00-0039835,ACT,A01,TRUE,1,1,1,0,0,Foot,1,1,1,1,0,0
00-0039836,ACT,A01,TRUE,1,1,1,0,1,Foot,1,1,1,1,0,1
00-0039837,ACT,A01,TRUE,0,0,0,0,0,NA,0,0,0,0,0,0
00-0039838,ACT,A01,TRUE,0,0,0,0,0,NA,1,1,1,1,0,0
00-0039839,ACT,A01,TRUE,3,3,3,0,0,Pectoral,1,3,3,3,0,0
00-0039840,ACT,A01,TRUE,3,0,0,3,0,Knee,1,3,0,0,3,0
00-0039841,ACT,A01,TRUE,0,0,0,0,0,NA,1,2,1,0,0,0
00-0039842,ACT,A01,TRUE,0,0,0,0,0,NA,1,1,1,1,0,0
00-0039843,ACT,A01,TRUE,0,0,0,0,0,NA,0,0,0,0,0,0
00-0039844,ACT,A01,TRUE,1,0,0,1,0,Concussion,1,1,0,0,1,0
00-0039846,ACT,A01,TRUE,3,1,1,1,0,Neck,2,13,4,4,6,4
00-0039847,ACT,A01,TRUE,5,3,1,0,2,Toe,2,8,4,2,0,2
00-0039849,ACT,A01,TRUE,9,5,3,3,5,Heel,2,12,6,4,3,5
00-0039850,ACT,A01,TRUE,7,1,1,0,0,Foot,2,16,5,5,1,3
00-0039851,ACT,A01,TRUE,1,1,1,0,0,Shoulder,2,5,2,2,2,0
00-0039852,ACT,A01,TRUE,0,0,0,0,0,NA,1,1,0,0,1,0
00-0039854,ACT,A01,TRUE,5,2,2,3,2,Pectoral,2,17,8,7,5,7
00-0039855,ACT,A01,TRUE,2,1,1,1,0,Neck,2,9,3,3,5,1
00-0039857,ACT,A01,TRUE,3,1,1,0,0,Ankle,2,7,4,4,0,2
00-0039858,ACT,A01,TRUE,2,2,2,0,0,Concussion,2,5,5,5,0,0
00-0039859,ACT,A01,TRUE,6,3,3,3,2,Groin,2,7,3,3,4,3
00-0039860,ACT,A01,TRUE,0,0,0,0,0,NA,1,4,3,3,1,2
00-0039861,ACT,A01,TRUE,9,2,2,3,2,Neck,2,12,3,3,3,2
00-0039862,ACT,A01,TRUE,0,0,0,0,0,NA,1,4,2,2,2,2
00-0039863,ACT,A01,TRUE,0,0,0,0,0,NA,1,6,2,2,3,1
00-0039864,ACT,A01,TRUE,7,6,6,1,5,Ankle,2,8,7,7,1,5
00-0039867,ACT,A01,TRUE,7,1,1,3,1,Ankle,2,12,4,4,4,3
00-0039868,ACT,A01,TRUE,1,0,0,1,0,Hamstring,2,2,1,1,1,0
00-0039871,ACT,A01,TRUE,1,1,0,0,0,NA,2,3,2,1,1,0
00-0039872,ACT,A01,TRUE,3,1,1,0,0,Ribs,2,4,2,2,0,0
00-0039873,ACT,A01,TRUE,1,1,1,0,1,Achilles,2,9,3,3,2,1
00-0039874,ACT,A01,TRUE,3,2,2,1,1,Knee,1,3,2,2,1,1
00-0039875,ACT,A01,TRUE,2,1,1,0,0,Knee,2,4,1,1,2,0
00-0039876,ACT,A01,TRUE,0,0,0,0,0,NA,0,0,0,0,0,0
00-0039877,ACT,A01,TRUE,0,0,0,0,0,NA,1,1,1,1,0,0
00-0039878,ACT,A01,TRUE,0,0,0,0,0,NA,0,0,0,0,0,0
00-0039879,ACT,A01,TRUE,0,0,0,0,0,NA,1,4,2,2,1,1
00-0039880,ACT,A01,TRUE,2,1,1,0,0,Knee,2,8,4,4,2,2
00-0039881,ACT,A01,TRUE,0,0,0,0,0,NA,1,4,1,1,3,0
00-0039882,ACT,A01,TRUE,2,1,0,1,0,Concussion,2,7,4,2,3,1
00-0039883,RES,R34,FALSE,0,0,0,0,0,NA,0,0,0,0,0,0
00-0039884,ACT,A01,TRUE,0,0,0,0,0,NA,0,0,0,0,0,0
00-0039886,ACT,A01,TRUE,3,2,2,1,2,Ankle,2,9,3,3,4,5
00-0039887,ACT,A01,TRUE,0,0,0,0,0,NA,1,7,2,2,4,1
00-0039888,ACT,A01,TRUE,1,1,1,0,0,Hamstring,2,3,2,2,0,0
00-0039889,ACT,A01,TRUE,0,0,0,0,0,NA,1,4,2,2,2,1
00-0039890,ACT,A01,TRUE,0,0,0,0,0,NA,0,0,0,0,0,0
00-0039893,ACT,A01,TRUE,7,3,3,1,1,Ankle,2,10,4,4,3,1
00-0039894,ACT,A01,TRUE,11,2,2,3,1,Shoulder,2,13,3,3,3,1
00-0039895,ACT,A01,TRUE,12,7,7,3,3,Knee,2,14,8,8,4,4
00-0039896,ACT,A01,TRUE,3,1,1,1,0,Calf,2,6,4,4,1,2
00-0039897,ACT,A01,TRUE,4,2,2,2,2,Ankle,2,6,3,3,3,3
00-0039898,ACT,A01,TRUE,1,1,1,0,0,Knee,1,1,1,1,0,0
00-0039899,ACT,A01,TRUE,0,0,0,0,0,NA,0,0,0,0,0,0
00-0039901,ACT,A01,TRUE,2,1,1,0,0,Groin,2,7,4,4,2,2
00-0039902,ACT,A01,TRUE,1,1,1,0,0,Foot,2,2,2,2,0,0
00-0039903,ACT,A01,TRUE,10,5,5,1,5,Shoulder,2,15,6,6,3,5
00-0039904,ACT,A01,TRUE,4,1,1,0,0,Knee,2,9,4,4,2,3
00-0039905,ACT,A01,TRUE,1,1,0,0,0,NA,2,7,3,2,0,1
00-0039906,ACT,A01,TRUE,3,1,1,2,1,Ankle,2,8,2,2,4,1
00-0039907,ACT,A01,TRUE,0,0,0,0,0,NA,1,3,3,3,0,2
00-0039908,ACT,A01,TRUE,1,1,1,0,1,Ankle,2,12,4,4,1,3
00-0039910,ACT,A01,TRUE,16,11,11,0,4,Elbow,2,19,12,12,1,4
00-0039911,ACT,A01,TRUE,5,2,2,2,0,Concussion,1,5,2,2,2,0
00-0039912,ACT,A01,TRUE,2,2,2,0,1,Ankle,2,5,3,3,0,1
00-0039913,ACT,A01,TRUE,3,1,1,1,0,Knee,2,13,3,3,2,1
00-0039915,ACT,A01,TRUE,4,1,1,0,0,Ankle,2,11,2,2,5,0
00-0039916,ACT,A01,TRUE,15,8,8,5,8,Knee,2,17,9,8,6,8
00-0039917,ACT,A01,TRUE,3,1,1,1,1,Knee,1,3,1,1,1,1
00-0039918,ACT,A01,TRUE,0,0,0,0,0,NA,0,0,0,0,0,0
00-0039919,ACT,A01,TRUE,10,4,4,3,3,Foot,2,14,5,5,4,3
00-0039920,ACT,A01,TRUE,2,1,1,1,0,Concussion,2,4,2,2,1,0
00-0039921,ACT,A01,TRUE,3,3,3,0,2,Knee,2,6,4,4,2,4
00-0039923,ACT,A01,TRUE,12,6,6,2,5,Ankle,1,12,6,6,2,5
00-0039924,ACT,A01,TRUE,2,1,1,0,1,Hip,2,5,3,3,0,2
00-0039925,ACT,A01,TRUE,3,1,1,0,0,Ankle,2,13,3,3,3,2
00-0039926,ACT,A01,TRUE,3,2,2,1,1,Knee,1,3,2,2,1,1
00-0039930,E14,E14,FALSE,0,0,0,0,0,NA,0,0,0,0,0,0
00-0039931,E14,E14,FALSE,0,0,0,0,0,NA,0,0,0,0,0,0
00-0039932,E14,E14,FALSE,0,0,0,0,0,NA,0,0,0,0,0,0
00-0039933,E14,E14,FALSE,0,0,0,0,0,NA,0,0,0,0,0,0
00-0039938,ACT,A01,TRUE,0,0,0,0,0,NA,0,0,0,0,0,0
00-0039944,ACT,A01,TRUE,0,0,0,0,0,NA,0,0,0,0,0,0
00-0039956,ACT,A01,TRUE,0,0,0,0,0,NA,0,0,0,0,0,0
00-0040004,E14,E14,FALSE,0,0,0,0,0,NA,0,0,0,0,0,0
00-0040007,ACT,A01,TRUE,6,4,4,1,3,Ankle,1,6,4,4,1,3
00-0040008,ACT,A01,TRUE,7,4,4,0,1,Knee,1,7,4,4,0,1
00-0040009,ACT,A01,TRUE,11,4,4,6,4,Foot,1,11,4,4,6,4
00-0040010,ACT,A01,TRUE,3,1,1,1,0,Knee,1,3,1,1,1,0
00-0040011,ACT,A01,TRUE,0,0,0,0,0,NA,0,0,0,0,0,0
00-0040012,ACT,A01,TRUE,4,4,4,0,0,Hamstring,1,4,4,4,0,0
00-0040013,ACT,A01,TRUE,0,0,0,0,0,NA,0,0,0,0,0,0
00-0040014,ACT,A01,TRUE,0,0,0,0,0,NA,0,0,0,0,0,0
00-0040015,ACT,A01,TRUE,3,1,1,2,0,Back,1,3,1,1,2,0
00-0040016,ACT,A01,TRUE,3,1,1,2,0,Abdomen,1,3,1,1,2,0
00-0040017,ACT,A01,TRUE,5,0,0,5,0,Knee,1,5,0,0,5,0
00-0040018,ACT,A01,TRUE,0,0,0,0,0,NA,0,0,0,0,0,0
00-0040019,ACT,A01,TRUE,0,0,0,0,0,NA,0,0,0,0,0,0
00-0040020,ACT,A01,TRUE,1,0,0,1,1,NA,1,1,0,0,1,1
00-0040021,ACT,A01,TRUE,3,1,1,2,0,Shoulder,1,3,1,1,2,0
00-0040022,ACT,A01,TRUE,0,0,0,0,0,NA,0,0,0,0,0,0
00-0040023,ACT,A01,TRUE,4,4,4,0,0,Back,1,4,4,4,0,0
00-0040024,ACT,A01,TRUE,2,1,1,1,0,Shoulder,1,2,1,1,1,0
00-0040026,ACT,A01,TRUE,0,0,0,0,0,NA,0,0,0,0,0,0
00-0040027,ACT,A01,TRUE,0,0,0,0,0,NA,0,0,0,0,0,0
00-0040031,ACT,A01,TRUE,0,0,0,0,0,NA,0,0,0,0,0,0
00-0040033,ACT,A01,TRUE,0,0,0,0,0,NA,0,0,0,0,0,0
00-0040034,ACT,A01,TRUE,0,0,0,0,0,NA,0,0,0,0,0,0
00-0040036,ACT,A01,TRUE,0,0,0,0,0,NA,0,0,0,0,0,0
00-0040038,ACT,A01,TRUE,0,0,0,0,0,NA,0,0,0,0,0,0
00-0040039,ACT,A01,TRUE,0,0,0,0,0,NA,0,0,0,0,0,0
00-0040041,ACT,A01,TRUE,0,0,0,0,0,NA,0,0,0,0,0,0
00-0040043,ACT,A01,TRUE,0,0,0,0,0,NA,0,0,0,0,0,0
00-0040044,ACT,A01,TRUE,0,0,0,0,0,NA,0,0,0,0,0,0
00-0040045,ACT,A01,TRUE,3,2,1,1,1,Ribs,1,3,2,1,1,1
00-0040046,ACT,A01,TRUE,0,0,0,0,0,NA,0,0,0,0,0,0
00-0040048,ACT,A01,TRUE,0,0,0,0,0,NA,0,0,0,0,0,0
00-0040049,ACT,A01,TRUE,0,0,0,0,0,NA,0,0,0,0,0,0
00-0040053,ACT,A01,TRUE,0,0,0,0,0,NA,0,0,0,0,0,0
00-0040054,ACT,A01,TRUE,0,0,0,0,0,NA,0,0,0,0,0,0
00-0040055,ACT,A01,TRUE,0,0,0,0,0,NA,0,0,0,0,0,0
00-0040056,ACT,A01,TRUE,0,0,0,0,0,NA,0,0,0,0,0,0
00-0040058,ACT,A01,TRUE,0,0,0,0,0,NA,0,0,0,0,0,0
00-0040059,ACT,A01,TRUE,1,0,0,1,1,Knee,1,1,0,0,1,1
00-0040061,ACT,A01,TRUE,0,0,0,0,0,NA,0,0,0,0,0,0
00-0040063,ACT,A01,TRUE,0,0,0,0,0,NA,0,0,0,0,0,0
00-0040064,ACT,A01,TRUE,0,0,0,0,0,NA,0,0,0,0,0,0
00-0040065,ACT,A01,TRUE,0,0,0,0,0,NA,0,0,0,0,0,0
00-0040066,ACT,A01,TRUE,0,0,0,0,0,NA,0,0,0,0,0,0
00-0040067,ACT,A01,TRUE,0,0,0,0,0,NA,0,0,0,0,0,0
00-0040068,ACT,A01,TRUE,2,2,2,0,0,Shoulder,1,2,2,2,0,0
00-0040069,ACT,A01,TRUE,2,2,2,0,1,Calf,1,2,2,2,0,1
00-0040070,ACT,A01,TRUE,0,0,0,0,0,NA,0,0,0,0,0,0
00-0040071,ACT,A01,TRUE,0,0,0,0,0,NA,0,0,0,0,0,0
00-0040072,ACT,A01,TRUE,2,1,1,0,0,Knee,1,2,1,1,0,0
00-0040073,ACT,A01,TRUE,0,0,0,0,0,NA,0,0,0,0,0,0
00-0040074,ACT,A01,TRUE,0,0,0,0,0,NA,0,0,0,0,0,0
00-0040075,ACT,A01,TRUE,0,0,0,0,0,NA,0,0,0,0,0,0
00-0040076,ACT,A01,TRUE,0,0,0,0,0,NA,0,0,0,0,0,0
00-0040077,ACT,A01,TRUE,0,0,0,0,0,NA,0,0,0,0,0,0
00-0040078,ACT,A01,TRUE,3,1,1,0,0,Toe,1,3,1,1,0,0
00-0040079,ACT,A01,TRUE,0,0,0,0,0,NA,0,0,0,0,0,0
00-0040081,ACT,A01,TRUE,3,3,3,0,0,Hamstring,1,3,3,3,0,0
00-0040083,ACT,A01,TRUE,0,0,0,0,0,NA,0,0,0,0,0,0
00-0040086,ACT,A01,TRUE,0,0,0,0,0,NA,0,0,0,0,0,0
00-0040088,ACT,A01,TRUE,0,0,0,0,0,NA,0,0,0,0,0,0
00-0040089,ACT,A01,TRUE,0,0,0,0,0,NA,0,0,0,0,0,0
00-0040092,ACT,A01,TRUE,2,2,2,0,1,Ankle,1,2,2,2,0,1
00-0040093,ACT,A01,TRUE,0,0,0,0,0,NA,0,0,0,0,0,0
00-0040094,ACT,A01,TRUE,0,0,0,0,0,NA,0,0,0,0,0,0
00-0040098,ACT,A01,TRUE,0,0,0,0,0,NA,0,0,0,0,0,0
00-0040099,ACT,A01,TRUE,0,0,0,0,0,NA,0,0,0,0,0,0
00-0040100,ACT,A01,TRUE,3,2,2,1,1,Knee,1,3,2,2,1,1
00-0040104,ACT,A01,TRUE,1,1,1,0,0,Ankle,1,1,1,1,0,0
00-0040105,ACT,A01,TRUE,0,0,0,0,0,NA,0,0,0,0,0,0
00-0040106,RET,R02,FALSE,0,0,0,0,0,NA,0,0,0,0,0,0
00-0040108,CUT,W03,FALSE,0,0,0,0,0,NA,0,0,0,0,0,0
00-0040110,ACT,A01,TRUE,0,0,0,0,0,NA,0,0,0,0,0,0
00-0040112,ACT,A01,TRUE,0,0,0,0,0,NA,0,0,0,0,0,0
00-0040116,ACT,A01,TRUE,6,4,0,1,4,NA,1,6,4,0,1,4
00-0040118,ACT,A01,TRUE,0,0,0,0,0,NA,0,0,0,0,0,0
00-0040120,ACT,A01,TRUE,0,0,0,0,0,NA,0,0,0,0,0,0
00-0040122,ACT,A01,TRUE,0,0,0,0,0,NA,0,0,0,0,0,0
00-0040123,ACT,A01,TRUE,0,0,0,0,0,NA,0,0,0,0,0,0
00-0040124,ACT,A01,TRUE,6,1,1,3,0,Calf,1,6,1,1,3,0
00-0040125,ACT,A01,TRUE,0,0,0,0,0,NA,0,0,0,0,0,0
00-0040126,ACT,A01,TRUE,2,0,0,2,0,Hip,1,2,0,0,2,0
00-0040127,ACT,A01,TRUE,2,1,1,0,0,Foot,1,2,1,1,0,0
00-0040128,ACT,A01,TRUE,2,0,0,2,1,Toe,1,2,0,0,2,1
00-0040129,ACT,A01,TRUE,4,1,1,2,0,Hamstring,1,4,1,1,2,0
00-0040130,ACT,A01,TRUE,0,0,0,0,0,NA,0,0,0,0,0,0
00-0040131,ACT,A01,TRUE,0,0,0,0,0,NA,0,0,0,0,0,0
00-0040132,ACT,A01,TRUE,0,0,0,0,0,NA,0,0,0,0,0,0
00-0040133,ACT,A01,TRUE,3,3,3,0,2,Concussion,1,3,3,3,0,2
00-0040134,ACT,A01,TRUE,7,3,3,0,2,Concussion,1,7,3,3,0,2
00-0040135,ACT,A01,TRUE,2,2,2,0,2,Concussion,1,2,2,2,0,2
00-0040136,ACT,A01,TRUE,3,2,2,0,1,Ankle,1,3,2,2,0,1
00-0040137,ACT,A01,TRUE,0,0,0,0,0,NA,0,0,0,0,0,0
00-0040138,ACT,A01,TRUE,0,0,0,0,0,NA,0,0,0,0,0,0
00-0040139,ACT,A01,TRUE,0,0,0,0,0,NA,0,0,0,0,0,0
00-0040140,ACT,A01,TRUE,5,1,1,1,0,Knee,1,5,1,1,1,0
00-0040141,ACT,A01,TRUE,7,1,1,5,0,Hamstring,1,7,1,1,5,0
00-0040142,ACT,A01,TRUE,0,0,0,0,0,NA,0,0,0,0,0,0
00-0040143,ACT,A01,TRUE,1,1,1,0,0,Oblique,1,1,1,1,0,0
00-0040144,ACT,A01,TRUE,1,0,0,1,0,NA,1,1,0,0,1,0
00-0040145,ACT,A01,TRUE,0,0,0,0,0,NA,0,0,0,0,0,0
00-0040146,ACT,A01,TRUE,8,5,5,1,1,Knee,1,8,5,5,1,1
00-0040147,ACT,A01,TRUE,8,5,5,0,4,Ankle,1,8,5,5,0,4
00-0040148,ACT,A01,TRUE,2,1,1,0,0,Ankle,1,2,1,1,0,0
00-0040149,ACT,A01,TRUE,2,1,1,1,1,Hamstring,1,2,1,1,1,1
00-0040150,ACT,A01,TRUE,1,1,1,0,0,Quadricep,1,1,1,1,0,0
00-0040151,ACT,A01,TRUE,0,0,0,0,0,NA,0,0,0,0,0,0
00-0040152,ACT,A01,TRUE,6,1,1,3,1,Ankle,1,6,1,1,3,1
00-0040153,ACT,A01,TRUE,0,0,0,0,0,NA,0,0,0,0,0,0
00-0040154,ACT,A01,TRUE,0,0,0,0,0,NA,0,0,0,0,0,0
00-0040155,ACT,A01,TRUE,0,0,0,0,0,NA,0,0,0,0,0,0
00-0040156,ACT,A01,TRUE,8,5,5,2,4,Hamstring,1,8,5,5,2,4
00-0040157,ACT,A01,TRUE,0,0,0,0,0,NA,0,0,0,0,0,0
00-0040158,ACT,A01,TRUE,0,0,0,0,0,NA,0,0,0,0,0,0
00-0040159,ACT,A01,TRUE,4,2,2,0,1,Hand,1,4,2,2,0,1
00-0040160,ACT,A01,TRUE,0,0,0,0,0,NA,0,0,0,0,0,0
00-0040161,ACT,A01,TRUE,2,1,1,0,0,Knee,1,2,1,1,0,0
00-0040162,ACT,A01,TRUE,5,3,3,2,2,Hand,1,5,3,3,2,2
00-0040163,ACT,A01,TRUE,1,1,1,0,0,Finger,1,1,1,1,0,0
00-0040164,ACT,A01,TRUE,2,1,1,0,1,Ankle,1,2,1,1,0,1
00-0040165,ACT,A01,TRUE,0,0,0,0,0,NA,0,0,0,0,0,0
00-0040166,ACT,A01,TRUE,0,0,0,0,0,NA,0,0,0,0,0,0
00-0040167,ACT,A01,TRUE,4,3,3,0,1,Shoulder,1,4,3,3,0,1
00-0040168,ACT,A01,TRUE,0,0,0,0,0,NA,0,0,0,0,0,0
00-0040169,ACT,A01,TRUE,0,0,0,0,0,NA,0,0,0,0,0,0
00-0040170,ACT,A01,TRUE,2,1,1,1,1,Hamstring,1,2,1,1,1,1
00-0040171,ACT,A01,TRUE,6,3,3,1,1,Ankle,1,6,3,3,1,1
00-0040172,ACT,A01,TRUE,7,5,5,1,4,Calf,1,7,5,5,1,4
00-0040173,ACT,A01,TRUE,2,1,1,1,0,Hip,1,2,1,1,1,0
00-0040174,ACT,A01,TRUE,3,1,1,1,0,Ankle,1,3,1,1,1,0
00-0040175,ACT,A01,TRUE,1,1,1,0,0,Finger,1,1,1,1,0,0
00-0040176,ACT,A01,TRUE,0,0,0,0,0,NA,0,0,0,0,0,0
00-0040177,ACT,A01,TRUE,3,1,1,1,0,Finger,1,3,1,1,1,0
00-0040178,ACT,A01,TRUE,3,2,2,1,1,Hamstring,1,3,2,2,1,1
00-0040179,ACT,A01,TRUE,0,0,0,0,0,NA,0,0,0,0,0,0
00-0040180,ACT,A01,TRUE,1,1,1,0,0,Knee,1,1,1,1,0,0
00-0040181,ACT,A01,TRUE,0,0,0,0,0,NA,0,0,0,0,0,0
00-0040182,ACT,A01,TRUE,5,1,1,0,0,Shoulder,1,5,1,1,0,0
00-0040183,ACT,A01,TRUE,0,0,0,0,0,NA,0,0,0,0,0,0
00-0040184,ACT,A01,TRUE,2,1,1,1,1,Hamstring,1,2,1,1,1,1
00-0040185,ACT,A01,TRUE,0,0,0,0,0,NA,0,0,0,0,0,0
00-0040186,ACT,A01,TRUE,6,4,4,1,3,Neck,1,6,4,4,1,3
00-0040187,ACT,A01,TRUE,0,0,0,0,0,NA,0,0,0,0,0,0
00-0040188,ACT,A01,TRUE,1,1,1,0,0,Shoulder,1,1,1,1,0,0
00-0040189,ACT,A01,TRUE,1,1,1,0,0,Knee,1,1,1,1,0,0
00-0040190,ACT,A01,TRUE,0,0,0,0,0,NA,0,0,0,0,0,0
00-0040192,ACT,A01,TRUE,2,1,1,1,0,Shoulder,1,2,1,1,1,0
00-0040193,ACT,A01,TRUE,4,3,3,1,0,Knee,1,4,3,3,1,0
00-0040194,ACT,A01,TRUE,2,1,1,0,0,Ankle,1,2,1,1,0,0
00-0040195,ACT,A01,TRUE,1,0,0,1,0,Knee,1,1,0,0,1,0
00-0040196,ACT,A01,TRUE,0,0,0,0,0,NA,0,0,0,0,0,0
00-0040197,ACT,A01,TRUE,1,1,1,0,1,Neck,1,1,1,1,0,1
00-0040198,ACT,A01,TRUE,3,1,1,1,0,Ankle,1,3,1,1,1,0
00-0040199,ACT,A01,TRUE,1,1,1,0,0,Knee,1,1,1,1,0,0
00-0040200,ACT,A01,TRUE,0,0,0,0,0,NA,0,0,0,0,0,0
00-0040201,ACT,A01,TRUE,3,2,2,1,2,Calf,1,3,2,2,1,2
00-0040202,ACT,A01,TRUE,4,1,1,0,1,Ankle,1,4,1,1,0,1
00-0040203,ACT,A01,TRUE,3,0,0,3,0,Hand,1,3,0,0,3,0
00-0040204,ACT,A01,TRUE,5,3,3,2,1,Knee,1,5,3,3,2,1
00-0040205,ACT,A01,TRUE,6,2,2,4,1,Ankle,1,6,2,2,4,1
00-0040206,ACT,A01,TRUE,1,1,1,0,0,Knee,1,1,1,1,0,0
00-0040207,ACT,A01,TRUE,0,0,0,0,0,NA,0,0,0,0,0,0
00-0040208,ACT,A01,TRUE,2,2,2,0,1,Concussion,1,2,2,2,0,1
00-0040209,ACT,A01,TRUE,3,3,3,0,0,Ankle,1,3,3,3,0,0
00-0040210,ACT,A01,TRUE,2,1,1,1,1,Foot,1,2,1,1,1,1
00-0040211,ACT,A01,TRUE,0,0,0,0,0,NA,0,0,0,0,0,0
00-0040212,ACT,A01,TRUE,0,0,0,0,0,NA,0,0,0,0,0,0
00-0040213,ACT,A01,TRUE,0,0,0,0,0,NA,0,0,0,0,0,0
00-0040214,RES,R34,FALSE,0,0,0,0,0,NA,0,0,0,0,0,0
00-0040215,ACT,A01,TRUE,3,3,3,0,0,Back,1,3,3,3,0,0
00-0040216,ACT,A01,TRUE,0,0,0,0,0,NA,0,0,0,0,0,0
00-0040217,ACT,A01,TRUE,1,1,1,0,1,Knee,1,1,1,1,0,1
00-0040218,ACT,A01,TRUE,2,1,1,0,1,Shoulder,1,2,1,1,0,1
00-0040219,ACT,A01,TRUE,3,2,2,1,0,Knee,1,3,2,2,1,0
00-0040221,ACT,A01,TRUE,3,2,2,1,2,Shoulder,1,3,2,2,1,2
00-0040222,ACT,A01,TRUE,0,0,0,0,0,NA,0,0,0,0,0,0
00-0040223,E14,E14,FALSE,0,0,0,0,0,NA,0,0,0,0,0,0
00-0040224,ACT,A01,TRUE,3,3,3,0,1,Calf,1,3,3,3,0,1
00-0040225,ACT,A01,TRUE,3,2,2,0,1,Foot,1,3,2,2,0,1
00-0040226,ACT,A01,TRUE,0,0,0,0,0,NA,0,0,0,0,0,0
00-0040227,ACT,A01,TRUE,0,0,0,0,0,NA,0,0,0,0,0,0
00-0040228,ACT,A01,TRUE,1,1,1,0,0,Achilles,1,1,1,1,0,0
00-0040229,ACT,A01,TRUE,0,0,0,0,0,NA,0,0,0,0,0,0
00-0040230,ACT,A01,TRUE,4,1,1,3,1,Ankle,1,4,1,1,3,1
00-0040231,ACT,A01,TRUE,0,0,0,0,0,NA,0,0,0,0,0,0
00-0040232,ACT,A01,TRUE,1,1,1,0,1,Ankle,1,1,1,1,0,1
00-0040233,ACT,A01,TRUE,0,0,0,0,0,NA,0,0,0,0,0,0
00-0040234,ACT,A01,TRUE,0,0,0,0,0,NA,0,0,0,0,0,0
00-0040235,ACT,A01,TRUE,0,0,0,0,0,NA,0,0,0,0,0,0
00-0040236,ACT,A01,TRUE,5,1,1,0,0,Ankle,1,5,1,1,0,0
00-0040237,ACT,A01,TRUE,0,0,0,0,0,NA,0,0,0,0,0,0
00-0040238,ACT,A01,TRUE,0,0,0,0,0,NA,0,0,0,0,0,0
00-0040240,ACT,A01,TRUE,0,0,0,0,0,NA,0,0,0,0,0,0
00-0040241,ACT,A01,TRUE,0,0,0,0,0,NA,0,0,0,0,0,0
00-0040242,ACT,A01,TRUE,3,1,1,1,0,Knee,1,3,1,1,1,0
00-0040243,ACT,A01,TRUE,2,1,1,1,0,Biceps,1,2,1,1,1,0
00-0040244,ACT,A01,TRUE,0,0,0,0,0,NA,0,0,0,0,0,0
00-0040245,ACT,A01,TRUE,2,0,0,2,0,Groin,1,2,0,0,2,0
00-0040246,ACT,A01,TRUE,0,0,0,0,0,NA,0,0,0,0,0,0
00-0040247,ACT,A01,TRUE,0,0,0,0,0,NA,0,0,0,0,0,0
00-0040248,ACT,A01,TRUE,0,0,0,0,0,NA,0,0,0,0,0,0
00-0040249,ACT,A01,TRUE,0,0,0,0,0,NA,0,0,0,0,0,0
00-0040251,ACT,A01,TRUE,1,1,1,0,0,Knee,1,1,1,1,0,0
00-0040252,ACT,A01,TRUE,0,0,0,0,0,NA,0,0,0,0,0,0
00-0040255,ACT,A01,TRUE,5,4,4,1,3,Quadricep,1,5,4,4,1,3
00-0040258,ACT,A01,TRUE,0,0,0,0,0,NA,0,0,0,0,0,0
00-0040259,ACT,A01,TRUE,1,0,0,1,0,Concussion,1,1,0,0,1,0
00-0040260,ACT,A01,TRUE,0,0,0,0,0,NA,0,0,0,0,0,0
00-0040261,ACT,A01,TRUE,1,1,1,0,0,Achilles,1,1,1,1,0,0
00-0040263,ACT,A01,TRUE,0,0,0,0,0,NA,0,0,0,0,0,0
00-0040265,ACT,A01,TRUE,0,0,0,0,0,NA,0,0,0,0,0,0
00-0040271,ACT,A01,TRUE,0,0,0,0,0,NA,0,0,0,0,0,0
00-0040275,ACT,A01,TRUE,0,0,0,0,0,NA,0,0,0,0,0,0
00-0040277,ACT,A01,TRUE,5,3,3,1,2,Ankle,1,5,3,3,1,2
00-0040279,ACT,A01,TRUE,0,0,0,0,0,NA,0,0,0,0,0,0
00-0040283,ACT,A01,TRUE,0,0,0,0,0,NA,0,0,0,0,0,0
00-0040284,ACT,A01,TRUE,0,0,0,0,0,NA,0,0,0,0,0,0
00-0040289,ACT,A01,TRUE,0,0,0,0,0,NA,0,0,0,0,0,0
00-0040292,RES,R34,FALSE,0,0,0,0,0,NA,0,0,0,0,0,0
00-0040293,ACT,A01,TRUE,0,0,0,0,0,NA,0,0,0,0,0,0
00-0040295,ACT,A01,TRUE,0,0,0,0,0,NA,0,0,0,0,0,0
00-0040296,ACT,A01,TRUE,0,0,0,0,0,NA,0,0,0,0,0,0
00-0040298,ACT,A01,TRUE,0,0,0,0,0,NA,0,0,0,0,0,0
00-0040302,ACT,A01,TRUE,0,0,0,0,0,NA,0,0,0,0,0,0
00-0040304,ACT,A01,TRUE,0,0,0,0,0,NA,0,0,0,0,0,0
00-0040307,ACT,A01,TRUE,0,0,0,0,0,NA,0,0,0,0,0,0
00-0040308,ACT,A01,TRUE,0,0,0,0,0,NA,0,0,0,0,0,0
00-0040310,ACT,A01,TRUE,0,0,0,0,0,NA,0,0,0,0,0,0
00-0040311,ACT,A01,TRUE,0,0,0,0,0,NA,0,0,0,0,0,0
00-0040313,ACT,A01,TRUE,0,0,0,0,0,NA,0,0,0,0,0,0
00-0040314,ACT,A01,TRUE,0,0,0,0,0,NA,0,0,0,0,0,0
00-0040317,ACT,A01,TRUE,0,0,0,0,0,NA,0,0,0,0,0,0
00-0040318,ACT,A01,TRUE,4,2,2,0,1,Concussion,1,4,2,2,0,1
00-0040319,ACT,A01,TRUE,0,0,0,0,0,NA,0,0,0,0,0,0
00-0040320,ACT,A01,TRUE,0,0,0,0,0,NA,0,0,0,0,0,0
00-0040322,ACT,A01,TRUE,0,0,0,0,0,NA,0,0,0,0,0,0
00-0040323,ACT,A01,TRUE,0,0,0,0,0,NA,0,0,0,0,0,0
00-0040326,ACT,A01,TRUE,0,0,0,0,0,NA,0,0,0,0,0,0
00-0040328,ACT,A01,TRUE,0,0,0,0,0,NA,0,0,0,0,0,0
00-0040329,ACT,A01,TRUE,1,1,1,0,0,Knee,1,1,1,1,0,0
00-0040331,ACT,A01,TRUE,0,0,0,0,0,NA,0,0,0,0,0,0
00-0040336,ACT,A01,TRUE,0,0,0,0,0,NA,0,0,0,0,0,0
00-0040337,ACT,A01,TRUE,0,0,0,0,0,NA,0,0,0,0,0,0
00-0040338,ACT,A01,TRUE,0,0,0,0,0,NA,0,0,0,0,0,0
00-0040339,ACT,A01,TRUE,0,0,0,0,0,NA,0,0,0,0,0,0
00-0040341,ACT,A01,TRUE,0,0,0,0,0,NA,0,0,0,0,0,0
00-0040342,ACT,A01,TRUE,6,3,3,0,2,Ankle,1,6,3,3,0,2
00-0040347,ACT,A01,TRUE,1,1,0,0,0,NA,1,1,1,0,0,0
00-0040349,ACT,A01,TRUE,0,0,0,0,0,NA,0,0,0,0,0,0
00-0040352,ACT,A01,TRUE,0,0,0,0,0,NA,0,0,0,0,0,0
00-0040357,ACT,A01,TRUE,0,0,0,0,0,NA,0,0,0,0,0,0
00-0040359,ACT,A01,TRUE,0,0,0,0,0,NA,0,0,0,0,0,0
00-0040361,ACT,A01,TRUE,0,0,0,0,0,NA,0,0,0,0,0,0
00-0040362,ACT,A01,TRUE,0,0,0,0,0,NA,0,0,0,0,0,0
00-0040363,ACT,A01,TRUE,0,0,0,0,0,NA,0,0,0,0,0,0
00-0040364,ACT,A01,TRUE,0,0,0,0,0,NA,0,0,0,0,0,0
00-0040369,ACT,A01,TRUE,0,0,0,0,0,NA,0,0,0,0,0,0
00-0040370,ACT,A01,TRUE,0,0,0,0,0,NA,0,0,0,0,0,0
00-0040371,ACT,A01,TRUE,2,2,1,0,2,Knee,1,2,2,1,0,2
00-0040372,ACT,A01,TRUE,0,0,0,0,0,NA,0,0,0,0,0,0
00-0040374,ACT,A01,TRUE,0,0,0,0,0,NA,0,0,0,0,0,0
00-0040375,ACT,A01,TRUE,0,0,0,0,0,NA,0,0,0,0,0,0
00-0040379,ACT,A01,TRUE,1,1,1,0,0,Hamstring,1,1,1,1,0,0
00-0040380,ACT,A01,TRUE,0,0,0,0,0,NA,0,0,0,0,0,0
00-0040382,ACT,A01,TRUE,0,0,0,0,0,NA,0,0,0,0,0,0
00-0040383,ACT,A01,TRUE,0,0,0,0,0,NA,0,0,0,0,0,0
00-0040384,ACT,A01,TRUE,0,0,0,0,0,NA,0,0,0,0,0,0
00-0040387,ACT,A01,TRUE,0,0,0,0,0,NA,0,0,0,0,0,0
00-0040388,ACT,A01,TRUE,0,0,0,0,0,NA,0,0,0,0,0,0
00-0040390,ACT,A01,TRUE,0,0,0,0,0,NA,0,0,0,0,0,0
00-0040391,ACT,A01,TRUE,0,0,0,0,0,NA,0,0,0,0,0,0
00-0040393,ACT,A01,TRUE,0,0,0,0,0,NA,0,0,0,0,0,0
00-0040394,ACT,A01,TRUE,0,0,0,0,0,NA,0,0,0,0,0,0
00-0040395,ACT,A01,TRUE,0,0,0,0,0,NA,0,0,0,0,0,0
00-0040396,ACT,A01,TRUE,0,0,0,0,0,NA,0,0,0,0,0,0
00-0040397,ACT,A01,TRUE,0,0,0,0,0,NA,0,0,0,0,0,0
00-0040398,ACT,A01,TRUE,1,1,1,0,0,Ankle,1,1,1,1,0,0
00-0040400,ACT,A01,TRUE,0,0,0,0,0,NA,0,0,0,0,0,0
00-0040404,ACT,A01,TRUE,0,0,0,0,0,NA,0,0,0,0,0,0
00-0040405,ACT,A01,TRUE,0,0,0,0,0,NA,0,0,0,0,0,0
00-0040406,RES,R34,FALSE,0,0,0,0,0,NA,0,0,0,0,0,0
00-0040408,ACT,A01,TRUE,2,1,1,1,0,Groin,1,2,1,1,1,0
00-0040409,ACT,A01,TRUE,4,1,1,0,0,Knee,1,4,1,1,0,0
00-0040410,ACT,A01,TRUE,0,0,0,0,0,NA,0,0,0,0,0,0
00-0040411,ACT,A01,TRUE,3,3,3,0,0,Knee,1,3,3,3,0,0
00-0040413,ACT,A01,TRUE,0,0,0,0,0,NA,0,0,0,0,0,0
00-0040414,ACT,A01,TRUE,0,0,0,0,0,NA,0,0,0,0,0,0
00-0040415,ACT,A01,TRUE,0,0,0,0,0,NA,0,0,0,0,0,0
00-0040416,ACT,A01,TRUE,0,0,0,0,0,NA,0,0,0,0,0,0
00-0040417,ACT,A01,TRUE,0,0,0,0,0,NA,0,0,0,0,0,0
00-0040419,ACT,A01,TRUE,0,0,0,0,0,NA,0,0,0,0,0,0
00-0040420,ACT,A01,TRUE,0,0,0,0,0,NA,0,0,0,0,0,0
00-0040422,ACT,A01,TRUE,0,0,0,0,0,NA,0,0,0,0,0,0
00-0040425,ACT,A01,TRUE,0,0,0,0,0,NA,0,0,0,0,0,0
00-0040427,ACT,A01,TRUE,0,0,0,0,0,NA,0,0,0,0,0,0
00-0040429,ACT,A01,TRUE,3,3,3,0,1,Concussion,1,3,3,3,0,1
00-0040431,ACT,A01,TRUE,0,0,0,0,0,NA,0,0,0,0,0,0
00-0040432,ACT,A01,TRUE,7,5,5,0,5,Neck,1,7,5,5,0,5
00-0040434,ACT,A01,TRUE,0,0,0,0,0,NA,0,0,0,0,0,0
00-0040442,ACT,A01,TRUE,0,0,0,0,0,NA,0,0,0,0,0,0
00-0040445,ACT,A01,TRUE,0,0,0,0,0,NA,0,0,0,0,0,0
00-0040449,ACT,A01,TRUE,3,3,3,0,0,Hamstring,1,3,3,3,0,0
00-0040450,ACT,A01,TRUE,0,0,0,0,0,NA,0,0,0,0,0,0
00-0040451,ACT,A01,TRUE,0,0,0,0,0,NA,0,0,0,0,0,0
00-0040452,ACT,A01,TRUE,0,0,0,0,0,NA,0,0,0,0,0,0
00-0040454,ACT,A01,TRUE,0,0,0,0,0,NA,0,0,0,0,0,0
00-0040458,ACT,A01,TRUE,0,0,0,0,0,NA,0,0,0,0,0,0
00-0040460,ACT,A01,TRUE,0,0,0,0,0,NA,0,0,0,0,0,0
00-0040461,ACT,A01,TRUE,0,0,0,0,0,NA,0,0,0,0,0,0
00-0040464,ACT,A01,TRUE,0,0,0,0,0,NA,0,0,0,0,0,0
00-0040466,ACT,A01,TRUE,1,1,1,0,0,Ankle,1,1,1,1,0,0
00-0040467,ACT,A01,TRUE,0,0,0,0,0,NA,0,0,0,0,0,0
00-0040468,ACT,A01,TRUE,0,0,0,0,0,NA,0,0,0,0,0,0
00-0040471,ACT,A01,TRUE,1,1,1,0,1,Hamstring,1,1,1,1,0,1
00-0040472,ACT,A01,TRUE,0,0,0,0,0,NA,0,0,0,0,0,0
00-0040473,ACT,A01,TRUE,0,0,0,0,0,NA,0,0,0,0,0,0
00-0040475,ACT,A01,TRUE,0,0,0,0,0,NA,0,0,0,0,0,0
00-0040476,ACT,A01,TRUE,0,0,0,0,0,NA,0,0,0,0,0,0
00-0040487,ACT,A01,TRUE,0,0,0,0,0,NA,0,0,0,0,0,0
00-0040488,ACT,A01,TRUE,0,0,0,0,0,NA,0,0,0,0,0,0
00-0040489,ACT,A01,TRUE,0,0,0,0,0,NA,0,0,0,0,0,0
00-0040492,ACT,A01,TRUE,2,0,0,2,0,Knee,1,2,0,0,2,0
00-0040494,ACT,A01,TRUE,0,0,0,0,0,NA,0,0,0,0,0,0
00-0040495,ACT,A01,TRUE,0,0,0,0,0,NA,0,0,0,0,0,0
00-0040496,ACT,A01,TRUE,0,0,0,0,0,NA,0,0,0,0,0,0
00-0040498,ACT,A01,TRUE,0,0,0,0,0,NA,0,0,0,0,0,0
00-0040500,ACT,A01,TRUE,0,0,0,0,0,NA,0,0,0,0,0,0
00-0040501,ACT,A01,TRUE,4,1,1,2,0,Ankle,1,4,1,1,2,0
00-0040503,ACT,A01,TRUE,1,0,0,1,1,Back,1,1,0,0,1,1
00-0040504,ACT,A01,TRUE,0,0,0,0,0,NA,0,0,0,0,0,0
00-0040506,ACT,A01,TRUE,2,2,2,0,1,Ankle,1,2,2,2,0,1
00-0040507,ACT,A01,TRUE,0,0,0,0,0,NA,0,0,0,0,0,0
00-0040509,ACT,A01,TRUE,2,1,1,1,2,Knee,1,2,1,1,1,2
00-0040512,ACT,A01,TRUE,0,0,0,0,0,NA,0,0,0,0,0,0
00-0040517,ACT,A01,TRUE,0,0,0,0,0,NA,0,0,0,0,0,0
00-0040518,ACT,A01,TRUE,0,0,0,0,0,NA,0,0,0,0,0,0
00-0040522,ACT,A01,TRUE,0,0,0,0,0,NA,0,0,0,0,0,0
00-0040527,ACT,A01,TRUE,0,0,0,0,0,NA,0,0,0,0,0,0
00-0040528,ACT,A01,TRUE,0,0,0,0,0,NA,0,0,0,0,0,0
00-0040530,ACT,A01,TRUE,0,0,0,0,0,NA,0,0,0,0,0,0
00-0040533,ACT,A01,TRUE,0,0,0,0,0,NA,0,0,0,0,0,0
00-0040534,ACT,A01,TRUE,1,1,1,0,0,Concussion,1,1,1,1,0,0
00-0040535,ACT,A01,TRUE,0,0,0,0,0,NA,0,0,0,0,0,0
00-0040537,ACT,A01,TRUE,0,0,0,0,0,NA,0,0,0,0,0,0
00-0040539,ACT,A01,TRUE,0,0,0,0,0,NA,0,0,0,0,0,0
00-0040541,ACT,A01,TRUE,0,0,0,0,0,NA,0,0,0,0,0,0
00-0040546,ACT,A01,TRUE,0,0,0,0,0,NA,0,0,0,0,0,0
00-0040547,ACT,A01,TRUE,3,2,2,0,2,Hamstring,1,3,2,2,0,2
00-0040548,ACT,A01,TRUE,0,0,0,0,0,NA,0,0,0,0,0,0
00-0040550,ACT,A01,TRUE,0,0,0,0,0,NA,0,0,0,0,0,0
00-0040551,ACT,A01,TRUE,0,0,0,0,0,NA,0,0,0,0,0,0
00-0040552,ACT,A01,TRUE,0,0,0,0,0,NA,0,0,0,0,0,0
00-0040554,ACT,A01,TRUE,4,4,4,0,0,Shoulder,1,4,4,4,0,0
00-0040556,ACT,A01,TRUE,0,0,0,0,0,NA,0,0,0,0,0,0
00-0040557,ACT,A01,TRUE,0,0,0,0,0,NA,0,0,0,0,0,0
00-0040558,ACT,A01,TRUE,0,0,0,0,0,NA,0,0,0,0,0,0
00-0040559,ACT,A01,TRUE,0,0,0,0,0,NA,0,0,0,0,0,0
00-0040560,ACT,A01,TRUE,0,0,0,0,0,NA,0,0,0,0,0,0
00-0040563,ACT,A01,TRUE,1,1,1,0,0,Knee,1,1,1,1,0,0
00-0040564,ACT,A01,TRUE,0,0,0,0,0,NA,0,0,0,0,0,0
00-0040565,ACT,A01,TRUE,0,0,0,0,0,NA,0,0,0,0,0,0
00-0040566,ACT,A01,TRUE,2,1,1,0,0,Back,1,2,1,1,0,0
00-0040567,ACT,A01,TRUE,0,0,0,0,0,NA,0,0,0,0,0,0
00-0040568,ACT,A01,TRUE,0,0,0,0,0,NA,0,0,0,0,0,0
00-0040570,ACT,A01,TRUE,0,0,0,0,0,NA,0,0,0,0,0,0
00-0040571,ACT,A01,TRUE,0,0,0,0,0,NA,0,0,0,0,0,0
00-0040574,ACT,A01,TRUE,1,1,1,0,0,Knee,1,1,1,1,0,0
00-0040577,ACT,A01,TRUE,6,3,3,2,2,Groin,1,6,3,3,2,2
00-0040578,ACT,A01,TRUE,7,1,1,3,2,Groin,1,7,1,1,3,2
00-0040579,ACT,A01,TRUE,8,2,2,1,1,Ankle,1,8,2,2,1,1
00-0040580,ACT,A01,TRUE,2,1,1,0,0,Knee,1,2,1,1,0,0
00-0040581,ACT,A01,TRUE,2,2,2,0,1,Concussion,1,2,2,2,0,1
00-0040582,ACT,A01,TRUE,0,0,0,0,0,NA,0,0,0,0,0,0
00-0040583,ACT,A01,TRUE,5,1,1,1,0,Ankle,1,5,1,1,1,0
00-0040584,ACT,A01,TRUE,3,2,2,1,1,Toe,1,3,2,2,1,1
00-0040585,ACT,A01,TRUE,0,0,0,0,0,NA,0,0,0,0,0,0
00-0040586,ACT,A01,TRUE,0,0,0,0,0,NA,0,0,0,0,0,0
00-0040587,ACT,A01,TRUE,0,0,0,0,0,NA,0,0,0,0,0,0
00-0040588,ACT,A01,TRUE,0,0,0,0,0,NA,0,0,0,0,0,0
00-0040589,ACT,A01,TRUE,3,3,3,0,0,Knee,1,3,3,3,0,0
00-0040590,ACT,A01,TRUE,1,1,1,0,0,Calf,1,1,1,1,0,0
00-0040593,ACT,A01,TRUE,0,0,0,0,0,NA,0,0,0,0,0,0
00-0040595,ACT,A01,TRUE,0,0,0,0,0,NA,0,0,0,0,0,0
00-0040597,ACT,A01,TRUE,0,0,0,0,0,NA,0,0,0,0,0,0
00-0040598,ACT,A01,TRUE,0,0,0,0,0,NA,0,0,0,0,0,0
00-0040600,ACT,A01,TRUE,0,0,0,0,0,NA,0,0,0,0,0,0
00-0040601,ACT,A01,TRUE,0,0,0,0,0,NA,0,0,0,0,0,0
00-0040603,ACT,A01,TRUE,0,0,0,0,0,NA,0,0,0,0,0,0
00-0040604,ACT,A01,TRUE,0,0,0,0,0,NA,0,0,0,0,0,0
00-0040609,ACT,A01,TRUE,0,0,0,0,0,NA,0,0,0,0,0,0
00-0040611,ACT,A01,TRUE,0,0,0,0,0,NA,0,0,0,0,0,0
00-0040613,ACT,A01,TRUE,0,0,0,0,0,NA,0,0,0,0,0,0
00-0040617,ACT,A01,TRUE,0,0,0,0,0,NA,0,0,0,0,0,0
00-0040618,ACT,A01,TRUE,0,0,0,0,0,NA,0,0,0,0,0,0
00-0040621,ACT,A01,TRUE,0,0,0,0,0,NA,0,0,0,0,0,0
00-0040624,ACT,A01,TRUE,2,2,2,0,1,Hamstring,1,2,2,2,0,1
00-0040625,ACT,A01,TRUE,0,0,0,0,0,NA,0,0,0,0,0,0
00-0040628,ACT,A01,TRUE,0,0,0,0,0,NA,0,0,0,0,0,0
00-0040629,ACT,A01,TRUE,0,0,0,0,0,NA,0,0,0,0,0,0
00-0040631,ACT,A01,TRUE,4,1,1,3,0,Knee,1,4,1,1,3,0
00-0040634,ACT,A01,TRUE,0,0,0,0,0,NA,0,0,0,0,0,0
00-0040636,ACT,A01,TRUE,2,2,2,0,1,Rib,1,2,2,2,0,1
00-0040637,ACT,A01,TRUE,0,0,0,0,0,NA,0,0,0,0,0,0
00-0040639,ACT,A01,TRUE,3,1,1,1,0,Knee,1,3,1,1,1,0
00-0040640,ACT,A01,TRUE,3,1,1,1,1,Elbow,1,3,1,1,1,1
00-0040641,ACT,A01,TRUE,0,0,0,0,0,NA,0,0,0,0,0,0
00-0040642,ACT,A01,TRUE,0,0,0,0,0,NA,0,0,0,0,0,0
00-0040643,ACT,A01,TRUE,1,1,1,0,0,Head,1,1,1,1,0,0
00-0040644,ACT,A01,TRUE,0,0,0,0,0,NA,0,0,0,0,0,0
00-0040645,ACT,A01,TRUE,5,2,2,3,2,Concussion,1,5,2,2,3,2
00-0040646,ACT,A01,TRUE,4,3,3,1,2,Knee,1,4,3,3,1,2
00-0040647,ACT,A01,TRUE,3,2,2,1,0,Knee,1,3,2,2,1,0
00-0040648,ACT,A01,TRUE,5,3,3,1,3,Groin,1,5,3,3,1,3
00-0040649,ACT,A01,TRUE,6,1,1,3,1,Neck,1,6,1,1,3,1
00-0040650,ACT,A01,TRUE,1,1,1,0,0,Knee,1,1,1,1,0,0
00-0040651,ACT,A01,TRUE,0,0,0,0,0,NA,0,0,0,0,0,0
00-0040652,ACT,A01,TRUE,0,0,0,0,0,NA,0,0,0,0,0,0
00-0040653,ACT,A01,TRUE,0,0,0,0,0,NA,0,0,0,0,0,0
00-0040654,ACT,A01,TRUE,0,0,0,0,0,NA,0,0,0,0,0,0
00-0040655,ACT,A01,TRUE,0,0,0,0,0,NA,0,0,0,0,0,0
00-0040658,ACT,A01,TRUE,0,0,0,0,0,NA,0,0,0,0,0,0
00-0040659,ACT,A01,TRUE,0,0,0,0,0,NA,0,0,0,0,0,0
00-0040660,ACT,A01,TRUE,6,2,2,0,1,Wrist,1,6,2,2,0,1
00-0040661,ACT,A01,TRUE,8,4,4,1,3,Wrist,1,8,4,4,1,3
00-0040662,ACT,A01,TRUE,0,0,0,0,0,NA,0,0,0,0,0,0
00-0040663,ACT,A01,TRUE,4,2,2,2,1,Groin,1,4,2,2,2,1
00-0040666,ACT,A01,TRUE,4,2,2,2,1,Ankle,1,4,2,2,2,1
00-0040667,ACT,A01,TRUE,11,1,1,6,1,Shoulder,1,11,1,1,6,1
00-0040668,ACT,A01,TRUE,4,1,1,1,1,Back,1,4,1,1,1,1
00-0040669,ACT,A01,TRUE,4,1,0,3,1,Oblique,1,4,1,0,3,1
00-0040670,ACT,A01,TRUE,0,0,0,0,0,NA,0,0,0,0,0,0
00-0040672,ACT,A01,TRUE,0,0,0,0,0,NA,0,0,0,0,0,0
00-0040673,ACT,A01,TRUE,0,0,0,0,0,NA,0,0,0,0,0,0
00-0040674,ACT,A01,TRUE,0,0,0,0,0,NA,0,0,0,0,0,0
00-0040676,ACT,A01,TRUE,1,1,1,0,0,Ankle,1,1,1,1,0,0
00-0040677,ACT,A01,TRUE,2,1,0,1,0,Hamstring,1,2,1,0,1,0
00-0040678,ACT,A01,TRUE,7,5,5,2,4,Knee,1,7,5,5,2,4
00-0040685,ACT,A01,TRUE,8,1,1,3,2,Rib,1,8,1,1,3,2
00-0040686,ACT,A01,TRUE,0,0,0,0,0,NA,0,0,0,0,0,0
00-0040687,ACT,A01,TRUE,5,2,2,3,1,Shoulder,1,5,2,2,3,1
00-0040688,ACT,A01,TRUE,1,1,1,0,0,Knee,1,1,1,1,0,0
00-0040689,ACT,A01,TRUE,0,0,0,0,0,NA,0,0,0,0,0,0
00-0040691,ACT,A01,TRUE,6,3,3,0,1,Concussion,1,6,3,3,0,1
00-0040692,ACT,A01,TRUE,0,0,0,0,0,NA,0,0,0,0,0,0
00-0040694,ACT,A01,TRUE,0,0,0,0,0,NA,0,0,0,0,0,0
00-0040697,ACT,A01,TRUE,0,0,0,0,0,NA,0,0,0,0,0,0
00-0040699,ACT,A01,TRUE,3,1,1,1,0,Ankle,1,3,1,1,1,0
00-0040704,ACT,A01,TRUE,4,2,2,1,0,Concussion,1,4,2,2,1,0
00-0040705,ACT,A01,TRUE,2,1,1,0,0,Chest,1,2,1,1,0,0
00-0040706,ACT,A01,TRUE,6,3,3,3,2,Knee,1,6,3,3,3,2
00-0040708,ACT,A01,TRUE,5,1,1,0,1,Back,1,5,1,1,0,1
00-0040709,ACT,A01,TRUE,4,3,3,1,2,Ankle,1,4,3,3,1,2
00-0040710,ACT,A01,TRUE,1,0,0,1,1,NA,1,1,0,0,1,1
00-0040711,ACT,A01,TRUE,6,2,2,1,1,Thumb,1,6,2,2,1,1
00-0040712,ACT,A01,TRUE,0,0,0,0,0,NA,0,0,0,0,0,0
00-0040715,ACT,A01,TRUE,2,1,1,0,0,Ankle,1,2,1,1,0,0
00-0040716,ACT,A01,TRUE,1,1,1,0,0,Ankle,1,1,1,1,0,0
00-0040718,ACT,A01,TRUE,1,1,1,0,1,Knee,1,1,1,1,0,1
00-0040719,ACT,A01,TRUE,8,2,2,1,1,Shoulder,1,8,2,2,1,1
00-0040720,ACT,A01,TRUE,0,0,0,0,0,NA,0,0,0,0,0,0
00-0040721,ACT,A01,TRUE,4,1,1,2,1,Hip,1,4,1,1,2,1
00-0040722,ACT,A01,TRUE,1,0,0,1,1,Ankle,1,1,0,0,1,1
00-0040723,ACT,A01,TRUE,2,1,1,0,0,Quadricep,1,2,1,1,0,0
00-0040724,ACT,A01,TRUE,5,2,2,2,1,Knee,1,5,2,2,2,1
00-0040725,ACT,A01,TRUE,0,0,0,0,0,NA,0,0,0,0,0,0
00-0040726,ACT,A01,TRUE,4,3,3,1,2,Ankle,1,4,3,3,1,2
00-0040727,ACT,A01,TRUE,2,1,1,0,0,Hip,1,2,1,1,0,0
00-0040728,ACT,A01,TRUE,2,0,0,2,0,Knee,1,2,0,0,2,0
00-0040729,ACT,A01,TRUE,2,1,1,1,0,Back,1,2,1,1,1,0
00-0040730,ACT,A01,TRUE,1,1,1,0,0,Ribs,1,1,1,1,0,0
00-0040731,ACT,A01,TRUE,3,1,1,0,0,Calf,1,3,1,1,0,0
00-0040733,ACT,A01,TRUE,7,2,2,2,1,Ankle,1,7,2,2,2,1
00-0040734,ACT,A01,TRUE,4,1,1,0,1,Concussion,1,4,1,1,0,1
00-0040735,ACT,A01,TRUE,5,3,3,0,2,Ankle,1,5,3,3,0,2
00-0040736,ACT,A01,TRUE,8,5,5,2,4,Neck,1,8,5,5,2,4
00-0040737,ACT,A01,TRUE,3,1,1,2,1,Hamstring,1,3,1,1,2,1
00-0040738,ACT,A01,TRUE,0,0,0,0,0,NA,0,0,0,0,0,0
00-0040739,ACT,A01,TRUE,5,3,3,0,1,Knee,1,5,3,3,0,1
00-0040740,ACT,A01,TRUE,2,1,1,1,0,Knee,1,2,1,1,1,0
00-0040741,ACT,A01,TRUE,0,0,0,0,0,NA,0,0,0,0,0,0
00-0040742,ACT,A01,TRUE,2,1,1,0,0,Knee,1,2,1,1,0,0
00-0040743,ACT,A01,TRUE,3,1,1,0,0,Hip,1,3,1,1,0,0
00-0040744,ACT,A01,TRUE,2,2,2,0,1,Oblique,1,2,2,2,0,1
00-0040745,ACT,A01,TRUE,4,1,1,1,0,Thumb,1,4,1,1,1,0
00-0040746,ACT,A01,TRUE,0,0,0,0,0,NA,0,0,0,0,0,0
00-0040747,ACT,A01,TRUE,10,5,5,3,3,Hamstring,1,10,5,5,3,3
00-0040748,ACT,A01,TRUE,4,1,1,2,1,Ankle,1,4,1,1,2,1
00-0040749,ACT,A01,TRUE,2,1,1,0,1,Ankle,1,2,1,1,0,1
00-0040751,ACT,A01,TRUE,13,3,3,6,4,Groin,1,13,3,3,6,4
00-0040752,ACT,A01,TRUE,3,3,3,0,0,Fibula,1,3,3,3,0,0
00-0040753,ACT,A01,TRUE,0,0,0,0,0,NA,0,0,0,0,0,0
00-0040756,ACT,A01,TRUE,8,6,6,1,4,Ankle,1,8,6,6,1,4
00-0040761,E14,E14,FALSE,0,0,0,0,0,NA,0,0,0,0,0,0
00-0040762,ACT,A01,TRUE,0,0,0,0,0,NA,0,0,0,0,0,0
00-0040763,E14,E14,FALSE,0,0,0,0,0,NA,0,0,0,0,0,0
00-0040764,E14,E14,FALSE,0,0,0,0,0,NA,0,0,0,0,0,0
00-0040765,E14,E14,FALSE,0,0,0,0,0,NA,0,0,0,0,0,0
00-0040769,ACT,A01,TRUE,0,0,0,0,0,NA,0,0,0,0,0,0
00-0040770,RES,R34,FALSE,4,3,3,1,1,Hamstring,1,4,3,3,1,1
00-0040782,ACT,A01,TRUE,2,2,2,0,1,Foot,1,2,2,2,0,1
00-0040784,ACT,A01,TRUE,1,0,0,1,0,NA,1,1,0,0,1,0
00-0040785,ACT,A01,TRUE,0,0,0,0,0,NA,0,0,0,0,0,0
00-0040786,ACT,A01,TRUE,0,0,0,0,0,NA,0,0,0,0,0,0
00-0040787,ACT,A01,TRUE,0,0,0,0,0,NA,0,0,0,0,0,0
00-0040788,ACT,A01,TRUE,0,0,0,0,0,NA,0,0,0,0,0,0
00-0040789,E14,E14,FALSE,0,0,0,0,0,NA,0,0,0,0,0,0
00-0040790,ACT,A01,TRUE,0,0,0,0,0,NA,0,0,0,0,0,0
00-0040792,ACT,A01,TRUE,0,0,0,0,0,NA,0,0,0,0,0,0
00-0040793,E14,E14,FALSE,0,0,0,0,0,NA,0,0,0,0,0,0
00-0040853,ACT,A01,TRUE,0,0,0,0,0,NA,0,0,0,0,0,0
00-0040859,ACT,A01,TRUE,0,0,0,0,0,NA,0,0,0,0,0,0
00-0040864,ACT,A01,TRUE,0,0,0,0,0,NA,0,0,0,0,0,0
00-0040865,ACT,A01,TRUE,0,0,0,0,0,NA,0,0,0,0,0,0
00-0040866,ACT,A01,TRUE,0,0,0,0,0,NA,0,0,0,0,0,0
00-0040867,ACT,A01,TRUE,0,0,0,0,0,NA,0,0,0,0,0,0
00-0040868,ACT,A01,TRUE,0,0,0,0,0,NA,0,0,0,0,0,0
00-0040869,ACT,A01,TRUE,0,0,0,0,0,NA,0,0,0,0,0,0
00-0040870,ACT,A01,TRUE,0,0,0,0,0,NA,0,0,0,0,0,0
00-0040871,ACT,A01,TRUE,0,0,0,0,0,NA,0,0,0,0,0,0
00-0040872,ACT,A01,TRUE,0,0,0,0,0,NA,0,0,0,0,0,0
00-0040873,ACT,A01,TRUE,0,0,0,0,0,NA,0,0,0,0,0,0
00-0040874,ACT,A01,TRUE,0,0,0,0,0,NA,0,0,0,0,0,0
00-0040875,ACT,A01,TRUE,0,0,0,0,0,NA,0,0,0,0,0,0
00-0040876,ACT,A01,TRUE,0,0,0,0,0,NA,0,0,0,0,0,0
00-0040877,ACT,A01,TRUE,0,0,0,0,0,NA,0,0,0,0,0,0
00-0040878,ACT,A01,TRUE,0,0,0,0,0,NA,0,0,0,0,0,0
00-0040879,ACT,A01,TRUE,0,0,0,0,0,NA,0,0,0,0,0,0
00-0040880,ACT,A01,TRUE,0,0,0,0,0,NA,0,0,0,0,0,0
00-0040881,ACT,A01,TRUE,0,0,0,0,0,NA,0,0,0,0,0,0
00-0040882,ACT,A01,TRUE,0,0,0,0,0,NA,0,0,0,0,0,0
00-0040883,ACT,A01,TRUE,0,0,0,0,0,NA,0,0,0,0,0,0
00-0040884,ACT,A01,TRUE,0,0,0,0,0,NA,0,0,0,0,0,0
00-0040885,ACT,A01,TRUE,0,0,0,0,0,NA,0,0,0,0,0,0
00-0040886,ACT,A01,TRUE,0,0,0,0,0,NA,0,0,0,0,0,0
00-0040887,ACT,A01,TRUE,0,0,0,0,0,NA,0,0,0,0,0,0
00-0040888,ACT,A01,TRUE,0,0,0,0,0,NA,0,0,0,0,0,0
00-0040889,ACT,A01,TRUE,0,0,0,0,0,NA,0,0,0,0,0,0
00-0040890,ACT,A01,TRUE,0,0,0,0,0,NA,0,0,0,0,0,0
00-0040891,ACT,A01,TRUE,0,0,0,0,0,NA,0,0,0,0,0,0
00-0040892,ACT,A01,TRUE,0,0,0,0,0,NA,0,0,0,0,0,0
00-0040893,ACT,A01,TRUE,0,0,0,0,0,NA,0,0,0,0,0,0
00-0040894,ACT,A01,TRUE,0,0,0,0,0,NA,0,0,0,0,0,0
00-0040895,ACT,A01,TRUE,0,0,0,0,0,NA,0,0,0,0,0,0
00-0040896,ACT,A01,TRUE,0,0,0,0,0,NA,0,0,0,0,0,0
00-0040897,ACT,A01,TRUE,0,0,0,0,0,NA,0,0,0,0,0,0
00-0040898,ACT,A01,TRUE,0,0,0,0,0,NA,0,0,0,0,0,0
00-0040899,ACT,A01,TRUE,0,0,0,0,0,NA,0,0,0,0,0,0
00-0040900,ACT,A01,TRUE,0,0,0,0,0,NA,0,0,0,0,0,0
00-0040901,ACT,A01,TRUE,0,0,0,0,0,NA,0,0,0,0,0,0
00-0040902,ACT,A01,TRUE,0,0,0,0,0,NA,0,0,0,0,0,0
00-0040903,ACT,A01,TRUE,0,0,0,0,0,NA,0,0,0,0,0,0
00-0040904,ACT,A01,TRUE,0,0,0,0,0,NA,0,0,0,0,0,0
00-0040905,ACT,A01,TRUE,0,0,0,0,0,NA,0,0,0,0,0,0
00-0040906,ACT,A01,TRUE,0,0,0,0,0,NA,0,0,0,0,0,0
00-0040907,ACT,A01,TRUE,0,0,0,0,0,NA,0,0,0,0,0,0
00-0040908,ACT,A01,TRUE,0,0,0,0,0,NA,0,0,0,0,0,0
00-0040909,ACT,A01,TRUE,0,0,0,0,0,NA,0,0,0,0,0,0
00-0040910,ACT,A01,TRUE,0,0,0,0,0,NA,0,0,0,0,0,0
00-0040911,ACT,A01,TRUE,0,0,0,0,0,NA,0,0,0,0,0,0
00-0040912,ACT,A01,TRUE,0,0,0,0,0,NA,0,0,0,0,0,0
00-0040913,ACT,A01,TRUE,0,0,0,0,0,NA,0,0,0,0,0,0
00-0040914,ACT,A01,TRUE,0,0,0,0,0,NA,0,0,0,0,0,0
00-0040915,ACT,A01,TRUE,0,0,0,0,0,NA,0,0,0,0,0,0
00-0040916,ACT,A01,TRUE,0,0,0,0,0,NA,0,0,0,0,0,0
00-0040917,ACT,A01,TRUE,0,0,0,0,0,NA,0,0,0,0,0,0
00-0040918,ACT,A01,TRUE,0,0,0,0,0,NA,0,0,0,0,0,0
00-0040919,ACT,A01,TRUE,0,0,0,0,0,NA,0,0,0,0,0,0
00-0040920,ACT,A01,TRUE,0,0,0,0,0,NA,0,0,0,0,0,0
00-0040921,ACT,A01,TRUE,0,0,0,0,0,NA,0,0,0,0,0,0
00-0040922,ACT,A01,TRUE,0,0,0,0,0,NA,0,0,0,0,0,0
00-0040923,ACT,A01,TRUE,0,0,0,0,0,NA,0,0,0,0,0,0
00-0040924,ACT,A01,TRUE,0,0,0,0,0,NA,0,0,0,0,0,0
00-0040925,ACT,A01,TRUE,0,0,0,0,0,NA,0,0,0,0,0,0
00-0040926,ACT,A01,TRUE,0,0,0,0,0,NA,0,0,0,0,0,0
00-0040927,ACT,A01,TRUE,0,0,0,0,0,NA,0,0,0,0,0,0
00-0040928,ACT,A01,TRUE,0,0,0,0,0,NA,0,0,0,0,0,0
00-0040929,RES,R46,FALSE,0,0,0,0,0,NA,0,0,0,0,0,0
00-0040930,ACT,A01,TRUE,0,0,0,0,0,NA,0,0,0,0,0,0
00-0040931,ACT,A01,TRUE,0,0,0,0,0,NA,0,0,0,0,0,0
00-0040933,ACT,A01,TRUE,0,0,0,0,0,NA,0,0,0,0,0,0
00-0040934,ACT,A01,TRUE,0,0,0,0,0,NA,0,0,0,0,0,0
00-0040935,ACT,A01,TRUE,0,0,0,0,0,NA,0,0,0,0,0,0
00-0040936,ACT,A01,TRUE,0,0,0,0,0,NA,0,0,0,0,0,0
00-0040937,ACT,A01,TRUE,0,0,0,0,0,NA,0,0,0,0,0,0
00-0040938,ACT,A01,TRUE,0,0,0,0,0,NA,0,0,0,0,0,0
00-0040939,ACT,A01,TRUE,0,0,0,0,0,NA,0,0,0,0,0,0
00-0040940,ACT,A01,TRUE,0,0,0,0,0,NA,0,0,0,0,0,0
00-0040941,ACT,A01,TRUE,0,0,0,0,0,NA,0,0,0,0,0,0
00-0040942,ACT,A01,TRUE,0,0,0,0,0,NA,0,0,0,0,0,0
00-0040943,ACT,A01,TRUE,0,0,0,0,0,NA,0,0,0,0,0,0
00-0040944,ACT,A01,TRUE,0,0,0,0,0,NA,0,0,0,0,0,0
00-0040945,ACT,A01,TRUE,0,0,0,0,0,NA,0,0,0,0,0,0
00-0040946,ACT,A01,TRUE,0,0,0,0,0,NA,0,0,0,0,0,0
00-0040947,ACT,A01,TRUE,0,0,0,0,0,NA,0,0,0,0,0,0
00-0040948,ACT,A01,TRUE,0,0,0,0,0,NA,0,0,0,0,0,0
00-0040949,ACT,A01,TRUE,0,0,0,0,0,NA,0,0,0,0,0,0
00-0040950,ACT,A01,TRUE,0,0,0,0,0,NA,0,0,0,0,0,0
00-0040951,ACT,A01,TRUE,0,0,0,0,0,NA,0,0,0,0,0,0
00-0040952,ACT,A01,TRUE,0,0,0,0,0,NA,0,0,0,0,0,0
00-0040953,ACT,A01,TRUE,0,0,0,0,0,NA,0,0,0,0,0,0
00-0040954,ACT,A01,TRUE,0,0,0,0,0,NA,0,0,0,0,0,0
00-0040955,ACT,A01,TRUE,0,0,0,0,0,NA,0,0,0,0,0,0
00-0040956,ACT,A01,TRUE,0,0,0,0,0,NA,0,0,0,0,0,0
00-0040957,ACT,A01,TRUE,0,0,0,0,0,NA,0,0,0,0,0,0
00-0040958,ACT,A01,TRUE,0,0,0,0,0,NA,0,0,0,0,0,0
00-0040959,ACT,A01,TRUE,0,0,0,0,0,NA,0,0,0,0,0,0
00-0040960,ACT,A01,TRUE,0,0,0,0,0,NA,0,0,0,0,0,0
00-0040961,ACT,A01,TRUE,0,0,0,0,0,NA,0,0,0,0,0,0
00-0040962,ACT,A01,TRUE,0,0,0,0,0,NA,0,0,0,0,0,0
00-0040963,ACT,A01,TRUE,0,0,0,0,0,NA,0,0,0,0,0,0
00-0040964,ACT,A01,TRUE,0,0,0,0,0,NA,0,0,0,0,0,0
00-0040965,ACT,A01,TRUE,0,0,0,0,0,NA,0,0,0,0,0,0
00-0040966,ACT,A01,TRUE,0,0,0,0,0,NA,0,0,0,0,0,0
00-0040967,ACT,A01,TRUE,0,0,0,0,0,NA,0,0,0,0,0,0
00-0040968,ACT,A01,TRUE,0,0,0,0,0,NA,0,0,0,0,0,0
00-0040970,ACT,A01,TRUE,0,0,0,0,0,NA,0,0,0,0,0,0
00-0040972,ACT,A01,TRUE,0,0,0,0,0,NA,0,0,0,0,0,0
00-0040973,ACT,A01,TRUE,0,0,0,0,0,NA,0,0,0,0,0,0
00-0040974,ACT,A01,TRUE,0,0,0,0,0,NA,0,0,0,0,0,0
00-0040975,ACT,A01,TRUE,0,0,0,0,0,NA,0,0,0,0,0,0
00-0040977,ACT,A01,TRUE,0,0,0,0,0,NA,0,0,0,0,0,0
00-0040978,ACT,A01,TRUE,0,0,0,0,0,NA,0,0,0,0,0,0
00-0040979,ACT,A01,TRUE,0,0,0,0,0,NA,0,0,0,0,0,0
00-0040980,ACT,A01,TRUE,0,0,0,0,0,NA,0,0,0,0,0,0
00-0040981,ACT,A01,TRUE,0,0,0,0,0,NA,0,0,0,0,0,0
00-0040982,ACT,A01,TRUE,0,0,0,0,0,NA,0,0,0,0,0,0
00-0040983,ACT,A01,TRUE,0,0,0,0,0,NA,0,0,0,0,0,0
00-0040984,ACT,A01,TRUE,0,0,0,0,0,NA,0,0,0,0,0,0
00-0040985,ACT,A01,TRUE,0,0,0,0,0,NA,0,0,0,0,0,0
00-0040986,ACT,A01,TRUE,0,0,0,0,0,NA,0,0,0,0,0,0
00-0040987,ACT,A01,TRUE,0,0,0,0,0,NA,0,0,0,0,0,0
00-0040988,ACT,A01,TRUE,0,0,0,0,0,NA,0,0,0,0,0,0
00-0040989,ACT,A01,TRUE,0,0,0,0,0,NA,0,0,0,0,0,0
00-0040991,ACT,A01,TRUE,0,0,0,0,0,NA,0,0,0,0,0,0
00-0040992,ACT,A01,TRUE,0,0,0,0,0,NA,0,0,0,0,0,0
00-0040993,ACT,A01,TRUE,0,0,0,0,0,NA,0,0,0,0,0,0
00-0040994,ACT,A01,TRUE,0,0,0,0,0,NA,0,0,0,0,0,0
00-0040995,ACT,A01,TRUE,0,0,0,0,0,NA,0,0,0,0,0,0
00-0040996,ACT,A01,TRUE,0,0,0,0,0,NA,0,0,0,0,0,0
00-0040997,ACT,A01,TRUE,0,0,0,0,0,NA,0,0,0,0,0,0
00-0040998,ACT,A01,TRUE,0,0,0,0,0,NA,0,0,0,0,0,0
00-0040999,ACT,A01,TRUE,0,0,0,0,0,NA,0,0,0,0,0,0
00-0041000,ACT,A01,TRUE,0,0,0,0,0,NA,0,0,0,0,0,0
00-0041002,ACT,A01,TRUE,0,0,0,0,0,NA,0,0,0,0,0,0
00-0041003,ACT,A01,TRUE,0,0,0,0,0,NA,0,0,0,0,0,0
00-0041004,ACT,A01,TRUE,0,0,0,0,0,NA,0,0,0,0,0,0
00-0041005,RES,R36,FALSE,0,0,0,0,0,NA,0,0,0,0,0,0
00-0041006,ACT,A01,TRUE,0,0,0,0,0,NA,0,0,0,0,0,0
00-0041007,ACT,A01,TRUE,0,0,0,0,0,NA,0,0,0,0,0,0
00-0041008,ACT,A01,TRUE,0,0,0,0,0,NA,0,0,0,0,0,0
00-0041009,ACT,A01,TRUE,0,0,0,0,0,NA,0,0,0,0,0,0
00-0041010,ACT,A01,TRUE,0,0,0,0,0,NA,0,0,0,0,0,0
00-0041011,ACT,A01,TRUE,0,0,0,0,0,NA,0,0,0,0,0,0
00-0041012,ACT,A01,TRUE,0,0,0,0,0,NA,0,0,0,0,0,0
00-0041013,ACT,A01,TRUE,0,0,0,0,0,NA,0,0,0,0,0,0
00-0041014,ACT,A01,TRUE,0,0,0,0,0,NA,0,0,0,0,0,0
00-0041015,CUT,W03,FALSE,0,0,0,0,0,NA,0,0,0,0,0,0
00-0041016,ACT,A01,TRUE,0,0,0,0,0,NA,0,0,0,0,0,0
00-0041017,ACT,A01,TRUE,0,0,0,0,0,NA,0,0,0,0,0,0
00-0041018,ACT,A01,TRUE,0,0,0,0,0,NA,0,0,0,0,0,0
00-0041019,ACT,A01,TRUE,0,0,0,0,0,NA,0,0,0,0,0,0
00-0041020,ACT,A01,TRUE,0,0,0,0,0,NA,0,0,0,0,0,0
00-0041022,ACT,A01,TRUE,0,0,0,0,0,NA,0,0,0,0,0,0
00-0041026,ACT,A01,TRUE,0,0,0,0,0,NA,0,0,0,0,0,0
00-0041027,ACT,A01,TRUE,0,0,0,0,0,NA,0,0,0,0,0,0
00-0041028,ACT,A01,TRUE,0,0,0,0,0,NA,0,0,0,0,0,0
00-0041029,ACT,A01,TRUE,0,0,0,0,0,NA,0,0,0,0,0,0
00-0041030,ACT,A01,TRUE,0,0,0,0,0,NA,0,0,0,0,0,0
00-0041031,ACT,A01,TRUE,0,0,0,0,0,NA,0,0,0,0,0,0
00-0041032,ACT,A01,TRUE,0,0,0,0,0,NA,0,0,0,0,0,0
00-0041033,ACT,A01,TRUE,0,0,0,0,0,NA,0,0,0,0,0,0
00-0041034,ACT,A01,TRUE,0,0,0,0,0,NA,0,0,0,0,0,0
00-0041035,ACT,A01,TRUE,0,0,0,0,0,NA,0,0,0,0,0,0
00-0041036,ACT,A01,TRUE,0,0,0,0,0,NA,0,0,0,0,0,0
00-0041037,ACT,A01,TRUE,0,0,0,0,0,NA,0,0,0,0,0,0
00-0041038,ACT,A01,TRUE,0,0,0,0,0,NA,0,0,0,0,0,0
00-0041039,ACT,A01,TRUE,0,0,0,0,0,NA,0,0,0,0,0,0
00-0041040,ACT,A01,TRUE,0,0,0,0,0,NA,0,0,0,0,0,0
00-0041041,ACT,A01,TRUE,0,0,0,0,0,NA,0,0,0,0,0,0
00-0041042,ACT,A01,TRUE,0,0,0,0,0,NA,0,0,0,0,0,0
00-0041043,ACT,A01,TRUE,0,0,0,0,0,NA,0,0,0,0,0,0
00-0041044,ACT,A01,TRUE,0,0,0,0,0,NA,0,0,0,0,0,0
00-0041045,ACT,A01,TRUE,0,0,0,0,0,NA,0,0,0,0,0,0
00-0041046,ACT,A01,TRUE,0,0,0,0,0,NA,0,0,0,0,0,0
00-0041047,ACT,A01,TRUE,0,0,0,0,0,NA,0,0,0,0,0,0
00-0041048,ACT,A01,TRUE,0,0,0,0,0,NA,0,0,0,0,0,0
00-0041049,ACT,A01,TRUE,0,0,0,0,0,NA,0,0,0,0,0,0
00-0041050,ACT,A01,TRUE,0,0,0,0,0,NA,0,0,0,0,0,0
00-0041051,ACT,A01,TRUE,0,0,0,0,0,NA,0,0,0,0,0,0
00-0041052,ACT,A01,TRUE,0,0,0,0,0,NA,0,0,0,0,0,0
00-0041053,ACT,A01,TRUE,0,0,0,0,0,NA,0,0,0,0,0,0
00-0041054,ACT,A01,TRUE,0,0,0,0,0,NA,0,0,0,0,0,0
00-0041055,ACT,A01,TRUE,0,0,0,0,0,NA,0,0,0,0,0,0
00-0041056,ACT,A01,TRUE,0,0,0,0,0,NA,0,0,0,0,0,0
00-0041057,ACT,A01,TRUE,0,0,0,0,0,NA,0,0,0,0,0,0
00-0041058,ACT,A01,TRUE,0,0,0,0,0,NA,0,0,0,0,0,0
00-0041059,ACT,A01,TRUE,0,0,0,0,0,NA,0,0,0,0,0,0
00-0041060,ACT,A01,TRUE,0,0,0,0,0,NA,0,0,0,0,0,0
00-0041061,ACT,A01,TRUE,0,0,0,0,0,NA,0,0,0,0,0,0
00-0041062,ACT,A01,TRUE,0,0,0,0,0,NA,0,0,0,0,0,0
00-0041063,ACT,A01,TRUE,0,0,0,0,0,NA,0,0,0,0,0,0
00-0041064,ACT,A01,TRUE,0,0,0,0,0,NA,0,0,0,0,0,0
00-0041065,ACT,A01,TRUE,0,0,0,0,0,NA,0,0,0,0,0,0
00-0041066,ACT,A01,TRUE,0,0,0,0,0,NA,0,0,0,0,0,0
00-0041067,ACT,A01,TRUE,0,0,0,0,0,NA,0,0,0,0,0,0
00-0041068,ACT,A01,TRUE,0,0,0,0,0,NA,0,0,0,0,0,0
00-0041069,ACT,A01,TRUE,0,0,0,0,0,NA,0,0,0,0,0,0
00-0041070,ACT,A01,TRUE,0,0,0,0,0,NA,0,0,0,0,0,0
00-0041071,ACT,A01,TRUE,0,0,0,0,0,NA,0,0,0,0,0,0
00-0041072,ACT,A01,TRUE,0,0,0,0,0,NA,0,0,0,0,0,0
00-0041073,ACT,A01,TRUE,0,0,0,0,0,NA,0,0,0,0,0,0
00-0041074,ACT,A01,TRUE,0,0,0,0,0,NA,0,0,0,0,0,0
00-0041075,ACT,A01,TRUE,0,0,0,0,0,NA,0,0,0,0,0,0
00-0041076,ACT,A01,TRUE,0,0,0,0,0,NA,0,0,0,0,0,0
00-0041077,ACT,A01,TRUE,0,0,0,0,0,NA,0,0,0,0,0,0
00-0041078,ACT,A01,TRUE,0,0,0,0,0,NA,0,0,0,0,0,0
00-0041079,ACT,A01,TRUE,0,0,0,0,0,NA,0,0,0,0,0,0
00-0041080,ACT,A01,TRUE,0,0,0,0,0,NA,0,0,0,0,0,0
00-0041081,ACT,A01,TRUE,0,0,0,0,0,NA,0,0,0,0,0,0
00-0041082,ACT,A01,TRUE,0,0,0,0,0,NA,0,0,0,0,0,0
00-0041083,ACT,A01,TRUE,0,0,0,0,0,NA,0,0,0,0,0,0
00-0041084,ACT,A01,TRUE,0,0,0,0,0,NA,0,0,0,0,0,0
00-0041085,ACT,A01,TRUE,0,0,0,0,0,NA,0,0,0,0,0,0
00-0041086,ACT,A01,TRUE,0,0,0,0,0,NA,0,0,0,0,0,0
00-0041087,ACT,A01,TRUE,0,0,0,0,0,NA,0,0,0,0,0,0
00-0041088,ACT,A01,TRUE,0,0,0,0,0,NA,0,0,0,0,0,0
00-0041089,ACT,A01,TRUE,0,0,0,0,0,NA,0,0,0,0,0,0
00-0041090,ACT,A01,TRUE,0,0,0,0,0,NA,0,0,0,0,0,0
00-0041091,ACT,A01,TRUE,0,0,0,0,0,NA,0,0,0,0,0,0
00-0041092,ACT,A01,TRUE,0,0,0,0,0,NA,0,0,0,0,0,0
00-0041093,ACT,A01,TRUE,0,0,0,0,0,NA,0,0,0,0,0,0
00-0041094,ACT,A01,TRUE,0,0,0,0,0,NA,0,0,0,0,0,0
00-0041095,ACT,A01,TRUE,0,0,0,0,0,NA,0,0,0,0,0,0
00-0041096,ACT,A01,TRUE,0,0,0,0,0,NA,0,0,0,0,0,0
00-0041097,ACT,A01,TRUE,0,0,0,0,0,NA,0,0,0,0,0,0
00-0041098,ACT,A01,TRUE,0,0,0,0,0,NA,0,0,0,0,0,0
00-0041099,ACT,A01,TRUE,0,0,0,0,0,NA,0,0,0,0,0,0
00-0041100,ACT,A01,TRUE,0,0,0,0,0,NA,0,0,0,0,0,0
00-0041101,ACT,A01,TRUE,0,0,0,0,0,NA,0,0,0,0,0,0
00-0041102,ACT,A01,TRUE,0,0,0,0,0,NA,0,0,0,0,0,0
00-0041103,ACT,A01,TRUE,0,0,0,0,0,NA,0,0,0,0,0,0
00-0041104,ACT,A01,TRUE,0,0,0,0,0,NA,0,0,0,0,0,0
00-0041105,ACT,A01,TRUE,0,0,0,0,0,NA,0,0,0,0,0,0
00-0041106,ACT,A01,TRUE,0,0,0,0,0,NA,0,0,0,0,0,0
00-0041107,ACT,A01,TRUE,0,0,0,0,0,NA,0,0,0,0,0,0
00-0041108,ACT,A01,TRUE,0,0,0,0,0,NA,0,0,0,0,0,0
00-0041109,ACT,A01,TRUE,0,0,0,0,0,NA,0,0,0,0,0,0
00-0041110,ACT,A01,TRUE,0,0,0,0,0,NA,0,0,0,0,0,0
00-0041111,ACT,A01,TRUE,0,0,0,0,0,NA,0,0,0,0,0,0
00-0041112,ACT,A01,TRUE,0,0,0,0,0,NA,0,0,0,0,0,0
00-0041113,ACT,A01,TRUE,0,0,0,0,0,NA,0,0,0,0,0,0
00-0041114,ACT,A01,TRUE,0,0,0,0,0,NA,0,0,0,0,0,0
00-0041115,ACT,A01,TRUE,0,0,0,0,0,NA,0,0,0,0,0,0
00-0041116,ACT,A01,TRUE,0,0,0,0,0,NA,0,0,0,0,0,0
00-0041117,ACT,A01,TRUE,0,0,0,0,0,NA,0,0,0,0,0,0
00-0041118,ACT,A01,TRUE,0,0,0,0,0,NA,0,0,0,0,0,0
00-0041119,ACT,A01,TRUE,0,0,0,0,0,NA,0,0,0,0,0,0
00-0041120,ACT,A01,TRUE,0,0,0,0,0,NA,0,0,0,0,0,0
00-0041121,ACT,A01,TRUE,0,0,0,0,0,NA,0,0,0,0,0,0
00-0041122,ACT,A01,TRUE,0,0,0,0,0,NA,0,0,0,0,0,0
00-0041123,ACT,A01,TRUE,0,0,0,0,0,NA,0,0,0,0,0,0
00-0041124,ACT,A01,TRUE,0,0,0,0,0,NA,0,0,0,0,0,0
00-0041125,ACT,A01,TRUE,0,0,0,0,0,NA,0,0,0,0,0,0
00-0041126,ACT,A01,TRUE,0,0,0,0,0,NA,0,0,0,0,0,0
00-0041127,ACT,A01,TRUE,0,0,0,0,0,NA,0,0,0,0,0,0
00-0041128,ACT,A01,TRUE,0,0,0,0,0,NA,0,0,0,0,0,0
00-0041129,ACT,A01,TRUE,0,0,0,0,0,NA,0,0,0,0,0,0
00-0041130,ACT,A01,TRUE,0,0,0,0,0,NA,0,0,0,0,0,0
00-0041131,ACT,A01,TRUE,0,0,0,0,0,NA,0,0,0,0,0,0
00-0041132,ACT,A01,TRUE,0,0,0,0,0,NA,0,0,0,0,0,0
00-0041133,ACT,A01,TRUE,0,0,0,0,0,NA,0,0,0,0,0,0
00-0041134,ACT,A01,TRUE,0,0,0,0,0,NA,0,0,0,0,0,0
00-0041135,ACT,A01,TRUE,0,0,0,0,0,NA,0,0,0,0,0,0
00-0041136,ACT,A01,TRUE,0,0,0,0,0,NA,0,0,0,0,0,0
00-0041137,ACT,A01,TRUE,0,0,0,0,0,NA,0,0,0,0,0,0
00-0041138,ACT,A01,TRUE,0,0,0,0,0,NA,0,0,0,0,0,0
00-0041139,ACT,A01,TRUE,0,0,0,0,0,NA,0,0,0,0,0,0
00-0041140,ACT,A01,TRUE,0,0,0,0,0,NA,0,0,0,0,0,0
00-0041141,ACT,A01,TRUE,0,0,0,0,0,NA,0,0,0,0,0,0
00-0041142,RES,R36,FALSE,0,0,0,0,0,NA,0,0,0,0,0,0
00-0041143,ACT,A01,TRUE,0,0,0,0,0,NA,0,0,0,0,0,0
00-0041144,ACT,A01,TRUE,0,0,0,0,0,NA,0,0,0,0,0,0
00-0041145,ACT,A01,TRUE,0,0,0,0,0,NA,0,0,0,0,0,0
00-0041146,ACT,A01,TRUE,0,0,0,0,0,NA,0,0,0,0,0,0
00-0041147,ACT,A01,TRUE,0,0,0,0,0,NA,0,0,0,0,0,0
00-0041148,ACT,A01,TRUE,0,0,0,0,0,NA,0,0,0,0,0,0
00-0041149,ACT,A01,TRUE,0,0,0,0,0,NA,0,0,0,0,0,0
00-0041150,ACT,A01,TRUE,0,0,0,0,0,NA,0,0,0,0,0,0
00-0041151,ACT,A01,TRUE,0,0,0,0,0,NA,0,0,0,0,0,0
00-0041152,ACT,A01,TRUE,0,0,0,0,0,NA,0,0,0,0,0,0
00-0041153,ACT,A01,TRUE,0,0,0,0,0,NA,0,0,0,0,0,0
00-0041154,ACT,A01,TRUE,0,0,0,0,0,NA,0,0,0,0,0,0
00-0041155,ACT,A01,TRUE,0,0,0,0,0,NA,0,0,0,0,0,0
00-0041156,ACT,A01,TRUE,0,0,0,0,0,NA,0,0,0,0,0,0
00-0041157,ACT,A01,TRUE,0,0,0,0,0,NA,0,0,0,0,0,0
00-0041158,ACT,A01,TRUE,0,0,0,0,0,NA,0,0,0,0,0,0
00-0041159,ACT,A01,TRUE,0,0,0,0,0,NA,0,0,0,0,0,0
00-0041160,ACT,A01,TRUE,0,0,0,0,0,NA,0,0,0,0,0,0
00-0041161,RET,R02,FALSE,0,0,0,0,0,NA,0,0,0,0,0,0
00-0041162,ACT,A01,TRUE,0,0,0,0,0,NA,0,0,0,0,0,0
00-0041163,ACT,A01,TRUE,0,0,0,0,0,NA,0,0,0,0,0,0
00-0041164,ACT,A01,TRUE,0,0,0,0,0,NA,0,0,0,0,0,0
00-0041165,ACT,A01,TRUE,0,0,0,0,0,NA,0,0,0,0,0,0
00-0041166,ACT,A01,TRUE,0,0,0,0,0,NA,0,0,0,0,0,0
00-0041167,ACT,A01,TRUE,0,0,0,0,0,NA,0,0,0,0,0,0
00-0041168,ACT,A01,TRUE,0,0,0,0,0,NA,0,0,0,0,0,0
00-0041169,ACT,A01,TRUE,0,0,0,0,0,NA,0,0,0,0,0,0
00-0041170,ACT,A01,TRUE,0,0,0,0,0,NA,0,0,0,0,0,0
00-0041171,ACT,A01,TRUE,0,0,0,0,0,NA,0,0,0,0,0,0
00-0041172,ACT,A01,TRUE,0,0,0,0,0,NA,0,0,0,0,0,0
00-0041173,ACT,A01,TRUE,0,0,0,0,0,NA,0,0,0,0,0,0
00-0041174,ACT,A01,TRUE,0,0,0,0,0,NA,0,0,0,0,0,0
00-0041175,ACT,A01,TRUE,0,0,0,0,0,NA,0,0,0,0,0,0
00-0041176,ACT,A01,TRUE,0,0,0,0,0,NA,0,0,0,0,0,0
00-0041177,ACT,A01,TRUE,0,0,0,0,0,NA,0,0,0,0,0,0
00-0041178,ACT,A01,TRUE,0,0,0,0,0,NA,0,0,0,0,0,0
00-0041179,ACT,A01,TRUE,0,0,0,0,0,NA,0,0,0,0,0,0
00-0041180,ACT,A01,TRUE,0,0,0,0,0,NA,0,0,0,0,0,0
00-0041181,ACT,A01,TRUE,0,0,0,0,0,NA,0,0,0,0,0,0
00-0041182,ACT,A01,TRUE,0,0,0,0,0,NA,0,0,0,0,0,0
00-0041183,ACT,A01,TRUE,0,0,0,0,0,NA,0,0,0,0,0,0
00-0041184,ACT,A01,TRUE,0,0,0,0,0,NA,0,0,0,0,0,0
00-0041185,ACT,A01,TRUE,0,0,0,0,0,NA,0,0,0,0,0,0
00-0041186,ACT,A01,TRUE,0,0,0,0,0,NA,0,0,0,0,0,0
00-0041187,ACT,A01,TRUE,0,0,0,0,0,NA,0,0,0,0,0,0
00-0041188,ACT,A01,TRUE,0,0,0,0,0,NA,0,0,0,0,0,0
00-0041189,ACT,A01,TRUE,0,0,0,0,0,NA,0,0,0,0,0,0
00-0041191,ACT,A01,TRUE,0,0,0,0,0,NA,0,0,0,0,0,0
00-0041192,ACT,A01,TRUE,0,0,0,0,0,NA,0,0,0,0,0,0
00-0041193,ACT,A01,TRUE,0,0,0,0,0,NA,0,0,0,0,0,0
00-0041194,ACT,A01,TRUE,0,0,0,0,0,NA,0,0,0,0,0,0
00-0041195,ACT,A01,TRUE,0,0,0,0,0,NA,0,0,0,0,0,0
00-0041196,ACT,A01,TRUE,0,0,0,0,0,NA,0,0,0,0,0,0
00-0041198,ACT,A01,TRUE,0,0,0,0,0,NA,0,0,0,0,0,0
00-0041199,ACT,A01,TRUE,0,0,0,0,0,NA,0,0,0,0,0,0
00-0041200,ACT,A01,TRUE,0,0,0,0,0,NA,0,0,0,0,0,0
00-0041201,ACT,A01,TRUE,0,0,0,0,0,NA,0,0,0,0,0,0
00-0041202,ACT,A01,TRUE,0,0,0,0,0,NA,0,0,0,0,0,0
00-0041203,ACT,A01,TRUE,0,0,0,0,0,NA,0,0,0,0,0,0
00-0041204,ACT,A01,TRUE,0,0,0,0,0,NA,0,0,0,0,0,0
00-0041205,ACT,A01,TRUE,0,0,0,0,0,NA,0,0,0,0,0,0
00-0041206,RET,R02,FALSE,0,0,0,0,0,NA,0,0,0,0,0,0
00-0041207,ACT,A01,TRUE,0,0,0,0,0,NA,0,0,0,0,0,0
00-0041208,ACT,A01,TRUE,0,0,0,0,0,NA,0,0,0,0,0,0
00-0041209,ACT,A01,TRUE,0,0,0,0,0,NA,0,0,0,0,0,0
00-0041210,ACT,A01,TRUE,0,0,0,0,0,NA,0,0,0,0,0,0
00-0041211,ACT,A01,TRUE,0,0,0,0,0,NA,0,0,0,0,0,0
00-0041212,ACT,A01,TRUE,0,0,0,0,0,NA,0,0,0,0,0,0
00-0041213,ACT,A01,TRUE,0,0,0,0,0,NA,0,0,0,0,0,0
00-0041214,ACT,A01,TRUE,0,0,0,0,0,NA,0,0,0,0,0,0
00-0041215,ACT,A01,TRUE,0,0,0,0,0,NA,0,0,0,0,0,0
00-0041216,ACT,A01,TRUE,0,0,0,0,0,NA,0,0,0,0,0,0
00-0041217,ACT,A01,TRUE,0,0,0,0,0,NA,0,0,0,0,0,0
00-0041218,ACT,A01,TRUE,0,0,0,0,0,NA,0,0,0,0,0,0
00-0041219,RET,R02,FALSE,0,0,0,0,0,NA,0,0,0,0,0,0
00-0041220,ACT,A01,TRUE,0,0,0,0,0,NA,0,0,0,0,0,0
00-0041221,ACT,A01,TRUE,0,0,0,0,0,NA,0,0,0,0,0,0
00-0041222,ACT,A01,TRUE,0,0,0,0,0,NA,0,0,0,0,0,0
00-0041223,ACT,A01,TRUE,0,0,0,0,0,NA,0,0,0,0,0,0
00-0041224,ACT,A01,TRUE,0,0,0,0,0,NA,0,0,0,0,0,0
00-0041225,ACT,A01,TRUE,0,0,0,0,0,NA,0,0,0,0,0,0
00-0041226,ACT,A01,TRUE,0,0,0,0,0,NA,0,0,0,0,0,0
00-0041227,ACT,A01,TRUE,0,0,0,0,0,NA,0,0,0,0,0,0
00-0041228,ACT,A01,TRUE,0,0,0,0,0,NA,0,0,0,0,0,0
00-0041229,ACT,A01,TRUE,0,0,0,0,0,NA,0,0,0,0,0,0
00-0041230,ACT,A01,TRUE,0,0,0,0,0,NA,0,0,0,0,0,0
00-0041231,ACT,A01,TRUE,0,0,0,0,0,NA,0,0,0,0,0,0
00-0041232,ACT,A01,TRUE,0,0,0,0,0,NA,0,0,0,0,0,0
00-0041233,ACT,A01,TRUE,0,0,0,0,0,NA,0,0,0,0,0,0
00-0041234,ACT,A01,TRUE,0,0,0,0,0,NA,0,0,0,0,0,0
00-0041236,ACT,A01,TRUE,0,0,0,0,0,NA,0,0,0,0,0,0
00-0041237,ACT,A01,TRUE,0,0,0,0,0,NA,0,0,0,0,0,0
00-0041238,ACT,A01,TRUE,0,0,0,0,0,NA,0,0,0,0,0,0
00-0041239,ACT,A01,TRUE,0,0,0,0,0,NA,0,0,0,0,0,0
00-0041240,ACT,A01,TRUE,0,0,0,0,0,NA,0,0,0,0,0,0
00-0041241,ACT,A01,TRUE,0,0,0,0,0,NA,0,0,0,0,0,0
00-0041242,ACT,A01,TRUE,0,0,0,0,0,NA,0,0,0,0,0,0
00-0041243,ACT,A01,TRUE,0,0,0,0,0,NA,0,0,0,0,0,0
00-0041244,ACT,A01,TRUE,0,0,0,0,0,NA,0,0,0,0,0,0
00-0041245,ACT,A01,TRUE,0,0,0,0,0,NA,0,0,0,0,0,0
00-0041246,ACT,A01,TRUE,0,0,0,0,0,NA,0,0,0,0,0,0
00-0041247,ACT,A01,TRUE,0,0,0,0,0,NA,0,0,0,0,0,0
00-0041248,ACT,A01,TRUE,0,0,0,0,0,NA,0,0,0,0,0,0
00-0041249,ACT,A01,TRUE,0,0,0,0,0,NA,0,0,0,0,0,0
00-0041251,ACT,A01,TRUE,0,0,0,0,0,NA,0,0,0,0,0,0
00-0041252,ACT,A01,TRUE,0,0,0,0,0,NA,0,0,0,0,0,0
00-0041253,ACT,A01,TRUE,0,0,0,0,0,NA,0,0,0,0,0,0
00-0041254,ACT,A01,TRUE,0,0,0,0,0,NA,0,0,0,0,0,0
00-0041255,ACT,A01,TRUE,0,0,0,0,0,NA,0,0,0,0,0,0
00-0041256,ACT,A01,TRUE,0,0,0,0,0,NA,0,0,0,0,0,0
00-0041257,ACT,A01,TRUE,0,0,0,0,0,NA,0,0,0,0,0,0
00-0041259,ACT,A01,TRUE,0,0,0,0,0,NA,0,0,0,0,0,0
00-0041260,ACT,A01,TRUE,0,0,0,0,0,NA,0,0,0,0,0,0
00-0041261,ACT,A01,TRUE,0,0,0,0,0,NA,0,0,0,0,0,0
00-0041262,ACT,A01,TRUE,0,0,0,0,0,NA,0,0,0,0,0,0
00-0041263,ACT,A01,TRUE,0,0,0,0,0,NA,0,0,0,0,0,0
00-0041265,RET,R02,FALSE,0,0,0,0,0,NA,0,0,0,0,0,0
00-0041266,ACT,A01,TRUE,0,0,0,0,0,NA,0,0,0,0,0,0
00-0041267,ACT,A01,TRUE,0,0,0,0,0,NA,0,0,0,0,0,0
00-0041268,ACT,A01,TRUE,0,0,0,0,0,NA,0,0,0,0,0,0
00-0041269,ACT,A01,TRUE,0,0,0,0,0,NA,0,0,0,0,0,0
00-0041270,ACT,A01,TRUE,0,0,0,0,0,NA,0,0,0,0,0,0
00-0041271,ACT,A01,TRUE,0,0,0,0,0,NA,0,0,0,0,0,0
00-0041272,ACT,A01,TRUE,0,0,0,0,0,NA,0,0,0,0,0,0
00-0041273,ACT,A01,TRUE,0,0,0,0,0,NA,0,0,0,0,0,0
00-0041275,ACT,A01,TRUE,0,0,0,0,0,NA,0,0,0,0,0,0
00-0041276,ACT,A01,TRUE,0,0,0,0,0,NA,0,0,0,0,0,0
00-0041277,ACT,A01,TRUE,0,0,0,0,0,NA,0,0,0,0,0,0
00-0041278,ACT,A01,TRUE,0,0,0,0,0,NA,0,0,0,0,0,0
00-0041279,ACT,A01,TRUE,0,0,0,0,0,NA,0,0,0,0,0,0
00-0041281,ACT,A01,TRUE,0,0,0,0,0,NA,0,0,0,0,0,0
00-0041282,ACT,A01,TRUE,0,0,0,0,0,NA,0,0,0,0,0,0
00-0041284,ACT,A01,TRUE,0,0,0,0,0,NA,0,0,0,0,0,0
00-0041285,ACT,A01,TRUE,0,0,0,0,0,NA,0,0,0,0,0,0
00-0041286,ACT,A01,TRUE,0,0,0,0,0,NA,0,0,0,0,0,0
00-0041287,ACT,A01,TRUE,0,0,0,0,0,NA,0,0,0,0,0,0
00-0041288,ACT,A01,TRUE,0,0,0,0,0,NA,0,0,0,0,0,0
00-0041289,ACT,A01,TRUE,0,0,0,0,0,NA,0,0,0,0,0,0
00-0041290,ACT,A01,TRUE,0,0,0,0,0,NA,0,0,0,0,0,0
00-0041291,ACT,A01,TRUE,0,0,0,0,0,NA,0,0,0,0,0,0
00-0041292,ACT,A01,TRUE,0,0,0,0,0,NA,0,0,0,0,0,0
00-0041293,ACT,A01,TRUE,0,0,0,0,0,NA,0,0,0,0,0,0
00-0041294,ACT,A01,TRUE,0,0,0,0,0,NA,0,0,0,0,0,0
00-0041295,ACT,A01,TRUE,0,0,0,0,0,NA,0,0,0,0,0,0
00-0041296,ACT,A01,TRUE,0,0,0,0,0,NA,0,0,0,0,0,0
00-0041297,ACT,A01,TRUE,0,0,0,0,0,NA,0,0,0,0,0,0
00-0041298,ACT,A01,TRUE,0,0,0,0,0,NA,0,0,0,0,0,0
00-0041299,ACT,A01,TRUE,0,0,0,0,0,NA,0,0,0,0,0,0
00-0041301,ACT,A01,TRUE,0,0,0,0,0,NA,0,0,0,0,0,0
00-0041302,ACT,A01,TRUE,0,0,0,0,0,NA,0,0,0,0,0,0
00-0041303,ACT,A01,TRUE,0,0,0,0,0,NA,0,0,0,0,0,0
00-0041304,ACT,A01,TRUE,0,0,0,0,0,NA,0,0,0,0,0,0
00-0041305,ACT,A01,TRUE,0,0,0,0,0,NA,0,0,0,0,0,0
00-0041306,ACT,A01,TRUE,0,0,0,0,0,NA,0,0,0,0,0,0
00-0041307,ACT,A01,TRUE,0,0,0,0,0,NA,0,0,0,0,0,0
00-0041308,ACT,A01,TRUE,0,0,0,0,0,NA,0,0,0,0,0,0
00-0041309,ACT,A01,TRUE,0,0,0,0,0,NA,0,0,0,0,0,0
00-0041310,ACT,A01,TRUE,0,0,0,0,0,NA,0,0,0,0,0,0
00-0041311,ACT,A01,TRUE,0,0,0,0,0,NA,0,0,0,0,0,0
00-0041312,ACT,A01,TRUE,0,0,0,0,0,NA,0,0,0,0,0,0
00-0041313,ACT,A01,TRUE,0,0,0,0,0,NA,0,0,0,0,0,0
00-0041314,ACT,A01,TRUE,0,0,0,0,0,NA,0,0,0,0,0,0
00-0041315,ACT,A01,TRUE,0,0,0,0,0,NA,0,0,0,0,0,0
00-0041316,ACT,A01,TRUE,0,0,0,0,0,NA,0,0,0,0,0,0
00-0041317,ACT,A01,TRUE,0,0,0,0,0,NA,0,0,0,0,0,0
00-0041318,ACT,A01,TRUE,0,0,0,0,0,NA,0,0,0,0,0,0
00-0041319,ACT,A01,TRUE,0,0,0,0,0,NA,0,0,0,0,0,0
00-0041320,ACT,A01,TRUE,0,0,0,0,0,NA,0,0,0,0,0,0
00-0041321,ACT,A01,TRUE,0,0,0,0,0,NA,0,0,0,0,0,0
00-0041322,ACT,A01,TRUE,0,0,0,0,0,NA,0,0,0,0,0,0
00-0041323,ACT,A01,TRUE,0,0,0,0,0,NA,0,0,0,0,0,0
00-0041324,ACT,A01,TRUE,0,0,0,0,0,NA,0,0,0,0,0,0
00-0041325,ACT,A01,TRUE,0,0,0,0,0,NA,0,0,0,0,0,0
00-0041326,ACT,A01,TRUE,0,0,0,0,0,NA,0,0,0,0,0,0
00-0041327,ACT,A01,TRUE,0,0,0,0,0,NA,0,0,0,0,0,0
00-0041328,ACT,A01,TRUE,0,0,0,0,0,NA,0,0,0,0,0,0
00-0041329,ACT,A01,TRUE,0,0,0,0,0,NA,0,0,0,0,0,0
00-0041330,ACT,A01,TRUE,0,0,0,0,0,NA,0,0,0,0,0,0
00-0041331,ACT,A01,TRUE,0,0,0,0,0,NA,0,0,0,0,0,0
00-0041333,ACT,A01,TRUE,0,0,0,0,0,NA,0,0,0,0,0,0
00-0041334,ACT,A01,TRUE,0,0,0,0,0,NA,0,0,0,0,0,0
00-0041335,ACT,A01,TRUE,0,0,0,0,0,NA,0,0,0,0,0,0
00-0041336,ACT,A01,TRUE,0,0,0,0,0,NA,0,0,0,0,0,0
00-0041337,ACT,A01,TRUE,0,0,0,0,0,NA,0,0,0,0,0,0
00-0041338,ACT,A01,TRUE,0,0,0,0,0,NA,0,0,0,0,0,0
00-0041339,ACT,A01,TRUE,0,0,0,0,0,NA,0,0,0,0,0,0
00-0041340,ACT,A01,TRUE,0,0,0,0,0,NA,0,0,0,0,0,0
00-0041341,ACT,A01,TRUE,0,0,0,0,0,NA,0,0,0,0,0,0
00-0041342,ACT,A01,TRUE,0,0,0,0,0,NA,0,0,0,0,0,0
00-0041344,ACT,A01,TRUE,0,0,0,0,0,NA,0,0,0,0,0,0
00-0041345,ACT,A01,TRUE,0,0,0,0,0,NA,0,0,0,0,0,0
00-0041347,ACT,A01,TRUE,0,0,0,0,0,NA,0,0,0,0,0,0
00-0041348,ACT,A01,TRUE,0,0,0,0,0,NA,0,0,0,0,0,0
00-0041349,ACT,A01,TRUE,0,0,0,0,0,NA,0,0,0,0,0,0
00-0041350,ACT,A01,TRUE,0,0,0,0,0,NA,0,0,0,0,0,0
00-0041351,ACT,A01,TRUE,0,0,0,0,0,NA,0,0,0,0,0,0
00-0041352,ACT,A01,TRUE,0,0,0,0,0,NA,0,0,0,0,0,0
00-0041353,ACT,A01,TRUE,0,0,0,0,0,NA,0,0,0,0,0,0
00-0041354,ACT,A01,TRUE,0,0,0,0,0,NA,0,0,0,0,0,0
00-0041355,ACT,A01,TRUE,0,0,0,0,0,NA,0,0,0,0,0,0
00-0041356,ACT,A01,TRUE,0,0,0,0,0,NA,0,0,0,0,0,0
00-0041357,ACT,A01,TRUE,0,0,0,0,0,NA,0,0,0,0,0,0
00-0041358,ACT,A01,TRUE,0,0,0,0,0,NA,0,0,0,0,0,0
00-0041359,ACT,A01,TRUE,0,0,0,0,0,NA,0,0,0,0,0,0
00-0041360,ACT,A01,TRUE,0,0,0,0,0,NA,0,0,0,0,0,0
00-0041361,ACT,A01,TRUE,0,0,0,0,0,NA,0,0,0,0,0,0
00-0041362,ACT,A01,TRUE,0,0,0,0,0,NA,0,0,0,0,0,0
00-0041363,ACT,A01,TRUE,0,0,0,0,0,NA,0,0,0,0,0,0
00-0041364,ACT,A01,TRUE,0,0,0,0,0,NA,0,0,0,0,0,0
00-0041365,ACT,A01,TRUE,0,0,0,0,0,NA,0,0,0,0,0,0
00-0041366,ACT,A01,TRUE,0,0,0,0,0,NA,0,0,0,0,0,0
00-0041367,ACT,A01,TRUE,0,0,0,0,0,NA,0,0,0,0,0,0
00-0041368,ACT,A01,TRUE,0,0,0,0,0,NA,0,0,0,0,0,0
00-0041369,ACT,A01,TRUE,0,0,0,0,0,NA,0,0,0,0,0,0
00-0041370,ACT,A01,TRUE,0,0,0,0,0,NA,0,0,0,0,0,0
00-0041371,ACT,A01,TRUE,0,0,0,0,0,NA,0,0,0,0,0,0
00-0041372,ACT,A01,TRUE,0,0,0,0,0,NA,0,0,0,0,0,0
00-0041373,ACT,A01,TRUE,0,0,0,0,0,NA,0,0,0,0,0,0
00-0041374,ACT,A01,TRUE,0,0,0,0,0,NA,0,0,0,0,0,0
00-0041375,ACT,A01,TRUE,0,0,0,0,0,NA,0,0,0,0,0,0
00-0041376,ACT,A01,TRUE,0,0,0,0,0,NA,0,0,0,0,0,0
00-0041377,ACT,A01,TRUE,0,0,0,0,0,NA,0,0,0,0,0,0
00-0041378,ACT,A01,TRUE,0,0,0,0,0,NA,0,0,0,0,0,0
00-0041380,ACT,A01,TRUE,0,0,0,0,0,NA,0,0,0,0,0,0
00-0041381,ACT,A01,TRUE,0,0,0,0,0,NA,0,0,0,0,0,0
00-0041382,ACT,A01,TRUE,0,0,0,0,0,NA,0,0,0,0,0,0
00-0041383,ACT,A01,TRUE,0,0,0,0,0,NA,0,0,0,0,0,0
00-0041384,ACT,A01,TRUE,0,0,0,0,0,NA,0,0,0,0,0,0
00-0041385,ACT,A01,TRUE,0,0,0,0,0,NA,0,0,0,0,0,0
00-0041386,ACT,A01,TRUE,0,0,0,0,0,NA,0,0,0,0,0,0
00-0041387,ACT,A01,TRUE,0,0,0,0,0,NA,0,0,0,0,0,0
00-0041389,ACT,A01,TRUE,0,0,0,0,0,NA,0,0,0,0,0,0
00-0041390,ACT,A01,TRUE,0,0,0,0,0,NA,0,0,0,0,0,0
00-0041391,ACT,A01,TRUE,0,0,0,0,0,NA,0,0,0,0,0,0
00-0041392,ACT,A01,TRUE,0,0,0,0,0,NA,0,0,0,0,0,0
00-0041393,ACT,A01,TRUE,0,0,0,0,0,NA,0,0,0,0,0,0
00-0041394,ACT,A01,TRUE,0,0,0,0,0,NA,0,0,0,0,0,0
00-0041395,ACT,A01,TRUE,0,0,0,0,0,NA,0,0,0,0,0,0
00-0041396,ACT,A01,TRUE,0,0,0,0,0,NA,0,0,0,0,0,0
00-0041397,ACT,A01,TRUE,0,0,0,0,0,NA,0,0,0,0,0,0
00-0041398,ACT,A01,TRUE,0,0,0,0,0,NA,0,0,0,0,0,0
00-0041399,ACT,A01,TRUE,0,0,0,0,0,NA,0,0,0,0,0,0
00-0041400,ACT,A01,TRUE,0,0,0,0,0,NA,0,0,0,0,0,0
00-0041401,ACT,A01,TRUE,0,0,0,0,0,NA,0,0,0,0,0,0
00-0041402,ACT,A01,TRUE,0,0,0,0,0,NA,0,0,0,0,0,0
00-0041403,ACT,A01,TRUE,0,0,0,0,0,NA,0,0,0,0,0,0
00-0041404,ACT,A01,TRUE,0,0,0,0,0,NA,0,0,0,0,0,0
00-0041405,ACT,A01,TRUE,0,0,0,0,0,NA,0,0,0,0,0,0
00-0041406,ACT,A01,TRUE,0,0,0,0,0,NA,0,0,0,0,0,0
00-0041407,ACT,A01,TRUE,0,0,0,0,0,NA,0,0,0,0,0,0
00-0041408,ACT,A01,TRUE,0,0,0,0,0,NA,0,0,0,0,0,0
00-0041409,ACT,A01,TRUE,0,0,0,0,0,NA,0,0,0,0,0,0
00-0041410,ACT,A01,TRUE,0,0,0,0,0,NA,0,0,0,0,0,0
00-0041411,ACT,A01,TRUE,0,0,0,0,0,NA,0,0,0,0,0,0
00-0041412,ACT,A01,TRUE,0,0,0,0,0,NA,0,0,0,0,0,0
00-0041413,ACT,A01,TRUE,0,0,0,0,0,NA,0,0,0,0,0,0
00-0041414,ACT,A01,TRUE,0,0,0,0,0,NA,0,0,0,0,0,0
00-0041415,ACT,A01,TRUE,0,0,0,0,0,NA,0,0,0,0,0,0
00-0041416,ACT,A01,TRUE,0,0,0,0,0,NA,0,0,0,0,0,0
00-0041417,ACT,A01,TRUE,0,0,0,0,0,NA,0,0,0,0,0,0
00-0041418,ACT,A01,TRUE,0,0,0,0,0,NA,0,0,0,0,0,0
00-0041419,ACT,A01,TRUE,0,0,0,0,0,NA,0,0,0,0,0,0
00-0041420,ACT,A01,TRUE,0,0,0,0,0,NA,0,0,0,0,0,0
00-0041421,ACT,A01,TRUE,0,0,0,0,0,NA,0,0,0,0,0,0
00-0041422,ACT,A01,TRUE,0,0,0,0,0,NA,0,0,0,0,0,0
00-0041423,ACT,A01,TRUE,0,0,0,0,0,NA,0,0,0,0,0,0
00-0041424,ACT,A01,TRUE,0,0,0,0,0,NA,0,0,0,0,0,0
00-0041425,ACT,A01,TRUE,0,0,0,0,0,NA,0,0,0,0,0,0
00-0041426,RES,R36,FALSE,0,0,0,0,0,NA,0,0,0,0,0,0
00-0041428,ACT,A01,TRUE,0,0,0,0,0,NA,0,0,0,0,0,0
00-0041429,RES,R36,FALSE,0,0,0,0,0,NA,0,0,0,0,0,0
00-0041430,ACT,A01,TRUE,0,0,0,0,0,NA,0,0,0,0,0,0
00-0041431,ACT,A01,TRUE,0,0,0,0,0,NA,0,0,0,0,0,0
00-0041432,ACT,A01,TRUE,0,0,0,0,0,NA,0,0,0,0,0,0
00-0041433,ACT,A01,TRUE,0,0,0,0,0,NA,0,0,0,0,0,0
00-0041434,ACT,A01,TRUE,0,0,0,0,0,NA,0,0,0,0,0,0
00-0041435,ACT,A01,TRUE,0,0,0,0,0,NA,0,0,0,0,0,0
00-0041436,ACT,A01,TRUE,0,0,0,0,0,NA,0,0,0,0,0,0
00-0041437,ACT,A01,TRUE,0,0,0,0,0,NA,0,0,0,0,0,0
00-0041438,ACT,A01,TRUE,0,0,0,0,0,NA,0,0,0,0,0,0
00-0041439,ACT,A01,TRUE,0,0,0,0,0,NA,0,0,0,0,0,0
00-0041440,ACT,A01,TRUE,0,0,0,0,0,NA,0,0,0,0,0,0
00-0041441,ACT,A01,TRUE,0,0,0,0,0,NA,0,0,0,0,0,0
00-0041442,ACT,A01,TRUE,0,0,0,0,0,NA,0,0,0,0,0,0
00-0041443,ACT,A01,TRUE,0,0,0,0,0,NA,0,0,0,0,0,0
00-0041444,ACT,A01,TRUE,0,0,0,0,0,NA,0,0,0,0,0,0
00-0041445,ACT,A01,TRUE,0,0,0,0,0,NA,0,0,0,0,0,0
00-0041446,ACT,A01,TRUE,0,0,0,0,0,NA,0,0,0,0,0,0
00-0041447,ACT,A01,TRUE,0,0,0,0,0,NA,0,0,0,0,0,0
00-0041448,ACT,A01,TRUE,0,0,0,0,0,NA,0,0,0,0,0,0
00-0041449,ACT,A01,TRUE,0,0,0,0,0,NA,0,0,0,0,0,0
00-0041450,ACT,A01,TRUE,0,0,0,0,0,NA,0,0,0,0,0,0
00-0041451,ACT,A01,TRUE,0,0,0,0,0,NA,0,0,0,0,0,0
00-0041452,ACT,A01,TRUE,0,0,0,0,0,NA,0,0,0,0,0,0
00-0041453,ACT,A01,TRUE,0,0,0,0,0,NA,0,0,0,0,0,0
00-0041454,ACT,A01,TRUE,0,0,0,0,0,NA,0,0,0,0,0,0
00-0041455,ACT,A01,TRUE,0,0,0,0,0,NA,0,0,0,0,0,0
00-0041456,ACT,A01,TRUE,0,0,0,0,0,NA,0,0,0,0,0,0
00-0041457,ACT,A01,TRUE,0,0,0,0,0,NA,0,0,0,0,0,0
00-0041458,ACT,A01,TRUE,0,0,0,0,0,NA,0,0,0,0,0,0
00-0041459,ACT,A01,TRUE,0,0,0,0,0,NA,0,0,0,0,0,0
00-0041460,ACT,A01,TRUE,0,0,0,0,0,NA,0,0,0,0,0,0
00-0041461,ACT,A01,TRUE,0,0,0,0,0,NA,0,0,0,0,0,0
00-0041462,ACT,A01,TRUE,0,0,0,0,0,NA,0,0,0,0,0,0
00-0041463,ACT,A01,TRUE,0,0,0,0,0,NA,0,0,0,0,0,0
00-0041464,ACT,A01,TRUE,0,0,0,0,0,NA,0,0,0,0,0,0
00-0041465,ACT,A01,TRUE,0,0,0,0,0,NA,0,0,0,0,0,0
00-0041466,ACT,A01,TRUE,0,0,0,0,0,NA,0,0,0,0,0,0
00-0041467,ACT,A01,TRUE,0,0,0,0,0,NA,0,0,0,0,0,0
00-0041468,ACT,A01,TRUE,0,0,0,0,0,NA,0,0,0,0,0,0
00-0041469,ACT,A01,TRUE,0,0,0,0,0,NA,0,0,0,0,0,0
00-0041470,ACT,A01,TRUE,0,0,0,0,0,NA,0,0,0,0,0,0
00-0041471,ACT,A01,TRUE,0,0,0,0,0,NA,0,0,0,0,0,0
00-0041472,ACT,A01,TRUE,0,0,0,0,0,NA,0,0,0,0,0,0
00-0041473,ACT,A01,TRUE,0,0,0,0,0,NA,0,0,0,0,0,0
00-0041474,ACT,A01,TRUE,0,0,0,0,0,NA,0,0,0,0,0,0
00-0041475,ACT,A01,TRUE,0,0,0,0,0,NA,0,0,0,0,0,0
00-0041476,ACT,A01,TRUE,0,0,0,0,0,NA,0,0,0,0,0,0
00-0041478,ACT,A01,TRUE,0,0,0,0,0,NA,0,0,0,0,0,0
00-0041479,ACT,A01,TRUE,0,0,0,0,0,NA,0,0,0,0,0,0
00-0041481,ACT,A01,TRUE,0,0,0,0,0,NA,0,0,0,0,0,0
00-0041482,ACT,A01,TRUE,0,0,0,0,0,NA,0,0,0,0,0,0
00-0041483,ACT,A01,TRUE,0,0,0,0,0,NA,0,0,0,0,0,0
00-0041484,ACT,A01,TRUE,0,0,0,0,0,NA,0,0,0,0,0,0
00-0041485,ACT,A01,TRUE,0,0,0,0,0,NA,0,0,0,0,0,0
00-0041486,ACT,A01,TRUE,0,0,0,0,0,NA,0,0,0,0,0,0
00-0041487,ACT,A01,TRUE,0,0,0,0,0,NA,0,0,0,0,0,0
00-0041488,ACT,A01,TRUE,0,0,0,0,0,NA,0,0,0,0,0,0
00-0041489,ACT,A01,TRUE,0,0,0,0,0,NA,0,0,0,0,0,0
00-0041490,ACT,A01,TRUE,0,0,0,0,0,NA,0,0,0,0,0,0
00-0041491,ACT,A01,TRUE,0,0,0,0,0,NA,0,0,0,0,0,0
00-0041492,ACT,A01,TRUE,0,0,0,0,0,NA,0,0,0,0,0,0
00-0041493,ACT,A01,TRUE,0,0,0,0,0,NA,0,0,0,0,0,0
00-0041494,ACT,A01,TRUE,0,0,0,0,0,NA,0,0,0,0,0,0
00-0041495,ACT,A01,TRUE,0,0,0,0,0,NA,0,0,0,0,0,0
00-0041496,ACT,A01,TRUE,0,0,0,0,0,NA,0,0,0,0,0,0
00-0041497,ACT,A01,TRUE,0,0,0,0,0,NA,0,0,0,0,0,0
00-0041498,ACT,A01,TRUE,0,0,0,0,0,NA,0,0,0,0,0,0
00-0041500,ACT,A01,TRUE,0,0,0,0,0,NA,0,0,0,0,0,0
00-0041501,ACT,A01,TRUE,0,0,0,0,0,NA,0,0,0,0,0,0
00-0041502,ACT,A01,TRUE,0,0,0,0,0,NA,0,0,0,0,0,0
00-0041503,ACT,A01,TRUE,0,0,0,0,0,NA,0,0,0,0,0,0
00-0041505,ACT,A01,TRUE,0,0,0,0,0,NA,0,0,0,0,0,0
00-0041507,ACT,A01,TRUE,0,0,0,0,0,NA,0,0,0,0,0,0
00-0041508,ACT,A01,TRUE,0,0,0,0,0,NA,0,0,0,0,0,0
00-0041509,ACT,A01,TRUE,0,0,0,0,0,NA,0,0,0,0,0,0
00-0041510,ACT,A01,TRUE,0,0,0,0,0,NA,0,0,0,0,0,0
00-0041511,ACT,A01,TRUE,0,0,0,0,0,NA,0,0,0,0,0,0
00-0041512,ACT,A01,TRUE,0,0,0,0,0,NA,0,0,0,0,0,0
00-0041513,ACT,A01,TRUE,0,0,0,0,0,NA,0,0,0,0,0,0
00-0041514,ACT,A01,TRUE,0,0,0,0,0,NA,0,0,0,0,0,0
00-0041515,ACT,A01,TRUE,0,0,0,0,0,NA,0,0,0,0,0,0
00-0041516,ACT,A01,TRUE,0,0,0,0,0,NA,0,0,0,0,0,0
00-0041517,ACT,A01,TRUE,0,0,0,0,0,NA,0,0,0,0,0,0
00-0041518,ACT,A01,TRUE,0,0,0,0,0,NA,0,0,0,0,0,0
00-0041519,ACT,A01,TRUE,0,0,0,0,0,NA,0,0,0,0,0,0
00-0041521,ACT,A01,TRUE,0,0,0,0,0,NA,0,0,0,0,0,0
00-0041522,ACT,A01,TRUE,0,0,0,0,0,NA,0,0,0,0,0,0
00-0041523,ACT,A01,TRUE,0,0,0,0,0,NA,0,0,0,0,0,0
00-0041524,ACT,A01,TRUE,0,0,0,0,0,NA,0,0,0,0,0,0
00-0041525,ACT,A01,TRUE,0,0,0,0,0,NA,0,0,0,0,0,0
00-0041526,ACT,A01,TRUE,0,0,0,0,0,NA,0,0,0,0,0,0
00-0041527,ACT,A01,TRUE,0,0,0,0,0,NA,0,0,0,0,0,0
00-0041528,ACT,A01,TRUE,0,0,0,0,0,NA,0,0,0,0,0,0
00-0041529,ACT,A01,TRUE,0,0,0,0,0,NA,0,0,0,0,0,0
00-0041530,ACT,A01,TRUE,0,0,0,0,0,NA,0,0,0,0,0,0
00-0041531,ACT,A01,TRUE,0,0,0,0,0,NA,0,0,0,0,0,0
00-0041532,ACT,A01,TRUE,0,0,0,0,0,NA,0,0,0,0,0,0
00-0041533,ACT,A01,TRUE,0,0,0,0,0,NA,0,0,0,0,0,0
00-0041534,ACT,A01,TRUE,0,0,0,0,0,NA,0,0,0,0,0,0
00-0041535,ACT,A01,TRUE,0,0,0,0,0,NA,0,0,0,0,0,0
00-0041536,ACT,A01,TRUE,0,0,0,0,0,NA,0,0,0,0,0,0
00-0041537,ACT,A01,TRUE,0,0,0,0,0,NA,0,0,0,0,0,0
00-0041538,ACT,A01,TRUE,0,0,0,0,0,NA,0,0,0,0,0,0
00-0041539,ACT,A01,TRUE,0,0,0,0,0,NA,0,0,0,0,0,0
00-0041540,ACT,A01,TRUE,0,0,0,0,0,NA,0,0,0,0,0,0
00-0041541,ACT,A01,TRUE,0,0,0,0,0,NA,0,0,0,0,0,0
00-0041542,ACT,A01,TRUE,0,0,0,0,0,NA,0,0,0,0,0,0
00-0041543,ACT,A01,TRUE,0,0,0,0,0,NA,0,0,0,0,0,0
00-0041544,ACT,A01,TRUE,0,0,0,0,0,NA,0,0,0,0,0,0
00-0041545,ACT,A01,TRUE,0,0,0,0,0,NA,0,0,0,0,0,0
00-0041546,ACT,A01,TRUE,0,0,0,0,0,NA,0,0,0,0,0,0
00-0041547,ACT,A01,TRUE,0,0,0,0,0,NA,0,0,0,0,0,0
00-0041562,RES,R09,FALSE,0,0,0,0,0,NA,0,0,0,0,0,0
00-0041568,RES,R09,FALSE,0,0,0,0,0,NA,0,0,0,0,0,0
00-0041569,RES,R09,FALSE,0,0,0,0,0,NA,0,0,0,0,0,0
00-0041561,RES,R09,FALSE,0,0,0,0,0,NA,0,0,0,0,0,0
00-0041552,RES,R09,FALSE,0,0,0,0,0,NA,0,0,0,0,0,0
00-0041553,RES,R09,FALSE,0,0,0,0,0,NA,0,0,0,0,0,0
00-0041554,RES,R09,FALSE,0,0,0,0,0,NA,0,0,0,0,0,0
00-0041558,RES,R09,FALSE,0,0,0,0,0,NA,0,0,0,0,0,0
00-0041556,RES,R09,FALSE,0,0,0,0,0,NA,0,0,0,0,0,0
00-0041565,RES,R09,FALSE,0,0,0,0,0,NA,0,0,0,0,0,0
00-0041563,RES,R09,FALSE,0,0,0,0,0,NA,0,0,0,0,0,0
00-0041548,RES,R09,FALSE,0,0,0,0,0,NA,0,0,0,0,0,0
00-0041549,RES,R09,FALSE,0,0,0,0,0,NA,0,0,0,0,0,0
00-0041555,RES,R09,FALSE,0,0,0,0,0,NA,0,0,0,0,0,0
00-0041550,RES,R09,FALSE,0,0,0,0,0,NA,0,0,0,0,0,0
00-0041559,RES,R09,FALSE,0,0,0,0,0,NA,0,0,0,0,0,0
00-0041557,RES,R09,FALSE,0,0,0,0,0,NA,0,0,0,0,0,0
00-0023853,NA,NA,NA,6,3,3,1,3,Quadricep,3,19,9,9,7,7
00-0026858,NA,NA,NA,4,3,3,1,3,Groin,5,13,8,6,2,5
00-0027114,NA,NA,NA,1,1,1,0,0,Back,2,3,2,1,1,0
00-0027865,NA,NA,NA,2,2,1,0,0,Groin,4,24,5,2,1,0
00-0027940,NA,NA,NA,13,1,0,0,13,NA,4,36,5,2,4,21
00-0027962,NA,NA,NA,2,1,1,0,0,Ankle,4,15,5,4,3,2
00-0029008,NA,NA,NA,1,1,1,0,0,Abdomen,3,4,3,2,0,0
00-0029255,NA,NA,NA,10,1,1,1,1,Knee,5,22,6,5,1,6
00-0029263,NA,NA,NA,1,1,1,0,0,Ankle,4,16,6,6,6,0
00-0029316,NA,NA,NA,16,1,0,5,0,Groin,5,62,6,5,18,13
00-0029562,NA,NA,NA,12,1,1,1,5,Knee,5,56,9,8,3,35
00-0029592,NA,NA,NA,14,1,1,3,2,Biceps,5,30,6,4,7,11
00-0029606,NA,NA,NA,15,2,0,2,0,NA,5,47,8,6,6,19
00-0029685,NA,NA,NA,3,1,1,0,0,Shoulder,4,11,4,3,0,1
00-0029822,NA,NA,NA,7,1,1,5,2,Quadricep,2,10,2,2,5,2
00-0030061,NA,NA,NA,12,1,0,1,11,Shoulder,5,48,7,5,5,30
00-0030062,NA,NA,NA,7,2,1,1,0,Concussion,5,48,13,12,3,7
00-0030114,NA,NA,NA,5,4,4,0,3,Hamstring,5,42,14,14,6,15
00-0030279,NA,NA,NA,10,1,0,0,0,NA,5,41,15,14,11,14
00-0030564,NA,NA,NA,3,1,0,0,1,NA,5,42,8,6,11,17
00-0030725,NA,NA,NA,5,2,2,0,0,Back,4,13,6,6,3,4
00-0031054,NA,NA,NA,9,5,5,1,5,Calf,5,27,9,8,4,9
00-0031177,NA,NA,NA,1,1,1,0,0,Finger,3,7,5,5,0,2
00-0031236,NA,NA,NA,1,1,0,0,1,NA,5,37,9,7,9,14
00-0031254,NA,NA,NA,15,2,2,3,3,Knee,5,55,11,11,10,13
00-0031345,NA,NA,NA,1,0,0,1,1,Back,4,23,13,13,4,12
00-0031360,NA,NA,NA,5,2,2,1,1,Hamstring,5,27,8,8,12,3
00-0031364,NA,NA,NA,5,1,1,3,0,Hamstring,5,55,9,7,23,13
00-0031426,NA,NA,NA,17,1,1,2,1,Back,5,60,6,6,4,11
00-0031550,NA,NA,NA,9,3,3,4,2,Hamstring,4,19,9,9,5,6
00-0031551,NA,NA,NA,4,2,2,2,3,Concussion,2,11,3,3,8,6
00-0031557,NA,NA,NA,7,3,3,1,2,Ankle,5,37,16,16,10,11
00-0031588,NA,NA,NA,5,1,1,1,0,Chest,5,44,5,3,1,34
00-0031608,NA,NA,NA,1,1,1,0,0,Hand,5,16,5,5,3,4
00-0031610,NA,NA,NA,13,4,4,1,3,Hip,4,36,11,11,11,9
00-0031687,NA,NA,NA,3,1,1,2,0,Knee,4,34,6,6,11,3
00-0031740,NA,NA,NA,2,1,1,0,0,Foot,3,8,6,6,1,2
00-0031763,NA,NA,NA,1,1,1,0,0,Concussion,4,8,3,3,3,0
00-0031911,NA,NA,NA,1,1,0,0,0,NA,2,2,2,1,0,0
00-0032203,NA,NA,NA,2,2,2,0,1,Concussion,5,22,10,10,8,8
00-0032211,NA,NA,NA,7,1,1,0,0,Knee,5,38,5,5,8,4
00-0032234,NA,NA,NA,1,1,0,0,1,NA,4,13,4,3,0,1
00-0032242,NA,NA,NA,9,3,3,3,4,Ankle,5,36,9,9,10,18
00-0032381,NA,NA,NA,17,2,1,15,15,Shoulder,5,48,11,9,22,21
00-0032383,NA,NA,NA,10,5,5,1,2,Concussion,5,44,13,12,7,17
00-0032385,NA,NA,NA,3,1,1,0,0,Shoulder,5,25,11,11,8,7
00-0032394,NA,NA,NA,1,1,1,0,0,Oblique,5,9,7,7,2,2
00-0032395,NA,NA,NA,6,2,2,3,2,Knee,5,19,6,5,9,4
00-0032398,NA,NA,NA,1,0,0,1,0,NA,4,8,2,2,4,1
00-0032415,NA,NA,NA,1,1,1,0,0,Knee,5,16,4,4,2,3
00-0032442,NA,NA,NA,1,1,1,0,0,Elbow,5,16,6,5,2,1
00-0032466,NA,NA,NA,5,2,2,0,1,Knee,5,31,7,7,10,5
00-0033040,NA,NA,NA,2,1,1,0,1,Oblique,5,43,5,5,10,6
00-0033046,NA,NA,NA,6,1,1,0,1,Ankle,3,11,3,3,1,1
00-0033050,NA,NA,NA,2,1,0,0,1,NA,4,31,7,6,14,9
00-0033057,NA,NA,NA,13,4,3,6,3,Concussion,5,46,11,9,15,9
00-0033072,NA,NA,NA,17,3,2,2,10,Hamstring,5,40,7,5,5,15
00-0033156,NA,NA,NA,10,2,2,1,1,Hamstring,5,35,10,10,13,8
00-0033282,NA,NA,NA,5,3,3,2,2,Elbow,5,44,14,14,16,12
00-0033357,NA,NA,NA,2,1,1,1,0,Knee,5,29,10,10,8,6
00-0033393,NA,NA,NA,10,4,4,1,4,Achilles,4,25,12,11,7,11
00-0033512,NA,NA,NA,1,1,0,0,0,NA,5,11,5,4,3,1
00-0033547,NA,NA,NA,4,4,4,0,3,Hamstring,4,21,15,14,2,13
00-0033551,NA,NA,NA,6,1,1,3,1,Foot,5,16,6,5,5,4
00-0033557,NA,NA,NA,1,0,0,1,0,Back,4,13,6,6,7,3
00-0033571,NA,NA,NA,8,4,4,2,3,Pectoral,5,33,9,8,7,4
00-0033572,NA,NA,NA,4,3,3,1,2,Groin,3,13,5,5,8,4
00-0033579,NA,NA,NA,5,3,3,2,3,Hamstring,5,24,10,10,9,8
00-0033591,NA,NA,NA,9,6,6,1,9,Groin,5,30,14,14,7,18
00-0033595,NA,NA,NA,2,2,2,0,2,Knee,3,5,4,4,1,4
00-0033697,NA,NA,NA,1,1,1,0,1,Shoulder,5,11,6,4,2,5
00-0033699,NA,NA,NA,1,1,1,0,0,Shoulder,5,20,8,8,6,5
00-0033702,NA,NA,NA,1,1,0,0,1,NA,3,4,3,2,1,1
00-0033858,NA,NA,NA,7,1,1,1,0,Glute,5,22,5,5,10,3
00-0033863,NA,NA,NA,1,0,0,1,0,Back,3,4,1,1,2,0
00-0033872,NA,NA,NA,2,1,1,1,0,Knee,5,27,12,12,6,11
00-0033874,NA,NA,NA,1,1,0,0,1,NA,5,37,17,16,10,17
00-0033875,NA,NA,NA,11,5,5,1,4,Ankle,5,19,9,8,2,4
00-0033876,NA,NA,NA,1,1,1,0,0,Ankle,5,11,6,5,2,3
00-0033878,NA,NA,NA,5,2,2,1,1,Groin,5,34,18,18,8,14
00-0033883,NA,NA,NA,4,3,3,0,2,Quadricep,5,21,9,9,9,4
00-0033884,NA,NA,NA,3,1,0,2,1,Groin,4,16,5,2,3,12
00-0033889,NA,NA,NA,4,1,1,0,0,Knee,5,18,6,6,3,1
00-0033891,NA,NA,NA,6,2,2,2,1,Knee,5,29,12,11,13,6
00-0033901,NA,NA,NA,3,1,1,0,0,Knee,5,20,7,7,2,3
00-0033923,NA,NA,NA,4,1,1,0,0,Ankle,5,29,6,6,6,2
00-0033941,NA,NA,NA,4,1,1,0,0,Ankle,4,12,3,2,2,0
00-0033943,NA,NA,NA,5,4,4,0,3,Hamstring,5,31,11,11,14,7
00-0034159,NA,NA,NA,5,3,3,2,2,Knee,5,20,8,8,9,6
00-0034203,NA,NA,NA,7,1,1,2,1,Shoulder,4,14,3,3,4,3
00-0034251,NA,NA,NA,1,1,1,0,1,Knee,2,7,2,2,3,2
00-0034275,NA,NA,NA,1,1,1,0,1,Shoulder,5,27,10,10,14,10
00-0034281,NA,NA,NA,4,1,0,2,0,Back,3,10,3,2,4,0
00-0034344,NA,NA,NA,5,3,3,2,1,Shoulder,5,25,12,12,11,7
00-0034346,NA,NA,NA,11,3,3,8,1,Knee,5,16,5,5,11,3
00-0034347,NA,NA,NA,1,0,0,1,1,Ankle,4,9,5,5,1,3
00-0034359,NA,NA,NA,9,5,5,1,3,Groin,5,19,10,10,4,5
00-0034387,NA,NA,NA,5,2,1,2,2,Knee,5,13,6,5,5,3
00-0034407,NA,NA,NA,2,2,0,0,1,NA,3,10,5,3,2,2
00-0034521,NA,NA,NA,2,1,0,1,2,Neck,5,21,6,5,9,8
00-0034728,NA,NA,NA,3,2,2,0,1,Knee,5,40,14,14,21,13
00-0034729,NA,NA,NA,1,1,1,0,1,Ankle,3,11,6,6,1,5
00-0034791,NA,NA,NA,3,1,1,2,0,Ribs,4,12,7,7,3,3
00-0034797,NA,NA,NA,1,1,1,0,0,Achilles,5,23,5,5,8,3
00-0034801,NA,NA,NA,6,5,4,0,5,Hamstring,4,14,9,8,4,9
00-0034803,NA,NA,NA,1,1,1,0,0,Ankle,5,19,7,7,9,5
00-0034842,NA,NA,NA,3,2,2,1,1,Knee,3,7,5,5,2,2
00-0034854,NA,NA,NA,6,3,3,0,2,Shoulder,5,15,6,4,2,4
00-0034957,NA,NA,NA,2,2,1,0,1,Knee,5,10,7,4,3,7
00-0034983,NA,NA,NA,3,1,1,0,0,Ribs,3,12,5,5,1,2
00-0034999,NA,NA,NA,1,1,1,0,0,Hand,5,11,6,6,2,3
00-0035000,NA,NA,NA,1,0,0,1,1,NA,2,2,1,1,1,1
00-0035026,NA,NA,NA,3,2,1,1,0,Pectoral,4,17,13,12,4,8
00-0035042,NA,NA,NA,2,1,1,1,1,Knee,4,11,7,6,2,5
00-0035127,NA,NA,NA,1,1,1,0,0,Neck,5,19,9,9,3,4
00-0035240,NA,NA,NA,3,2,0,1,1,Calf,3,10,3,1,4,2
00-0035243,NA,NA,NA,2,1,1,1,2,Knee,5,27,10,10,3,9
00-0035245,NA,NA,NA,1,1,1,0,1,Knee,3,3,2,1,1,1
00-0035301,NA,NA,NA,11,3,3,0,2,Elbow,5,33,9,9,8,10
00-0035355,NA,NA,NA,5,5,5,0,4,Shoulder,3,8,7,7,0,4
00-0035567,NA,NA,NA,2,1,1,1,1,Hamstring,3,4,1,1,3,2
00-0035602,NA,NA,NA,4,3,3,1,1,Thumb,1,4,3,3,1,1
00-0035629,NA,NA,NA,3,2,2,0,2,Shoulder,4,13,7,7,4,4
00-0035663,NA,NA,NA,2,2,2,0,1,Knee,5,26,12,12,6,8
00-0035667,NA,NA,NA,3,1,1,0,0,Ankle,4,20,6,6,5,4
00-0035681,NA,NA,NA,2,1,1,0,0,Shoulder,5,29,7,5,12,6
00-0035687,NA,NA,NA,1,0,0,1,0,Shoulder,4,7,5,4,1,3
00-0035697,NA,NA,NA,1,1,0,0,0,NA,5,7,3,2,4,2
00-0035719,NA,NA,NA,6,2,2,2,3,Heel,5,33,15,15,10,11
00-0035726,NA,NA,NA,4,3,3,1,1,Hamstring,3,9,6,6,3,2
00-0035961,NA,NA,NA,1,0,0,1,0,Back,4,16,4,4,6,2
00-0036151,NA,NA,NA,4,3,3,0,2,Hamstring,3,13,7,7,1,5
00-0036192,NA,NA,NA,6,2,2,1,1,Concussion,4,15,5,5,6,3
00-0036274,NA,NA,NA,4,4,4,0,2,Concussion,4,17,10,10,7,5
00-0036284,NA,NA,NA,7,2,2,4,2,Knee,4,33,6,6,7,4
00-0036288,NA,NA,NA,15,6,6,1,11,Knee,5,33,14,13,8,15
00-0036294,NA,NA,NA,2,1,1,1,1,Ankle,5,15,9,9,3,8
00-0036310,NA,NA,NA,3,1,1,1,1,Knee,2,7,2,2,2,1
00-0036328,NA,NA,NA,1,1,1,0,1,Knee,5,26,5,5,9,6
00-0036359,NA,NA,NA,1,1,1,0,1,Ankle,2,2,2,2,0,2
00-0036361,NA,NA,NA,10,4,4,3,2,Knee,5,32,9,9,14,10
00-0036413,NA,NA,NA,5,2,2,2,0,Ankle,5,24,7,7,6,3
00-0036431,NA,NA,NA,3,2,2,1,1,Knee,5,12,6,6,6,4
00-0036441,NA,NA,NA,3,1,1,1,0,Knee,5,25,5,5,7,5
00-0036589,NA,NA,NA,4,3,1,1,2,Groin,3,13,10,8,2,7
00-0036620,NA,NA,NA,6,2,2,4,2,Shoulder,5,28,12,10,13,16
00-0036704,NA,NA,NA,1,1,1,0,1,Shoulder,3,5,3,3,2,2
00-0036716,NA,NA,NA,8,3,3,3,1,Knee,4,18,5,5,8,3
00-0036870,NA,NA,NA,1,0,0,1,1,NA,3,6,3,3,3,4
00-0036893,NA,NA,NA,1,1,1,0,0,Eye,5,27,5,5,2,2
00-0036896,NA,NA,NA,5,3,3,2,1,Knee,4,10,4,4,6,2
00-0036906,NA,NA,NA,2,0,0,2,0,Groin,3,8,3,3,4,2
00-0036957,NA,NA,NA,2,1,1,0,0,Ankle,3,10,3,3,5,1
00-0036968,NA,NA,NA,1,1,1,0,1,Achilles,1,1,1,1,0,1
00-0036993,NA,NA,NA,11,2,2,3,1,Thumb,4,31,12,12,9,8
00-0037198,NA,NA,NA,2,2,2,0,0,Shoulder,3,9,5,5,0,0
00-0037306,NA,NA,NA,1,1,1,0,0,Groin,2,3,2,2,1,0
00-0037322,NA,NA,NA,6,1,1,1,0,Knee,3,13,5,5,4,4
00-0037617,NA,NA,NA,5,2,2,3,2,Hamstring,3,10,3,3,7,2
00-0037654,NA,NA,NA,3,1,1,2,1,Ankle,1,3,1,1,2,1
00-0038040,NA,NA,NA,1,0,0,1,1,NA,3,11,4,4,7,5
00-0038096,NA,NA,NA,4,4,4,0,1,Back,4,16,13,11,2,8
00-0038105,NA,NA,NA,1,1,1,0,1,Knee,4,9,3,3,5,2
00-0038119,NA,NA,NA,6,5,5,1,3,Achilles,4,22,15,14,6,12
00-0038126,NA,NA,NA,5,3,3,1,1,Back,2,10,5,5,1,3
00-0038381,NA,NA,NA,1,1,1,0,0,Hamstring,1,1,1,1,0,0
00-0038465,NA,NA,NA,2,2,1,0,1,Hip,1,2,2,1,0,1
00-0038639,NA,NA,NA,4,2,2,2,4,Hamstring,2,9,5,5,3,4
00-0039426,NA,NA,NA,5,3,3,2,2,Knee,1,5,3,3,2,2
00-0039483,NA,NA,NA,2,1,1,1,1,Knee,1,2,1,1,1,1
00-0039810,NA,NA,NA,4,4,1,0,1,Ankle,2,6,6,2,0,1
00-0039900,NA,NA,NA,5,1,1,4,1,Ankle,2,12,2,2,6,2
00-0019596,NA,NA,NA,0,0,0,0,0,NA,2,22,2,2,0,1
00-0022531,NA,NA,NA,0,0,0,0,0,NA,3,11,6,5,5,6
00-0022824,NA,NA,NA,0,0,0,0,0,NA,1,1,0,0,1,0
00-0022924,NA,NA,NA,0,0,0,0,0,NA,1,16,1,1,0,0
00-0023252,NA,NA,NA,0,0,0,0,0,NA,1,1,1,1,0,0
00-0023516,NA,NA,NA,0,0,0,0,0,NA,1,3,3,3,0,3
00-0023682,NA,NA,NA,0,0,0,0,0,NA,1,1,1,1,0,1
00-0024243,NA,NA,NA,0,0,0,0,0,NA,4,60,4,1,1,14
00-0024270,NA,NA,NA,0,0,0,0,0,NA,1,17,3,3,0,6
00-0025580,NA,NA,NA,0,0,0,0,0,NA,1,5,1,1,0,1
00-0025630,NA,NA,NA,0,0,0,0,0,NA,1,3,1,1,0,0
00-0025825,NA,NA,NA,0,0,0,0,0,NA,1,2,2,2,0,2
00-0026035,NA,NA,NA,0,0,0,0,0,NA,1,9,4,4,2,5
00-0026143,NA,NA,NA,0,0,0,0,0,NA,1,3,3,3,0,2
00-0026166,NA,NA,NA,0,0,0,0,0,NA,3,39,8,8,10,16
00-0026189,NA,NA,NA,0,0,0,0,0,NA,2,11,3,0,2,9
00-0026197,NA,NA,NA,0,0,0,0,0,NA,1,1,1,1,0,0
00-0026293,NA,NA,NA,0,0,0,0,0,NA,3,10,3,2,6,0
00-0026564,NA,NA,NA,0,0,0,0,0,NA,1,12,1,0,0,2
00-0026625,NA,NA,NA,0,0,0,0,0,NA,2,2,2,2,0,1
00-0026968,NA,NA,NA,0,0,0,0,0,NA,1,2,1,1,0,0
00-0026990,NA,NA,NA,0,0,0,0,0,NA,1,1,0,0,1,0
00-0026997,NA,NA,NA,0,0,0,0,0,NA,1,11,1,0,0,1
00-0027061,NA,NA,NA,0,0,0,0,0,NA,1,1,1,1,0,0
00-0027187,NA,NA,NA,0,0,0,0,0,NA,1,1,1,1,0,0
00-0027539,NA,NA,NA,0,0,0,0,0,NA,1,2,1,1,1,0
00-0027647,NA,NA,NA,0,0,0,0,0,NA,1,1,1,0,0,1
00-0027648,NA,NA,NA,0,0,0,0,0,NA,2,22,4,4,0,11
00-0027656,NA,NA,NA,0,0,0,0,0,NA,1,18,5,5,3,16
00-0027662,NA,NA,NA,0,0,0,0,0,NA,2,14,2,2,1,9
00-0027685,NA,NA,NA,0,0,0,0,0,NA,1,17,1,1,4,13
00-0027686,NA,NA,NA,0,0,0,0,0,NA,1,7,1,0,2,5
00-0027688,NA,NA,NA,0,0,0,0,0,NA,2,7,4,4,1,2
00-0027691,NA,NA,NA,0,0,0,0,0,NA,2,2,1,1,1,0
00-0027696,NA,NA,NA,0,0,0,0,0,NA,2,26,2,1,1,3
00-0027701,NA,NA,NA,0,0,0,0,0,NA,1,5,3,2,0,4
00-0027723,NA,NA,NA,0,0,0,0,0,NA,2,23,3,3,4,7
00-0027793,NA,NA,NA,0,0,0,0,0,NA,1,13,6,6,1,10
00-0027855,NA,NA,NA,0,0,0,0,0,NA,1,17,1,1,0,17
00-0027856,NA,NA,NA,0,0,0,0,0,NA,1,1,1,1,0,1
00-0027860,NA,NA,NA,0,0,0,0,0,NA,1,8,4,4,3,3
00-0027862,NA,NA,NA,0,0,0,0,0,NA,1,1,1,1,0,0
00-0027867,NA,NA,NA,0,0,0,0,0,NA,2,32,5,5,8,27
00-0027872,NA,NA,NA,0,0,0,0,0,NA,3,15,3,2,5,2
00-0027875,NA,NA,NA,0,0,0,0,0,NA,1,2,1,1,0,1
00-0027881,NA,NA,NA,0,0,0,0,0,NA,4,29,5,5,2,21
00-0027885,NA,NA,NA,0,0,0,0,0,NA,3,10,3,3,2,1
00-0027914,NA,NA,NA,0,0,0,0,0,NA,1,6,4,4,1,3
00-0027942,NA,NA,NA,0,0,0,0,0,NA,2,9,3,2,0,3
00-0027943,NA,NA,NA,0,0,0,0,0,NA,3,15,3,1,0,8
00-0027944,NA,NA,NA,0,0,0,0,0,NA,3,29,7,7,12,7
00-0027947,NA,NA,NA,0,0,0,0,0,NA,4,42,11,10,9,16
00-0027948,NA,NA,NA,0,0,0,0,0,NA,1,1,1,0,0,1
00-0027949,NA,NA,NA,0,0,0,0,0,NA,2,11,3,3,3,3
00-0027952,NA,NA,NA,0,0,0,0,0,NA,2,10,2,2,4,1
00-0027954,NA,NA,NA,0,0,0,0,0,NA,1,3,1,1,0,1
00-0027955,NA,NA,NA,0,0,0,0,0,NA,1,2,0,0,2,1
00-0027965,NA,NA,NA,0,0,0,0,0,NA,1,11,1,0,6,7
00-0027966,NA,NA,NA,0,0,0,0,0,NA,2,14,5,5,5,7
00-0027981,NA,NA,NA,0,0,0,0,0,NA,2,9,1,1,3,2
00-0027993,NA,NA,NA,0,0,0,0,0,NA,2,21,7,5,3,18
00-0028002,NA,NA,NA,0,0,0,0,0,NA,3,7,5,3,2,3
00-0028008,NA,NA,NA,0,0,0,0,0,NA,3,36,6,3,3,35
00-0028037,NA,NA,NA,0,0,0,0,0,NA,1,2,1,1,0,0
00-0028042,NA,NA,NA,0,0,0,0,0,NA,1,1,1,1,0,0
00-0028063,NA,NA,NA,0,0,0,0,0,NA,2,19,2,2,3,9
00-0028075,NA,NA,NA,0,0,0,0,0,NA,1,1,1,1,0,0
00-0028076,NA,NA,NA,0,0,0,0,0,NA,2,2,1,1,1,2
00-0028092,NA,NA,NA,0,0,0,0,0,NA,1,6,1,1,5,3
00-0028097,NA,NA,NA,0,0,0,0,0,NA,1,8,1,1,1,7
00-0028103,NA,NA,NA,0,0,0,0,0,NA,1,8,2,1,2,7
00-0028129,NA,NA,NA,0,0,0,0,0,NA,2,35,2,2,0,0
00-0028171,NA,NA,NA,0,0,0,0,0,NA,2,5,2,2,3,2
00-0028180,NA,NA,NA,0,0,0,0,0,NA,1,5,2,2,2,1
00-0028224,NA,NA,NA,0,0,0,0,0,NA,1,4,2,2,2,2
00-0028237,NA,NA,NA,0,0,0,0,0,NA,1,1,1,0,0,1
00-0028278,NA,NA,NA,0,0,0,0,0,NA,2,4,2,2,1,0
00-0028284,NA,NA,NA,0,0,0,0,0,NA,3,3,1,1,2,1
00-0028339,NA,NA,NA,0,0,0,0,0,NA,2,17,2,2,1,13
00-0028394,NA,NA,NA,0,0,0,0,0,NA,1,2,1,1,0,0
00-0028899,NA,NA,NA,0,0,0,0,0,NA,3,11,6,4,0,1
00-0028908,NA,NA,NA,0,0,0,0,0,NA,1,1,1,1,0,0
00-0028924,NA,NA,NA,0,0,0,0,0,NA,2,10,4,4,6,4
00-0028946,NA,NA,NA,0,0,0,0,0,NA,2,2,2,2,0,1
00-0029000,NA,NA,NA,0,0,0,0,0,NA,1,14,1,1,1,8
00-0029119,NA,NA,NA,0,0,0,0,0,NA,1,1,1,1,0,1
00-0029144,NA,NA,NA,0,0,0,0,0,NA,2,3,2,0,1,0
00-0029164,NA,NA,NA,0,0,0,0,0,NA,1,4,3,3,1,2
00-0029193,NA,NA,NA,0,0,0,0,0,NA,1,7,1,1,0,0
00-0029239,NA,NA,NA,0,0,0,0,0,NA,3,12,3,3,7,1
00-0029249,NA,NA,NA,0,0,0,0,0,NA,2,20,2,1,1,17
00-0029261,NA,NA,NA,0,0,0,0,0,NA,1,5,1,1,1,2
00-0029285,NA,NA,NA,0,0,0,0,0,NA,1,6,1,1,2,1
00-0029293,NA,NA,NA,0,0,0,0,0,NA,3,8,2,0,2,0
00-0029410,NA,NA,NA,0,0,0,0,0,NA,1,1,1,1,0,1
00-0029412,NA,NA,NA,0,0,0,0,0,NA,1,2,1,1,1,0
00-0029413,NA,NA,NA,0,0,0,0,0,NA,2,16,4,4,1,2
00-0029419,NA,NA,NA,0,0,0,0,0,NA,2,9,3,2,6,3
00-0029421,NA,NA,NA,0,0,0,0,0,NA,2,4,3,3,1,2
00-0029528,NA,NA,NA,0,0,0,0,0,NA,1,8,2,2,3,4
00-0029530,NA,NA,NA,0,0,0,0,0,NA,2,4,1,0,3,1
00-0029542,NA,NA,NA,0,0,0,0,0,NA,4,38,6,6,3,22
00-0029560,NA,NA,NA,0,0,0,0,0,NA,1,1,1,1,0,1
00-0029567,NA,NA,NA,0,0,0,0,0,NA,2,2,2,1,0,2
00-0029568,NA,NA,NA,0,0,0,0,0,NA,1,13,1,1,6,1
00-0029570,NA,NA,NA,0,0,0,0,0,NA,1,8,4,4,2,4
00-0029577,NA,NA,NA,0,0,0,0,0,NA,1,3,1,1,0,2
00-0029585,NA,NA,NA,0,0,0,0,0,NA,3,8,4,0,0,8
00-0029586,NA,NA,NA,0,0,0,0,0,NA,1,4,4,4,0,4
00-0029608,NA,NA,NA,0,0,0,0,0,NA,1,6,2,2,2,2
00-0029621,NA,NA,NA,0,0,0,0,0,NA,3,7,3,2,4,1
00-0029630,NA,NA,NA,0,0,0,0,0,NA,2,16,2,2,12,2
00-0029632,NA,NA,NA,0,0,0,0,0,NA,1,1,1,1,0,1
00-0029643,NA,NA,NA,0,0,0,0,0,NA,1,1,1,1,0,0
00-0029653,NA,NA,NA,0,0,0,0,0,NA,3,37,4,4,2,2
00-0029657,NA,NA,NA,0,0,0,0,0,NA,2,27,10,9,12,17
00-0029669,NA,NA,NA,0,0,0,0,0,NA,1,10,1,1,9,2
00-0029672,NA,NA,NA,0,0,0,0,0,NA,3,13,6,6,5,3
00-0029679,NA,NA,NA,0,0,0,0,0,NA,1,2,1,1,0,0
00-0029681,NA,NA,NA,0,0,0,0,0,NA,1,8,3,3,1,3
00-0029701,NA,NA,NA,0,0,0,0,0,NA,3,17,7,6,4,6
00-0029709,NA,NA,NA,0,0,0,0,0,NA,2,11,5,2,2,4
00-0029738,NA,NA,NA,0,0,0,0,0,NA,1,1,1,1,0,0
00-0029747,NA,NA,NA,0,0,0,0,0,NA,1,1,1,1,0,1
00-0029764,NA,NA,NA,0,0,0,0,0,NA,3,11,3,2,8,1
00-0029794,NA,NA,NA,0,0,0,0,0,NA,1,1,1,1,0,1
00-0029799,NA,NA,NA,0,0,0,0,0,NA,1,6,1,1,3,0
00-0029869,NA,NA,NA,0,0,0,0,0,NA,1,1,0,0,1,1
00-0029890,NA,NA,NA,0,0,0,0,0,NA,3,30,5,5,6,3
00-0029895,NA,NA,NA,0,0,0,0,0,NA,1,5,1,1,4,0
00-0029901,NA,NA,NA,0,0,0,0,0,NA,1,3,2,2,0,1
00-0029963,NA,NA,NA,0,0,0,0,0,NA,4,13,10,8,3,7
00-0030010,NA,NA,NA,0,0,0,0,0,NA,1,1,1,1,0,0
00-0030063,NA,NA,NA,0,0,0,0,0,NA,4,36,7,7,7,9
00-0030064,NA,NA,NA,0,0,0,0,0,NA,1,1,1,1,0,1
00-0030066,NA,NA,NA,0,0,0,0,0,NA,1,1,1,0,0,1
00-0030067,NA,NA,NA,0,0,0,0,0,NA,4,63,12,12,34,27
00-0030068,NA,NA,NA,0,0,0,0,0,NA,3,29,9,8,14,12
00-0030074,NA,NA,NA,0,0,0,0,0,NA,3,30,11,9,15,16
00-0030076,NA,NA,NA,0,0,0,0,0,NA,1,17,1,1,7,1
00-0030083,NA,NA,NA,0,0,0,0,0,NA,1,1,1,0,0,0
00-0030090,NA,NA,NA,0,0,0,0,0,NA,3,18,6,6,0,4
00-0030098,NA,NA,NA,0,0,0,0,0,NA,2,11,8,7,2,7
00-0030108,NA,NA,NA,0,0,0,0,0,NA,2,4,2,2,2,2
00-0030155,NA,NA,NA,0,0,0,0,0,NA,1,4,1,1,2,1
00-0030181,NA,NA,NA,0,0,0,0,0,NA,1,12,1,1,3,0
00-0030228,NA,NA,NA,0,0,0,0,0,NA,1,1,1,1,0,1
00-0030288,NA,NA,NA,0,0,0,0,0,NA,2,9,2,2,3,1
00-0030380,NA,NA,NA,0,0,0,0,0,NA,1,4,1,1,3,0
00-0030383,NA,NA,NA,0,0,0,0,0,NA,2,5,2,2,0,0
00-0030386,NA,NA,NA,0,0,0,0,0,NA,4,24,4,3,4,8
00-0030387,NA,NA,NA,0,0,0,0,0,NA,1,1,0,0,1,1
00-0030411,NA,NA,NA,0,0,0,0,0,NA,2,10,6,6,1,4
00-0030421,NA,NA,NA,0,0,0,0,0,NA,1,3,1,0,2,2
00-0030431,NA,NA,NA,0,0,0,0,0,NA,4,26,8,7,7,13
00-0030441,NA,NA,NA,0,0,0,0,0,NA,1,1,1,1,0,0
00-0030455,NA,NA,NA,0,0,0,0,0,NA,1,12,3,3,3,7
00-0030456,NA,NA,NA,0,0,0,0,0,NA,2,10,3,3,2,1
00-0030459,NA,NA,NA,0,0,0,0,0,NA,4,15,2,2,5,1
00-0030463,NA,NA,NA,0,0,0,0,0,NA,1,2,2,2,0,1
00-0030500,NA,NA,NA,0,0,0,0,0,NA,2,9,3,3,6,2
00-0030511,NA,NA,NA,0,0,0,0,0,NA,1,16,2,2,3,14
00-0030513,NA,NA,NA,0,0,0,0,0,NA,2,10,3,2,4,4
00-0030520,NA,NA,NA,0,0,0,0,0,NA,1,2,2,2,0,1
00-0030525,NA,NA,NA,0,0,0,0,0,NA,1,3,1,1,1,0
00-0030527,NA,NA,NA,0,0,0,0,0,NA,1,2,1,1,1,1
00-0030528,NA,NA,NA,0,0,0,0,0,NA,1,1,1,1,0,1
00-0030533,NA,NA,NA,0,0,0,0,0,NA,1,1,1,0,0,1
00-0030573,NA,NA,NA,0,0,0,0,0,NA,1,1,1,1,0,0
00-0030575,NA,NA,NA,0,0,0,0,0,NA,1,9,5,5,2,4
00-0030578,NA,NA,NA,0,0,0,0,0,NA,4,33,7,5,7,21
00-0030584,NA,NA,NA,0,0,0,0,0,NA,2,12,3,3,4,4
00-0030585,NA,NA,NA,0,0,0,0,0,NA,3,22,6,6,9,6
00-0030648,NA,NA,NA,0,0,0,0,0,NA,1,14,1,0,5,9
00-0030669,NA,NA,NA,0,0,0,0,0,NA,1,2,1,1,0,1
00-0030694,NA,NA,NA,0,0,0,0,0,NA,3,10,5,5,3,4
00-0030706,NA,NA,NA,0,0,0,0,0,NA,2,3,2,1,0,0
00-0030757,NA,NA,NA,0,0,0,0,0,NA,1,3,1,1,0,0
00-0030781,NA,NA,NA,0,0,0,0,0,NA,1,9,1,1,2,1
00-0030792,NA,NA,NA,0,0,0,0,0,NA,3,12,5,5,5,3
00-0030827,NA,NA,NA,0,0,0,0,0,NA,1,2,1,1,0,0
00-0030829,NA,NA,NA,0,0,0,0,0,NA,2,2,1,1,1,0
00-0030869,NA,NA,NA,0,0,0,0,0,NA,3,14,6,6,3,5
00-0030874,NA,NA,NA,0,0,0,0,0,NA,2,9,5,5,1,4
00-0030946,NA,NA,NA,0,0,0,0,0,NA,2,5,1,1,4,0
00-0030968,NA,NA,NA,0,0,0,0,0,NA,1,3,2,2,1,2
00-0031019,NA,NA,NA,0,0,0,0,0,NA,3,9,4,3,3,5
00-0031022,NA,NA,NA,0,0,0,0,0,NA,2,6,2,1,3,1
00-0031045,NA,NA,NA,0,0,0,0,0,NA,1,4,2,2,0,1
00-0031052,NA,NA,NA,0,0,0,0,0,NA,1,9,1,1,3,1
00-0031061,NA,NA,NA,0,0,0,0,0,NA,1,2,1,0,1,1
00-0031062,NA,NA,NA,0,0,0,0,0,NA,1,1,1,1,0,1
00-0031067,NA,NA,NA,0,0,0,0,0,NA,1,3,1,1,2,1
00-0031095,NA,NA,NA,0,0,0,0,0,NA,3,9,5,4,1,3
00-0031097,NA,NA,NA,0,0,0,0,0,NA,2,7,4,4,1,3
00-0031101,NA,NA,NA,0,0,0,0,0,NA,3,9,5,5,2,4
00-0031105,NA,NA,NA,0,0,0,0,0,NA,1,3,2,2,1,1
00-0031122,NA,NA,NA,0,0,0,0,0,NA,2,9,2,2,2,2
00-0031130,NA,NA,NA,0,0,0,0,0,NA,1,4,1,1,1,0
00-0031142,NA,NA,NA,0,0,0,0,0,NA,2,8,3,3,3,2
00-0031175,NA,NA,NA,0,0,0,0,0,NA,1,1,1,1,0,1
00-0031176,NA,NA,NA,0,0,0,0,0,NA,1,2,2,1,0,0
00-0031181,NA,NA,NA,0,0,0,0,0,NA,1,3,2,2,0,1
00-0031241,NA,NA,NA,0,0,0,0,0,NA,1,4,2,2,2,1
00-0031242,NA,NA,NA,0,0,0,0,0,NA,1,4,1,1,2,0
00-0031253,NA,NA,NA,0,0,0,0,0,NA,2,19,6,6,3,4
00-0031256,NA,NA,NA,0,0,0,0,0,NA,2,17,7,7,5,5
00-0031258,NA,NA,NA,0,0,0,0,0,NA,1,1,0,0,1,0
00-0031260,NA,NA,NA,0,0,0,0,0,NA,3,13,6,6,4,5
00-0031269,NA,NA,NA,0,0,0,0,0,NA,1,3,1,1,0,1
00-0031273,NA,NA,NA,0,0,0,0,0,NA,1,8,5,5,2,2
00-0031280,NA,NA,NA,0,0,0,0,0,NA,4,26,8,8,6,8
00-0031282,NA,NA,NA,0,0,0,0,0,NA,2,11,2,1,3,2
00-0031285,NA,NA,NA,0,0,0,0,0,NA,1,1,1,0,0,1
00-0031296,NA,NA,NA,0,0,0,0,0,NA,3,20,6,5,10,7
00-0031297,NA,NA,NA,0,0,0,0,0,NA,1,4,1,1,2,1
00-0031298,NA,NA,NA,0,0,0,0,0,NA,4,29,16,15,1,14
00-0031308,NA,NA,NA,0,0,0,0,0,NA,1,5,1,1,3,3
00-0031319,NA,NA,NA,0,0,0,0,0,NA,1,2,1,1,1,0
00-0031325,NA,NA,NA,0,0,0,0,0,NA,2,11,5,5,3,5
00-0031334,NA,NA,NA,0,0,0,0,0,NA,2,3,2,2,1,1
00-0031338,NA,NA,NA,0,0,0,0,0,NA,1,4,3,3,0,4
00-0031348,NA,NA,NA,0,0,0,0,0,NA,1,9,3,3,1,2
00-0031349,NA,NA,NA,0,0,0,0,0,NA,1,4,1,1,0,0
00-0031357,NA,NA,NA,0,0,0,0,0,NA,3,6,3,3,1,2
00-0031361,NA,NA,NA,0,0,0,0,0,NA,2,6,3,3,1,2
00-0031362,NA,NA,NA,0,0,0,0,0,NA,2,14,3,3,0,1
00-0031363,NA,NA,NA,0,0,0,0,0,NA,1,1,1,0,0,0
00-0031367,NA,NA,NA,0,0,0,0,0,NA,2,30,2,2,4,14
00-0031369,NA,NA,NA,0,0,0,0,0,NA,1,4,2,2,1,2
00-0031372,NA,NA,NA,0,0,0,0,0,NA,3,7,6,6,1,5
00-0031376,NA,NA,NA,0,0,0,0,0,NA,2,16,4,4,2,2
00-0031382,NA,NA,NA,0,0,0,0,0,NA,2,18,6,6,3,5
00-0031384,NA,NA,NA,0,0,0,0,0,NA,1,1,0,0,1,1
00-0031387,NA,NA,NA,0,0,0,0,0,NA,1,6,4,4,0,3
00-0031388,NA,NA,NA,0,0,0,0,0,NA,3,35,9,7,3,25
00-0031389,NA,NA,NA,0,0,0,0,0,NA,1,6,2,2,3,1
00-0031402,NA,NA,NA,0,0,0,0,0,NA,3,24,5,4,7,10
00-0031404,NA,NA,NA,0,0,0,0,0,NA,2,14,1,1,12,2
00-0031410,NA,NA,NA,0,0,0,0,0,NA,1,3,1,1,2,3
00-0031428,NA,NA,NA,0,0,0,0,0,NA,4,11,3,3,6,3
00-0031433,NA,NA,NA,0,0,0,0,0,NA,3,20,9,9,8,7
00-0031442,NA,NA,NA,0,0,0,0,0,NA,2,12,5,5,2,4
00-0031500,NA,NA,NA,0,0,0,0,0,NA,4,13,3,3,8,2
00-0031534,NA,NA,NA,0,0,0,0,0,NA,2,15,2,2,3,3
00-0031544,NA,NA,NA,0,0,0,0,0,NA,4,50,5,3,10,10
00-0031545,NA,NA,NA,0,0,0,0,0,NA,1,1,0,0,1,0
00-0031546,NA,NA,NA,0,0,0,0,0,NA,1,5,3,3,2,2
00-0031547,NA,NA,NA,0,0,0,0,0,NA,3,28,10,10,11,8
00-0031549,NA,NA,NA,0,0,0,0,0,NA,3,12,5,5,5,4
00-0031553,NA,NA,NA,0,0,0,0,0,NA,1,1,1,0,0,0
00-0031554,NA,NA,NA,0,0,0,0,0,NA,4,33,6,6,13,5
00-0031555,NA,NA,NA,0,0,0,0,0,NA,2,9,3,3,4,1
00-0031558,NA,NA,NA,0,0,0,0,0,NA,2,2,1,1,1,1
00-0031566,NA,NA,NA,0,0,0,0,0,NA,3,14,5,5,9,5
00-0031576,NA,NA,NA,0,0,0,0,0,NA,4,25,4,4,5,7
00-0031580,NA,NA,NA,0,0,0,0,0,NA,4,26,9,9,7,7
00-0031581,NA,NA,NA,0,0,0,0,0,NA,3,6,2,1,4,1
00-0031584,NA,NA,NA,0,0,0,0,0,NA,2,3,1,0,2,1
00-0031585,NA,NA,NA,0,0,0,0,0,NA,1,12,5,5,1,5
00-0031587,NA,NA,NA,0,0,0,0,0,NA,1,2,1,0,1,0
00-0031596,NA,NA,NA,0,0,0,0,0,NA,2,9,4,4,3,2
00-0031598,NA,NA,NA,0,0,0,0,0,NA,2,15,2,1,7,7
00-0031632,NA,NA,NA,0,0,0,0,0,NA,1,1,1,1,0,1
00-0031690,NA,NA,NA,0,0,0,0,0,NA,1,1,0,0,1,0
00-0031734,NA,NA,NA,0,0,0,0,0,NA,2,5,1,0,4,0
00-0031779,NA,NA,NA,0,0,0,0,0,NA,1,2,1,1,1,1
00-0031785,NA,NA,NA,0,0,0,0,0,NA,4,24,8,8,9,8
00-0031787,NA,NA,NA,0,0,0,0,0,NA,1,5,5,5,0,4
00-0031795,NA,NA,NA,0,0,0,0,0,NA,4,11,5,3,2,3
00-0031796,NA,NA,NA,0,0,0,0,0,NA,1,5,1,1,4,3
00-0031799,NA,NA,NA,0,0,0,0,0,NA,1,3,1,1,2,1
00-0031800,NA,NA,NA,0,0,0,0,0,NA,3,7,3,3,2,0
00-0031806,NA,NA,NA,0,0,0,0,0,NA,2,2,2,2,0,1
00-0031844,NA,NA,NA,0,0,0,0,0,NA,1,2,2,1,0,1
00-0031852,NA,NA,NA,0,0,0,0,0,NA,4,20,6,6,10,4
00-0031856,NA,NA,NA,0,0,0,0,0,NA,1,3,1,1,2,0
00-0031893,NA,NA,NA,0,0,0,0,0,NA,2,6,2,2,0,1
00-0031904,NA,NA,NA,0,0,0,0,0,NA,1,7,1,1,2,1
00-0031921,NA,NA,NA,0,0,0,0,0,NA,4,14,3,3,8,4
00-0031923,NA,NA,NA,0,0,0,0,0,NA,1,5,1,1,2,1
00-0031935,NA,NA,NA,0,0,0,0,0,NA,3,9,3,3,4,0
00-0031936,NA,NA,NA,0,0,0,0,0,NA,2,15,3,3,4,3
00-0031938,NA,NA,NA,0,0,0,0,0,NA,1,2,0,0,2,0
00-0031941,NA,NA,NA,0,0,0,0,0,NA,3,13,4,4,7,6
00-0031947,NA,NA,NA,0,0,0,0,0,NA,1,1,1,0,0,0
00-0031951,NA,NA,NA,0,0,0,0,0,NA,1,2,2,2,0,2
00-0032009,NA,NA,NA,0,0,0,0,0,NA,1,2,1,1,1,0
00-0032043,NA,NA,NA,0,0,0,0,0,NA,1,4,1,1,0,1
00-0032053,NA,NA,NA,0,0,0,0,0,NA,4,30,6,5,11,4
00-0032054,NA,NA,NA,0,0,0,0,0,NA,2,8,3,3,4,2
00-0032057,NA,NA,NA,0,0,0,0,0,NA,1,5,2,2,2,1
00-0032058,NA,NA,NA,0,0,0,0,0,NA,1,7,5,4,2,3
00-0032059,NA,NA,NA,0,0,0,0,0,NA,2,8,5,5,3,5
00-0032062,NA,NA,NA,0,0,0,0,0,NA,2,4,3,3,0,1
00-0032081,NA,NA,NA,0,0,0,0,0,NA,1,1,1,1,0,0
00-0032087,NA,NA,NA,0,0,0,0,0,NA,1,1,1,0,0,1
00-0032098,NA,NA,NA,0,0,0,0,0,NA,1,1,1,1,0,1
00-0032107,NA,NA,NA,0,0,0,0,0,NA,2,2,1,1,1,1
00-0032109,NA,NA,NA,0,0,0,0,0,NA,1,1,1,1,0,1
00-0032116,NA,NA,NA,0,0,0,0,0,NA,1,3,1,1,1,2
00-0032127,NA,NA,NA,0,0,0,0,0,NA,3,5,3,3,0,0
00-0032128,NA,NA,NA,0,0,0,0,0,NA,2,13,3,3,7,4
00-0032129,NA,NA,NA,0,0,0,0,0,NA,4,19,8,8,6,5
00-0032132,NA,NA,NA,0,0,0,0,0,NA,3,16,6,6,9,6
00-0032134,NA,NA,NA,0,0,0,0,0,NA,3,8,2,2,6,3
00-0032135,NA,NA,NA,0,0,0,0,0,NA,2,3,3,1,0,2
00-0032141,NA,NA,NA,0,0,0,0,0,NA,3,6,3,3,3,3
00-0032143,NA,NA,NA,0,0,0,0,0,NA,1,6,1,1,2,1
00-0032144,NA,NA,NA,0,0,0,0,0,NA,2,15,2,2,8,1
00-0032145,NA,NA,NA,0,0,0,0,0,NA,2,11,3,2,4,4
00-0032147,NA,NA,NA,0,0,0,0,0,NA,1,2,1,1,1,0
00-0032149,NA,NA,NA,0,0,0,0,0,NA,1,6,2,2,3,2
00-0032150,NA,NA,NA,0,0,0,0,0,NA,3,11,4,3,5,5
00-0032151,NA,NA,NA,0,0,0,0,0,NA,4,17,6,5,8,3
00-0032160,NA,NA,NA,0,0,0,0,0,NA,1,2,2,2,0,2
00-0032165,NA,NA,NA,0,0,0,0,0,NA,3,22,5,5,9,9
00-0032187,NA,NA,NA,0,0,0,0,0,NA,1,3,1,0,2,2
00-0032195,NA,NA,NA,0,0,0,0,0,NA,3,8,4,3,2,2
00-0032197,NA,NA,NA,0,0,0,0,0,NA,3,13,4,3,6,5
00-0032200,NA,NA,NA,0,0,0,0,0,NA,3,10,4,3,3,3
00-0032210,NA,NA,NA,0,0,0,0,0,NA,3,17,10,7,3,7
00-0032214,NA,NA,NA,0,0,0,0,0,NA,3,12,7,7,4,6
00-0032215,NA,NA,NA,0,0,0,0,0,NA,2,4,2,1,0,1
00-0032217,NA,NA,NA,0,0,0,0,0,NA,2,18,9,9,5,9
00-0032222,NA,NA,NA,0,0,0,0,0,NA,3,15,7,7,7,7
00-0032233,NA,NA,NA,0,0,0,0,0,NA,2,7,4,4,2,5
00-0032239,NA,NA,NA,0,0,0,0,0,NA,1,6,1,1,2,0
00-0032243,NA,NA,NA,0,0,0,0,0,NA,1,3,1,1,2,1
00-0032255,NA,NA,NA,0,0,0,0,0,NA,2,3,2,1,1,1
00-0032259,NA,NA,NA,0,0,0,0,0,NA,1,1,0,0,1,1
00-0032261,NA,NA,NA,0,0,0,0,0,NA,1,6,1,1,0,0
00-0032262,NA,NA,NA,0,0,0,0,0,NA,2,4,3,3,1,2
00-0032265,NA,NA,NA,0,0,0,0,0,NA,3,7,5,3,2,4
00-0032269,NA,NA,NA,0,0,0,0,0,NA,2,3,2,2,0,1
00-0032320,NA,NA,NA,0,0,0,0,0,NA,2,6,3,3,3,3
00-0032355,NA,NA,NA,0,0,0,0,0,NA,1,3,2,2,1,1
00-0032366,NA,NA,NA,0,0,0,0,0,NA,1,3,2,2,1,0
00-0032382,NA,NA,NA,0,0,0,0,0,NA,3,4,2,2,2,2
00-0032384,NA,NA,NA,0,0,0,0,0,NA,1,3,1,1,0,0
00-0032388,NA,NA,NA,0,0,0,0,0,NA,1,3,1,1,1,0
00-0032389,NA,NA,NA,0,0,0,0,0,NA,1,5,1,1,2,2
00-0032401,NA,NA,NA,0,0,0,0,0,NA,3,19,8,8,9,7
00-0032402,NA,NA,NA,0,0,0,0,0,NA,3,4,3,2,1,2
00-0032403,NA,NA,NA,0,0,0,0,0,NA,2,7,5,4,2,3
00-0032408,NA,NA,NA,0,0,0,0,0,NA,2,2,2,1,0,2
00-0032410,NA,NA,NA,0,0,0,0,0,NA,1,3,3,3,0,2
00-0032416,NA,NA,NA,0,0,0,0,0,NA,3,16,3,3,3,2
00-0032419,NA,NA,NA,0,0,0,0,0,NA,1,5,5,5,0,4
00-0032420,NA,NA,NA,0,0,0,0,0,NA,2,16,6,6,2,7
00-0032426,NA,NA,NA,0,0,0,0,0,NA,1,11,1,1,4,1
00-0032432,NA,NA,NA,0,0,0,0,0,NA,4,15,11,11,3,7
00-0032436,NA,NA,NA,0,0,0,0,0,NA,1,1,0,0,1,1
00-0032437,NA,NA,NA,0,0,0,0,0,NA,4,14,4,4,4,4
00-0032448,NA,NA,NA,0,0,0,0,0,NA,1,2,1,0,0,1
00-0032450,NA,NA,NA,0,0,0,0,0,NA,3,12,8,5,4,9
00-0032454,NA,NA,NA,0,0,0,0,0,NA,3,21,5,5,6,4
00-0032455,NA,NA,NA,0,0,0,0,0,NA,2,8,3,3,0,1
00-0032463,NA,NA,NA,0,0,0,0,0,NA,1,1,1,1,0,0
00-0032518,NA,NA,NA,0,0,0,0,0,NA,2,5,2,2,2,0
00-0032520,NA,NA,NA,0,0,0,0,0,NA,1,1,1,0,0,1
00-0032521,NA,NA,NA,0,0,0,0,0,NA,3,8,4,4,2,3
00-0032525,NA,NA,NA,0,0,0,0,0,NA,1,1,1,1,0,0
00-0032528,NA,NA,NA,0,0,0,0,0,NA,2,5,3,2,2,2
00-0032543,NA,NA,NA,0,0,0,0,0,NA,1,1,0,0,1,0
00-0032560,NA,NA,NA,0,0,0,0,0,NA,2,6,3,3,3,1
00-0032573,NA,NA,NA,0,0,0,0,0,NA,1,3,3,3,0,2
00-0032574,NA,NA,NA,0,0,0,0,0,NA,4,14,8,7,6,9
00-0032575,NA,NA,NA,0,0,0,0,0,NA,2,3,1,1,1,0
00-0032581,NA,NA,NA,0,0,0,0,0,NA,1,1,0,0,1,1
00-0032592,NA,NA,NA,0,0,0,0,0,NA,1,1,1,1,0,1
00-0032602,NA,NA,NA,0,0,0,0,0,NA,2,8,5,5,1,5
00-0032637,NA,NA,NA,0,0,0,0,0,NA,1,1,1,1,0,0
00-0032641,NA,NA,NA,0,0,0,0,0,NA,1,3,0,0,3,2
00-0032655,NA,NA,NA,0,0,0,0,0,NA,1,3,1,1,2,0
00-0032671,NA,NA,NA,0,0,0,0,0,NA,3,3,2,2,1,0
00-0032677,NA,NA,NA,0,0,0,0,0,NA,2,8,3,3,1,1
00-0032688,NA,NA,NA,0,0,0,0,0,NA,3,4,2,2,2,3
00-0032725,NA,NA,NA,0,0,0,0,0,NA,1,4,1,1,0,0
00-0032741,NA,NA,NA,0,0,0,0,0,NA,1,2,1,1,1,0
00-0032758,NA,NA,NA,0,0,0,0,0,NA,1,2,1,1,1,1
00-0032761,NA,NA,NA,0,0,0,0,0,NA,1,1,1,1,0,0
00-0032763,NA,NA,NA,0,0,0,0,0,NA,3,10,4,4,4,2
00-0032765,NA,NA,NA,0,0,0,0,0,NA,2,9,7,6,2,6
00-0032768,NA,NA,NA,0,0,0,0,0,NA,2,6,3,3,2,2
00-0032770,NA,NA,NA,0,0,0,0,0,NA,1,11,1,1,6,4
00-0032772,NA,NA,NA,0,0,0,0,0,NA,1,1,1,1,0,1
00-0032773,NA,NA,NA,0,0,0,0,0,NA,1,8,5,5,1,5
00-0032774,NA,NA,NA,0,0,0,0,0,NA,3,9,3,3,3,0
00-0032778,NA,NA,NA,0,0,0,0,0,NA,1,1,0,0,1,1
00-0032780,NA,NA,NA,0,0,0,0,0,NA,1,6,3,3,1,2
00-0032781,NA,NA,NA,0,0,0,0,0,NA,2,11,4,4,6,5
00-0032785,NA,NA,NA,0,0,0,0,0,NA,2,8,5,5,3,4
00-0032787,NA,NA,NA,0,0,0,0,0,NA,1,1,0,0,1,0
00-0032790,NA,NA,NA,0,0,0,0,0,NA,2,2,2,1,0,1
00-0032791,NA,NA,NA,0,0,0,0,0,NA,1,8,2,2,3,2
00-0032792,NA,NA,NA,0,0,0,0,0,NA,1,1,0,0,1,1
00-0032803,NA,NA,NA,0,0,0,0,0,NA,3,20,6,6,14,4
00-0032807,NA,NA,NA,0,0,0,0,0,NA,2,7,2,2,2,0
00-0032871,NA,NA,NA,0,0,0,0,0,NA,1,2,2,2,0,1
00-0032875,NA,NA,NA,0,0,0,0,0,NA,1,1,1,1,0,1
00-0032890,NA,NA,NA,0,0,0,0,0,NA,2,20,3,2,0,1
00-0032891,NA,NA,NA,0,0,0,0,0,NA,3,6,4,4,2,3
00-0032892,NA,NA,NA,0,0,0,0,0,NA,3,18,3,3,10,10
00-0032897,NA,NA,NA,0,0,0,0,0,NA,1,1,1,1,0,0
00-0032939,NA,NA,NA,0,0,0,0,0,NA,3,9,5,5,3,4
00-0032942,NA,NA,NA,0,0,0,0,0,NA,3,5,4,3,1,2
00-0032955,NA,NA,NA,0,0,0,0,0,NA,1,2,2,2,0,1
00-0032956,NA,NA,NA,0,0,0,0,0,NA,1,1,1,1,0,0
00-0032958,NA,NA,NA,0,0,0,0,0,NA,1,1,1,0,0,1
00-0032967,NA,NA,NA,0,0,0,0,0,NA,1,1,1,0,0,0
00-0032968,NA,NA,NA,0,0,0,0,0,NA,3,18,4,3,4,2
00-0032969,NA,NA,NA,0,0,0,0,0,NA,1,1,1,0,0,1
00-0032970,NA,NA,NA,0,0,0,0,0,NA,1,3,2,2,0,1
00-0032971,NA,NA,NA,0,0,0,0,0,NA,4,16,5,5,4,3
00-0032972,NA,NA,NA,0,0,0,0,0,NA,1,1,0,0,1,0
00-0032975,NA,NA,NA,0,0,0,0,0,NA,2,5,4,4,1,3
00-0032977,NA,NA,NA,0,0,0,0,0,NA,2,3,3,1,0,2
00-0032980,NA,NA,NA,0,0,0,0,0,NA,1,3,1,1,0,1
00-0032986,NA,NA,NA,0,0,0,0,0,NA,1,8,4,4,2,4
00-0032998,NA,NA,NA,0,0,0,0,0,NA,1,1,1,1,0,1
00-0033006,NA,NA,NA,0,0,0,0,0,NA,1,2,2,2,0,1
00-0033009,NA,NA,NA,0,0,0,0,0,NA,4,13,4,4,5,3
00-0033010,NA,NA,NA,0,0,0,0,0,NA,1,2,1,1,0,0
00-0033011,NA,NA,NA,0,0,0,0,0,NA,1,1,1,1,0,0
00-0033025,NA,NA,NA,0,0,0,0,0,NA,1,3,1,1,1,1
00-0033045,NA,NA,NA,0,0,0,0,0,NA,4,19,4,4,6,2
00-0033047,NA,NA,NA,0,0,0,0,0,NA,1,2,1,1,1,1
00-0033058,NA,NA,NA,0,0,0,0,0,NA,1,1,1,0,0,0
00-0033064,NA,NA,NA,0,0,0,0,0,NA,2,3,2,0,0,1
00-0033065,NA,NA,NA,0,0,0,0,0,NA,1,1,1,0,0,1
00-0033073,NA,NA,NA,0,0,0,0,0,NA,4,12,3,3,4,0
00-0033084,NA,NA,NA,0,0,0,0,0,NA,3,18,10,9,1,13
00-0033095,NA,NA,NA,0,0,0,0,0,NA,1,1,1,1,0,1
00-0033096,NA,NA,NA,0,0,0,0,0,NA,2,7,2,1,4,1
00-0033103,NA,NA,NA,0,0,0,0,0,NA,4,14,4,4,6,5
00-0033107,NA,NA,NA,0,0,0,0,0,NA,2,12,8,8,3,7
00-0033114,NA,NA,NA,0,0,0,0,0,NA,1,4,1,1,3,2
00-0033118,NA,NA,NA,0,0,0,0,0,NA,1,2,1,1,0,1
00-0033121,NA,NA,NA,0,0,0,0,0,NA,1,1,1,0,0,1
00-0033123,NA,NA,NA,0,0,0,0,0,NA,4,21,4,3,5,1
00-0033127,NA,NA,NA,0,0,0,0,0,NA,1,2,2,1,0,1
00-0033129,NA,NA,NA,0,0,0,0,0,NA,2,16,7,6,4,4
00-0033138,NA,NA,NA,0,0,0,0,0,NA,1,1,0,0,1,0
00-0033196,NA,NA,NA,0,0,0,0,0,NA,1,1,0,0,1,0
00-0033215,NA,NA,NA,0,0,0,0,0,NA,1,2,1,1,1,1
00-0033221,NA,NA,NA,0,0,0,0,0,NA,2,12,6,6,4,5
00-0033251,NA,NA,NA,0,0,0,0,0,NA,3,9,4,3,5,3
00-0033258,NA,NA,NA,0,0,0,0,0,NA,1,6,2,2,1,1
00-0033275,NA,NA,NA,0,0,0,0,0,NA,1,2,1,1,1,1
00-0033283,NA,NA,NA,0,0,0,0,0,NA,3,8,4,3,0,1
00-0033292,NA,NA,NA,0,0,0,0,0,NA,1,5,1,1,2,0
00-0033296,NA,NA,NA,0,0,0,0,0,NA,1,3,3,3,0,2
00-0033300,NA,NA,NA,0,0,0,0,0,NA,2,2,0,0,2,1
00-0033302,NA,NA,NA,0,0,0,0,0,NA,1,2,2,2,0,1
00-0033308,NA,NA,NA,0,0,0,0,0,NA,1,1,1,1,0,0
00-0033324,NA,NA,NA,0,0,0,0,0,NA,1,1,0,0,1,0
00-0033338,NA,NA,NA,0,0,0,0,0,NA,2,5,5,5,0,4
00-0033344,NA,NA,NA,0,0,0,0,0,NA,1,2,2,2,0,2
00-0033367,NA,NA,NA,0,0,0,0,0,NA,2,3,3,3,0,2
00-0033386,NA,NA,NA,0,0,0,0,0,NA,1,3,2,2,1,2
00-0033421,NA,NA,NA,0,0,0,0,0,NA,1,1,1,0,0,1
00-0033430,NA,NA,NA,0,0,0,0,0,NA,1,5,4,4,1,3
00-0033439,NA,NA,NA,0,0,0,0,0,NA,4,21,6,5,9,4
00-0033445,NA,NA,NA,0,0,0,0,0,NA,1,3,1,1,1,2
00-0033446,NA,NA,NA,0,0,0,0,0,NA,1,1,1,0,0,1
00-0033460,NA,NA,NA,0,0,0,0,0,NA,1,6,2,2,4,2
00-0033461,NA,NA,NA,0,0,0,0,0,NA,2,6,0,0,6,1
00-0033463,NA,NA,NA,0,0,0,0,0,NA,1,1,1,1,0,0
00-0033466,NA,NA,NA,0,0,0,0,0,NA,3,9,3,3,2,1
00-0033471,NA,NA,NA,0,0,0,0,0,NA,1,1,1,1,0,0
00-0033503,NA,NA,NA,0,0,0,0,0,NA,4,17,10,9,2,6
00-0033511,NA,NA,NA,0,0,0,0,0,NA,3,4,2,2,1,0
00-0033524,NA,NA,NA,0,0,0,0,0,NA,2,13,4,4,4,5
00-0033536,NA,NA,NA,0,0,0,0,0,NA,4,18,8,8,3,6
00-0033540,NA,NA,NA,0,0,0,0,0,NA,1,8,2,2,5,2
00-0033543,NA,NA,NA,0,0,0,0,0,NA,2,8,2,2,2,0
00-0033545,NA,NA,NA,0,0,0,0,0,NA,1,1,1,0,0,0
00-0033549,NA,NA,NA,0,0,0,0,0,NA,3,4,3,3,0,0
00-0033563,NA,NA,NA,0,0,0,0,0,NA,2,4,3,3,1,3
00-0033566,NA,NA,NA,0,0,0,0,0,NA,2,3,1,1,2,1
00-0033568,NA,NA,NA,0,0,0,0,0,NA,1,3,0,0,3,1
00-0033570,NA,NA,NA,0,0,0,0,0,NA,3,19,8,8,3,7
00-0033577,NA,NA,NA,0,0,0,0,0,NA,1,1,0,0,1,0
00-0033580,NA,NA,NA,0,0,0,0,0,NA,2,6,3,3,3,2
00-0033582,NA,NA,NA,0,0,0,0,0,NA,1,1,1,0,0,0
00-0033588,NA,NA,NA,0,0,0,0,0,NA,2,3,2,0,1,0
00-0033592,NA,NA,NA,0,0,0,0,0,NA,2,6,3,2,0,2
00-0033594,NA,NA,NA,0,0,0,0,0,NA,1,5,2,2,1,2
00-0033611,NA,NA,NA,0,0,0,0,0,NA,1,7,3,3,2,3
00-0033631,NA,NA,NA,0,0,0,0,0,NA,2,6,5,5,1,3
00-0033658,NA,NA,NA,0,0,0,0,0,NA,1,1,1,1,0,1
00-0033659,NA,NA,NA,0,0,0,0,0,NA,2,5,4,4,0,3
00-0033662,NA,NA,NA,0,0,0,0,0,NA,2,4,1,1,1,1
00-0033681,NA,NA,NA,0,0,0,0,0,NA,2,3,1,1,2,1
00-0033725,NA,NA,NA,0,0,0,0,0,NA,1,2,1,1,0,0
00-0033733,NA,NA,NA,0,0,0,0,0,NA,1,1,1,1,0,0
00-0033765,NA,NA,NA,0,0,0,0,0,NA,2,7,4,4,2,2
00-0033770,NA,NA,NA,0,0,0,0,0,NA,4,8,4,3,3,2
00-0033782,NA,NA,NA,0,0,0,0,0,NA,3,7,4,4,2,1
00-0033784,NA,NA,NA,0,0,0,0,0,NA,4,16,6,5,9,5
00-0033785,NA,NA,NA,0,0,0,0,0,NA,1,3,1,1,0,0
00-0033788,NA,NA,NA,0,0,0,0,0,NA,1,3,1,0,2,1
00-0033791,NA,NA,NA,0,0,0,0,0,NA,1,1,1,1,0,0
00-0033792,NA,NA,NA,0,0,0,0,0,NA,2,14,2,2,7,3
00-0033839,NA,NA,NA,0,0,0,0,0,NA,1,4,1,1,1,0
00-0033854,NA,NA,NA,0,0,0,0,0,NA,2,4,2,2,2,0
00-0033856,NA,NA,NA,0,0,0,0,0,NA,2,8,2,1,6,3
00-0033871,NA,NA,NA,0,0,0,0,0,NA,2,13,5,5,6,6
00-0033879,NA,NA,NA,0,0,0,0,0,NA,2,3,1,1,2,0
00-0033880,NA,NA,NA,0,0,0,0,0,NA,3,9,6,6,3,6
00-0033888,NA,NA,NA,0,0,0,0,0,NA,3,38,10,10,5,11
00-0033892,NA,NA,NA,0,0,0,0,0,NA,3,19,8,8,7,8
00-0033893,NA,NA,NA,0,0,0,0,0,NA,3,11,3,3,5,2
00-0033894,NA,NA,NA,0,0,0,0,0,NA,2,11,6,6,3,4
00-0033895,NA,NA,NA,0,0,0,0,0,NA,3,12,4,4,3,1
00-0033896,NA,NA,NA,0,0,0,0,0,NA,1,10,2,2,3,1
00-0033897,NA,NA,NA,0,0,0,0,0,NA,4,20,6,6,9,6
00-0033898,NA,NA,NA,0,0,0,0,0,NA,2,8,5,5,3,3
00-0033902,NA,NA,NA,0,0,0,0,0,NA,3,9,4,4,5,5
00-0033903,NA,NA,NA,0,0,0,0,0,NA,1,1,0,0,1,1
00-0033905,NA,NA,NA,0,0,0,0,0,NA,4,35,6,6,5,8
00-0033907,NA,NA,NA,0,0,0,0,0,NA,2,12,4,4,2,2
00-0033909,NA,NA,NA,0,0,0,0,0,NA,2,4,1,1,2,2
00-0033912,NA,NA,NA,0,0,0,0,0,NA,1,1,0,0,1,0
00-0033913,NA,NA,NA,0,0,0,0,0,NA,2,4,3,3,0,1
00-0033917,NA,NA,NA,0,0,0,0,0,NA,2,5,3,3,1,2
00-0033918,NA,NA,NA,0,0,0,0,0,NA,3,11,6,6,3,4
00-0033925,NA,NA,NA,0,0,0,0,0,NA,4,15,4,4,4,3
00-0033926,NA,NA,NA,0,0,0,0,0,NA,3,9,5,5,3,2
00-0033927,NA,NA,NA,0,0,0,0,0,NA,3,8,4,4,3,3
00-0033929,NA,NA,NA,0,0,0,0,0,NA,4,12,8,7,3,3
00-0033930,NA,NA,NA,0,0,0,0,0,NA,3,10,5,5,2,3
00-0033932,NA,NA,NA,0,0,0,0,0,NA,2,17,9,8,6,7
00-0033936,NA,NA,NA,0,0,0,0,0,NA,1,5,1,1,0,0
00-0033940,NA,NA,NA,0,0,0,0,0,NA,2,3,2,1,1,1
00-0033946,NA,NA,NA,0,0,0,0,0,NA,1,1,1,0,0,0
00-0033948,NA,NA,NA,0,0,0,0,0,NA,4,17,6,6,9,4
00-0033949,NA,NA,NA,0,0,0,0,0,NA,1,1,1,1,0,0
00-0033950,NA,NA,NA,0,0,0,0,0,NA,1,1,1,0,0,1
00-0033954,NA,NA,NA,0,0,0,0,0,NA,2,10,5,5,4,4
00-0033956,NA,NA,NA,0,0,0,0,0,NA,1,3,1,1,0,0
00-0033969,NA,NA,NA,0,0,0,0,0,NA,2,2,2,2,0,0
00-0033973,NA,NA,NA,0,0,0,0,0,NA,1,2,1,1,0,0
00-0033995,NA,NA,NA,0,0,0,0,0,NA,4,6,2,2,4,1
00-0034019,NA,NA,NA,0,0,0,0,0,NA,1,5,1,1,0,0
00-0034054,NA,NA,NA,0,0,0,0,0,NA,3,12,4,2,8,5
00-0034071,NA,NA,NA,0,0,0,0,0,NA,1,2,1,1,0,0
00-0034073,NA,NA,NA,0,0,0,0,0,NA,3,10,7,7,1,5
00-0034091,NA,NA,NA,0,0,0,0,0,NA,3,6,3,3,1,1
00-0034096,NA,NA,NA,0,0,0,0,0,NA,4,17,11,10,6,7
00-0034104,NA,NA,NA,0,0,0,0,0,NA,2,7,5,5,2,3
00-0034109,NA,NA,NA,0,0,0,0,0,NA,1,4,1,1,1,0
00-0034111,NA,NA,NA,0,0,0,0,0,NA,1,8,2,2,2,1
00-0034115,NA,NA,NA,0,0,0,0,0,NA,4,12,4,4,4,0
00-0034125,NA,NA,NA,0,0,0,0,0,NA,2,4,3,3,1,1
00-0034142,NA,NA,NA,0,0,0,0,0,NA,2,2,2,1,0,2
00-0034145,NA,NA,NA,0,0,0,0,0,NA,4,14,6,6,3,4
00-0034161,NA,NA,NA,0,0,0,0,0,NA,2,4,2,1,1,0
00-0034164,NA,NA,NA,0,0,0,0,0,NA,1,1,1,1,0,1
00-0034165,NA,NA,NA,0,0,0,0,0,NA,2,2,2,0,0,1
00-0034168,NA,NA,NA,0,0,0,0,0,NA,1,1,1,1,0,0
00-0034171,NA,NA,NA,0,0,0,0,0,NA,3,12,9,7,3,5
00-0034184,NA,NA,NA,0,0,0,0,0,NA,4,14,7,7,5,4
00-0034185,NA,NA,NA,0,0,0,0,0,NA,1,5,1,1,2,0
00-0034193,NA,NA,NA,0,0,0,0,0,NA,2,4,2,1,2,0
00-0034204,NA,NA,NA,0,0,0,0,0,NA,2,8,4,4,3,3
00-0034208,NA,NA,NA,0,0,0,0,0,NA,2,3,1,1,2,1
00-0034229,NA,NA,NA,0,0,0,0,0,NA,1,1,1,0,0,1
00-0034253,NA,NA,NA,0,0,0,0,0,NA,1,4,3,3,0,2
00-0034263,NA,NA,NA,0,0,0,0,0,NA,2,9,7,7,2,6
00-0034264,NA,NA,NA,0,0,0,0,0,NA,1,1,1,1,0,0
00-0034265,NA,NA,NA,0,0,0,0,0,NA,1,7,2,2,5,4
00-0034266,NA,NA,NA,0,0,0,0,0,NA,1,3,1,1,2,2
00-0034279,NA,NA,NA,0,0,0,0,0,NA,3,13,8,8,3,6
00-0034286,NA,NA,NA,0,0,0,0,0,NA,2,11,3,3,5,1
00-0034296,NA,NA,NA,0,0,0,0,0,NA,2,3,1,1,1,1
00-0034301,NA,NA,NA,0,0,0,0,0,NA,2,9,4,4,4,3
00-0034311,NA,NA,NA,0,0,0,0,0,NA,1,1,0,0,1,0
00-0034317,NA,NA,NA,0,0,0,0,0,NA,1,2,1,1,1,0
00-0034318,NA,NA,NA,0,0,0,0,0,NA,1,2,2,2,0,1
00-0034325,NA,NA,NA,0,0,0,0,0,NA,1,1,1,1,0,1
00-0034334,NA,NA,NA,0,0,0,0,0,NA,1,1,1,0,0,1
00-0034335,NA,NA,NA,0,0,0,0,0,NA,2,3,2,2,0,0
00-0034337,NA,NA,NA,0,0,0,0,0,NA,1,3,2,2,1,2
00-0034345,NA,NA,NA,0,0,0,0,0,NA,3,41,6,6,9,7
00-0034352,NA,NA,NA,0,0,0,0,0,NA,3,12,5,4,5,2
00-0034354,NA,NA,NA,0,0,0,0,0,NA,1,6,4,4,0,4
00-0034360,NA,NA,NA,0,0,0,0,0,NA,3,11,7,6,2,4
00-0034364,NA,NA,NA,0,0,0,0,0,NA,1,1,0,0,1,0
00-0034366,NA,NA,NA,0,0,0,0,0,NA,1,3,2,2,0,0
00-0034367,NA,NA,NA,0,0,0,0,0,NA,3,7,4,4,2,0
00-0034368,NA,NA,NA,0,0,0,0,0,NA,3,23,10,10,7,8
00-0034372,NA,NA,NA,0,0,0,0,0,NA,2,8,3,3,4,2
00-0034374,NA,NA,NA,0,0,0,0,0,NA,4,15,7,7,8,3
00-0034375,NA,NA,NA,0,0,0,0,0,NA,2,3,2,1,1,0
00-0034380,NA,NA,NA,0,0,0,0,0,NA,1,3,1,1,0,1
00-0034382,NA,NA,NA,0,0,0,0,0,NA,4,17,6,6,9,1
00-0034385,NA,NA,NA,0,0,0,0,0,NA,4,21,4,4,16,1
00-0034388,NA,NA,NA,0,0,0,0,0,NA,1,1,1,1,0,1
00-0034389,NA,NA,NA,0,0,0,0,0,NA,2,10,6,6,2,3
00-0034394,NA,NA,NA,0,0,0,0,0,NA,1,1,1,1,0,0
00-0034396,NA,NA,NA,0,0,0,0,0,NA,1,4,1,1,1,0
00-0034400,NA,NA,NA,0,0,0,0,0,NA,1,4,4,0,0,3
00-0034401,NA,NA,NA,0,0,0,0,0,NA,2,5,4,4,1,1
00-0034404,NA,NA,NA,0,0,0,0,0,NA,1,1,1,1,0,1
00-0034411,NA,NA,NA,0,0,0,0,0,NA,2,15,9,9,6,9
00-0034414,NA,NA,NA,0,0,0,0,0,NA,3,7,4,3,3,4
00-0034424,NA,NA,NA,0,0,0,0,0,NA,3,11,4,4,3,4
00-0034433,NA,NA,NA,0,0,0,0,0,NA,1,2,0,0,2,0
00-0034435,NA,NA,NA,0,0,0,0,0,NA,2,8,2,1,3,1
00-0034436,NA,NA,NA,0,0,0,0,0,NA,2,4,2,2,0,0
00-0034438,NA,NA,NA,0,0,0,0,0,NA,1,1,1,0,0,1
00-0034440,NA,NA,NA,0,0,0,0,0,NA,2,9,3,3,5,3
00-0034445,NA,NA,NA,0,0,0,0,0,NA,2,2,1,1,1,0
00-0034449,NA,NA,NA,0,0,0,0,0,NA,1,5,2,2,2,3
00-0034450,NA,NA,NA,0,0,0,0,0,NA,3,5,3,2,0,2
00-0034468,NA,NA,NA,0,0,0,0,0,NA,1,1,1,1,0,0
00-0034490,NA,NA,NA,0,0,0,0,0,NA,2,7,3,3,2,3
00-0034496,NA,NA,NA,0,0,0,0,0,NA,2,5,2,2,3,1
00-0034500,NA,NA,NA,0,0,0,0,0,NA,1,3,2,2,1,1
00-0034502,NA,NA,NA,0,0,0,0,0,NA,1,1,1,1,0,0
00-0034514,NA,NA,NA,0,0,0,0,0,NA,3,10,4,3,3,2
00-0034515,NA,NA,NA,0,0,0,0,0,NA,2,4,1,0,3,2
00-0034516,NA,NA,NA,0,0,0,0,0,NA,2,6,4,4,2,2
00-0034527,NA,NA,NA,0,0,0,0,0,NA,3,24,5,5,6,7
00-0034540,NA,NA,NA,0,0,0,0,0,NA,3,7,4,4,2,2
00-0034545,NA,NA,NA,0,0,0,0,0,NA,3,13,3,2,7,3
00-0034575,NA,NA,NA,0,0,0,0,0,NA,1,1,1,1,0,1
00-0034588,NA,NA,NA,0,0,0,0,0,NA,1,1,1,1,0,1
00-0034591,NA,NA,NA,0,0,0,0,0,NA,3,8,3,1,5,4
00-0034594,NA,NA,NA,0,0,0,0,0,NA,1,3,1,1,2,0
00-0034597,NA,NA,NA,0,0,0,0,0,NA,1,1,0,0,1,0
00-0034612,NA,NA,NA,0,0,0,0,0,NA,1,1,1,0,0,0
00-0034623,NA,NA,NA,0,0,0,0,0,NA,1,3,1,1,2,0
00-0034646,NA,NA,NA,0,0,0,0,0,NA,4,7,4,4,2,1
00-0034659,NA,NA,NA,0,0,0,0,0,NA,1,1,1,1,0,0
00-0034662,NA,NA,NA,0,0,0,0,0,NA,1,1,1,0,0,0
00-0034674,NA,NA,NA,0,0,0,0,0,NA,2,6,5,5,1,4
00-0034676,NA,NA,NA,0,0,0,0,0,NA,1,3,2,2,0,1
00-0034677,NA,NA,NA,0,0,0,0,0,NA,2,9,3,3,3,3
00-0034678,NA,NA,NA,0,0,0,0,0,NA,3,8,6,5,1,3
00-0034680,NA,NA,NA,0,0,0,0,0,NA,1,3,1,1,1,1
00-0034681,NA,NA,NA,0,0,0,0,0,NA,3,10,5,5,2,2
00-0034682,NA,NA,NA,0,0,0,0,0,NA,2,4,4,4,0,3
00-0034683,NA,NA,NA,0,0,0,0,0,NA,2,12,4,4,3,3
00-0034686,NA,NA,NA,0,0,0,0,0,NA,1,5,0,0,5,2
00-0034687,NA,NA,NA,0,0,0,0,0,NA,1,1,1,1,0,0
00-0034726,NA,NA,NA,0,0,0,0,0,NA,2,6,3,3,0,1
00-0034730,NA,NA,NA,0,0,0,0,0,NA,2,10,1,1,6,1
00-0034736,NA,NA,NA,0,0,0,0,0,NA,1,1,1,0,0,0
00-0034743,NA,NA,NA,0,0,0,0,0,NA,1,8,4,4,2,5
00-0034745,NA,NA,NA,0,0,0,0,0,NA,3,4,2,1,2,1
00-0034746,NA,NA,NA,0,0,0,0,0,NA,3,20,14,14,3,11
00-0034750,NA,NA,NA,0,0,0,0,0,NA,3,12,6,5,3,5
00-0034751,NA,NA,NA,0,0,0,0,0,NA,2,6,2,2,2,1
00-0034756,NA,NA,NA,0,0,0,0,0,NA,2,6,2,2,3,1
00-0034762,NA,NA,NA,0,0,0,0,0,NA,2,3,1,1,1,1
00-0034764,NA,NA,NA,0,0,0,0,0,NA,2,9,4,3,2,1
00-0034765,NA,NA,NA,0,0,0,0,0,NA,3,9,6,6,2,4
00-0034766,NA,NA,NA,0,0,0,0,0,NA,1,1,1,0,0,1
00-0034777,NA,NA,NA,0,0,0,0,0,NA,3,15,6,6,7,4
00-0034781,NA,NA,NA,0,0,0,0,0,NA,1,3,1,1,0,0
00-0034785,NA,NA,NA,0,0,0,0,0,NA,3,8,2,2,1,1
00-0034787,NA,NA,NA,0,0,0,0,0,NA,4,8,3,3,4,1
00-0034804,NA,NA,NA,0,0,0,0,0,NA,3,36,13,12,6,24
00-0034807,NA,NA,NA,0,0,0,0,0,NA,3,19,7,6,2,4
00-0034812,NA,NA,NA,0,0,0,0,0,NA,1,8,8,8,0,7
00-0034816,NA,NA,NA,0,0,0,0,0,NA,2,4,4,3,0,3
00-0034817,NA,NA,NA,0,0,0,0,0,NA,1,4,1,1,0,0
00-0034830,NA,NA,NA,0,0,0,0,0,NA,4,30,13,11,8,11
00-0034831,NA,NA,NA,0,0,0,0,0,NA,2,5,2,2,3,2
00-0034833,NA,NA,NA,0,0,0,0,0,NA,3,15,5,5,9,5
00-0034834,NA,NA,NA,0,0,0,0,0,NA,4,19,10,10,2,6
00-0034839,NA,NA,NA,0,0,0,0,0,NA,1,1,1,1,0,0
00-0034845,NA,NA,NA,0,0,0,0,0,NA,1,1,0,0,1,0
00-0034846,NA,NA,NA,0,0,0,0,0,NA,3,23,11,11,3,5
00-0034858,NA,NA,NA,0,0,0,0,0,NA,4,10,4,3,3,2
00-0034860,NA,NA,NA,0,0,0,0,0,NA,2,4,2,2,0,2
00-0034887,NA,NA,NA,0,0,0,0,0,NA,1,2,1,1,0,2
00-0034899,NA,NA,NA,0,0,0,0,0,NA,2,8,5,4,3,3
00-0034902,NA,NA,NA,0,0,0,0,0,NA,2,5,3,2,2,1
00-0034903,NA,NA,NA,0,0,0,0,0,NA,2,5,2,1,1,1
00-0034909,NA,NA,NA,0,0,0,0,0,NA,1,1,1,0,0,0
00-0034928,NA,NA,NA,0,0,0,0,0,NA,2,4,3,3,1,2
00-0034930,NA,NA,NA,0,0,0,0,0,NA,2,4,3,3,1,2
00-0034944,NA,NA,NA,0,0,0,0,0,NA,2,4,3,3,1,2
00-0034954,NA,NA,NA,0,0,0,0,0,NA,2,9,1,1,5,2
00-0034969,NA,NA,NA,0,0,0,0,0,NA,1,1,1,1,0,0
00-0034970,NA,NA,NA,0,0,0,0,0,NA,1,3,2,2,1,1
00-0034971,NA,NA,NA,0,0,0,0,0,NA,1,1,1,1,0,1
00-0034972,NA,NA,NA,0,0,0,0,0,NA,4,15,5,4,6,3
00-0034977,NA,NA,NA,0,0,0,0,0,NA,1,1,1,1,0,0
00-0034984,NA,NA,NA,0,0,0,0,0,NA,1,4,2,1,2,2
00-0034988,NA,NA,NA,0,0,0,0,0,NA,1,10,3,3,3,3
00-0034990,NA,NA,NA,0,0,0,0,0,NA,1,1,1,1,0,0
00-0034991,NA,NA,NA,0,0,0,0,0,NA,1,1,1,0,0,0
00-0034992,NA,NA,NA,0,0,0,0,0,NA,3,6,4,4,1,2
00-0035003,NA,NA,NA,0,0,0,0,0,NA,2,4,0,0,4,0
00-0035004,NA,NA,NA,0,0,0,0,0,NA,1,1,1,1,0,0
00-0035022,NA,NA,NA,0,0,0,0,0,NA,2,10,3,3,3,3
00-0035045,NA,NA,NA,0,0,0,0,0,NA,1,1,0,0,1,0
00-0035061,NA,NA,NA,0,0,0,0,0,NA,1,4,2,2,1,1
00-0035073,NA,NA,NA,0,0,0,0,0,NA,1,3,3,3,0,2
00-0035076,NA,NA,NA,0,0,0,0,0,NA,3,8,3,3,2,1
00-0035084,NA,NA,NA,0,0,0,0,0,NA,3,13,3,3,5,0
00-0035094,NA,NA,NA,0,0,0,0,0,NA,1,7,1,1,1,1
00-0035099,NA,NA,NA,0,0,0,0,0,NA,4,12,9,8,1,5
00-0035101,NA,NA,NA,0,0,0,0,0,NA,1,1,0,0,1,1
00-0035117,NA,NA,NA,0,0,0,0,0,NA,2,7,1,1,5,0
00-0035126,NA,NA,NA,0,0,0,0,0,NA,1,2,2,1,0,1
00-0035139,NA,NA,NA,0,0,0,0,0,NA,1,7,3,3,0,2
00-0035141,NA,NA,NA,0,0,0,0,0,NA,2,14,4,4,9,6
00-0035142,NA,NA,NA,0,0,0,0,0,NA,2,4,3,3,1,2
00-0035145,NA,NA,NA,0,0,0,0,0,NA,3,7,4,4,2,3
00-0035146,NA,NA,NA,0,0,0,0,0,NA,1,1,0,0,1,1
00-0035147,NA,NA,NA,0,0,0,0,0,NA,2,9,5,5,2,5
00-0035150,NA,NA,NA,0,0,0,0,0,NA,2,4,2,2,2,1
00-0035157,NA,NA,NA,0,0,0,0,0,NA,1,1,1,1,0,0
00-0035164,NA,NA,NA,0,0,0,0,0,NA,1,1,1,1,0,0
00-0035179,NA,NA,NA,0,0,0,0,0,NA,1,2,0,0,2,1
00-0035189,NA,NA,NA,0,0,0,0,0,NA,2,2,2,1,0,1
00-0035215,NA,NA,NA,0,0,0,0,0,NA,4,12,5,4,6,3
00-0035216,NA,NA,NA,0,0,0,0,0,NA,4,22,8,7,5,5
00-0035217,NA,NA,NA,0,0,0,0,0,NA,1,1,1,1,0,0
00-0035218,NA,NA,NA,0,0,0,0,0,NA,1,2,1,1,0,0
00-0035219,NA,NA,NA,0,0,0,0,0,NA,2,9,6,3,1,5
00-0035222,NA,NA,NA,0,0,0,0,0,NA,2,2,1,1,1,0
00-0035231,NA,NA,NA,0,0,0,0,0,NA,4,10,4,4,4,0
00-0035233,NA,NA,NA,0,0,0,0,0,NA,4,8,6,5,2,4
00-0035246,NA,NA,NA,0,0,0,0,0,NA,1,5,2,2,1,1
00-0035247,NA,NA,NA,0,0,0,0,0,NA,2,4,2,2,0,0
00-0035252,NA,NA,NA,0,0,0,0,0,NA,2,10,2,2,7,1
00-0035255,NA,NA,NA,0,0,0,0,0,NA,1,4,4,4,0,3
00-0035259,NA,NA,NA,0,0,0,0,0,NA,3,13,7,7,2,5
00-0035265,NA,NA,NA,0,0,0,0,0,NA,3,7,4,3,3,3
00-0035268,NA,NA,NA,0,0,0,0,0,NA,1,1,1,1,0,0
00-0035273,NA,NA,NA,0,0,0,0,0,NA,1,1,0,0,1,0
00-0035281,NA,NA,NA,0,0,0,0,0,NA,1,1,1,1,0,0
00-0035290,NA,NA,NA,0,0,0,0,0,NA,2,3,2,1,0,0
00-0035292,NA,NA,NA,0,0,0,0,0,NA,4,20,12,12,3,9
00-0035293,NA,NA,NA,0,0,0,0,0,NA,2,7,3,3,3,3
00-0035294,NA,NA,NA,0,0,0,0,0,NA,1,3,2,1,1,2
00-0035295,NA,NA,NA,0,0,0,0,0,NA,1,1,0,0,1,1
00-0035300,NA,NA,NA,0,0,0,0,0,NA,3,5,2,2,2,0
00-0035304,NA,NA,NA,0,0,0,0,0,NA,2,8,3,3,3,2
00-0035306,NA,NA,NA,0,0,0,0,0,NA,2,2,2,2,0,2
00-0035307,NA,NA,NA,0,0,0,0,0,NA,1,5,3,0,2,0
00-0035308,NA,NA,NA,0,0,0,0,0,NA,1,2,2,2,0,1
00-0035311,NA,NA,NA,0,0,0,0,0,NA,1,4,1,1,2,1
00-0035327,NA,NA,NA,0,0,0,0,0,NA,1,1,1,1,0,0
00-0035328,NA,NA,NA,0,0,0,0,0,NA,3,12,8,8,3,7
00-0035329,NA,NA,NA,0,0,0,0,0,NA,3,14,7,7,5,5
00-0035334,NA,NA,NA,0,0,0,0,0,NA,3,15,5,5,7,4
00-0035341,NA,NA,NA,0,0,0,0,0,NA,1,2,1,1,0,0
00-0035343,NA,NA,NA,0,0,0,0,0,NA,2,11,6,6,4,6
00-0035345,NA,NA,NA,0,0,0,0,0,NA,2,2,1,1,1,0
00-0035346,NA,NA,NA,0,0,0,0,0,NA,2,6,2,2,4,0
00-0035350,NA,NA,NA,0,0,0,0,0,NA,1,9,2,2,4,0
00-0035356,NA,NA,NA,0,0,0,0,0,NA,1,1,1,1,0,1
00-0035370,NA,NA,NA,0,0,0,0,0,NA,1,1,1,0,0,0
00-0035382,NA,NA,NA,0,0,0,0,0,NA,4,15,11,11,2,7
00-0035383,NA,NA,NA,0,0,0,0,0,NA,3,8,4,3,3,2
00-0035384,NA,NA,NA,0,0,0,0,0,NA,1,1,1,1,0,0
00-0035393,NA,NA,NA,0,0,0,0,0,NA,1,1,1,0,0,0
00-0035399,NA,NA,NA,0,0,0,0,0,NA,2,10,3,3,4,4
00-0035412,NA,NA,NA,0,0,0,0,0,NA,1,1,1,1,0,0
00-0035414,NA,NA,NA,0,0,0,0,0,NA,1,5,1,1,4,0
00-0035422,NA,NA,NA,0,0,0,0,0,NA,1,5,1,1,4,1
00-0035423,NA,NA,NA,0,0,0,0,0,NA,2,4,3,3,0,2
00-0035428,NA,NA,NA,0,0,0,0,0,NA,1,3,1,1,0,0
00-0035437,NA,NA,NA,0,0,0,0,0,NA,3,10,4,4,4,3
00-0035444,NA,NA,NA,0,0,0,0,0,NA,3,9,6,6,2,3
00-0035468,NA,NA,NA,0,0,0,0,0,NA,1,2,2,2,0,2
00-0035480,NA,NA,NA,0,0,0,0,0,NA,1,6,4,4,2,4
00-0035510,NA,NA,NA,0,0,0,0,0,NA,2,5,5,5,0,4
00-0035521,NA,NA,NA,0,0,0,0,0,NA,1,6,2,2,1,2
00-0035527,NA,NA,NA,0,0,0,0,0,NA,1,2,2,2,0,1
00-0035530,NA,NA,NA,0,0,0,0,0,NA,1,4,2,2,2,2
00-0035531,NA,NA,NA,0,0,0,0,0,NA,1,4,1,1,2,1
00-0035532,NA,NA,NA,0,0,0,0,0,NA,1,1,1,1,0,0
00-0035533,NA,NA,NA,0,0,0,0,0,NA,1,3,1,1,0,0
00-0035541,NA,NA,NA,0,0,0,0,0,NA,2,2,2,2,0,0
00-0035547,NA,NA,NA,0,0,0,0,0,NA,2,5,4,4,0,3
00-0035562,NA,NA,NA,0,0,0,0,0,NA,3,7,4,3,3,3
00-0035572,NA,NA,NA,0,0,0,0,0,NA,1,1,1,0,0,1
00-0035591,NA,NA,NA,0,0,0,0,0,NA,1,3,2,2,0,1
00-0035607,NA,NA,NA,0,0,0,0,0,NA,1,3,3,3,0,2
00-0035609,NA,NA,NA,0,0,0,0,0,NA,1,1,1,1,0,1
00-0035617,NA,NA,NA,0,0,0,0,0,NA,4,6,4,4,1,1
00-0035621,NA,NA,NA,0,0,0,0,0,NA,1,1,0,0,1,0
00-0035624,NA,NA,NA,0,0,0,0,0,NA,2,9,3,2,5,1
00-0035625,NA,NA,NA,0,0,0,0,0,NA,4,19,9,9,8,7
00-0035628,NA,NA,NA,0,0,0,0,0,NA,3,5,3,3,2,0
00-0035638,NA,NA,NA,0,0,0,0,0,NA,2,8,2,2,3,1
00-0035646,NA,NA,NA,0,0,0,0,0,NA,3,26,5,5,12,3
00-0035649,NA,NA,NA,0,0,0,0,0,NA,4,26,13,13,4,10
00-0035650,NA,NA,NA,0,0,0,0,0,NA,2,3,3,3,0,1
00-0035651,NA,NA,NA,0,0,0,0,0,NA,1,2,1,0,1,1
00-0035654,NA,NA,NA,0,0,0,0,0,NA,2,5,2,1,0,2
00-0035656,NA,NA,NA,0,0,0,0,0,NA,4,15,7,6,4,7
00-0035657,NA,NA,NA,0,0,0,0,0,NA,3,20,4,4,13,4
00-0035664,NA,NA,NA,0,0,0,0,0,NA,2,7,2,1,4,2
00-0035665,NA,NA,NA,0,0,0,0,0,NA,3,10,6,6,3,5
00-0035670,NA,NA,NA,0,0,0,0,0,NA,2,10,4,4,2,2
00-0035671,NA,NA,NA,0,0,0,0,0,NA,1,1,1,1,0,0
00-0035677,NA,NA,NA,0,0,0,0,0,NA,2,7,1,1,5,2
00-0035684,NA,NA,NA,0,0,0,0,0,NA,1,1,1,1,0,0
00-0035692,NA,NA,NA,0,0,0,0,0,NA,4,24,7,6,2,5
00-0035693,NA,NA,NA,0,0,0,0,0,NA,2,7,2,2,1,1
00-0035694,NA,NA,NA,0,0,0,0,0,NA,1,8,1,1,2,0
00-0035695,NA,NA,NA,0,0,0,0,0,NA,2,12,7,6,3,6
00-0035696,NA,NA,NA,0,0,0,0,0,NA,2,6,2,2,4,2
00-0035703,NA,NA,NA,0,0,0,0,0,NA,2,7,4,4,3,2
00-0035707,NA,NA,NA,0,0,0,0,0,NA,3,14,6,5,7,3
00-0035708,NA,NA,NA,0,0,0,0,0,NA,3,6,4,4,2,3
00-0035754,NA,NA,NA,0,0,0,0,0,NA,1,1,0,0,1,0
00-0035757,NA,NA,NA,0,0,0,0,0,NA,3,7,3,3,0,0
00-0035771,NA,NA,NA,0,0,0,0,0,NA,3,7,3,3,1,0
00-0035783,NA,NA,NA,0,0,0,0,0,NA,2,4,2,2,1,0
00-0035804,NA,NA,NA,0,0,0,0,0,NA,2,3,2,2,1,1
00-0035806,NA,NA,NA,0,0,0,0,0,NA,2,9,7,7,1,6
00-0035823,NA,NA,NA,0,0,0,0,0,NA,2,5,4,4,0,3
00-0035830,NA,NA,NA,0,0,0,0,0,NA,1,1,0,0,1,0
00-0035831,NA,NA,NA,0,0,0,0,0,NA,2,9,1,1,5,0
00-0035849,NA,NA,NA,0,0,0,0,0,NA,1,1,1,1,0,1
00-0035853,NA,NA,NA,0,0,0,0,0,NA,1,1,0,0,1,0
00-0035860,NA,NA,NA,0,0,0,0,0,NA,1,1,1,0,0,0
00-0035862,NA,NA,NA,0,0,0,0,0,NA,2,4,3,3,1,2
00-0035864,NA,NA,NA,0,0,0,0,0,NA,2,8,5,5,3,4
00-0035903,NA,NA,NA,0,0,0,0,0,NA,1,1,1,1,0,1
00-0035906,NA,NA,NA,0,0,0,0,0,NA,1,1,1,0,0,0
00-0035908,NA,NA,NA,0,0,0,0,0,NA,1,1,1,1,0,0
00-0035924,NA,NA,NA,0,0,0,0,0,NA,2,6,5,4,1,3
00-0035925,NA,NA,NA,0,0,0,0,0,NA,1,1,1,0,0,0
00-0035927,NA,NA,NA,0,0,0,0,0,NA,1,1,0,0,1,1
00-0035950,NA,NA,NA,0,0,0,0,0,NA,2,6,3,3,2,2
00-0035956,NA,NA,NA,0,0,0,0,0,NA,3,10,5,5,2,3
00-0035965,NA,NA,NA,0,0,0,0,0,NA,1,2,2,2,0,1
00-0035984,NA,NA,NA,0,0,0,0,0,NA,2,3,2,2,1,0
00-0035995,NA,NA,NA,0,0,0,0,0,NA,2,3,3,3,0,2
00-0036002,NA,NA,NA,0,0,0,0,0,NA,2,3,2,2,1,1
00-0036010,NA,NA,NA,0,0,0,0,0,NA,1,1,1,0,0,1
00-0036011,NA,NA,NA,0,0,0,0,0,NA,3,7,6,6,1,2
00-0036028,NA,NA,NA,0,0,0,0,0,NA,1,1,1,1,0,0
00-0036045,NA,NA,NA,0,0,0,0,0,NA,2,3,1,1,2,1
00-0036048,NA,NA,NA,0,0,0,0,0,NA,1,1,0,0,1,0
00-0036068,NA,NA,NA,0,0,0,0,0,NA,1,1,1,1,0,0
00-0036069,NA,NA,NA,0,0,0,0,0,NA,1,2,2,0,0,1
00-0036076,NA,NA,NA,0,0,0,0,0,NA,1,1,1,1,0,1
00-0036077,NA,NA,NA,0,0,0,0,0,NA,1,1,1,1,0,0
00-0036083,NA,NA,NA,0,0,0,0,0,NA,1,1,1,1,0,1
00-0036086,NA,NA,NA,0,0,0,0,0,NA,2,3,3,0,0,0
00-0036090,NA,NA,NA,0,0,0,0,0,NA,1,2,1,1,0,1
00-0036118,NA,NA,NA,0,0,0,0,0,NA,1,1,1,1,0,1
00-0036133,NA,NA,NA,0,0,0,0,0,NA,1,3,1,1,2,1
00-0036163,NA,NA,NA,0,0,0,0,0,NA,3,5,3,3,1,0
00-0036167,NA,NA,NA,0,0,0,0,0,NA,1,2,0,0,2,0
00-0036173,NA,NA,NA,0,0,0,0,0,NA,1,3,2,2,1,3
00-0036194,NA,NA,NA,0,0,0,0,0,NA,1,5,2,2,2,1
00-0036196,NA,NA,NA,0,0,0,0,0,NA,4,15,4,4,8,1
00-0036203,NA,NA,NA,0,0,0,0,0,NA,1,1,1,1,0,0
00-0036213,NA,NA,NA,0,0,0,0,0,NA,2,11,2,2,4,0
00-0036217,NA,NA,NA,0,0,0,0,0,NA,2,5,2,1,3,1
00-0036229,NA,NA,NA,0,0,0,0,0,NA,1,1,1,1,0,1
00-0036230,NA,NA,NA,0,0,0,0,0,NA,2,3,2,2,0,0
00-0036233,NA,NA,NA,0,0,0,0,0,NA,3,8,4,2,4,1
00-0036234,NA,NA,NA,0,0,0,0,0,NA,1,1,1,0,0,0
00-0036236,NA,NA,NA,0,0,0,0,0,NA,2,6,2,2,1,0
00-0036238,NA,NA,NA,0,0,0,0,0,NA,1,2,0,0,2,0
00-0036240,NA,NA,NA,0,0,0,0,0,NA,1,9,1,1,2,0
00-0036241,NA,NA,NA,0,0,0,0,0,NA,1,1,0,0,1,0
00-0036243,NA,NA,NA,0,0,0,0,0,NA,1,5,3,3,1,1
00-0036245,NA,NA,NA,0,0,0,0,0,NA,1,1,1,1,0,1
00-0036247,NA,NA,NA,0,0,0,0,0,NA,1,6,1,1,0,0
00-0036251,NA,NA,NA,0,0,0,0,0,NA,4,13,4,3,6,6
00-0036254,NA,NA,NA,0,0,0,0,0,NA,1,3,2,2,1,2
00-0036255,NA,NA,NA,0,0,0,0,0,NA,2,3,3,2,0,1
00-0036261,NA,NA,NA,0,0,0,0,0,NA,2,3,2,2,1,0
00-0036268,NA,NA,NA,0,0,0,0,0,NA,4,20,9,9,6,7
00-0036269,NA,NA,NA,0,0,0,0,0,NA,1,2,0,0,2,0
00-0036270,NA,NA,NA,0,0,0,0,0,NA,1,1,1,1,0,1
00-0036273,NA,NA,NA,0,0,0,0,0,NA,3,8,6,6,1,4
00-0036276,NA,NA,NA,0,0,0,0,0,NA,1,1,0,0,1,0
00-0036277,NA,NA,NA,0,0,0,0,0,NA,1,1,1,1,0,1
00-0036283,NA,NA,NA,0,0,0,0,0,NA,1,1,1,0,0,1
00-0036291,NA,NA,NA,0,0,0,0,0,NA,2,3,2,2,1,2
00-0036297,NA,NA,NA,0,0,0,0,0,NA,2,4,2,2,2,1
00-0036303,NA,NA,NA,0,0,0,0,0,NA,1,3,2,2,0,1
00-0036304,NA,NA,NA,0,0,0,0,0,NA,1,3,2,2,1,2
00-0036314,NA,NA,NA,0,0,0,0,0,NA,3,7,2,2,4,1
00-0036315,NA,NA,NA,0,0,0,0,0,NA,2,7,3,3,4,5
00-0036316,NA,NA,NA,0,0,0,0,0,NA,1,1,1,1,0,0
00-0036320,NA,NA,NA,0,0,0,0,0,NA,1,1,1,1,0,0
00-0036326,NA,NA,NA,0,0,0,0,0,NA,3,17,7,6,3,6
00-0036330,NA,NA,NA,0,0,0,0,0,NA,2,13,3,3,7,3
00-0036332,NA,NA,NA,0,0,0,0,0,NA,4,10,3,3,4,2
00-0036336,NA,NA,NA,0,0,0,0,0,NA,2,5,3,3,0,1
00-0036342,NA,NA,NA,0,0,0,0,0,NA,1,1,1,0,0,0
00-0036343,NA,NA,NA,0,0,0,0,0,NA,2,4,1,1,3,0
00-0036344,NA,NA,NA,0,0,0,0,0,NA,1,4,3,3,0,2
00-0036350,NA,NA,NA,0,0,0,0,0,NA,1,1,1,0,0,1
00-0036351,NA,NA,NA,0,0,0,0,0,NA,4,23,11,11,2,8
00-0036352,NA,NA,NA,0,0,0,0,0,NA,1,6,6,6,0,3
00-0036357,NA,NA,NA,0,0,0,0,0,NA,1,2,1,1,0,0
00-0036360,NA,NA,NA,0,0,0,0,0,NA,3,17,6,3,6,7
00-0036364,NA,NA,NA,0,0,0,0,0,NA,1,1,1,0,0,0
00-0036365,NA,NA,NA,0,0,0,0,0,NA,1,2,1,1,0,0
00-0036367,NA,NA,NA,0,0,0,0,0,NA,2,13,6,6,2,4
00-0036368,NA,NA,NA,0,0,0,0,0,NA,2,4,1,1,3,0
00-0036370,NA,NA,NA,0,0,0,0,0,NA,1,1,1,1,0,1
00-0036373,NA,NA,NA,0,0,0,0,0,NA,2,7,5,5,2,5
00-0036383,NA,NA,NA,0,0,0,0,0,NA,2,4,3,3,1,1
00-0036385,NA,NA,NA,0,0,0,0,0,NA,1,2,2,2,0,1
00-0036393,NA,NA,NA,0,0,0,0,0,NA,1,5,1,1,3,0
00-0036397,NA,NA,NA,0,0,0,0,0,NA,4,12,9,9,3,8
00-0036400,NA,NA,NA,0,0,0,0,0,NA,2,5,3,3,1,2
00-0036401,NA,NA,NA,0,0,0,0,0,NA,2,9,5,5,0,2
00-0036402,NA,NA,NA,0,0,0,0,0,NA,3,5,2,2,1,1
00-0036403,NA,NA,NA,0,0,0,0,0,NA,3,9,3,3,2,2
00-0036412,NA,NA,NA,0,0,0,0,0,NA,1,7,5,5,2,5
00-0036414,NA,NA,NA,0,0,0,0,0,NA,3,9,4,1,2,4
00-0036419,NA,NA,NA,0,0,0,0,0,NA,2,14,4,4,2,4
00-0036420,NA,NA,NA,0,0,0,0,0,NA,1,1,0,0,1,0
00-0036424,NA,NA,NA,0,0,0,0,0,NA,1,1,1,0,0,0
00-0036426,NA,NA,NA,0,0,0,0,0,NA,2,3,2,2,1,2
00-0036430,NA,NA,NA,0,0,0,0,0,NA,1,1,0,0,1,0
00-0036437,NA,NA,NA,0,0,0,0,0,NA,1,1,1,0,0,0
00-0036438,NA,NA,NA,0,0,0,0,0,NA,2,15,5,5,5,4
00-0036439,NA,NA,NA,0,0,0,0,0,NA,2,9,4,4,3,4
00-0036444,NA,NA,NA,0,0,0,0,0,NA,1,1,1,0,0,0
00-0036450,NA,NA,NA,0,0,0,0,0,NA,2,3,2,1,0,0
00-0036456,NA,NA,NA,0,0,0,0,0,NA,1,7,2,2,3,3
00-0036465,NA,NA,NA,0,0,0,0,0,NA,2,6,4,4,1,3
00-0036474,NA,NA,NA,0,0,0,0,0,NA,1,4,1,1,3,1
00-0036482,NA,NA,NA,0,0,0,0,0,NA,2,3,3,3,0,1
00-0036488,NA,NA,NA,0,0,0,0,0,NA,1,1,1,1,0,1
00-0036493,NA,NA,NA,0,0,0,0,0,NA,2,5,4,4,0,1
00-0036503,NA,NA,NA,0,0,0,0,0,NA,1,2,1,1,0,1
00-0036506,NA,NA,NA,0,0,0,0,0,NA,2,3,2,1,1,1
00-0036510,NA,NA,NA,0,0,0,0,0,NA,3,8,2,2,6,2
00-0036511,NA,NA,NA,0,0,0,0,0,NA,1,2,2,2,0,1
00-0036522,NA,NA,NA,0,0,0,0,0,NA,1,1,1,0,0,0
00-0036526,NA,NA,NA,0,0,0,0,0,NA,1,2,1,1,0,0
00-0036527,NA,NA,NA,0,0,0,0,0,NA,3,4,2,2,2,0
00-0036530,NA,NA,NA,0,0,0,0,0,NA,1,1,1,0,0,0
00-0036546,NA,NA,NA,0,0,0,0,0,NA,1,4,2,2,1,1
00-0036553,NA,NA,NA,0,0,0,0,0,NA,2,3,3,2,0,2
00-0036558,NA,NA,NA,0,0,0,0,0,NA,2,3,2,1,0,1
00-0036559,NA,NA,NA,0,0,0,0,0,NA,3,15,4,3,11,4
00-0036560,NA,NA,NA,0,0,0,0,0,NA,1,2,1,1,1,0
00-0036562,NA,NA,NA,0,0,0,0,0,NA,1,4,0,0,4,0
00-0036566,NA,NA,NA,0,0,0,0,0,NA,1,1,0,0,1,0
00-0036570,NA,NA,NA,0,0,0,0,0,NA,1,1,1,1,0,1
00-0036572,NA,NA,NA,0,0,0,0,0,NA,2,7,3,3,1,4
00-0036575,NA,NA,NA,0,0,0,0,0,NA,1,1,1,0,0,0
00-0036576,NA,NA,NA,0,0,0,0,0,NA,1,2,1,0,1,1
00-0036577,NA,NA,NA,0,0,0,0,0,NA,2,6,4,2,1,3
00-0036611,NA,NA,NA,0,0,0,0,0,NA,1,1,1,0,0,0
00-0036615,NA,NA,NA,0,0,0,0,0,NA,4,13,9,9,3,5
00-0036632,NA,NA,NA,0,0,0,0,0,NA,1,1,0,0,1,1
00-0036633,NA,NA,NA,0,0,0,0,0,NA,2,14,4,4,6,3
00-0036634,NA,NA,NA,0,0,0,0,0,NA,3,8,4,1,1,1
00-0036636,NA,NA,NA,0,0,0,0,0,NA,1,2,1,1,1,0
00-0036639,NA,NA,NA,0,0,0,0,0,NA,1,2,1,1,1,0
00-0036641,NA,NA,NA,0,0,0,0,0,NA,1,1,1,0,0,1
00-0036652,NA,NA,NA,0,0,0,0,0,NA,1,1,1,1,0,1
00-0036654,NA,NA,NA,0,0,0,0,0,NA,2,3,2,2,0,0
00-0036661,NA,NA,NA,0,0,0,0,0,NA,3,4,3,3,1,1
00-0036662,NA,NA,NA,0,0,0,0,0,NA,1,1,1,1,0,0
00-0036665,NA,NA,NA,0,0,0,0,0,NA,1,3,1,1,2,3
00-0036666,NA,NA,NA,0,0,0,0,0,NA,2,6,3,3,2,2
00-0036670,NA,NA,NA,0,0,0,0,0,NA,1,3,2,1,1,1
00-0036671,NA,NA,NA,0,0,0,0,0,NA,2,4,4,4,0,3
00-0036673,NA,NA,NA,0,0,0,0,0,NA,1,2,2,2,0,1
00-0036691,NA,NA,NA,0,0,0,0,0,NA,2,9,6,6,1,5
00-0036725,NA,NA,NA,0,0,0,0,0,NA,1,3,1,1,1,1
00-0036748,NA,NA,NA,0,0,0,0,0,NA,2,7,4,4,2,2
00-0036749,NA,NA,NA,0,0,0,0,0,NA,2,3,3,2,0,2
00-0036752,NA,NA,NA,0,0,0,0,0,NA,2,6,4,4,2,2
00-0036767,NA,NA,NA,0,0,0,0,0,NA,1,2,1,1,1,0
00-0036795,NA,NA,NA,0,0,0,0,0,NA,3,5,3,3,1,0
00-0036829,NA,NA,NA,0,0,0,0,0,NA,1,2,1,0,1,0
00-0036846,NA,NA,NA,0,0,0,0,0,NA,1,2,2,2,0,2
00-0036847,NA,NA,NA,0,0,0,0,0,NA,3,6,5,4,1,3
00-0036851,NA,NA,NA,0,0,0,0,0,NA,1,4,1,1,3,2
00-0036852,NA,NA,NA,0,0,0,0,0,NA,3,7,3,2,4,3
00-0036853,NA,NA,NA,0,0,0,0,0,NA,2,2,2,1,0,2
00-0036857,NA,NA,NA,0,0,0,0,0,NA,3,9,4,4,4,3
00-0036860,NA,NA,NA,0,0,0,0,0,NA,1,1,1,1,0,0
00-0036863,NA,NA,NA,0,0,0,0,0,NA,1,1,1,0,0,0
00-0036865,NA,NA,NA,0,0,0,0,0,NA,2,8,2,1,2,0
00-0036868,NA,NA,NA,0,0,0,0,0,NA,1,4,1,1,2,0
00-0036872,NA,NA,NA,0,0,0,0,0,NA,2,6,2,2,4,2
00-0036877,NA,NA,NA,0,0,0,0,0,NA,3,6,4,2,1,2
00-0036878,NA,NA,NA,0,0,0,0,0,NA,2,3,2,2,1,1
00-0036889,NA,NA,NA,0,0,0,0,0,NA,1,4,3,3,1,3
00-0036892,NA,NA,NA,0,0,0,0,0,NA,1,2,1,1,0,0
00-0036895,NA,NA,NA,0,0,0,0,0,NA,2,3,2,2,0,2
00-0036897,NA,NA,NA,0,0,0,0,0,NA,1,1,0,0,1,0
00-0036899,NA,NA,NA,0,0,0,0,0,NA,1,3,3,3,0,2
00-0036913,NA,NA,NA,0,0,0,0,0,NA,3,42,17,17,11,16
00-0036917,NA,NA,NA,0,0,0,0,0,NA,2,3,3,2,0,1
00-0036918,NA,NA,NA,0,0,0,0,0,NA,1,1,0,0,1,1
00-0036920,NA,NA,NA,0,0,0,0,0,NA,1,3,2,2,1,1
00-0036921,NA,NA,NA,0,0,0,0,0,NA,1,1,1,1,0,0
00-0036922,NA,NA,NA,0,0,0,0,0,NA,3,6,4,4,0,2
00-0036935,NA,NA,NA,0,0,0,0,0,NA,3,6,3,1,2,1
00-0036936,NA,NA,NA,0,0,0,0,0,NA,2,13,7,7,6,7
00-0036938,NA,NA,NA,0,0,0,0,0,NA,1,2,2,2,0,1
00-0036947,NA,NA,NA,0,0,0,0,0,NA,1,1,0,0,1,1
00-0036949,NA,NA,NA,0,0,0,0,0,NA,2,4,2,2,2,0
00-0036950,NA,NA,NA,0,0,0,0,0,NA,2,5,2,2,2,1
00-0036951,NA,NA,NA,0,0,0,0,0,NA,1,4,3,3,1,2
00-0036961,NA,NA,NA,0,0,0,0,0,NA,3,4,3,2,1,0
00-0036966,NA,NA,NA,0,0,0,0,0,NA,1,4,2,2,0,0
00-0036978,NA,NA,NA,0,0,0,0,0,NA,2,7,2,2,5,2
00-0036984,NA,NA,NA,0,0,0,0,0,NA,3,5,3,3,1,1
00-0036991,NA,NA,NA,0,0,0,0,0,NA,2,2,1,1,1,0
00-0036999,NA,NA,NA,0,0,0,0,0,NA,2,7,6,6,1,5
00-0037000,NA,NA,NA,0,0,0,0,0,NA,1,4,3,2,1,3
00-0037006,NA,NA,NA,0,0,0,0,0,NA,1,3,1,1,2,1
00-0037010,NA,NA,NA,0,0,0,0,0,NA,4,12,4,4,3,1
00-0037011,NA,NA,NA,0,0,0,0,0,NA,1,2,1,1,0,0
00-0037043,NA,NA,NA,0,0,0,0,0,NA,3,8,3,3,4,2
00-0037070,NA,NA,NA,0,0,0,0,0,NA,1,4,4,4,0,3
00-0037084,NA,NA,NA,0,0,0,0,0,NA,1,2,1,1,1,0
00-0037088,NA,NA,NA,0,0,0,0,0,NA,2,3,1,1,1,0
00-0037090,NA,NA,NA,0,0,0,0,0,NA,1,2,1,0,1,0
00-0037095,NA,NA,NA,0,0,0,0,0,NA,2,7,4,4,2,2
00-0037122,NA,NA,NA,0,0,0,0,0,NA,2,2,2,1,0,1
00-0037136,NA,NA,NA,0,0,0,0,0,NA,1,1,1,0,0,0
00-0037164,NA,NA,NA,0,0,0,0,0,NA,1,2,2,1,0,1
00-0037168,NA,NA,NA,0,0,0,0,0,NA,1,1,1,1,0,1
00-0037179,NA,NA,NA,0,0,0,0,0,NA,1,1,0,0,1,0
00-0037202,NA,NA,NA,0,0,0,0,0,NA,1,4,2,2,0,1
00-0037216,NA,NA,NA,0,0,0,0,0,NA,1,3,1,0,2,0
00-0037245,NA,NA,NA,0,0,0,0,0,NA,2,5,3,3,2,2
00-0037257,NA,NA,NA,0,0,0,0,0,NA,3,9,5,5,1,4
00-0037264,NA,NA,NA,0,0,0,0,0,NA,2,5,4,4,0,1
00-0037273,NA,NA,NA,0,0,0,0,0,NA,2,8,3,3,4,2
00-0037279,NA,NA,NA,0,0,0,0,0,NA,1,2,1,1,0,0
00-0037293,NA,NA,NA,0,0,0,0,0,NA,2,5,2,2,2,0
00-0037296,NA,NA,NA,0,0,0,0,0,NA,1,3,3,3,0,1
00-0037299,NA,NA,NA,0,0,0,0,0,NA,1,3,1,1,2,1
00-0037308,NA,NA,NA,0,0,0,0,0,NA,1,1,1,1,0,0
00-0037314,NA,NA,NA,0,0,0,0,0,NA,1,6,2,2,0,1
00-0037317,NA,NA,NA,0,0,0,0,0,NA,2,2,1,1,1,0
00-0037318,NA,NA,NA,0,0,0,0,0,NA,2,8,3,3,4,2
00-0037331,NA,NA,NA,0,0,0,0,0,NA,1,4,1,1,2,0
00-0037363,NA,NA,NA,0,0,0,0,0,NA,1,1,1,0,0,0
00-0037375,NA,NA,NA,0,0,0,0,0,NA,1,1,0,0,1,0
00-0037377,NA,NA,NA,0,0,0,0,0,NA,1,3,2,2,1,2
00-0037383,NA,NA,NA,0,0,0,0,0,NA,2,8,3,3,5,4
00-0037393,NA,NA,NA,0,0,0,0,0,NA,2,4,2,2,1,1
00-0037406,NA,NA,NA,0,0,0,0,0,NA,1,6,3,2,1,3
00-0037410,NA,NA,NA,0,0,0,0,0,NA,1,2,0,0,2,0
00-0037429,NA,NA,NA,0,0,0,0,0,NA,3,7,3,3,2,1
00-0037433,NA,NA,NA,0,0,0,0,0,NA,1,1,1,0,0,1
00-0037450,NA,NA,NA,0,0,0,0,0,NA,1,3,1,1,1,0
00-0037456,NA,NA,NA,0,0,0,0,0,NA,1,2,1,1,1,0
00-0037459,NA,NA,NA,0,0,0,0,0,NA,3,8,3,3,4,2
00-0037487,NA,NA,NA,0,0,0,0,0,NA,1,1,1,0,0,0
00-0037491,NA,NA,NA,0,0,0,0,0,NA,3,7,4,3,2,2
00-0037499,NA,NA,NA,0,0,0,0,0,NA,1,1,1,1,0,1
00-0037503,NA,NA,NA,0,0,0,0,0,NA,1,4,2,2,1,1
00-0037516,NA,NA,NA,0,0,0,0,0,NA,2,8,1,1,4,2
00-0037517,NA,NA,NA,0,0,0,0,0,NA,3,5,3,3,2,2
00-0037560,NA,NA,NA,0,0,0,0,0,NA,2,5,2,2,0,1
00-0037569,NA,NA,NA,0,0,0,0,0,NA,2,7,3,3,3,1
00-0037580,NA,NA,NA,0,0,0,0,0,NA,1,1,1,1,0,1
00-0037591,NA,NA,NA,0,0,0,0,0,NA,1,4,3,3,1,3
00-0037607,NA,NA,NA,0,0,0,0,0,NA,1,1,1,1,0,1
00-0037613,NA,NA,NA,0,0,0,0,0,NA,2,12,4,4,2,2
00-0037627,NA,NA,NA,0,0,0,0,0,NA,1,6,4,4,2,2
00-0037747,NA,NA,NA,0,0,0,0,0,NA,1,4,3,3,1,2
00-0037751,NA,NA,NA,0,0,0,0,0,NA,1,2,1,1,1,0
00-0037754,NA,NA,NA,0,0,0,0,0,NA,2,5,3,2,2,2
00-0037759,NA,NA,NA,0,0,0,0,0,NA,3,3,3,3,0,3
00-0037760,NA,NA,NA,0,0,0,0,0,NA,1,2,2,2,0,1
00-0037822,NA,NA,NA,0,0,0,0,0,NA,2,9,3,3,5,1
00-0037827,NA,NA,NA,0,0,0,0,0,NA,1,4,4,4,0,3
00-0037836,NA,NA,NA,0,0,0,0,0,NA,1,3,2,2,0,1
00-0038045,NA,NA,NA,0,0,0,0,0,NA,2,2,1,1,1,1
00-0038091,NA,NA,NA,0,0,0,0,0,NA,1,4,4,0,0,1
00-0038092,NA,NA,NA,0,0,0,0,0,NA,2,2,2,2,0,1
00-0038093,NA,NA,NA,0,0,0,0,0,NA,1,3,1,1,2,0
00-0038113,NA,NA,NA,0,0,0,0,0,NA,1,3,1,1,2,2
00-0038122,NA,NA,NA,0,0,0,0,0,NA,2,2,2,2,0,0
00-0038130,NA,NA,NA,0,0,0,0,0,NA,1,5,3,3,2,3
00-0038132,NA,NA,NA,0,0,0,0,0,NA,1,1,0,0,1,1
00-0038149,NA,NA,NA,0,0,0,0,0,NA,1,1,1,1,0,1
00-0038404,NA,NA,NA,0,0,0,0,0,NA,1,2,0,0,2,0
00-0038448,NA,NA,NA,0,0,0,0,0,NA,1,3,0,0,3,0
00-0038456,NA,NA,NA,0,0,0,0,0,NA,1,1,1,0,0,1
00-0038475,NA,NA,NA,0,0,0,0,0,NA,1,1,1,1,0,0
00-0038477,NA,NA,NA,0,0,0,0,0,NA,1,9,2,2,3,2
00-0038479,NA,NA,NA,0,0,0,0,0,NA,1,3,0,0,3,0
00-0038487,NA,NA,NA,0,0,0,0,0,NA,2,3,2,2,1,1
00-0038507,NA,NA,NA,0,0,0,0,0,NA,1,2,1,1,1,1
00-0038561,NA,NA,NA,0,0,0,0,0,NA,1,2,1,1,1,1
00-0038569,NA,NA,NA,0,0,0,0,0,NA,2,10,4,4,5,4
00-0038572,NA,NA,NA,0,0,0,0,0,NA,2,5,4,4,1,1
00-0038575,NA,NA,NA,0,0,0,0,0,NA,1,5,1,1,3,0
00-0038583,NA,NA,NA,0,0,0,0,0,NA,2,9,3,3,0,2
00-0038584,NA,NA,NA,0,0,0,0,0,NA,2,8,4,4,4,5
00-0038598,NA,NA,NA,0,0,0,0,0,NA,1,4,3,3,1,3
00-0038602,NA,NA,NA,0,0,0,0,0,NA,2,2,2,1,0,0
00-0038607,NA,NA,NA,0,0,0,0,0,NA,2,8,5,5,3,3
00-0038624,NA,NA,NA,0,0,0,0,0,NA,1,2,1,1,1,1
00-0038627,NA,NA,NA,0,0,0,0,0,NA,1,1,1,1,0,0
00-0038641,NA,NA,NA,0,0,0,0,0,NA,1,3,1,1,1,0
00-0038741,NA,NA,NA,0,0,0,0,0,NA,1,5,4,4,1,3
00-0038775,NA,NA,NA,0,0,0,0,0,NA,1,2,1,1,1,0
00-0038811,NA,NA,NA,0,0,0,0,0,NA,1,1,1,1,0,0
00-0038821,NA,NA,NA,0,0,0,0,0,NA,2,6,4,4,2,0
00-0038827,NA,NA,NA,0,0,0,0,0,NA,1,2,2,2,0,1
00-0038835,NA,NA,NA,0,0,0,0,0,NA,1,1,1,0,0,0
00-0038848,NA,NA,NA,0,0,0,0,0,NA,1,8,2,2,2,1
00-0038850,NA,NA,NA,0,0,0,0,0,NA,1,4,3,3,0,2
00-0038906,NA,NA,NA,0,0,0,0,0,NA,1,1,0,0,1,1
00-0038939,NA,NA,NA,0,0,0,0,0,NA,1,3,3,3,0,0
00-0038961,NA,NA,NA,0,0,0,0,0,NA,1,2,1,1,0,0
00-0038969,NA,NA,NA,0,0,0,0,0,NA,1,1,1,1,0,1
00-0038983,NA,NA,NA,0,0,0,0,0,NA,1,1,1,1,0,0
00-0038985,NA,NA,NA,0,0,0,0,0,NA,1,3,3,3,0,3
00-0038998,NA,NA,NA,0,0,0,0,0,NA,1,1,1,0,0,0
00-0039008,NA,NA,NA,0,0,0,0,0,NA,1,1,1,1,0,1
00-0039060,NA,NA,NA,0,0,0,0,0,NA,1,2,1,1,0,0
00-0039133,NA,NA,NA,0,0,0,0,0,NA,2,5,1,1,4,0
00-0039134,NA,NA,NA,0,0,0,0,0,NA,1,3,3,3,0,2
00-0039135,NA,NA,NA,0,0,0,0,0,NA,1,1,1,1,0,0
00-0039306,NA,NA,NA,0,0,0,0,0,NA,1,3,1,1,1,0
00-0039318,NA,NA,NA,0,0,0,0,0,NA,1,4,1,1,2,0
00-0039385,NA,NA,NA,0,0,0,0,0,NA,1,3,0,0,3,0
00-0039393,NA,NA,NA,0,0,0,0,0,NA,1,4,3,3,1,2
00-0039413,NA,NA,NA,0,0,0,0,0,NA,1,3,2,2,1,0
00-0039502,NA,NA,NA,0,0,0,0,0,NA,1,3,2,2,0,2
00-0039512,NA,NA,NA,0,0,0,0,0,NA,1,1,1,1,0,0
00-0039613,NA,NA,NA,0,0,0,0,0,NA,1,2,2,2,0,1
00-0039649,NA,NA,NA,0,0,0,0,0,NA,1,1,1,1,0,0
00-0039715,NA,NA,NA,0,0,0,0,0,NA,1,3,1,1,2,0
00-0039750,NA,NA,NA,0,0,0,0,0,NA,1,1,0,0,1,0
00-0039853,NA,NA,NA,0,0,0,0,0,NA,1,3,2,2,1,2
