gsis_id,player,team,position,rotowire_id,rotowire_url
00-0023459,Aaron Rodgers,PIT,QB,4307,https://www.rotowire.com/football/player/aaron-rodgers-4307
00-0025565,Nick Folk,ATL,K,5365,https://www.rotowire.com/football/player/nick-folk-5365
00-0026027,J.J. Jansen,CAR,LS,NA,NA
00-0026158,Joe Flacco,CIN,QB,5648,https://www.rotowire.com/football/player/joe-flacco-5648
00-0026190,Calais Campbell,BAL,DL,5587,https://www.rotowire.com/football/player/calais-campbell-5587
00-0026300,Josh Johnson,CIN,QB,5653,https://www.rotowire.com/football/player/josh-johnson-5653
00-0026498,Matthew Stafford,LA,QB,5971,https://www.rotowire.com/football/player/matthew-stafford-5971
00-0027224,Jon Weeks,SF,LS,NA,NA
00-0027557,Morgan Cox,TEN,LS,NA,NA
00-0027857,Trent Williams,SF,OL,NA,NA
00-0027969,Cameron Heyward,PIT,DL,7449,https://www.rotowire.com/football/player/cameron-heyward-7449
00-0027973,Andy Dalton,PHI,QB,7355,https://www.rotowire.com/football/player/andy-dalton-7355
00-0028118,Tyrod Taylor,GB,QB,7357,https://www.rotowire.com/football/player/tyrod-taylor-7357
00-0028292,Nick Bellore,WAS,LB,7504,https://www.rotowire.com/football/player/nick-bellore-7504
00-0028845,Josh Harris,LAC,LS,3795,https://www.rotowire.com/football/player/josh-harris-3795
00-0028872,Johnny Hekker,MIN,P,8381,https://www.rotowire.com/football/player/johnny-hekker-8381
00-0028986,Case Keenum,CHI,QB,8065,https://www.rotowire.com/football/player/case-keenum-8065
00-0029604,Kirk Cousins,LV,QB,8057,https://www.rotowire.com/football/player/kirk-cousins-8057
00-0029607,Demario Davis,NYJ,LB,8213,https://www.rotowire.com/football/player/demario-davis-8213
00-0029692,Bryan Anger,DAL,P,8251,https://www.rotowire.com/football/player/bryan-anger-8251
00-0029714,Andrew DePaola,MIN,LS,NA,NA
00-0029892,Kyle Juszczyk,SF,RB,8930,https://www.rotowire.com/football/player/kyle-juszczyk-8930
00-0030035,Adam Thielen,MIN,WR,8986,https://www.rotowire.com/football/player/adam-thielen-8986
00-0030070,John Jenkins,BAL,DL,8672,https://www.rotowire.com/football/player/john-jenkins-8672
00-0030092,Sam Martin,CAR,P,9022,https://www.rotowire.com/football/player/sam-martin-9022
00-0030097,David Quessenberry,LA,OL,NA,NA
00-0030140,Tress Way,WAS,P,9832,https://www.rotowire.com/football/player/tress-way-9832
00-0030294,Tony Jefferson,LAC,DB,8688,https://www.rotowire.com/football/player/tony-jefferson-8688
00-0030506,Travis Kelce,KC,TE,8783,https://www.rotowire.com/football/player/travis-kelce-8783
00-0030561,Lane Johnson,PHI,OL,NA,NA
00-0030565,Geno Smith,NYJ,QB,8743,https://www.rotowire.com/football/player/geno-smith-8743
00-0030615,James Winchester,KC,LS,10606,https://www.rotowire.com/football/player/james-winchester-10606
00-0030957,Casey Kreiter,ARI,LS,NA,NA
00-0031040,Khalil Mack,LAC,LB,9251,https://www.rotowire.com/football/player/khalil-mack-9251
00-0031136,Chris Boswell,PIT,K,9646,https://www.rotowire.com/football/player/chris-boswell-9646
00-0031156,Tyler Ott,WAS,LS,NA,NA
00-0031203,Cairo Santos,CHI,K,9633,https://www.rotowire.com/football/player/cairo-santos-9633
00-0031235,Odell Beckham Jr.,NYG,WR,9255,https://www.rotowire.com/football/player/odell-beckham-jr-9255
00-0031237,Teddy Bridgewater,DET,QB,9245,https://www.rotowire.com/football/player/teddy-bridgewater-9245
00-0031270,Shelby Harris,NYG,DL,9785,https://www.rotowire.com/football/player/shelby-harris-9785
00-0031279,Jake Matthews,ATL,OL,NA,NA
00-0031330,Morgan Moses,NE,OL,NA,NA
00-0031381,Davante Adams,LA,WR,9455,https://www.rotowire.com/football/player/davante-adams-9455
00-0031408,Mike Evans,SF,WR,9253,https://www.rotowire.com/football/player/mike-evans-9253
00-0031411,DeMarcus Lawrence,SEA,LB,9344,https://www.rotowire.com/football/player/demarcus-lawrence-9344
00-0031484,Chris Manhertz,NYG,TE,10033,https://www.rotowire.com/football/player/chris-manhertz-10033
00-0031492,Jason Myers,SEA,K,10157,https://www.rotowire.com/football/player/jason-myers-10157
00-0031503,Jameis Winston,NYG,QB,10037,https://www.rotowire.com/football/player/jameis-winston-10037
00-0031565,Danielle Hunter,HOU,DL,10318,https://www.rotowire.com/football/player/danielle-hunter-10318
00-0031583,Grady Jarrett,CHI,DL,10458,https://www.rotowire.com/football/player/grady-jarrett-10458
00-0031595,Michael Burton,CLE,RB,10468,https://www.rotowire.com/football/player/michael-burton-10468
00-0031622,Bobby Hart,SEA,OL,NA,NA
00-0031898,Alex Singleton,DEN,LB,10811,https://www.rotowire.com/football/player/alex-singleton-10811
00-0031933,Leonard Williams,SEA,DL,10307,https://www.rotowire.com/football/player/leonard-williams-10307
00-0031957,Rakeem Nunez-Roches,TB,DL,10339,https://www.rotowire.com/football/player/rakeem-nunez-roches-10339
00-0032052,Dante Fowler Jr.,SEA,DL,10349,https://www.rotowire.com/football/player/dante-fowler-jr-10349
00-0032065,Bradley Pinion,MIA,P,10466,https://www.rotowire.com/football/player/bradley-pinion-10466
00-0032071,Trent Brown,HOU,OL,NA,NA
00-0032103,Denzel Perryman,LAC,LB,10356,https://www.rotowire.com/football/player/denzel-perryman-10356
00-0032104,Ameer Abdullah,JAX,RB,10126,https://www.rotowire.com/football/player/ameer-abdullah-10126
00-0032146,Bud Dupree,LAC,LB,10351,https://www.rotowire.com/football/player/bud-dupree-10351
00-0032156,Trevor Siemian,ATL,QB,10483,https://www.rotowire.com/football/player/trevor-siemian-10483
00-0032164,Arik Armstead,JAX,DL,10309,https://www.rotowire.com/football/player/arik-armstead-10309
00-0032208,Phillip Dorsett,LV,WR,10208,https://www.rotowire.com/football/player/phillip-dorsett-10208
00-0032228,Joe Cardona,LA,LS,NA,NA
00-0032268,Marcus Mariota,WAS,QB,10074,https://www.rotowire.com/football/player/marcus-mariota-10074
00-0032378,DeForest Buckner,IND,DL,10925,https://www.rotowire.com/football/player/deforest-buckner-10925
00-0032379,Eli Apple,SF,DB,10886,https://www.rotowire.com/football/player/eli-apple-10886
00-0032380,Laremy Tunsil,WAS,OL,NA,NA
00-0032387,Jarran Reed,SEA,DL,11217,https://www.rotowire.com/football/player/jarran-reed-11217
00-0032391,Joe Thuney,CHI,OL,NA,NA
00-0032392,Austin Hooper,ATL,TE,10748,https://www.rotowire.com/football/player/austin-hooper-10748
00-0032399,Miles Killebrew,TB,DB,11091,https://www.rotowire.com/football/player/miles-killebrew-11091
00-0032412,Dean Lowry,PIT,DL,11119,https://www.rotowire.com/football/player/dean-lowry-11119
00-0032424,DJ Reader,NYG,DL,11114,https://www.rotowire.com/football/player/dj-reader-11114
00-0032434,Brandon Allen,NYG,QB,10882,https://www.rotowire.com/football/player/brandon-allen-10882
00-0032445,Ted Karras,CIN,OL,NA,NA
00-0032464,Kalif Raymond,CHI,WR,11429,https://www.rotowire.com/football/player/kalif-raymond-11429
00-0032497,Reid Ferguson,BUF,LS,NA,NA
00-0032569,Wil Lutz,DEN,K,11309,https://www.rotowire.com/football/player/wil-lutz-11309
00-0032580,Jonathan Jones,PHI,DB,11081,https://www.rotowire.com/football/player/jonathan-jones-11081
00-0032667,Roy Robertson-Harris,NYG,DL,11356,https://www.rotowire.com/football/player/roy-robertson-harris-11356
00-0032701,Jake Brendel,SF,OL,NA,NA
00-0032726,Ka'imi Fairbairn,HOU,K,11031,https://www.rotowire.com/football/player/kaimi-fairbairn-11031
00-0032753,Luke Rhodes,IND,LS,11414,https://www.rotowire.com/football/player/luke-rhodes-11414
00-0032759,Sheldon Rankins,HOU,DL,11112,https://www.rotowire.com/football/player/sheldon-rankins-11112
00-0032762,Chris Jones,KC,DL,11074,https://www.rotowire.com/football/player/chris-jones-11074
00-0032764,Derrick Henry,BAL,RB,10819,https://www.rotowire.com/football/player/derrick-henry-10819
00-0032775,Demarcus Robinson,SF,WR,11163,https://www.rotowire.com/football/player/demarcus-robinson-11163
00-0032889,A'Shawn Robinson,TB,DL,11162,https://www.rotowire.com/football/player/ashawn-robinson-11162
00-0032918,C.J. Ham,MIN,RB,11599,https://www.rotowire.com/football/player/cj-ham-11599
00-0032933,Antonio Hamilton,WAS,DB,11518,https://www.rotowire.com/football/player/antonio-hamilton-11518
00-0032943,Riley Dixon,TB,P,11022,https://www.rotowire.com/football/player/riley-dixon-11022
00-0032950,Carson Wentz,MIN,QB,10856,https://www.rotowire.com/football/player/carson-wentz-10856
00-0032951,Laquon Treadwell,IND,WR,10739,https://www.rotowire.com/football/player/laquon-treadwell-10739
00-0032954,Isaac Seumalo,ARI,OL,NA,NA
00-0032965,Ronnie Stanley,BAL,OL,NA,NA
00-0033038,Eric Murray,JAX,DB,11141,https://www.rotowire.com/football/player/eric-murray-11141
00-0033051,David Onyemata,NYJ,DL,11219,https://www.rotowire.com/football/player/david-onyemata-11219
00-0033055,Jalen Ramsey,PIT,DB,11111,https://www.rotowire.com/football/player/jalen-ramsey-11111
00-0033063,Zach Wood,NO,LS,NA,NA
00-0033066,Andrew Billings,ARI,DL,10907,https://www.rotowire.com/football/player/andrew-billings-10907
00-0033077,Dak Prescott,DAL,QB,11008,https://www.rotowire.com/football/player/dak-prescott-11008
00-0033082,Lucas Patrick,NYG,OL,NA,NA
00-0033090,Hunter Henry,NE,TE,10735,https://www.rotowire.com/football/player/hunter-henry-10735
00-0033093,Jonathan Bullard,DAL,DL,10926,https://www.rotowire.com/football/player/jonathan-bullard-10926
00-0033106,Jared Goff,DET,QB,10729,https://www.rotowire.com/football/player/jared-goff-10729
00-0033109,Javon Hargrave,GB,DL,11051,https://www.rotowire.com/football/player/javon-hargrave-11051
00-0033110,Tyler Higbee,LA,TE,10854,https://www.rotowire.com/football/player/tyler-higbee-10854
00-0033119,Jacoby Brissett,ARI,QB,10919,https://www.rotowire.com/football/player/jacoby-brissett-10919
00-0033120,Kenny Clark,DAL,DL,10973,https://www.rotowire.com/football/player/kenny-clark-10973
00-0033131,Maliek Collins,CLE,DL,10976,https://www.rotowire.com/football/player/maliek-collins-10976
00-0033132,Kevin Byard,NE,DB,11218,https://www.rotowire.com/football/player/kevin-byard-11218
00-0033217,Mo Alie-Cox,IND,TE,12196,https://www.rotowire.com/football/player/mo-alie-cox-12196
00-0033246,Johnny Mundt,PHI,TE,12316,https://www.rotowire.com/football/player/johnny-mundt-12316
00-0033260,Thomas Hennessy,NYJ,LS,NA,NA
00-0033269,Rigoberto Sanchez,IND,P,12390,https://www.rotowire.com/football/player/rigoberto-sanchez-12390
00-0033280,Christian McCaffrey,SF,RB,11690,https://www.rotowire.com/football/player/christian-mccaffrey-11690
00-0033281,Marlon Humphrey,BAL,DB,12017,https://www.rotowire.com/football/player/marlon-humphrey-12017
00-0033284,Taylor Moton,CAR,OL,NA,NA
00-0033288,George Kittle,SF,TE,11892,https://www.rotowire.com/football/player/george-kittle-11892
00-0033290,Jermaine Eluemunor,NYG,OL,NA,NA
00-0033293,Aaron Jones,MIN,RB,11763,https://www.rotowire.com/football/player/aaron-jones-11763
00-0033294,Chuck Clark,DET,DB,12010,https://www.rotowire.com/football/player/chuck-clark-12010
00-0033297,D.J. Jones,DEN,DL,12209,https://www.rotowire.com/football/player/dj-jones-12209
00-0033303,Harrison Butker,KC,K,11783,https://www.rotowire.com/football/player/harrison-butker-11783
00-0033307,Kendrick Bourne,ARI,WR,11847,https://www.rotowire.com/football/player/kendrick-bourne-11847
00-0033319,Nick Mullens,JAX,QB,12511,https://www.rotowire.com/football/player/nick-mullens-12511
00-0033336,Eric Wilson,MIN,LB,12360,https://www.rotowire.com/football/player/eric-wilson-12360
00-0033347,Josh Tupou,NYG,DL,12183,https://www.rotowire.com/football/player/josh-tupou-12183
00-0033375,Tim Patrick,NYJ,WR,12061,https://www.rotowire.com/football/player/tim-patrick-12061
00-0033376,Patrick Ricard,NYG,RB,12298,https://www.rotowire.com/football/player/patrick-ricard-12298
00-0033381,Adam Butler,LV,DL,12141,https://www.rotowire.com/football/player/adam-butler-12141
00-0033455,Anthony Firkser,WAS,TE,12235,https://www.rotowire.com/football/player/anthony-firkser-12235
00-0033523,Jonathan Allen,CIN,DL,11900,https://www.rotowire.com/football/player/jonathan-allen-11900
00-0033526,Samaje Perine,CIN,RB,11698,https://www.rotowire.com/football/player/samaje-perine-11698
00-0033537,Deshaun Watson,CLE,QB,11712,https://www.rotowire.com/football/player/deshaun-watson-11712
00-0033538,Garett Bolles,DEN,OL,NA,NA
00-0033546,Dalvin Tomlinson,LAC,DL,11946,https://www.rotowire.com/football/player/dalvin-tomlinson-11946
00-0033548,Chidobe Awuzie,BAL,DB,12009,https://www.rotowire.com/football/player/chidobe-awuzie-12009
00-0033553,James Conner,ARI,RB,11691,https://www.rotowire.com/football/player/james-conner-11691
00-0033555,Mack Hollins,NE,WR,11861,https://www.rotowire.com/football/player/mack-hollins-11861
00-0033576,Eric Saubert,SEA,TE,11897,https://www.rotowire.com/football/player/eric-saubert-11897
00-0033589,David Moore,CAR,WR,12216,https://www.rotowire.com/football/player/david-moore-12216
00-0033676,Elijah Wilkinson,ARI,OL,NA,NA
00-0033729,Cameron Johnston,PIT,P,11829,https://www.rotowire.com/football/player/cameron-johnston-11829
00-0033752,Storm Norton,ATL,OL,NA,NA
00-0033757,Robert Tonyan,PIT,TE,12389,https://www.rotowire.com/football/player/robert-tonyan-12389
00-0033783,Ahkello Witherspoon,WAS,DB,12038,https://www.rotowire.com/football/player/ahkello-witherspoon-12038
00-0033787,Jake Elliott,PHI,K,12203,https://www.rotowire.com/football/player/jake-elliott-12203
00-0033793,Corey Levin,ATL,OL,NA,NA
00-0033831,Andrew Wylie,WAS,OL,NA,NA
00-0033857,JuJu Smith-Schuster,NYG,WR,11877,https://www.rotowire.com/football/player/juju-smith-schuster-11877
00-0033860,Davon Godchaux,NO,DL,11916,https://www.rotowire.com/football/player/davon-godchaux-11916
00-0033862,Zane Gonzalez,MIA,K,11831,https://www.rotowire.com/football/player/zane-gonzalez-11831
00-0033868,Myles Garrett,LA,DL,11914,https://www.rotowire.com/football/player/myles-garrett-11914
00-0033869,Mitchell Trubisky,TEN,QB,11709,https://www.rotowire.com/football/player/mitchell-trubisky-11709
00-0033870,Solomon Thomas,TEN,DL,11945,https://www.rotowire.com/football/player/solomon-thomas-11945
00-0033873,Patrick Mahomes,KC,QB,11839,https://www.rotowire.com/football/player/patrick-mahomes-11839
00-0033877,Malik Hooker,DAL,DB,11695,https://www.rotowire.com/football/player/malik-hooker-11695
00-0033881,Evan Engram,DEN,TE,11805,https://www.rotowire.com/football/player/evan-engram-11805
00-0033885,David Njoku,LAC,TE,11734,https://www.rotowire.com/football/player/david-njoku-11734
00-0033886,T.J. Watt,PIT,LB,11984,https://www.rotowire.com/football/player/tj-watt-11984
00-0033890,Budda Baker,ARI,DB,11986,https://www.rotowire.com/football/player/budda-baker-11986
00-0033904,Dion Dawkins,BUF,OL,NA,NA
00-0033906,Alvin Kamara,NO,RB,11732,https://www.rotowire.com/football/player/alvin-kamara-11732
00-0033908,Cooper Kupp,SEA,WR,11863,https://www.rotowire.com/football/player/cooper-kupp-11863
00-0033910,Dan Feeney,TB,OL,NA,NA
00-0033914,Alex Anzalone,TB,LB,11957,https://www.rotowire.com/football/player/alex-anzalone-11957
00-0033921,Chris Godwin Jr.,TB,WR,11718,https://www.rotowire.com/football/player/chris-godwin-jr-11718
00-0033928,Jourdan Lewis,JAX,DB,12024,https://www.rotowire.com/football/player/jourdan-lewis-12024
00-0033935,Trey Hendrickson,BAL,DL,11919,https://www.rotowire.com/football/player/trey-hendrickson-11919
00-0033945,Samson Ebukam,ATL,DL,12201,https://www.rotowire.com/football/player/samson-ebukam-12201
00-0033947,Deatrich Wise,WAS,DL,11954,https://www.rotowire.com/football/player/deatrich-wise-11954
00-0033952,Grover Stewart,IND,DL,12202,https://www.rotowire.com/football/player/grover-stewart-12202
00-0033955,Jeremy McNichols,WAS,RB,11767,https://www.rotowire.com/football/player/jeremy-mcnichols-11767
00-0033964,Al-Quadin Muhammad,TB,DL,11930,https://www.rotowire.com/football/player/al-quadin-muhammad-11930
00-0034051,Christian Kuntz,PIT,LS,12977,https://www.rotowire.com/football/player/christian-kuntz-12977
00-0034067,Scott Daly,TB,LS,NA,NA
00-0034112,Austin Schlottmann,TEN,OL,NA,NA
00-0034114,Coleman Shelton,LA,OL,NA,NA
00-0034116,J.T. Gray,PHI,DB,13106,https://www.rotowire.com/football/player/jt-gray-13106
00-0034158,Brian O'Neill,MIN,OL,NA,NA
00-0034160,Michael Dickson,SEA,P,12481,https://www.rotowire.com/football/player/michael-dickson-12481
00-0034162,J.K. Scott,LAC,P,12822,https://www.rotowire.com/football/player/jk-scott-12822
00-0034163,Jacob Martin,TEN,DL,12990,https://www.rotowire.com/football/player/jacob-martin-12990
00-0034173,Eddy Pineiro,SF,K,12582,https://www.rotowire.com/football/player/eddy-pineiro-12582
00-0034198,Trent Sieg,DAL,LS,NA,NA
00-0034234,Poona Ford,LA,DL,12492,https://www.rotowire.com/football/player/poona-ford-12492
00-0034248,Elijah Campbell,NYG,DB,13139,https://www.rotowire.com/football/player/elijah-campbell-13139
00-0034261,Austin Corbett,BUF,OL,NA,NA
00-0034270,Tyler Conklin,DET,TE,12809,https://www.rotowire.com/football/player/tyler-conklin-12809
00-0034272,Marquez Valdes-Scantling,DAL,WR,12934,https://www.rotowire.com/football/player/marquez-valdes-scantling-12934
00-0034277,DeShon Elliott,PIT,DB,12459,https://www.rotowire.com/football/player/deshon-elliott-12459
00-0034278,Tremon Smith,HOU,DB,12994,https://www.rotowire.com/football/player/tremon-smith-12994
00-0034285,Zach Sieler,MIA,DL,13011,https://www.rotowire.com/football/player/zach-sieler-13011
00-0034302,Frankie Luvu,WAS,LB,13159,https://www.rotowire.com/football/player/frankie-luvu-13159
00-0034320,Kentavius Street,CHI,DL,12752,https://www.rotowire.com/football/player/kentavius-street-12752
00-0034333,Daron Payne,WAS,DL,12618,https://www.rotowire.com/football/player/daron-payne-12618
00-0034342,Quenton Nelson,IND,OL,NA,NA
00-0034348,Courtland Sutton,DEN,WR,12586,https://www.rotowire.com/football/player/courtland-sutton-12586
00-0034350,Uchenna Nwosu,SEA,LB,12844,https://www.rotowire.com/football/player/uchenna-nwosu-12844
00-0034351,Dallas Goedert,PHI,TE,12860,https://www.rotowire.com/football/player/dallas-goedert-12860
00-0034355,M.J. Stewart,HOU,DB,12836,https://www.rotowire.com/football/player/mj-stewart-12836
00-0034356,Donte Jackson,LAC,DB,12610,https://www.rotowire.com/football/player/donte-jackson-12610
00-0034357,Isaiah Oliver,ARI,DB,12581,https://www.rotowire.com/football/player/isaiah-oliver-12581
00-0034361,Justin Reid,NO,DB,12606,https://www.rotowire.com/football/player/justin-reid-12606
00-0034365,Ian Thomas,LV,TE,12858,https://www.rotowire.com/football/player/ian-thomas-12858
00-0034371,Da'Shawn Hand,ATL,DL,12821,https://www.rotowire.com/football/player/dashawn-hand-12821
00-0034373,Dorance Armstrong,WAS,DL,12548,https://www.rotowire.com/football/player/dorance-armstrong-12548
00-0034376,Taron Johnson,LV,DB,12784,https://www.rotowire.com/football/player/taron-johnson-12784
00-0034377,Avonte Maddox,DET,DB,12683,https://www.rotowire.com/football/player/avonte-maddox-12683
00-0034381,Josh Sweat,ARI,LB,12546,https://www.rotowire.com/football/player/josh-sweat-12546
00-0034383,Dalton Schultz,HOU,TE,12514,https://www.rotowire.com/football/player/dalton-schultz-12514
00-0034384,D.J. Reed,DET,DB,12505,https://www.rotowire.com/football/player/dj-reed-12505
00-0034386,Justin Watson,HOU,WR,12746,https://www.rotowire.com/football/player/justin-watson-12746
00-0034391,Siran Neal,SF,DB,12817,https://www.rotowire.com/football/player/siran-neal-12817
00-0034397,Tim Settle,WAS,DL,12544,https://www.rotowire.com/football/player/tim-settle-12544
00-0034399,Wyatt Teller,HOU,OL,NA,NA
00-0034413,Foye Oluokun,JAX,LB,12995,https://www.rotowire.com/football/player/foye-oluokun-12995
00-0034417,Matt Pryor,ARI,OL,NA,NA
00-0034418,Cedrick Wilson Jr.,DET,WR,12773,https://www.rotowire.com/football/player/cedrick-wilson-jr-12773
00-0034419,Braxton Berrios,NYG,WR,12771,https://www.rotowire.com/football/player/braxton-berrios-12771
00-0034429,Jordan Mailata,PHI,OL,NA,NA
00-0034431,Zaire Franklin,GB,LB,13010,https://www.rotowire.com/football/player/zaire-franklin-13010
00-0034437,Logan Cooke,JAX,P,13013,https://www.rotowire.com/football/player/logan-cooke-13013
00-0034446,Jalen Davis,CIN,DB,13263,https://www.rotowire.com/football/player/jalen-davis-13263
00-0034465,Jeremy Reaves,WAS,DB,12827,https://www.rotowire.com/football/player/jeremy-reaves-12827
00-0034473,Dennis Gardeck,JAX,LB,13210,https://www.rotowire.com/football/player/dennis-gardeck-13210
00-0034485,Jonathan Owens,IND,DB,13218,https://www.rotowire.com/football/player/jonathan-owens-13218
00-0034487,Trent Sherfield,BUF,WR,13061,https://www.rotowire.com/football/player/trent-sherfield-13061
00-0034488,Tavierre Thomas,MIN,DB,13219,https://www.rotowire.com/football/player/tavierre-thomas-13219
00-0034495,Evan Brown,HOU,OL,NA,NA
00-0034571,Trent Scott,WAS,OL,NA,NA
00-0034573,Charvarius Ward,IND,DB,13257,https://www.rotowire.com/football/player/charvarius-ward-13257
00-0034577,Kyle Allen,BUF,QB,12623,https://www.rotowire.com/football/player/kyle-allen-12623
00-0034613,Tanner Hudson,CIN,TE,13286,https://www.rotowire.com/football/player/tanner-hudson-13286
00-0034639,Mike Ford,ATL,DB,13195,https://www.rotowire.com/football/player/mike-ford-13195
00-0034657,Matt Dickerson,JAX,DL,12973,https://www.rotowire.com/football/player/matt-dickerson-12973
00-0034668,Aaron Stinnie,NYG,OL,NA,NA
00-0034673,Tremaine Edmunds,NYG,LB,12612,https://www.rotowire.com/football/player/tremaine-edmunds-12612
00-0034675,Jessie Bates,ATL,DB,12564,https://www.rotowire.com/football/player/jessie-bates-12564
00-0034720,Robert Spillane,NE,LB,13306,https://www.rotowire.com/football/player/robert-spillane-13306
00-0034721,Corey Bojorquez,CLE,P,13323,https://www.rotowire.com/football/player/corey-bojorquez-13323
00-0034752,Orlando Brown,CIN,OL,NA,NA
00-0034753,Mark Andrews,BAL,TE,12559,https://www.rotowire.com/football/player/mark-andrews-12559
00-0034754,Oren Burks,CIN,LB,12919,https://www.rotowire.com/football/player/oren-burks-12919
00-0034759,Kolton Miller,LV,OL,NA,NA
00-0034760,Nathan Shepherd,NO,DL,12814,https://www.rotowire.com/football/player/nathan-shepherd-12814
00-0034763,Brandon Parker,SF,OL,NA,NA
00-0034768,Chukwuma Okorafor,NYJ,OL,NA,NA
00-0034771,Mason Rudolph,PIT,QB,12629,https://www.rotowire.com/football/player/mason-rudolph-12629
00-0034773,Vita Vea,TB,DL,12500,https://www.rotowire.com/football/player/vita-vea-12500
00-0034775,Christian Kirk,SF,WR,12508,https://www.rotowire.com/football/player/christian-kirk-12508
00-0034778,Carlton Davis III,NE,DB,12531,https://www.rotowire.com/football/player/carlton-davis-iii-12531
00-0034779,Ronnie Harrison,MIA,LB,12625,https://www.rotowire.com/football/player/ronnie-harrison-12625
00-0034780,Isaac Yiadom,NO,DB,12778,https://www.rotowire.com/football/player/isaac-yiadom-12778
00-0034782,Harrison Phillips,NYJ,DL,12551,https://www.rotowire.com/football/player/harrison-phillips-12551
00-0034789,Minkah Fitzpatrick,NYJ,DB,12624,https://www.rotowire.com/football/player/minkah-fitzpatrick-12624
00-0034790,Derwin James,LAC,DB,12464,https://www.rotowire.com/football/player/derwin-james-12464
00-0034794,Jason Sanders,NYJ,K,13007,https://www.rotowire.com/football/player/jason-sanders-13007
00-0034796,Lamar Jackson,BAL,QB,12561,https://www.rotowire.com/football/player/lamar-jackson-12561
00-0034798,Durham Smythe,BAL,TE,12807,https://www.rotowire.com/football/player/durham-smythe-12807
00-0034800,B.J. Hill,CIN,DL,12815,https://www.rotowire.com/football/player/bj-hill-12815
00-0034805,John Franklin-Myers,TEN,DL,12972,https://www.rotowire.com/football/player/john-franklin-myers-12972
00-0034810,Sebastian Joseph-Day,PIT,DL,12993,https://www.rotowire.com/football/player/sebastian-joseph-day-12993
00-0034815,Fred Warner,SF,LB,12769,https://www.rotowire.com/football/player/fred-warner-12769
00-0034818,Derrick Nnadi,IND,DL,12971,https://www.rotowire.com/football/player/derrick-nnadi-12971
00-0034825,Arden Key,IND,DL,12545,https://www.rotowire.com/football/player/arden-key-12545
00-0034827,DJ Moore,BUF,WR,12477,https://www.rotowire.com/football/player/dj-moore-12477
00-0034828,Harold Landry III,NE,LB,12883,https://www.rotowire.com/football/player/harold-landry-iii-12883
00-0034829,Mike Gesicki,CIN,TE,12764,https://www.rotowire.com/football/player/mike-gesicki-12764
00-0034832,Bradley Chubb,BUF,LB,12877,https://www.rotowire.com/football/player/bradley-chubb-12877
00-0034836,Braden Smith,HOU,OL,NA,NA
00-0034837,Calvin Ridley,TEN,WR,12616,https://www.rotowire.com/football/player/calvin-ridley-12616
00-0034843,Mike Hughes,ATL,DB,12590,https://www.rotowire.com/football/player/mike-hughes-12590
00-0034844,Saquon Barkley,PHI,RB,12507,https://www.rotowire.com/football/player/saquon-barkley-12507
00-0034847,Mike McGlinchey,DEN,OL,NA,NA
00-0034855,Baker Mayfield,TB,QB,12619,https://www.rotowire.com/football/player/baker-mayfield-12619
00-0034856,Denzel Ward,CLE,DB,12572,https://www.rotowire.com/football/player/denzel-ward-12572
00-0034857,Josh Allen,BUF,QB,12483,https://www.rotowire.com/football/player/josh-allen-12483
00-0034867,Malik Turner,SF,WR,13378,https://www.rotowire.com/football/player/malik-turner-13378
00-0034869,Sam Darnold,SEA,QB,12490,https://www.rotowire.com/football/player/sam-darnold-12490
00-0034874,Roquan Smith,BAL,LB,12644,https://www.rotowire.com/football/player/roquan-smith-12644
00-0034941,Mitch Wishnowsky,BUF,P,13816,https://www.rotowire.com/football/player/mitch-wishnowsky-13816
00-0034951,Fred Johnson,PHI,OL,NA,NA
00-0034959,Andrew Beck,NYJ,RB,13713,https://www.rotowire.com/football/player/andrew-beck-13713
00-0034960,Jakobi Meyers,JAX,WR,13517,https://www.rotowire.com/football/player/jakobi-meyers-13517
00-0034966,D'Angelo Ross,CLE,DB,14080,https://www.rotowire.com/football/player/dangelo-ross-14080
00-0034967,Rashan Gary,DAL,DL,13651,https://www.rotowire.com/football/player/rashan-gary-13651
00-0034968,Darnell Savage,PIT,DB,13810,https://www.rotowire.com/football/player/darnell-savage-13810
00-0034973,Maxx Crosby,LV,DL,13459,https://www.rotowire.com/football/player/maxx-crosby-13459
00-0034974,Julian Love,SEA,DB,13533,https://www.rotowire.com/football/player/julian-love-13533
00-0034975,Justice Hill,BAL,RB,13427,https://www.rotowire.com/football/player/justice-hill-13427
00-0034978,Ben Powers,DEN,OL,NA,NA
00-0034981,Foster Moreau,HOU,TE,13822,https://www.rotowire.com/football/player/foster-moreau-13822
00-0034982,Dre Greenlaw,SF,LB,13804,https://www.rotowire.com/football/player/dre-greenlaw-13804
00-0034987,E.J. Speed,HOU,LB,13984,https://www.rotowire.com/football/player/ej-speed-13984
00-0034989,Justin Skule,TB,OL,NA,NA
00-0034993,Marcus Epps,PHI,DB,13985,https://www.rotowire.com/football/player/marcus-epps-13985
00-0034994,Olisaemeka Udoh,ARI,OL,NA,NA
00-0035020,Demetrius Flannigan-Fowles,BUF,LB,14074,https://www.rotowire.com/football/player/demetrius-flannigan-fowles-14074
00-0035021,Ashton Dulin,IND,WR,13854,https://www.rotowire.com/football/player/ashton-dulin-13854
00-0035039,Stephen Carlson,CHI,TE,14131,https://www.rotowire.com/football/player/stephen-carlson-14131
00-0035100,Jake Browning,TB,QB,13504,https://www.rotowire.com/football/player/jake-browning-13504
00-0035112,Patrick Mekari,JAX,OL,NA,NA
00-0035118,Matthew Orzech,GB,LS,14127,https://www.rotowire.com/football/player/matthew-orzech-14127
00-0035125,Alec Ingold,LAC,RB,13806,https://www.rotowire.com/football/player/alec-ingold-13806
00-0035133,Keisean Nixon,GB,DB,13701,https://www.rotowire.com/football/player/keisean-nixon-13701
00-0035140,Mecole Hardman,BUF,WR,13532,https://www.rotowire.com/football/player/mecole-hardman-13532
00-0035144,Mack Wilson,ARI,LB,13609,https://www.rotowire.com/football/player/mack-wilson-13609
00-0035149,Nick Allegretti,WAS,OL,NA,NA
00-0035156,Jack Fox,DET,P,13715,https://www.rotowire.com/football/player/jack-fox-13715
00-0035166,Azeez Al-Shaair,HOU,LB,13829,https://www.rotowire.com/football/player/azeez-al-shaair-13829
00-0035190,AJ Cole,LV,P,14171,https://www.rotowire.com/football/player/aj-cole-14171
00-0035192,Joey Slye,TEN,K,14172,https://www.rotowire.com/football/player/joey-slye-14172
00-0035202,Del'Shawn Phillips,LAC,LB,14025,https://www.rotowire.com/football/player/delshawn-phillips-14025
00-0035208,Olamide Zaccheaus,ATL,WR,13833,https://www.rotowire.com/football/player/olamide-zaccheaus-13833
00-0035227,P.J. Locke,DAL,DB,14198,https://www.rotowire.com/football/player/pj-locke-14198
00-0035228,Kyler Murray,MIN,QB,13613,https://www.rotowire.com/football/player/kyler-murray-13613
00-0035229,T.J. Hockenson,MIN,TE,13610,https://www.rotowire.com/football/player/tj-hockenson-13610
00-0035230,Ed Oliver,BUF,DL,13653,https://www.rotowire.com/football/player/ed-oliver-13653
00-0035234,Tytus Howard,CLE,OL,NA,NA
00-0035235,Kaleb McGary,ATL,OL,NA,NA
00-0035236,Byron Murphy,MIN,DB,13560,https://www.rotowire.com/football/player/byron-murphy-13560
00-0035237,Jawaan Taylor,ATL,OL,NA,NA
00-0035238,Cody Ford,CIN,OL,NA,NA
00-0035239,Sean Murphy-Bunting,ARI,DB,13648,https://www.rotowire.com/football/player/sean-murphy-bunting-13648
00-0035242,Erik McCoy,NO,OL,NA,NA
00-0035244,Lonnie Johnson,MIA,DB,13820,https://www.rotowire.com/football/player/lonnie-johnson-13820
00-0035248,Zach Allen,DEN,DL,13742,https://www.rotowire.com/football/player/zach-allen-13742
00-0035249,Josh Oliver,MIN,TE,13786,https://www.rotowire.com/football/player/josh-oliver-13786
00-0035250,Devin Singletary,NYG,RB,13449,https://www.rotowire.com/football/player/devin-singletary-13449
00-0035251,Will Grier,CAR,QB,13446,https://www.rotowire.com/football/player/will-grier-13446
00-0035253,C.J. Gardner-Johnson,BUF,DB,15189,https://www.rotowire.com/football/player/cj-gardner-johnson-15189
00-0035254,Anthony Nelson,TB,LB,13562,https://www.rotowire.com/football/player/anthony-nelson-13562
00-0035258,Hjalte Froholdt,ARI,OL,NA,NA
00-0035261,Tony Pollard,TEN,RB,13590,https://www.rotowire.com/football/player/tony-pollard-13590
00-0035262,Drue Tranquill,KC,LB,13814,https://www.rotowire.com/football/player/drue-tranquill-13814
00-0035264,Jarrett Stidham,DEN,QB,13438,https://www.rotowire.com/football/player/jarrett-stidham-13438
00-0035266,Mike Jordan,PHI,OL,NA,NA
00-0035269,Matt Gay,LV,K,13673,https://www.rotowire.com/football/player/matt-gay-13673
00-0035270,Amani Oruwariye,BAL,DB,13744,https://www.rotowire.com/football/player/amani-oruwariye-13744
00-0035272,Andrew Van Ginkel,MIN,LB,13887,https://www.rotowire.com/football/player/andrew-van-ginkel-13887
00-0035276,Blake Cashman,MIN,LB,13846,https://www.rotowire.com/football/player/blake-cashman-13846
00-0035277,Mike Jackson,CAR,DB,13704,https://www.rotowire.com/football/player/mike-jackson-13704
00-0035279,Charles Omenihu,WAS,DL,13791,https://www.rotowire.com/football/player/charles-omenihu-13791
00-0035280,Jake Bailey,ATL,P,13817,https://www.rotowire.com/football/player/jake-bailey-13817
00-0035282,Easton Stick,IND,QB,13627,https://www.rotowire.com/football/player/easton-stick-13627
00-0035286,Cole Holcomb,PIT,LB,13700,https://www.rotowire.com/football/player/cole-holcomb-13700
00-0035289,Gardner Minshew,ARI,QB,13741,https://www.rotowire.com/football/player/gardner-minshew-13741
00-0035298,Scott Miller,CHI,WR,13987,https://www.rotowire.com/football/player/scott-miller-13987
00-0035316,Kaden Elliss,NO,LB,13953,https://www.rotowire.com/football/player/kaden-elliss-13953
00-0035317,Joshua Miles,LV,OL,NA,NA
00-0035352,Tyrel Dodson,MIA,LB,13512,https://www.rotowire.com/football/player/tyrel-dodson-13512
00-0035357,Cam Lewis,CHI,DB,14253,https://www.rotowire.com/football/player/cam-lewis-14253
00-0035358,Chase McLaughlin,TB,K,14254,https://www.rotowire.com/football/player/chase-mclaughlin-14254
00-0035359,David Sills,TB,WR,13634,https://www.rotowire.com/football/player/david-sills-13634
00-0035363,Joe Giles-Harris,CIN,LB,13492,https://www.rotowire.com/football/player/joe-giles-harris-13492
00-0035378,Andrew Wingard,ARI,DB,13768,https://www.rotowire.com/football/player/andrew-wingard-13768
00-0035386,T.J. Edwards,CHI,LB,13460,https://www.rotowire.com/football/player/tj-edwards-13460
00-0035402,Carl Granderson,NO,LB,13784,https://www.rotowire.com/football/player/carl-granderson-13784
00-0035406,Lil'Jordan Humphrey,DEN,WR,13565,https://www.rotowire.com/football/player/liljordan-humphrey-13565
00-0035408,Nick Moore,BAL,LS,NA,NA
00-0035409,Shy Tuttle,WAS,DL,14286,https://www.rotowire.com/football/player/shy-tuttle-14286
00-0035413,Luke Gifford,SF,LB,14068,https://www.rotowire.com/football/player/luke-gifford-14068
00-0035500,Greg Dortch,DET,WR,13469,https://www.rotowire.com/football/player/greg-dortch-13469
00-0035525,Devin Bush,CHI,LB,13461,https://www.rotowire.com/football/player/devin-bush-13461
00-0035526,Elgton Jenkins,CLE,OL,NA,NA
00-0035535,Darius Slayton,NYG,WR,13522,https://www.rotowire.com/football/player/darius-slayton-13522
00-0035537,Ty Johnson,BUF,RB,13587,https://www.rotowire.com/football/player/ty-johnson-13587
00-0035542,Kemon Hall,TB,DB,14307,https://www.rotowire.com/football/player/kemon-hall-14307
00-0035544,Tom Kennedy,DET,WR,14246,https://www.rotowire.com/football/player/tom-kennedy-14246
00-0035588,Garrett Bradbury,CHI,OL,NA,NA
00-0035594,Travis Homer,PIT,RB,13484,https://www.rotowire.com/football/player/travis-homer-13484
00-0035630,Chris Lindstrom,ATL,OL,NA,NA
00-0035631,Drew Sample,CIN,TE,13809,https://www.rotowire.com/football/player/drew-sample-13809
00-0035632,Amani Hooker,TEN,DB,13550,https://www.rotowire.com/football/player/amani-hooker-13550
00-0035633,Corey Ballentine,DAL,DB,13795,https://www.rotowire.com/football/player/corey-ballentine-13795
00-0035636,L.J. Collier,ARI,DL,13751,https://www.rotowire.com/football/player/lj-collier-13751
00-0035637,Rock Ya-Sin,DET,DB,13474,https://www.rotowire.com/football/player/rock-ya-sin-13474
00-0035639,Parris Campbell,DAL,WR,13525,https://www.rotowire.com/football/player/parris-campbell-13525
00-0035640,DK Metcalf,PIT,WR,13424,https://www.rotowire.com/football/player/dk-metcalf-13424
00-0035642,Josh Hines-Allen,JAX,DL,13642,https://www.rotowire.com/football/player/josh-hines-allen-13642
00-0035643,Jeffery Simmons,TEN,DL,13465,https://www.rotowire.com/football/player/jeffery-simmons-13465
00-0035644,Noah Fant,NO,TE,13426,https://www.rotowire.com/football/player/noah-fant-13426
00-0035645,Gunner Olszewski,NYG,WR,14318,https://www.rotowire.com/football/player/gunner-olszewski-14318
00-0035647,Montez Sweat,CHI,DL,13745,https://www.rotowire.com/football/player/montez-sweat-13745
00-0035655,Will Harris,WAS,DB,13805,https://www.rotowire.com/football/player/will-harris-13805
00-0035659,Terry McLaurin,WAS,WR,13536,https://www.rotowire.com/football/player/terry-mclaurin-13536
00-0035662,Marquise Brown,PHI,WR,13502,https://www.rotowire.com/football/player/marquise-brown-13502
00-0035668,David Edwards,NO,OL,NA,NA
00-0035669,Nick Scott,CAR,DB,13958,https://www.rotowire.com/football/player/nick-scott-13958
00-0035672,Cody Barton,TEN,LB,13733,https://www.rotowire.com/football/player/cody-barton-13733
00-0035674,Jerry Tillery,IND,DL,13757,https://www.rotowire.com/football/player/jerry-tillery-13757
00-0035676,A.J. Brown,NE,WR,13432,https://www.rotowire.com/football/player/aj-brown-13432
00-0035678,Dre'Mont Jones,NE,LB,13451,https://www.rotowire.com/football/player/dremont-jones-13451
00-0035679,Connor McGovern,BUF,OL,NA,NA
00-0035680,Quincy Williams,CLE,LB,13982,https://www.rotowire.com/football/player/quincy-williams-13982
00-0035683,Dexter Lawrence,CIN,DL,13568,https://www.rotowire.com/football/player/dexter-lawrence-13568
00-0035685,David Montgomery,HOU,RB,13556,https://www.rotowire.com/football/player/david-montgomery-13556
00-0035686,Michael Deiter,DEN,OL,NA,NA
00-0035688,Trey Pipkins,LAC,OL,NA,NA
00-0035689,Dawson Knox,BUF,TE,13466,https://www.rotowire.com/football/player/dawson-knox-13466
00-0035698,Chuma Edoga,JAX,OL,NA,NA
00-0035699,Jamel Dean,PIT,DB,13483,https://www.rotowire.com/football/player/jamel-dean-13483
00-0035700,Josh Jacobs,GB,RB,13582,https://www.rotowire.com/football/player/josh-jacobs-13582
00-0035702,Dalton Risner,CIN,OL,NA,NA
00-0035704,Drew Lock,SEA,QB,13736,https://www.rotowire.com/football/player/drew-lock-13736
00-0035705,Jalen Thompson,DAL,DB,14330,https://www.rotowire.com/football/player/jalen-thompson-14330
00-0035710,Daniel Jones,IND,QB,13491,https://www.rotowire.com/football/player/daniel-jones-13491
00-0035713,Brian Burns,NYG,LB,13439,https://www.rotowire.com/football/player/brian-burns-13439
00-0035717,Nick Bosa,SF,DL,13421,https://www.rotowire.com/football/player/nick-bosa-13421
00-0035718,Quinnen Williams,DAL,DL,13584,https://www.rotowire.com/football/player/quinnen-williams-13584
00-0035743,Brett Toth,SF,OL,NA,NA
00-0035763,Malcolm Roach,DEN,DL,14726,https://www.rotowire.com/football/player/malcolm-roach-14726
00-0035764,Calvin Throckmorton,DEN,OL,NA,NA
00-0035795,James Pierre,MIN,DB,14439,https://www.rotowire.com/football/player/james-pierre-14439
00-0035821,Corliss Waitman,SF,P,15012,https://www.rotowire.com/football/player/corliss-waitman-15012
00-0035827,Ross Matiscik,JAX,LS,NA,NA
00-0035829,Austen Pleasants,SF,OL,NA,NA
00-0035841,Benito Jones,LV,DL,14715,https://www.rotowire.com/football/player/benito-jones-14715
00-0035857,Chris Williams,ATL,DL,15025,https://www.rotowire.com/football/player/chris-williams-15025
00-0035859,Blake Gillikin,ARI,P,14868,https://www.rotowire.com/football/player/blake-gillikin-14868
00-0035889,Tommy Townsend,TEN,P,14574,https://www.rotowire.com/football/player/tommy-townsend-14574
00-0035890,Tershawn Wharton,CAR,DL,15077,https://www.rotowire.com/football/player/tershawn-wharton-15077
00-0035891,Cody White,SEA,WR,14495,https://www.rotowire.com/football/player/cody-white-14495
00-0035895,Joe Bachie,DET,LB,14735,https://www.rotowire.com/football/player/joe-bachie-14735
00-0035900,Cole Christiansen,KC,LB,15080,https://www.rotowire.com/football/player/cole-christiansen-15080
00-0035933,Michael Hoecht,BUF,LB,15087,https://www.rotowire.com/football/player/michael-hoecht-15087
00-0035942,Christian Rozeboom,TB,LB,15090,https://www.rotowire.com/football/player/christian-rozeboom-15090
00-0035944,Jonah Williams,ARI,DL,14980,https://www.rotowire.com/football/player/jonah-williams-14980
00-0035946,Myles Adams,DET,DL,14965,https://www.rotowire.com/football/player/myles-adams-14965
00-0035973,Patrick Taylor,SF,RB,14573,https://www.rotowire.com/football/player/patrick-taylor-14573
00-0035976,Dan Chisena,CAR,WR,14889,https://www.rotowire.com/football/player/dan-chisena-14889
00-0035992,Trystan Colon,JAX,OL,NA,NA
00-0035993,Tyler Huntley,BAL,QB,14563,https://www.rotowire.com/football/player/tyler-huntley-14563
00-0035997,Julian Good-Jones,WAS,OL,NA,NA
00-0036020,Salvon Ahmed,CHI,RB,14453,https://www.rotowire.com/football/player/salvon-ahmed-14453
00-0036032,Sean McKeon,IND,TE,14478,https://www.rotowire.com/football/player/sean-mckeon-14478
00-0036036,Terence Steele,DAL,OL,NA,NA
00-0036037,Sam Franklin Jr.,BUF,DB,14931,https://www.rotowire.com/football/player/sam-franklin-jr-14931
00-0036040,Juwan Johnson,NO,TE,14630,https://www.rotowire.com/football/player/juwan-johnson-14630
00-0036081,Broderick Washington,BAL,DL,14720,https://www.rotowire.com/football/player/broderick-washington-14720
00-0036082,Liam McCullough,ATL,LS,NA,NA
00-0036087,Myles Bryant,CLE,DB,14703,https://www.rotowire.com/football/player/myles-bryant-14703
00-0036105,Nick Leverett,DAL,OL,NA,NA
00-0036114,A.J. Green,MIA,DB,14716,https://www.rotowire.com/football/player/aj-green-14716
00-0036123,Brandon Walton,ATL,OL,NA,NA
00-0036124,Khalil Dorsey,DET,DB,15137,https://www.rotowire.com/football/player/khalil-dorsey-15137
00-0036130,Nnamdi Madubuike,BAL,DL,14380,https://www.rotowire.com/football/player/nnamdi-madubuike-14380
00-0036132,Ben Bredeson,TB,OL,NA,NA
00-0036139,Rico Dowdle,PIT,RB,14657,https://www.rotowire.com/football/player/rico-dowdle-14657
00-0036145,Lawrence Cager,WAS,TE,14597,https://www.rotowire.com/football/player/lawrence-cager-14597
00-0036157,Kristian Welch,GB,LB,15141,https://www.rotowire.com/football/player/kristian-welch-15141
00-0036158,J.K. Dobbins,DEN,RB,14418,https://www.rotowire.com/football/player/jk-dobbins-14418
00-0036159,Joshua Uche,MIA,LB,14477,https://www.rotowire.com/football/player/joshua-uche-14477
00-0036162,Tyler Bass,BUF,K,14609,https://www.rotowire.com/football/player/tyler-bass-14609
00-0036165,Isaiah Hodgins,NYG,WR,14356,https://www.rotowire.com/football/player/isaiah-hodgins-14356
00-0036166,Dane Jackson,JAX,DB,14549,https://www.rotowire.com/football/player/dane-jackson-14549
00-0036171,Aaron Brewer,MIA,OL,NA,NA
00-0036176,Mason Kinsey,TEN,WR,14858,https://www.rotowire.com/football/player/mason-kinsey-14858
00-0036181,Teair Tart,LAC,DL,14985,https://www.rotowire.com/football/player/teair-tart-14985
00-0036182,Nick Westbrook-Ikhine,IND,WR,14750,https://www.rotowire.com/football/player/nick-westbrook-ikhine-14750
00-0036187,Reggie Gilliam,NE,RB,14844,https://www.rotowire.com/football/player/reggie-gilliam-14844
00-0036193,Anfernee Jennings,NO,LB,14742,https://www.rotowire.com/football/player/anfernee-jennings-14742
00-0036195,Charlie Heck,MIA,OL,NA,NA
00-0036198,Mike Onwenu,NE,OL,NA,NA
00-0036199,Geno Stone,BUF,DB,14474,https://www.rotowire.com/football/player/geno-stone-14474
00-0036204,LaCale London,ATL,DL,15052,https://www.rotowire.com/football/player/lacale-london-15052
00-0036212,Tua Tagovailoa,ATL,QB,14465,https://www.rotowire.com/football/player/tua-tagovailoa-14465
00-0036214,Tyre Phillips,CLE,OL,NA,NA
00-0036215,Danny Pinter,BAL,OL,NA,NA
00-0036220,Derrick Brown,CAR,DL,13852,https://www.rotowire.com/football/player/derrick-brown-13852
00-0036221,Brandon Jones,DEN,DB,14696,https://www.rotowire.com/football/player/brandon-jones-14696
00-0036222,Isaiah Rodgers,MIN,DB,14828,https://www.rotowire.com/football/player/isaiah-rodgers-14828
00-0036223,Jonathan Taylor,IND,RB,14455,https://www.rotowire.com/football/player/jonathan-taylor-14455
00-0036224,Jonathan Greenard,PHI,LB,14550,https://www.rotowire.com/football/player/jonathan-greenard-14550
00-0036231,Kyle Dugger,CIN,DB,14542,https://www.rotowire.com/football/player/kyle-dugger-14542
00-0036232,Harrison Bryant,SEA,TE,14576,https://www.rotowire.com/football/player/harrison-bryant-14576
00-0036237,Larrell Murchison,LA,DL,14718,https://www.rotowire.com/football/player/larrell-murchison-14718
00-0036239,Jonathan Garvin,CHI,LB,14365,https://www.rotowire.com/football/player/jonathan-garvin-14365
00-0036244,Colby Parkinson,LA,TE,14463,https://www.rotowire.com/football/player/colby-parkinson-14463
00-0036246,Jon Runyan,NYG,OL,NA,NA
00-0036248,Austin Jackson,MIA,OL,NA,NA
00-0036249,Julian Okwara,CLE,LB,14448,https://www.rotowire.com/football/player/julian-okwara-14448
00-0036252,Michael Pittman,PIT,WR,14378,https://www.rotowire.com/football/player/michael-pittman-14378
00-0036253,Julian Blackmon,NO,DB,14704,https://www.rotowire.com/football/player/julian-blackmon-14704
00-0036256,Colton McKivitz,SF,OL,NA,NA
00-0036258,Jonah Jackson,CHI,OL,NA,NA
00-0036259,Jauan Jennings,MIN,WR,14376,https://www.rotowire.com/football/player/jauan-jennings-14376
00-0036260,Javon Kinlaw,WAS,DL,14444,https://www.rotowire.com/football/player/javon-kinlaw-14444
00-0036262,DaVon Hamilton,JAX,DL,14714,https://www.rotowire.com/football/player/davon-hamilton-14714
00-0036264,Jordan Love,GB,QB,14371,https://www.rotowire.com/football/player/jordan-love-14371
00-0036265,AJ Dillon,CAR,RB,14370,https://www.rotowire.com/football/player/aj-dillon-14370
00-0036266,Jordan Elliott,TEN,DL,14353,https://www.rotowire.com/football/player/jordan-elliott-14353
00-0036267,Jedrick Wills,CHI,OL,NA,NA
00-0036271,Quez Watkins,PHI,WR,14464,https://www.rotowire.com/football/player/quez-watkins-14464
00-0036272,Ben Bartch,DET,OL,NA,NA
00-0036275,D'Andre Swift,CHI,RB,14394,https://www.rotowire.com/football/player/dandre-swift-14394
00-0036280,Malik Harrison,PIT,LB,14648,https://www.rotowire.com/football/player/malik-harrison-14648
00-0036281,C.J. Henderson,ATL,DB,14367,https://www.rotowire.com/football/player/cj-henderson-14367
00-0036282,Grant Delpit,CLE,DB,14507,https://www.rotowire.com/football/player/grant-delpit-14507
00-0036285,A.J. Terrell,ATL,DB,14526,https://www.rotowire.com/football/player/aj-terrell-14526
00-0036286,K'Lavon Chaisson,WAS,LB,14523,https://www.rotowire.com/football/player/klavon-chaisson-14523
00-0036287,Noah Igbinoghene,SEA,DB,14713,https://www.rotowire.com/football/player/noah-igbinoghene-14713
00-0036289,Ross Blacklock,ATL,DL,14406,https://www.rotowire.com/football/player/ross-blacklock-14406
00-0036290,Cole Kmet,CHI,TE,14436,https://www.rotowire.com/football/player/cole-kmet-14436
00-0036292,Jaylon Johnson,CHI,DB,14627,https://www.rotowire.com/football/player/jaylon-johnson-14627
00-0036293,Jeremy Chinn,LV,DB,14623,https://www.rotowire.com/football/player/jeremy-chinn-14623
00-0036295,Matt Hennessy,DAL,OL,NA,NA
00-0036298,Akeem Davis-Gaither,IND,LB,14661,https://www.rotowire.com/football/player/akeem-davis-gaither-14661
00-0036300,Mykal Walker,NYJ,LB,14754,https://www.rotowire.com/football/player/mykal-walker-14754
00-0036302,Jaylinn Hawkins,BAL,DB,14697,https://www.rotowire.com/football/player/jaylinn-hawkins-14697
00-0036305,Trevis Gipson,CAR,DL,14680,https://www.rotowire.com/football/player/trevis-gipson-14680
00-0036306,Daniel Thomas,CLE,DB,14687,https://www.rotowire.com/football/player/daniel-thomas-14687
00-0036307,Kindle Vildor,NE,DB,14706,https://www.rotowire.com/football/player/kindle-vildor-14706
00-0036309,Darnell Mooney,NYG,WR,14510,https://www.rotowire.com/football/player/darnell-mooney-14510
00-0036313,Braden Mann,PHI,P,14654,https://www.rotowire.com/football/player/braden-mann-14654
00-0036321,Chase Young,NO,LB,14452,https://www.rotowire.com/football/player/chase-young-14452
00-0036322,Justin Jefferson,MIN,WR,14509,https://www.rotowire.com/football/player/justin-jefferson-14509
00-0036323,Patrick Queen,PIT,LB,14508,https://www.rotowire.com/football/player/patrick-queen-14508
00-0036325,Robert Hunt,CAR,OL,NA,NA
00-0036327,Ezra Cleveland,JAX,OL,NA,NA
00-0036329,Ashtyn Davis,SF,DB,14447,https://www.rotowire.com/football/player/ashtyn-davis-14447
00-0036331,Devin Duvernay,ARI,WR,14636,https://www.rotowire.com/football/player/devin-duvernay-14636
00-0036333,Alex Highsmith,PIT,LB,14724,https://www.rotowire.com/football/player/alex-highsmith-14724
00-0036334,Saahdiq Charles,CAR,OL,NA,NA
00-0036335,D.J. Wonnum,DET,LB,14612,https://www.rotowire.com/football/player/dj-wonnum-14612
00-0036337,James Lynch,CHI,DL,14499,https://www.rotowire.com/football/player/james-lynch-14499
00-0036338,Troy Dye,LAC,LB,14740,https://www.rotowire.com/football/player/troy-dye-14740
00-0036339,Kevin Dotson,LA,OL,NA,NA
00-0036341,Khalid Kareem,NYG,DL,14684,https://www.rotowire.com/football/player/khalid-kareem-14684
00-0036345,K.J. Osborn,TEN,WR,14641,https://www.rotowire.com/football/player/kj-osborn-14641
00-0036347,Blake Brandel,MIN,OL,NA,NA
00-0036348,Josh Metellus,MIN,DB,14479,https://www.rotowire.com/football/player/josh-metellus-14479
00-0036349,Kam Curl,LA,DB,14381,https://www.rotowire.com/football/player/kam-curl-14381
00-0036354,Kyle Hinton,ATL,OL,NA,NA
00-0036355,Justin Herbert,LAC,QB,14446,https://www.rotowire.com/football/player/justin-herbert-14446
00-0036356,Isaiah Simmons,CAR,LB,14525,https://www.rotowire.com/football/player/isaiah-simmons-14525
00-0036358,CeeDee Lamb,DAL,WR,14411,https://www.rotowire.com/football/player/ceedee-lamb-14411
00-0036362,Willie Gay Jr.,MIA,LB,14520,https://www.rotowire.com/football/player/willie-gay-jr-14520
00-0036363,Josh Jones,SEA,OL,NA,NA
00-0036366,Neville Gallimore,CHI,DL,14451,https://www.rotowire.com/football/player/neville-gallimore-14451
00-0036369,John Simpson,BAL,OL,NA,NA
00-0036371,Leki Fotu,NYG,DL,14712,https://www.rotowire.com/football/player/leki-fotu-14712
00-0036374,L'Jarius Sneed,KC,DB,14688,https://www.rotowire.com/football/player/ljarius-sneed-14688
00-0036375,Amik Robertson,WAS,DB,14709,https://www.rotowire.com/football/player/amik-robertson-14709
00-0036376,Tyler Biadasz,LAC,OL,NA,NA
00-0036378,Michael Danna,BUF,DL,14823,https://www.rotowire.com/football/player/michael-danna-14823
00-0036380,Alohi Gilman,KC,DB,14521,https://www.rotowire.com/football/player/alohi-gilman-14521
00-0036386,Andrew Thomas,NYG,OL,NA,NA
00-0036387,Jalen Reagor,MIA,WR,14421,https://www.rotowire.com/football/player/jalen-reagor-14421
00-0036388,Xavier McKinney,GB,DB,14617,https://www.rotowire.com/football/player/xavier-mckinney-14617
00-0036389,Jalen Hurts,PHI,QB,14416,https://www.rotowire.com/football/player/jalen-hurts-14416
00-0036391,Lloyd Cushenberry III,BUF,OL,NA,NA
00-0036392,Matt Peart,DEN,OL,NA,NA
00-0036394,Darnay Holmes,ATL,DB,14535,https://www.rotowire.com/football/player/darnay-holmes-14535
00-0036395,K'Von Wallace,BAL,DB,14686,https://www.rotowire.com/football/player/kvon-wallace-14686
00-0036396,Jack Driscoll,PIT,OL,NA,NA
00-0036406,Tristan Wirfs,TB,OL,NA,NA
00-0036407,Jerry Jeudy,CLE,WR,14458,https://www.rotowire.com/football/player/jerry-jeudy-14458
00-0036408,Cesar Ruiz,NO,OL,NA,NA
00-0036409,Jordyn Brooks,MIA,LB,14739,https://www.rotowire.com/football/player/jordyn-brooks-14739
00-0036410,Tee Higgins,CIN,WR,14506,https://www.rotowire.com/football/player/tee-higgins-14506
00-0036411,Antoine Winfield Jr.,TB,DB,14484,https://www.rotowire.com/football/player/antoine-winfield-jr-14484
00-0036415,Van Jefferson,WAS,WR,14430,https://www.rotowire.com/football/player/van-jefferson-14430
00-0036416,Kristian Fulton,KC,DB,14443,https://www.rotowire.com/football/player/kristian-fulton-14443
00-0036417,Damien Lewis,CAR,OL,NA,NA
00-0036418,Zack Baun,PHI,LB,14374,https://www.rotowire.com/football/player/zack-baun-14374
00-0036421,Terrell Burgess,NO,DB,14702,https://www.rotowire.com/football/player/terrell-burgess-14702
00-0036422,Adam Trautman,DEN,TE,14541,https://www.rotowire.com/football/player/adam-trautman-14541
00-0036423,Albert Okwuegbunam,LV,TE,14369,https://www.rotowire.com/football/player/albert-okwuegbunam-14369
00-0036425,DeeJay Dallas,JAX,RB,14410,https://www.rotowire.com/football/player/deejay-dallas-14410
00-0036427,Tyler Johnson,DAL,WR,14432,https://www.rotowire.com/football/player/tyler-johnson-14432
00-0036428,Justin Strnad,DEN,LB,14757,https://www.rotowire.com/football/player/justin-strnad-14757
00-0036429,Charlie Woerner,ATL,TE,14608,https://www.rotowire.com/football/player/charlie-woerner-14608
00-0036442,Joe Burrow,CIN,QB,14442,https://www.rotowire.com/football/player/joe-burrow-14442
00-0036443,Rex Sunahara,CLE,LS,NA,NA
00-0036448,Isaac Alarcon,SF,OL,NA,NA
00-0036463,Chris Blair,ATL,WR,15376,https://www.rotowire.com/football/player/chris-blair-15376
00-0036479,Kwity Paye,LV,DL,15264,https://www.rotowire.com/football/player/kwity-paye-15264
00-0036480,Dayo Odeyingbo,CHI,DL,15227,https://www.rotowire.com/football/player/dayo-odeyingbo-15227
00-0036483,Will Fries,MIN,OL,NA,NA
00-0036497,Tim Jones,JAX,WR,15464,https://www.rotowire.com/football/player/tim-jones-15464
00-0036500,Jamien Sherwood,NYJ,LB,15316,https://www.rotowire.com/football/player/jamien-sherwood-15316
00-0036501,Michael Carter II,PHI,DB,15621,https://www.rotowire.com/football/player/michael-carter-ii-15621
00-0036502,Jason Pinnock,NYG,DB,15532,https://www.rotowire.com/football/player/jason-pinnock-15532
00-0036504,Brandin Echols,PIT,DB,15626,https://www.rotowire.com/football/player/brandin-echols-15626
00-0036534,Shane Zylstra,BUF,TE,15701,https://www.rotowire.com/football/player/shane-zylstra-15701
00-0036535,Will Sherman,NO,OL,NA,NA
00-0036550,Rashod Bateman,BAL,WR,15210,https://www.rotowire.com/football/player/rashod-bateman-15210
00-0036551,Aaron Banks,GB,OL,NA,NA
00-0036552,Azeez Ojulari,ATL,LB,15355,https://www.rotowire.com/football/player/azeez-ojulari-15355
00-0036554,Nico Collins,HOU,WR,15200,https://www.rotowire.com/football/player/nico-collins-15200
00-0036555,Chuba Hubbard,CAR,RB,15242,https://www.rotowire.com/football/player/chuba-hubbard-15242
00-0036556,Brevin Jordan,HOU,TE,15369,https://www.rotowire.com/football/player/brevin-jordan-15369
00-0036557,Jaylon Moore,KC,OL,NA,NA
00-0036561,Keith Taylor,JAX,DB,15486,https://www.rotowire.com/football/player/keith-taylor-15486
00-0036563,Deommodore Lenoir,SF,DB,15192,https://www.rotowire.com/football/player/deommodore-lenoir-15192
00-0036564,Talanoa Hufanga,DEN,DB,15317,https://www.rotowire.com/football/player/talanoa-hufanga-15317
00-0036567,Elijah Mitchell,PHI,RB,15379,https://www.rotowire.com/football/player/elijah-mitchell-15379
00-0036568,Roy Lopez,ARI,DL,15610,https://www.rotowire.com/football/player/roy-lopez-15610
00-0036569,Gary Brightwell,CIN,RB,15343,https://www.rotowire.com/football/player/gary-brightwell-15343
00-0036584,Foster Sarell,WAS,OL,NA,NA
00-0036587,Ar'Darius Washington,NYG,DB,15415,https://www.rotowire.com/football/player/ardarius-washington-15415
00-0036590,Quintin Morris,JAX,TE,15460,https://www.rotowire.com/football/player/quintin-morris-15460
00-0036596,Robert Jones,SF,OL,NA,NA
00-0036603,Alaric Jackson,LA,OL,NA,NA
00-0036604,Jordan Meredith,LV,OL,NA,NA
00-0036613,Jaylen Waddle,DEN,WR,15404,https://www.rotowire.com/football/player/jaylen-waddle-15404
00-0036614,Jamin Davis,PIT,LB,15375,https://www.rotowire.com/football/player/jamin-davis-15375
00-0036616,Christian Darrisaw,MIN,OL,NA,NA
00-0036617,Asante Samuel Jr.,PIT,DB,15218,https://www.rotowire.com/football/player/asante-samuel-jr-15218
00-0036618,Sam Cosmi,WAS,OL,NA,NA
00-0036619,Dillon Radunz,NO,OL,NA,NA
00-0036621,Nick Bolton,KC,LB,15286,https://www.rotowire.com/football/player/nick-bolton-15286
00-0036622,Josh Myers,NYJ,OL,NA,NA
00-0036623,Creed Humphrey,KC,OL,NA,NA
00-0036624,Alim McNeill,DET,DL,15522,https://www.rotowire.com/football/player/alim-mcneill-15522
00-0036625,Benjamin St-Juste,GB,DB,15479,https://www.rotowire.com/football/player/benjamin-st-juste-15479
00-0036626,Dyami Brown,WAS,WR,15274,https://www.rotowire.com/football/player/dyami-brown-15274
00-0036628,John Bates,WAS,TE,15289,https://www.rotowire.com/football/player/john-bates-15289
00-0036629,Camryn Bynum,IND,DB,15478,https://www.rotowire.com/football/player/camryn-bynum-15478
00-0036630,Tylan Wallace,CLE,WR,15310,https://www.rotowire.com/football/player/tylan-wallace-15310
00-0036635,Ihmir Smith-Marsette,ARI,WR,15287,https://www.rotowire.com/football/player/ihmir-smith-marsette-15287
00-0036637,Noah Gray,KC,TE,15459,https://www.rotowire.com/football/player/noah-gray-15459
00-0036638,Darrick Forrest,SF,DB,15598,https://www.rotowire.com/football/player/darrick-forrest-15598
00-0036642,Tedarrell Slaton,CIN,DL,15604,https://www.rotowire.com/football/player/tedarrell-slaton-15604
00-0036643,K.J. Britt,NE,LB,15408,https://www.rotowire.com/football/player/kj-britt-15408
00-0036644,Cameron McGrone,LV,LB,15601,https://www.rotowire.com/football/player/cameron-mcgrone-15601
00-0036645,Shemar Jean-Charles,SEA,DB,15636,https://www.rotowire.com/football/player/shemar-jean-charles-15636
00-0036646,Simi Fehoko,ARI,WR,15559,https://www.rotowire.com/football/player/simi-fehoko-15559
00-0036648,Nick Niemann,GB,LB,15603,https://www.rotowire.com/football/player/nick-niemann-15603
00-0036649,Quinton Bohanna,JAX,DL,15605,https://www.rotowire.com/football/player/quinton-bohanna-15605
00-0036653,Stone Forsythe,CAR,OL,NA,NA
00-0036655,Cole Van Lanen,JAX,OL,NA,NA
00-0036658,Isaiah McDuffie,GB,LB,15255,https://www.rotowire.com/football/player/isaiah-mcduffie-15255
00-0036660,Trey Smith,KC,OL,NA,NA
00-0036664,Will Bradley-King,SF,DL,15480,https://www.rotowire.com/football/player/will-bradley-king-15480
00-0036672,Grant Stuard,LA,LB,15247,https://www.rotowire.com/football/player/grant-stuard-15247
00-0036677,Zayne Anderson,MIA,DB,15711,https://www.rotowire.com/football/player/zayne-anderson-15711
00-0036679,Shane Buechele,BUF,QB,15262,https://www.rotowire.com/football/player/shane-buechele-15262
00-0036682,Malik Herring,TEN,DL,15361,https://www.rotowire.com/football/player/malik-herring-15361
00-0036683,Devon Key,DEN,DB,15713,https://www.rotowire.com/football/player/devon-key-15713
00-0036695,Naquan Jones,HOU,DL,15243,https://www.rotowire.com/football/player/naquan-jones-15243
00-0036705,Sam Kamara,CLE,DL,15725,https://www.rotowire.com/football/player/sam-kamara-15725
00-0036727,Adam Prentice,DEN,RB,15744,https://www.rotowire.com/football/player/adam-prentice-15744
00-0036728,Curtis Robinson,DAL,LB,15338,https://www.rotowire.com/football/player/curtis-robinson-15338
00-0036736,Kayode Awosika,LAC,OL,NA,NA
00-0036741,Jack Stoll,CLE,TE,15510,https://www.rotowire.com/football/player/jack-stoll-15510
00-0036754,Brock Wright,DET,TE,15681,https://www.rotowire.com/football/player/brock-wright-15681
00-0036755,Jaret Patterson,LAC,RB,15315,https://www.rotowire.com/football/player/jaret-patterson-15315
00-0036775,Brandon Smith,PIT,WR,15307,https://www.rotowire.com/football/player/brandon-smith-15307
00-0036783,Ryan McCollum,PIT,OL,NA,NA
00-0036788,Jack Heflin,NYJ,DL,15613,https://www.rotowire.com/football/player/jack-heflin-15613
00-0036802,Jon Rhattigan,CHI,LB,15770,https://www.rotowire.com/football/player/jon-rhattigan-15770
00-0036813,Christian Elliss,NE,LB,15673,https://www.rotowire.com/football/player/christian-elliss-15673
00-0036816,Riley Patterson,MIA,K,15512,https://www.rotowire.com/football/player/riley-patterson-15512
00-0036825,Feleipe Franks,CAR,TE,15324,https://www.rotowire.com/football/player/feleipe-franks-15324
00-0036833,Ryan Neuzil,ATL,OL,NA,NA
00-0036839,Kion Smith,MIA,OL,NA,NA
00-0036841,Austin Trammell,JAX,WR,15663,https://www.rotowire.com/football/player/austin-trammell-15663
00-0036842,Kene Nwangwu,NYJ,RB,15579,https://www.rotowire.com/football/player/kene-nwangwu-15579
00-0036843,Isaiahh Loudermilk,MIN,DL,15347,https://www.rotowire.com/football/player/isaiahh-loudermilk-15347
00-0036844,Garret Wallow,SF,LB,15602,https://www.rotowire.com/football/player/garret-wallow-15602
00-0036849,Tutu Atwell,MIA,WR,15229,https://www.rotowire.com/football/player/tutu-atwell-15229
00-0036850,Cameron Sample,SF,DL,15318,https://www.rotowire.com/football/player/cameron-sample-15318
00-0036854,Evan McPherson,CIN,K,15383,https://www.rotowire.com/football/player/evan-mcpherson-15383
00-0036855,Earnest Brown IV,TEN,DL,15616,https://www.rotowire.com/football/player/earnest-brown-iv-15616
00-0036856,Trey Hill,TEN,OL,NA,NA
00-0036859,Jimmy Morrissey,IND,OL,NA,NA
00-0036862,Ben Skowronek,PIT,WR,15467,https://www.rotowire.com/football/player/ben-skowronek-15467
00-0036866,James Hudson,NE,OL,NA,NA
00-0036867,Chris Rumph II,NO,LB,15311,https://www.rotowire.com/football/player/chris-rumph-ii-15311
00-0036869,Dan Moore Jr.,TEN,OL,NA,NA
00-0036871,Nate Hobbs,SF,DB,15387,https://www.rotowire.com/football/player/nate-hobbs-15387
00-0036874,Pat Surtain II,DEN,DB,15403,https://www.rotowire.com/football/player/pat-surtain-ii-15403
00-0036875,Rhamondre Stevenson,NE,RB,15372,https://www.rotowire.com/football/player/rhamondre-stevenson-15372
00-0036876,Kylen Granson,TEN,TE,15245,https://www.rotowire.com/football/player/kylen-granson-15245
00-0036879,Sam Ehlinger,DEN,QB,15328,https://www.rotowire.com/football/player/sam-ehlinger-15328
00-0036880,Penei Sewell,DET,OL,NA,NA
00-0036881,Jay Tufele,DET,DL,15421,https://www.rotowire.com/football/player/jay-tufele-15421
00-0036883,Tommy Togiai,HOU,DL,15590,https://www.rotowire.com/football/player/tommy-togiai-15590
00-0036884,Marco Wilson,MIA,DB,15313,https://www.rotowire.com/football/player/marco-wilson-15313
00-0036885,Tre Brown,NYJ,DB,15477,https://www.rotowire.com/football/player/tre-brown-15477
00-0036887,Luke Farrell,SF,TE,15566,https://www.rotowire.com/football/player/luke-farrell-15566
00-0036888,Damar Hamlin,BUF,DB,15233,https://www.rotowire.com/football/player/damar-hamlin-15233
00-0036894,Pat Freiermuth,PIT,TE,15267,https://www.rotowire.com/football/player/pat-freiermuth-15267
00-0036898,Davis Mills,HOU,QB,15542,https://www.rotowire.com/football/player/davis-mills-15542
00-0036900,Ja'Marr Chase,CIN,WR,15183,https://www.rotowire.com/football/player/jamarr-chase-15183
00-0036901,Eric Stokes,LV,DB,15297,https://www.rotowire.com/football/player/eric-stokes-15297
00-0036902,Joseph Ossai,NYJ,DL,15507,https://www.rotowire.com/football/player/joseph-ossai-15507
00-0036903,Bobby Brown III,CAR,DL,15591,https://www.rotowire.com/football/player/bobby-brown-iii-15591
00-0036904,Robert Rochell,CAR,DB,15443,https://www.rotowire.com/football/player/robert-rochell-15443
00-0036905,Larry Borom,DET,OL,NA,NA
00-0036909,Khyiris Tonga,KC,DL,15325,https://www.rotowire.com/football/player/khyiris-tonga-15325
00-0036912,DeVonta Smith,PHI,WR,15406,https://www.rotowire.com/football/player/devonta-smith-15406
00-0036914,Greg Rousseau,BUF,DL,15283,https://www.rotowire.com/football/player/greg-rousseau-15283
00-0036915,Jeremiah Owusu-Koramoah,CLE,LB,15505,https://www.rotowire.com/football/player/jeremiah-owusu-koramoah-15505
00-0036916,Milton Williams,NE,DL,15291,https://www.rotowire.com/football/player/milton-williams-15291
00-0036919,Kenneth Gainwell,TB,RB,15222,https://www.rotowire.com/football/player/kenneth-gainwell-15222
00-0036924,Michael Carter,TEN,RB,15273,https://www.rotowire.com/football/player/michael-carter-15273
00-0036926,Payton Turner,DET,DL,15435,https://www.rotowire.com/football/player/payton-turner-15435
00-0036927,Pete Werner,NO,LB,15600,https://www.rotowire.com/football/player/pete-werner-15600
00-0036930,Landon Young,NYJ,OL,NA,NA
00-0036932,Micah Parsons,GB,LB,15182,https://www.rotowire.com/football/player/micah-parsons-15182
00-0036933,Zaven Collins,ARI,LB,15288,https://www.rotowire.com/football/player/zaven-collins-15288
00-0036934,Jaelan Phillips,CAR,LB,15263,https://www.rotowire.com/football/player/jaelan-phillips-15263
00-0036937,Paulson Adebo,NYG,DB,15399,https://www.rotowire.com/football/player/paulson-adebo-15399
00-0036940,Odafe Oweh,WAS,LB,15305,https://www.rotowire.com/football/player/odafe-oweh-15305
00-0036941,Andre Cisco,NYJ,DB,15199,https://www.rotowire.com/football/player/andre-cisco-15199
00-0036942,Osa Odighizuwa,SF,DL,15284,https://www.rotowire.com/football/player/osa-odighizuwa-15284
00-0036943,Mitchell Fraboni,DEN,LS,NA,NA
00-0036944,Jaycee Horn,CAR,DB,15209,https://www.rotowire.com/football/player/jaycee-horn-15209
00-0036945,Justin Fields,KC,QB,15416,https://www.rotowire.com/football/player/justin-fields-15416
00-0036948,Ta'Quon Graham,PHI,DL,15236,https://www.rotowire.com/football/player/taquon-graham-15236
00-0036952,Jonathon Cooper,DEN,LB,15481,https://www.rotowire.com/football/player/jonathon-cooper-15481
00-0036953,Teven Jenkins,CLE,OL,NA,NA
00-0036954,Levi Onwuzurike,DET,DL,15195,https://www.rotowire.com/football/player/levi-onwuzurike-15195
00-0036955,Terrace Marshall Jr.,MIA,WR,15214,https://www.rotowire.com/football/player/terrace-marshall-jr-15214
00-0036956,Darren Hall,ATL,DB,15474,https://www.rotowire.com/football/player/darren-hall-15474
00-0036959,Michael Bandy,DEN,WR,15786,https://www.rotowire.com/football/player/michael-bandy-15786
00-0036962,Tre'von Moehrig,CAR,DB,15340,https://www.rotowire.com/football/player/trevon-moehrig-15340
00-0036963,Amon-Ra St. Brown,DET,WR,15332,https://www.rotowire.com/football/player/amon-ra-st-brown-15332
00-0036964,Derrick Barnes,DET,LB,15489,https://www.rotowire.com/football/player/derrick-barnes-15489
00-0036967,Joe Tryon-Shoyinka,PHI,DL,15585,https://www.rotowire.com/football/player/joe-tryon-shoyinka-15585
00-0036970,Kyle Pitts,ATL,TE,15265,https://www.rotowire.com/football/player/kyle-pitts-15265
00-0036971,Trevor Lawrence,JAX,QB,15357,https://www.rotowire.com/football/player/trevor-lawrence-15357
00-0036972,Mac Jones,SF,QB,15402,https://www.rotowire.com/football/player/mac-jones-15402
00-0036973,Travis Etienne,NO,RB,15385,https://www.rotowire.com/football/player/travis-etienne-15385
00-0036974,Tyson Campbell,CLE,DB,15359,https://www.rotowire.com/football/player/tyson-campbell-15359
00-0036975,Walker Little,JAX,OL,NA,NA
00-0036976,Spencer Brown,BUF,OL,NA,NA
00-0036977,Ben Cleveland,LAC,OL,NA,NA
00-0036979,Alijah Vera-Tucker,NE,OL,NA,NA
00-0036980,Elijah Moore,PHI,WR,15280,https://www.rotowire.com/football/player/elijah-moore-15280
00-0036981,Christian Barmore,NE,DL,15395,https://www.rotowire.com/football/player/christian-barmore-15395
00-0036982,Chauncey Golston,NYG,DL,15321,https://www.rotowire.com/football/player/chauncey-golston-15321
00-0036983,Kendrick Green,CLE,OL,NA,NA
00-0036985,Robert Hainsey,JAX,OL,NA,NA
00-0036986,Nahshon Wright,NYJ,DB,15549,https://www.rotowire.com/football/player/nahshon-wright-15549
00-0036987,Brandon Stephens,NYJ,DB,15644,https://www.rotowire.com/football/player/brandon-stephens-15644
00-0036988,Josh Palmer,BUF,WR,15447,https://www.rotowire.com/football/player/josh-palmer-15447
00-0036989,Malcolm Koonce,LV,DL,15303,https://www.rotowire.com/football/player/malcolm-koonce-15303
00-0036990,Divine Deablo,ATL,LB,15472,https://www.rotowire.com/football/player/divine-deablo-15472
00-0036992,Elijah Molden,LAC,DB,15530,https://www.rotowire.com/football/player/elijah-molden-15530
00-0036994,Ernest Jones,SEA,LB,15228,https://www.rotowire.com/football/player/ernest-jones-15228
00-0036995,Baron Browning,ARI,LB,15422,https://www.rotowire.com/football/player/baron-browning-15422
00-0036996,Greg Newsome II,NYG,DB,15275,https://www.rotowire.com/football/player/greg-newsome-ii-15275
00-0036997,Javonte Williams,DAL,RB,15306,https://www.rotowire.com/football/player/javonte-williams-15306
00-0036998,Jevon Holland,NYG,DB,15196,https://www.rotowire.com/football/player/jevon-holland-15196
00-0037001,Quinn Meinerz,DEN,OL,NA,NA
00-0037002,Landon Dickerson,PHI,OL,NA,NA
00-0037003,Chazz Surratt,SEA,LB,15276,https://www.rotowire.com/football/player/chazz-surratt-15276
00-0037004,Hunter Long,JAX,TE,15246,https://www.rotowire.com/football/player/hunter-long-15246
00-0037005,Tommy Tremble,CAR,TE,15371,https://www.rotowire.com/football/player/tommy-tremble-15371
00-0037007,Patrick Jones II,CAR,LB,15232,https://www.rotowire.com/football/player/patrick-jones-ii-15232
00-0037008,Ambry Thomas,PHI,DB,15176,https://www.rotowire.com/football/player/ambry-thomas-15176
00-0037009,Rashawn Slater,LAC,OL,NA,NA
00-0037012,Trey Lance,LAC,QB,15198,https://www.rotowire.com/football/player/trey-lance-15198
00-0037013,Zach Wilson,NO,QB,15330,https://www.rotowire.com/football/player/zach-wilson-15330
00-0037031,Nikola Kalinic,CHI,TE,15869,https://www.rotowire.com/football/player/nikola-kalinic-15869
00-0037034,Dee Alford,BUF,DB,15839,https://www.rotowire.com/football/player/dee-alford-15839
00-0037041,Haggai Ndubuisi,TB,DL,16267,https://www.rotowire.com/football/player/haggai-ndubuisi-16267
00-0037051,Elijah Garcia,ATL,DL,16414,https://www.rotowire.com/football/player/elijah-garcia-16414
00-0037055,Lance McCutcheon,TEN,WR,16406,https://www.rotowire.com/football/player/lance-mccutcheon-16406
00-0037057,Keir Thomas,LA,LB,16416,https://www.rotowire.com/football/player/keir-thomas-16416
00-0037073,Jordan Davis,PHI,DL,15930,https://www.rotowire.com/football/player/jordan-davis-15930
00-0037074,Quay Walker,LV,LB,16131,https://www.rotowire.com/football/player/quay-walker-16131
00-0037075,Devonte Wyatt,GB,DL,16068,https://www.rotowire.com/football/player/devonte-wyatt-16068
00-0037076,Sean Rhyan,GB,OL,NA,NA
00-0037077,Sam Howell,DAL,QB,15825,https://www.rotowire.com/football/player/sam-howell-15825
00-0037078,Cole Turner,MIA,TE,15923,https://www.rotowire.com/football/player/cole-turner-15923
00-0037079,Riq Woolen,PHI,DB,15906,https://www.rotowire.com/football/player/riq-woolen-15906
00-0037080,Tyreke Smith,KC,LB,15999,https://www.rotowire.com/football/player/tyreke-smith-15999
00-0037081,Braxton Jones,CHI,OL,NA,NA
00-0037082,Dominique Robinson,HOU,DL,16092,https://www.rotowire.com/football/player/dominique-robinson-16092
00-0037083,Kingsley Enagbare,NYJ,DL,15879,https://www.rotowire.com/football/player/kingsley-enagbare-15879
00-0037085,Tyler Badie,DEN,RB,15893,https://www.rotowire.com/football/player/tyler-badie-15893
00-0037086,Grant Calcaterra,PHI,TE,16039,https://www.rotowire.com/football/player/grant-calcaterra-16039
00-0037089,Ja'Tyre Carter,CAR,OL,NA,NA
00-0037091,Bo Melton,GB,DB,15935,https://www.rotowire.com/football/player/bo-melton-15935
00-0037092,Chris Paul,WAS,OL,NA,NA
00-0037093,Dareke Young,LV,WR,15922,https://www.rotowire.com/football/player/dareke-young-15922
00-0037094,Jonathan Ford,GB,DL,15824,https://www.rotowire.com/football/player/jonathan-ford-15824
00-0037096,Elijah Hicks,CHI,DB,16296,https://www.rotowire.com/football/player/elijah-hicks-16296
00-0037098,Samori Toure,PHI,WR,15917,https://www.rotowire.com/football/player/samori-toure-15917
00-0037106,Jaylon Jones,CHI,DB,16423,https://www.rotowire.com/football/player/jaylon-jones-16423
00-0037109,Jack Sanborn,CHI,LB,15914,https://www.rotowire.com/football/player/jack-sanborn-15914
00-0037112,Jake Tonges,SF,TE,16418,https://www.rotowire.com/football/player/jake-tonges-16418
00-0037120,Tyler Goodson,ATL,RB,15990,https://www.rotowire.com/football/player/tyler-goodson-15990
00-0037129,Josh Blackwell,CHI,DB,16451,https://www.rotowire.com/football/player/josh-blackwell-16451
00-0037130,Reed Blankenship,HOU,DB,15919,https://www.rotowire.com/football/player/reed-blankenship-15919
00-0037132,Britain Covey,PHI,WR,16337,https://www.rotowire.com/football/player/britain-covey-16337
00-0037137,Josh Jobe,SEA,DB,16152,https://www.rotowire.com/football/player/josh-jobe-16152
00-0037138,Josh Sills,IND,OL,NA,NA
00-0037141,Joey Blount,ARI,DB,16453,https://www.rotowire.com/football/player/joey-blount-16453
00-0037155,Tony Adams,TEN,DB,16431,https://www.rotowire.com/football/player/tony-adams-16431
00-0037156,Irvin Charles,SEA,WR,16430,https://www.rotowire.com/football/player/irvin-charles-16430
00-0037157,Bam Knight,ARI,RB,16105,https://www.rotowire.com/football/player/bam-knight-16105
00-0037184,Josh Ross,MIN,LB,16189,https://www.rotowire.com/football/player/josh-ross-16189
00-0037190,Sauce Gardner,IND,DB,15926,https://www.rotowire.com/football/player/sauce-gardner-15926
00-0037191,Trent McDuffie,LA,DB,16003,https://www.rotowire.com/football/player/trent-mcduffie-16003
00-0037192,George Karlaftis,KC,DL,15806,https://www.rotowire.com/football/player/george-karlaftis-15806
00-0037193,Bryan Cook,CIN,DB,16184,https://www.rotowire.com/football/player/bryan-cook-16184
00-0037194,Darian Kinnard,GB,OL,NA,NA
00-0037195,Jaylen Watson,LA,DB,16074,https://www.rotowire.com/football/player/jaylen-watson-16074
00-0037196,Rasheed Walker,CAR,OL,NA,NA
00-0037197,Isiah Pacheco,DET,RB,16104,https://www.rotowire.com/football/player/isiah-pacheco-16104
00-0037203,LaBryan Ray,CAR,DL,16219,https://www.rotowire.com/football/player/labryan-ray-16219
00-0037205,Brenden Schooler,NE,DB,16469,https://www.rotowire.com/football/player/brenden-schooler-16469
00-0037207,Mike Caliendo,KC,OL,NA,NA
00-0037208,Jack Cochrane,KC,LB,16325,https://www.rotowire.com/football/player/jack-cochrane-16325
00-0037224,Cameron Dicker,LAC,K,16226,https://www.rotowire.com/football/player/cameron-dicker-16226
00-0037228,Jaylen Warren,PIT,RB,15984,https://www.rotowire.com/football/player/jaylen-warren-15984
00-0037229,Ikem Ekwonu,CAR,OL,NA,NA
00-0037231,Kevin Austin Jr.,NO,WR,16026,https://www.rotowire.com/football/player/kevin-austin-jr-16026
00-0037235,Travon Walker,JAX,DL,16066,https://www.rotowire.com/football/player/travon-walker-16066
00-0037236,Aidan Hutchinson,DET,DL,15832,https://www.rotowire.com/football/player/aidan-hutchinson-15832
00-0037237,Derek Stingley Jr.,HOU,DB,15899,https://www.rotowire.com/football/player/derek-stingley-jr-15899
00-0037238,Drake London,ATL,WR,15868,https://www.rotowire.com/football/player/drake-london-15868
00-0037239,Chris Olave,NO,WR,15895,https://www.rotowire.com/football/player/chris-olave-15895
00-0037240,Jameson Williams,DET,WR,15849,https://www.rotowire.com/football/player/jameson-williams-15849
00-0037241,Trevor Penning,LAC,OL,NA,NA
00-0037242,Kaiir Elam,KC,DB,15835,https://www.rotowire.com/football/player/kaiir-elam-15835
00-0037243,Tyler Smith,DAL,OL,NA,NA
00-0037244,Devin Lloyd,CAR,LB,16006,https://www.rotowire.com/football/player/devin-lloyd-16006
00-0037246,Jalen Pitre,HOU,DB,16073,https://www.rotowire.com/football/player/jalen-pitre-16073
00-0037247,George Pickens,DAL,WR,15853,https://www.rotowire.com/football/player/george-pickens-15853
00-0037248,James Cook,BUF,RB,15876,https://www.rotowire.com/football/player/james-cook-15876
00-0037249,Nik Bonitto,DEN,LB,16090,https://www.rotowire.com/football/player/nik-bonitto-16090
00-0037250,Martin Emerson,NO,DB,16137,https://www.rotowire.com/football/player/martin-emerson-16137
00-0037251,Alex Wright,CLE,DL,16190,https://www.rotowire.com/football/player/alex-wright-16190
00-0037252,Greg Dulcich,MIA,TE,15891,https://www.rotowire.com/football/player/greg-dulcich-15891
00-0037253,Marcus Jones,NE,DB,15983,https://www.rotowire.com/football/player/marcus-jones-15983
00-0037254,Terrel Bernard,BUF,LB,16187,https://www.rotowire.com/football/player/terrel-bernard-16187
00-0037255,Dylan Parham,NYJ,OL,NA,NA
00-0037256,Rachaad White,WAS,RB,15802,https://www.rotowire.com/football/player/rachaad-white-15802
00-0037258,Dameon Pierce,PHI,RB,15875,https://www.rotowire.com/football/player/dameon-pierce-15875
00-0037259,Micah McFadden,NYG,LB,16186,https://www.rotowire.com/football/player/micah-mcfadden-16186
00-0037260,DJ Davidson,WAS,DL,15937,https://www.rotowire.com/football/player/dj-davidson-15937
00-0037261,Khalil Shakir,BUF,WR,15892,https://www.rotowire.com/football/player/khalil-shakir-15892
00-0037262,Thomas Booker,LV,DL,16124,https://www.rotowire.com/football/player/thomas-booker-16124
00-0037263,Tyler Allgeier,ARI,RB,15976,https://www.rotowire.com/football/player/tyler-allgeier-15976
00-0037266,Matt Waletzko,KC,OL,NA,NA
00-0037267,Jerome Ford,WAS,RB,15989,https://www.rotowire.com/football/player/jerome-ford-15989
00-0037268,Zyon McCollum,TB,DB,15943,https://www.rotowire.com/football/player/zyon-mccollum-15943
00-0037269,Eric Johnson,MIN,DL,16182,https://www.rotowire.com/football/player/eric-johnson-16182
00-0037270,Otito Ogbonnia,DAL,DL,16191,https://www.rotowire.com/football/player/otito-ogbonnia-16191
00-0037271,D'Marco Jackson,CHI,LB,16215,https://www.rotowire.com/football/player/dmarco-jackson-16215
00-0037274,Esezi Otomewo,PIT,DL,16201,https://www.rotowire.com/football/player/esezi-otomewo-16201
00-0037275,DaRon Bland,DAL,DB,16273,https://www.rotowire.com/football/player/daron-bland-16273
00-0037276,Ty Chandler,NO,RB,15979,https://www.rotowire.com/football/player/ty-chandler-15979
00-0037277,Teagan Quitoriano,ARI,TE,16034,https://www.rotowire.com/football/player/teagan-quitoriano-16034
00-0037278,Luke Wattenberg,DEN,OL,NA,NA
00-0037280,Matthew Butler,MIA,DL,16125,https://www.rotowire.com/football/player/matthew-butler-16125
00-0037281,Damone Clark,DET,LB,16017,https://www.rotowire.com/football/player/damone-clark-16017
00-0037282,James Mitchell,CAR,TE,16035,https://www.rotowire.com/football/player/james-mitchell-16035
00-0037283,John Ridgeway,NO,DL,16128,https://www.rotowire.com/football/player/john-ridgeway-16128
00-0037284,Matt Araiza,KC,P,16149,https://www.rotowire.com/football/player/matt-araiza-16149
00-0037287,Vederian Lowe,SF,OL,NA,NA
00-0037288,Christian Benford,BUF,DB,16275,https://www.rotowire.com/football/player/christian-benford-16275
00-0037289,Malcolm Rodriguez,DET,LB,16052,https://www.rotowire.com/football/player/malcolm-rodriguez-16052
00-0037291,Jalen Nailor,LV,WR,16025,https://www.rotowire.com/football/player/jalen-nailor-16025
00-0037292,Andrew Ogletree,IND,TE,16277,https://www.rotowire.com/football/player/andrew-ogletree-16277
00-0037294,Jordan Jackson,DEN,DL,15905,https://www.rotowire.com/football/player/jordan-jackson-15905
00-0037295,Jamaree Salyer,MIA,OL,NA,NA
00-0037297,Cade Mays,DET,OL,NA,NA
00-0037298,Sam Roberts,NYG,DL,16278,https://www.rotowire.com/football/player/sam-roberts-16278
00-0037300,Mike Woods,DEN,WR,16030,https://www.rotowire.com/football/player/mike-woods-16030
00-0037301,Theo Jackson,MIN,DB,16279,https://www.rotowire.com/football/player/theo-jackson-16279
00-0037302,Austin Deculus,TEN,OL,NA,NA
00-0037303,Matt Henningsen,DEN,DL,15915,https://www.rotowire.com/football/player/matt-henningsen-15915
00-0037304,Connor Heyward,LV,TE,15916,https://www.rotowire.com/football/player/connor-heyward-15916
00-0037305,Luke Tenuta,IND,OL,NA,NA
00-0037307,Ja'Sir Taylor,CIN,DB,16181,https://www.rotowire.com/football/player/jasir-taylor-16181
00-0037310,James Houston,DAL,DL,16281,https://www.rotowire.com/football/player/james-houston-16281
00-0037311,Ko Kieft,TB,TE,16282,https://www.rotowire.com/football/player/ko-kieft-16282
00-0037312,Chance Campbell,PHI,LB,16260,https://www.rotowire.com/football/player/chance-campbell-16260
00-0037313,Montaric Brown,JAX,DB,16154,https://www.rotowire.com/football/player/montaric-brown-16154
00-0037315,Cameron Goode,MIA,LB,16283,https://www.rotowire.com/football/player/cameron-goode-16283
00-0037320,Deane Leonard,LAC,DB,16288,https://www.rotowire.com/football/player/deane-leonard-16288
00-0037321,Chase Lucas,TB,DB,15939,https://www.rotowire.com/football/player/chase-lucas-15939
00-0037323,Rodney Thomas,SEA,DB,16290,https://www.rotowire.com/football/player/rodney-thomas-16290
00-0037324,Chris Oladokun,KC,QB,16291,https://www.rotowire.com/football/player/chris-oladokun-16291
00-0037327,Skylar Thompson,BAL,QB,15974,https://www.rotowire.com/football/player/skylar-thompson-15974
00-0037329,Brittain Brown,CHI,RB,16294,https://www.rotowire.com/football/player/brittain-brown-16294
00-0037330,Jesse Luketa,NE,LB,15960,https://www.rotowire.com/football/player/jesse-luketa-15960
00-0037332,D'Anthony Bell,SEA,DB,16523,https://www.rotowire.com/football/player/danthony-bell-16523
00-0037336,Brock Hoffman,PIT,OL,NA,NA
00-0037340,Zaire Mitchell-Paden,NO,TE,16530,https://www.rotowire.com/football/player/zaire-mitchell-paden-16530
00-0037348,Tanner Conner,NYG,TE,16338,https://www.rotowire.com/football/player/tanner-conner-16338
00-0037353,Kader Kohou,KC,DB,16330,https://www.rotowire.com/football/player/kader-kohou-16330
00-0037364,Arron Mosby,GB,DL,16509,https://www.rotowire.com/football/player/arron-mosby-16509
00-0037381,Sebastian Gutierrez,NE,OL,NA,NA
00-0037382,Brandon Johnson,LV,WR,16473,https://www.rotowire.com/football/player/brandon-johnson-16473
00-0037384,Ja'Quan McMillian,DEN,DB,16477,https://www.rotowire.com/football/player/jaquan-mcmillian-16477
00-0037385,Michael Niese,DET,OL,NA,NA
00-0037387,Jalen Virgil,BUF,WR,16332,https://www.rotowire.com/football/player/jalen-virgil-16332
00-0037395,Dallis Flowers,CHI,DB,16547,https://www.rotowire.com/football/player/dallis-flowers-16547
00-0037404,Ryan Van Demark,MIN,OL,NA,NA
00-0037412,Cal Adomitis,PIT,LS,NA,NA
00-0037413,Ben Brown,NE,OL,NA,NA
00-0037414,Devin Cochran,DET,OL,NA,NA
00-0037422,Kendric Pryor,CIN,WR,16519,https://www.rotowire.com/football/player/kendric-pryor-16519
00-0037428,Alec Anderson,BUF,OL,NA,NA
00-0037431,Kingsley Jonathan,NYJ,DL,16499,https://www.rotowire.com/football/player/kingsley-jonathan-16499
00-0037447,Tomon Fox,LA,LB,16562,https://www.rotowire.com/football/player/tomon-fox-16562
00-0037457,Jake Hansen,HOU,LB,15314,https://www.rotowire.com/football/player/jake-hansen-15314
00-0037461,Tristin McCollum,LV,DB,16545,https://www.rotowire.com/football/player/tristin-mccollum-16545
00-0037468,Raheem Layne,NYG,DB,16314,https://www.rotowire.com/football/player/raheem-layne-16314
00-0037475,Stone Smartt,PHI,TE,16321,https://www.rotowire.com/football/player/stone-smartt-16321
00-0037480,Dylan Cook,PIT,OL,NA,NA
00-0037493,Mike Brown,NE,DB,16300,https://www.rotowire.com/football/player/mike-brown-16300
00-0037500,Ryan Wright,NO,P,16306,https://www.rotowire.com/football/player/ryan-wright-16306
00-0037509,Sincere McCormick,SF,RB,16107,https://www.rotowire.com/football/player/sincere-mccormick-16107
00-0037512,Isaiah Pola-Mao,LV,DB,16202,https://www.rotowire.com/football/player/isaiah-pola-mao-16202
00-0037522,Qwuantrezz Knight,WAS,DB,NA,NA
00-0037525,Jordan Mason,MIN,RB,16163,https://www.rotowire.com/football/player/jordan-mason-16163
00-0037526,Marcelino McCrary-Ball,NYJ,LB,16394,https://www.rotowire.com/football/player/marcelino-mccrary-ball-16394
00-0037527,Segun Olubi,LV,LB,16395,https://www.rotowire.com/football/player/segun-olubi-16395
00-0037539,Lucas Krull,DEN,TE,16259,https://www.rotowire.com/football/player/lucas-krull-16259
00-0037544,Nephi Sewell,CHI,LB,16196,https://www.rotowire.com/football/player/nephi-sewell-16196
00-0037545,Rashid Shaheed,SEA,WR,16560,https://www.rotowire.com/football/player/rashid-shaheed-16560
00-0037547,Daniel Whelan,GB,P,16598,https://www.rotowire.com/football/player/daniel-whelan-16598
00-0037549,Darrell Baker Jr.,MIA,DB,16385,https://www.rotowire.com/football/player/darrell-baker-jr-16385
00-0037557,Ronnie Rivers,LA,RB,16108,https://www.rotowire.com/football/player/ronnie-rivers-16108
00-0037561,Markquese Bell,DAL,DB,16142,https://www.rotowire.com/football/player/markquese-bell-16142
00-0037563,Malik Davis,DAL,RB,15828,https://www.rotowire.com/football/player/malik-davis-15828
00-0037570,Dennis Houston,TB,WR,16356,https://www.rotowire.com/football/player/dennis-houston-16356
00-0037578,Juanyeh Thomas,IND,DB,16145,https://www.rotowire.com/football/player/juanyeh-thomas-16145
00-0037585,Timmy Horne,TEN,DL,16494,https://www.rotowire.com/football/player/timmy-horne-16494
00-0037587,Nate Landman,LA,LB,15904,https://www.rotowire.com/football/player/nate-landman-15904
00-0037593,Tre Avery,CLE,DB,16575,https://www.rotowire.com/football/player/tre-avery-16575
00-0037594,Julius Chestnut,TEN,RB,15921,https://www.rotowire.com/football/player/julius-chestnut-15921
00-0037596,Jack Gibbens,ARI,LB,16576,https://www.rotowire.com/football/player/jack-gibbens-16576
00-0037601,Xavier Newman-Johnson,NYJ,OL,NA,NA
00-0037602,Sam Okuayinonu,SF,DL,16581,https://www.rotowire.com/football/player/sam-okuayinonu-16581
00-0037605,Andrew Rupcich,NE,OL,NA,NA
00-0037611,Kayvon Thibodeaux,NYG,LB,15854,https://www.rotowire.com/football/player/kayvon-thibodeaux-15854
00-0037612,Evan Neal,NYG,OL,NA,NA
00-0037614,John Metchie III,CAR,WR,16069,https://www.rotowire.com/football/player/john-metchie-iii-16069
00-0037615,Nakobe Dean,LV,LB,15931,https://www.rotowire.com/football/player/nakobe-dean-15931
00-0037616,Nick Cross,WAS,DB,16139,https://www.rotowire.com/football/player/nick-cross-16139
00-0037618,Zach Thomas,SF,OL,NA,NA
00-0037620,Andrew Stueber,ATL,OL,NA,NA
00-0037633,Jacob Hummel,HOU,LB,16270,https://www.rotowire.com/football/player/jacob-hummel-16270
00-0037638,Benton Whitley,CLE,LB,16409,https://www.rotowire.com/football/player/benton-whitley-16409
00-0037661,Ja'Marcus Ingram,HOU,DB,16342,https://www.rotowire.com/football/player/jamarcus-ingram-16342
00-0037663,Jermaine Johnson II,TEN,LB,15805,https://www.rotowire.com/football/player/jermaine-johnson-ii-15805
00-0037664,Alec Pierce,IND,WR,16022,https://www.rotowire.com/football/player/alec-pierce-16022
00-0037665,Sam Williams,DAL,DL,16091,https://www.rotowire.com/football/player/sam-williams-16091
00-0037666,Jalen Tolbert,MIA,WR,16010,https://www.rotowire.com/football/player/jalen-tolbert-16010
00-0037667,Kerby Joseph,DET,DB,16071,https://www.rotowire.com/football/player/kerby-joseph-16071
00-0037686,Tucker Addington,MIA,LS,NA,NA
00-0037692,Brandon Aubrey,DAL,K,17649,https://www.rotowire.com/football/player/brandon-aubrey-17649
00-0037708,Maurice Alexander,CHI,WR,16641,https://www.rotowire.com/football/player/maurice-alexander-16641
00-0037711,Jeremiah Pharms Jr.,NE,DL,16635,https://www.rotowire.com/football/player/jeremiah-pharms-jr-16635
00-0037740,Garrett Wilson,NYJ,WR,15829,https://www.rotowire.com/football/player/garrett-wilson-15829
00-0037741,Jahan Dotson,ATL,WR,15850,https://www.rotowire.com/football/player/jahan-dotson-15850
00-0037742,Treylon Burks,WAS,WR,15896,https://www.rotowire.com/football/player/treylon-burks-15896
00-0037743,Daxton Hill,CIN,DB,15941,https://www.rotowire.com/football/player/daxton-hill-15941
00-0037744,Trey McBride,ARI,TE,15902,https://www.rotowire.com/football/player/trey-mcbride-15902
00-0037745,Velus Jones Jr.,SEA,RB,15846,https://www.rotowire.com/football/player/velus-jones-jr-15846
00-0037746,Brian Robinson,ATL,RB,15907,https://www.rotowire.com/football/player/brian-robinson-15907
00-0037748,Marquis Hayes,NYJ,OL,NA,NA
00-0037752,Tycen Anderson,DEN,DB,16141,https://www.rotowire.com/football/player/tycen-anderson-16141
00-0037753,Cam Taylor-Britt,IND,DB,16147,https://www.rotowire.com/football/player/cam-taylor-britt-16147
00-0037755,Jelani Woods,NYJ,TE,15821,https://www.rotowire.com/football/player/jelani-woods-15821
00-0037756,Travis Jones,BAL,DL,16123,https://www.rotowire.com/football/player/travis-jones-16123
00-0037757,Bernhard Raimann,IND,OL,NA,NA
00-0037758,Cordale Flott,TEN,DB,16158,https://www.rotowire.com/football/player/cordale-flott-16158
00-0037799,Dondrea Tillman,DEN,LB,18416,https://www.rotowire.com/football/player/dondrea-tillman-18416
00-0037801,KaVontae Turpin,DAL,WR,13894,https://www.rotowire.com/football/player/kavontae-turpin-13894
00-0037804,Zachary Carter,ARI,DL,16198,https://www.rotowire.com/football/player/zachary-carter-16198
00-0037805,Jeremy Ruckert,NYJ,TE,15996,https://www.rotowire.com/football/player/jeremy-ruckert-15996
00-0037807,Joshua Ezeudu,NYG,OL,NA,NA
00-0037808,DeAngelo Malone,ATL,LB,16094,https://www.rotowire.com/football/player/deangelo-malone-16094
00-0037809,Chig Okonkwo,WAS,TE,16042,https://www.rotowire.com/football/player/chig-okonkwo-16042
00-0037810,Troy Andersen,ATL,LB,15911,https://www.rotowire.com/football/player/troy-andersen-15911
00-0037811,Chad Muma,NE,LB,15903,https://www.rotowire.com/football/player/chad-muma-15903
00-0037812,Abraham Lucas,SEA,OL,NA,NA
00-0037813,Channing Tindall,ATL,LB,15883,https://www.rotowire.com/football/player/channing-tindall-15883
00-0037814,Luke Fortner,CAR,OL,NA,NA
00-0037815,Cameron Thomas,ATL,DL,15873,https://www.rotowire.com/football/player/cameron-thomas-15873
00-0037816,Romeo Doubs,NE,WR,16027,https://www.rotowire.com/football/player/romeo-doubs-16027
00-0037817,Zach Tom,GB,OL,NA,NA
00-0037818,Zion Johnson,CLE,OL,NA,NA
00-0037819,Leo Chenal,WAS,LB,15913,https://www.rotowire.com/football/player/leo-chenal-15913
00-0037821,Charles Cross,SEA,OL,NA,NA
00-0037823,Christian Harris,ATL,LB,16130,https://www.rotowire.com/football/player/christian-harris-16130
00-0037825,Tyler Linderbaum,LV,OL,NA,NA
00-0037826,Drake Jackson,WAS,DL,15820,https://www.rotowire.com/football/player/drake-jackson-15820
00-0037828,Danny Gray,PHI,WR,15804,https://www.rotowire.com/football/player/danny-gray-15804
00-0037829,Spencer Burford,LV,OL,NA,NA
00-0037830,Samuel Womack,NYJ,DB,16274,https://www.rotowire.com/football/player/samuel-womack-16274
00-0037831,Nick Zakelj,SF,OL,NA,NA
00-0037832,Kalia Davis,CLE,DL,16185,https://www.rotowire.com/football/player/kalia-davis-16185
00-0037833,Tariq Castro-Fields,PHI,DB,15959,https://www.rotowire.com/football/player/tariq-castro-fields-15959
00-0037834,Brock Purdy,SF,QB,15834,https://www.rotowire.com/football/player/brock-purdy-15834
00-0037835,Luke Goedeke,TB,OL,NA,NA
00-0037837,Calvin Austin III,NYG,WR,15874,https://www.rotowire.com/football/player/calvin-austin-iii-15874
00-0037838,Isaiah Likely,NYG,TE,16033,https://www.rotowire.com/football/player/isaiah-likely-16033
00-0037839,Cobie Durant,DAL,DB,16157,https://www.rotowire.com/football/player/cobie-durant-16157
00-0037840,Kyren Williams,LA,RB,15807,https://www.rotowire.com/football/player/kyren-williams-15807
00-0037841,Quentin Lake,LA,DB,16146,https://www.rotowire.com/football/player/quentin-lake-16146
00-0037842,Derion Kendrick,DAL,DB,16153,https://www.rotowire.com/football/player/derion-kendrick-16153
00-0037843,Daniel Hardy,CHI,DL,16287,https://www.rotowire.com/football/player/daniel-hardy-16287
00-0037844,Russ Yeast,CIN,DB,16295,https://www.rotowire.com/football/player/russ-yeast-16295
00-0037845,A.J. Arcuri,LA,OL,NA,NA
00-0037984,Damarion Williams,TB,DB,16160,https://www.rotowire.com/football/player/damarion-williams-16160
00-0038038,Kyle Hamilton,BAL,DB,15808,https://www.rotowire.com/football/player/kyle-hamilton-15808
00-0038039,Jack Jones,SF,DB,15809,https://www.rotowire.com/football/player/jack-jones-15809
00-0038041,Jake Ferguson,DAL,TE,15947,https://www.rotowire.com/football/player/jake-ferguson-15947
00-0038043,Joshua Williams,TEN,DB,16075,https://www.rotowire.com/football/player/joshua-williams-16075
00-0038046,Charlie Kolar,LAC,TE,15924,https://www.rotowire.com/football/player/charlie-kolar-15924
00-0038090,Skyy Moore,GB,WR,16005,https://www.rotowire.com/football/player/skyy-moore-16005
00-0038094,Jordan Stout,NYG,P,15826,https://www.rotowire.com/football/player/jordan-stout-15826
00-0038095,Cordell Volson,TEN,OL,NA,NA
00-0038097,Cade York,NYJ,K,16227,https://www.rotowire.com/football/player/cade-york-16227
00-0038098,Pierre Strong,GB,RB,16102,https://www.rotowire.com/football/player/pierre-strong-16102
00-0038099,Phidarian Mathis,BUF,DL,16133,https://www.rotowire.com/football/player/phidarian-mathis-16133
00-0038100,Percy Butler,WAS,DB,16140,https://www.rotowire.com/football/player/percy-butler-16140
00-0038101,Akayleb Evans,CAR,DB,16155,https://www.rotowire.com/football/player/akayleb-evans-16155
00-0038102,Kenny Pickett,CAR,QB,15841,https://www.rotowire.com/football/player/kenny-pickett-15841
00-0038103,Cole Strange,LAC,OL,NA,NA
00-0038104,Tyquan Thornton,KC,WR,15831,https://www.rotowire.com/football/player/tyquan-thornton-15831
00-0038106,Eyioma Uwazurike,DEN,DL,16220,https://www.rotowire.com/football/player/eyioma-uwazurike-16220
00-0038107,Micheal Clemons,IND,DL,16194,https://www.rotowire.com/football/player/micheal-clemons-16194
00-0038108,Bailey Zappe,NYJ,QB,15975,https://www.rotowire.com/football/player/bailey-zappe-15975
00-0038111,Kyler Gordon,CHI,DB,16150,https://www.rotowire.com/football/player/kyler-gordon-16150
00-0038112,Cam Jurgens,PHI,OL,NA,NA
00-0038114,Max Mitchell,NYJ,OL,NA,NA
00-0038115,Daniel Bellinger,TEN,TE,16036,https://www.rotowire.com/football/player/daniel-bellinger-16036
00-0038116,Arnold Ebiketie,PHI,LB,15951,https://www.rotowire.com/football/player/arnold-ebiketie-15951
00-0038117,Wan'Dale Robinson,TEN,WR,15838,https://www.rotowire.com/football/player/wandale-robinson-15838
00-0038118,Daniel Faalele,NYG,OL,NA,NA
00-0038120,Breece Hall,NYJ,RB,15810,https://www.rotowire.com/football/player/breece-hall-15810
00-0038121,Alontae Taylor,TEN,DB,16061,https://www.rotowire.com/football/player/alontae-taylor-16061
00-0038123,Dane Belton,NYJ,DB,16019,https://www.rotowire.com/football/player/dane-belton-16019
00-0038124,Christian Watson,GB,WR,15946,https://www.rotowire.com/football/player/christian-watson-15946
00-0038125,Roger McCreary,DET,DB,15880,https://www.rotowire.com/football/player/roger-mccreary-15880
00-0038127,Logan Hall,HOU,DL,16119,https://www.rotowire.com/football/player/logan-hall-16119
00-0038128,Malik Willis,MIA,QB,15872,https://www.rotowire.com/football/player/malik-willis-15872
00-0038129,Cade Otton,TB,TE,16032,https://www.rotowire.com/football/player/cade-otton-16032
00-0038131,Ed Ingram,HOU,OL,NA,NA
00-0038133,Boye Mafe,CIN,LB,16007,https://www.rotowire.com/football/player/boye-mafe-16007
00-0038134,Kenneth Walker III,KC,RB,15909,https://www.rotowire.com/football/player/kenneth-walker-iii-15909
00-0038135,Jaquan Brisker,PIT,DB,15958,https://www.rotowire.com/football/player/jaquan-brisker-15958
00-0038136,Coby Bryant,CHI,DB,16070,https://www.rotowire.com/football/player/coby-bryant-16070
00-0038142,David Ojabo,MIA,LB,15927,https://www.rotowire.com/football/player/david-ojabo-15927
00-0038144,Adedayo Odeleye,DAL,DL,NA,NA
00-0038152,Lucas Havrisik,GB,K,16646,https://www.rotowire.com/football/player/lucas-havrisik-16646
00-0038194,Kohl Levao,NYJ,OL,NA,NA
00-0038223,Liam Fornadel,NYJ,OL,NA,NA
00-0038304,Barry Wesley,NO,OL,NA,NA
00-0038348,Josh Butler,DAL,DB,17650,https://www.rotowire.com/football/player/josh-butler-17650
00-0038359,Xavier Smith,LA,WR,17467,https://www.rotowire.com/football/player/xavier-smith-17467
00-0038360,Alex Ward,LV,LS,NA,NA
00-0038366,Tanner Ingle,LA,DB,17474,https://www.rotowire.com/football/player/tanner-ingle-17474
00-0038382,Malaesala Aumavae-Laulu,WAS,OL,NA,NA
00-0038383,Andrew Vorhees,BAL,OL,NA,NA
00-0038386,Jalen Carter,PHI,DL,16865,https://www.rotowire.com/football/player/jalen-carter-16865
00-0038387,Colby Wooden,IND,DL,17180,https://www.rotowire.com/football/player/colby-wooden-17180
00-0038388,Darius Rush,WAS,DB,16960,https://www.rotowire.com/football/player/darius-rush-16960
00-0038389,Israel Abanikanda,DAL,RB,16735,https://www.rotowire.com/football/player/israel-abanikanda-16735
00-0038390,Noah Sewell,CHI,LB,16756,https://www.rotowire.com/football/player/noah-sewell-16756
00-0038391,Sean Clifford,CIN,QB,17061,https://www.rotowire.com/football/player/sean-clifford-17061
00-0038392,Daniel Scott,IND,DB,17108,https://www.rotowire.com/football/player/daniel-scott-17108
00-0038393,Dontayvion Wicks,PHI,WR,16658,https://www.rotowire.com/football/player/dontayvion-wicks-16658
00-0038394,Will Mallory,IND,TE,17014,https://www.rotowire.com/football/player/will-mallory-17014
00-0038395,Terell Smith,CHI,DB,17341,https://www.rotowire.com/football/player/terell-smith-17341
00-0038396,Eric Gray,NYG,RB,16970,https://www.rotowire.com/football/player/eric-gray-16970
00-0038397,Evan Hull,HOU,RB,16676,https://www.rotowire.com/football/player/evan-hull-16676
00-0038398,Karl Brooks,GB,DL,16921,https://www.rotowire.com/football/player/karl-brooks-16921
00-0038399,Zaire Barnes,NYG,LB,17303,https://www.rotowire.com/football/player/zaire-barnes-17303
00-0038400,Tanner McKee,PHI,QB,16686,https://www.rotowire.com/football/player/tanner-mckee-16686
00-0038401,Jarrick Bernard-Converse,NYG,DB,16854,https://www.rotowire.com/football/player/jarrick-bernard-converse-16854
00-0038403,Tre Hawkins III,WAS,DB,17364,https://www.rotowire.com/football/player/tre-hawkins-iii-17364
00-0038407,Jaylon Jones,IND,DB,16916,https://www.rotowire.com/football/player/jaylon-jones-16916
00-0038408,Carrington Valentine,GB,DB,16721,https://www.rotowire.com/football/player/carrington-valentine-16721
00-0038409,Lew Nichols III,PIT,RB,16701,https://www.rotowire.com/football/player/lew-nichols-iii-16701
00-0038411,Anthony Johnson Jr.,CHI,DB,17429,https://www.rotowire.com/football/player/anthony-johnson-jr-17429
00-0038412,Moro Ojomo,PHI,DL,16853,https://www.rotowire.com/football/player/moro-ojomo-16853
00-0038413,Gervarrius Owens,CHI,DB,17361,https://www.rotowire.com/football/player/gervarrius-owens-17361
00-0038414,Kendall Williamson,LAC,DB,17415,https://www.rotowire.com/football/player/kendall-williamson-17415
00-0038416,Tyson Bagent,CHI,QB,16946,https://www.rotowire.com/football/player/tyson-bagent-16946
00-0038426,Lorenz Metz,NE,OL,NA,NA
00-0038428,Andre Szmyt,CLE,K,17132,https://www.rotowire.com/football/player/andre-szmyt-17132
00-0038429,Liam Anderson,CIN,LB,NA,NA
00-0038440,Zavier Scott,MIN,RB,17510,https://www.rotowire.com/football/player/zavier-scott-17510
00-0038454,Keaton Mitchell,LAC,RB,16810,https://www.rotowire.com/football/player/keaton-mitchell-16810
00-0038463,Brenton Cox Jr.,GB,DL,17179,https://www.rotowire.com/football/player/brenton-cox-jr-17179
00-0038476,Tommy DeVito,NE,QB,16797,https://www.rotowire.com/football/player/tommy-devito-16797
00-0038488,Brady Russell,SEA,RB,17235,https://www.rotowire.com/football/player/brady-russell-17235
00-0038489,Ben VanSumeren,BUF,RB,17167,https://www.rotowire.com/football/player/ben-vansumeren-17167
00-0038492,Jason Brownlee,KC,WR,17182,https://www.rotowire.com/football/player/jason-brownlee-17182
00-0038493,Claudin Cherelus,CAR,LB,17534,https://www.rotowire.com/football/player/claudin-cherelus-17534
00-0038496,Xavier Gipson,NYG,WR,17045,https://www.rotowire.com/football/player/xavier-gipson-17045
00-0038498,E.J. Jenkins,PHI,TE,17218,https://www.rotowire.com/football/player/ej-jenkins-17218
00-0038504,Trenton Simpson,BAL,LB,16712,https://www.rotowire.com/football/player/trenton-simpson-16712
00-0038505,Tavius Robinson,BAL,LB,17119,https://www.rotowire.com/football/player/tavius-robinson-17119
00-0038506,Jordon Riley,GB,DL,17414,https://www.rotowire.com/football/player/jordon-riley-17414
00-0038509,Jerome Carvin,JAX,OL,NA,NA
00-0038513,Cam Jones,NYG,LB,17102,https://www.rotowire.com/football/player/cam-jones-17102
00-0038514,Truman Jones,TEN,LB,17289,https://www.rotowire.com/football/player/truman-jones-17289
00-0038519,Nikko Remigio,KC,WR,16744,https://www.rotowire.com/football/player/nikko-remigio-16744
00-0038521,Reese Taylor,DEN,DB,16858,https://www.rotowire.com/football/player/reese-taylor-16858
00-0038523,Kahlef Hailassie,MIN,DB,17362,https://www.rotowire.com/football/player/kahlef-hailassie-17362
00-0038535,DJ Johnson,WAS,LB,16680,https://www.rotowire.com/football/player/dj-johnson-16680
00-0038536,Chandler Zavala,CAR,OL,NA,NA
00-0038540,Paris Johnson Jr.,ARI,OL,NA,NA
00-0038541,Tyree Wilson,NO,DL,17149,https://www.rotowire.com/football/player/tyree-wilson-17149
00-0038542,Bijan Robinson,ATL,RB,16739,https://www.rotowire.com/football/player/bijan-robinson-16739
00-0038543,Jaxon Smith-Njigba,SEA,WR,16654,https://www.rotowire.com/football/player/jaxon-smith-njigba-16654
00-0038544,Quentin Johnston,LAC,WR,16899,https://www.rotowire.com/football/player/quentin-johnston-16899
00-0038545,Mazi Smith,NYJ,DL,16864,https://www.rotowire.com/football/player/mazi-smith-16864
00-0038546,Myles Murphy,CIN,DL,16710,https://www.rotowire.com/football/player/myles-murphy-16710
00-0038547,Luke Schoonmaker,DAL,TE,16855,https://www.rotowire.com/football/player/luke-schoonmaker-16855
00-0038548,O'Cyrus Torrence,BUF,OL,NA,NA
00-0038549,DJ Turner II,CIN,DB,16857,https://www.rotowire.com/football/player/dj-turner-ii-16857
00-0038550,Hendon Hooker,TEN,QB,16905,https://www.rotowire.com/football/player/hendon-hooker-16905
00-0038551,Kendre Miller,NO,RB,16898,https://www.rotowire.com/football/player/kendre-miller-16898
00-0038552,Riley Moss,DEN,DB,17104,https://www.rotowire.com/football/player/riley-moss-17104
00-0038553,Daiyan Henley,LAC,LB,16948,https://www.rotowire.com/football/player/daiyan-henley-16948
00-0038554,Ji'Ayir Brown,SF,DB,17199,https://www.rotowire.com/football/player/jiayir-brown-17199
00-0038555,Tank Bigsby,PHI,RB,16705,https://www.rotowire.com/football/player/tank-bigsby-16705
00-0038556,DeMarvion Overshown,DAL,LB,16940,https://www.rotowire.com/football/player/demarvion-overshown-16940
00-0038557,Dorian Williams,BUF,LB,16951,https://www.rotowire.com/football/player/dorian-williams-16951
00-0038558,Darnell Washington,PIT,TE,16889,https://www.rotowire.com/football/player/darnell-washington-16889
00-0038559,Michael Wilson,ARI,WR,16957,https://www.rotowire.com/football/player/michael-wilson-16957
00-0038560,Jordan Battle,CIN,DB,17368,https://www.rotowire.com/football/player/jordan-battle-17368
00-0038562,Jake Moody,WAS,K,17133,https://www.rotowire.com/football/player/jake-moody-17133
00-0038563,Tre Tucker,LV,WR,16694,https://www.rotowire.com/football/player/tre-tucker-16694
00-0038564,Cameron Latu,PHI,TE,16931,https://www.rotowire.com/football/player/cameron-latu-16931
00-0038565,Mekhi Blackmon,IND,DB,16813,https://www.rotowire.com/football/player/mekhi-blackmon-16813
00-0038566,Nick Saldiveri,NO,OL,NA,NA
00-0038567,Chad Ryland,ARI,K,17107,https://www.rotowire.com/football/player/chad-ryland-17107
00-0038568,Clark Phillips III,ATL,DB,16707,https://www.rotowire.com/football/player/clark-phillips-iii-16707
00-0038570,Ventrell Miller,JAX,LB,16668,https://www.rotowire.com/football/player/ventrell-miller-16668
00-0038571,Jon Gaines II,ARI,OL,NA,NA
00-0038573,Derius Davis,LAC,WR,16939,https://www.rotowire.com/football/player/derius-davis-16939
00-0038574,Isaiah McGuire,CLE,DL,17116,https://www.rotowire.com/football/player/isaiah-mcguire-17116
00-0038576,Charlie Jones,CIN,WR,16719,https://www.rotowire.com/football/player/charlie-jones-16719
00-0038577,Nick Herbig,PIT,LB,16702,https://www.rotowire.com/football/player/nick-herbig-16702
00-0038578,Jay Ward,MIN,DB,16669,https://www.rotowire.com/football/player/jay-ward-16669
00-0038579,Aidan O'Connell,LV,QB,16716,https://www.rotowire.com/football/player/aidan-oconnell-16716
00-0038580,Yasir Abdullah,JAX,LB,16769,https://www.rotowire.com/football/player/yasir-abdullah-16769
00-0038581,KJ Henry,PIT,DL,16833,https://www.rotowire.com/football/player/kj-henry-16833
00-0038585,Cameron Mitchell,IND,DB,17339,https://www.rotowire.com/football/player/cameron-mitchell-17339
00-0038586,Atonio Mafi,LV,OL,NA,NA
00-0038587,Jammie Robinson,ATL,DB,16815,https://www.rotowire.com/football/player/jammie-robinson-16815
00-0038588,Jordan Howden,NO,DB,17358,https://www.rotowire.com/football/player/jordan-howden-17358
00-0038589,Josh Whyle,GB,TE,16866,https://www.rotowire.com/football/player/josh-whyle-16866
00-0038590,Justin Shorter,LV,WR,16656,https://www.rotowire.com/football/player/justin-shorter-16656
00-0038591,Mike Morris,SEA,DL,16861,https://www.rotowire.com/football/player/mike-morris-16861
00-0038592,Colby Sorsdal,DET,OL,NA,NA
00-0038593,Olu Oluwatimi,SEA,OL,NA,NA
00-0038594,Darrell Luter Jr.,SF,DB,16962,https://www.rotowire.com/football/player/darrell-luter-jr-16962
00-0038595,Jordan McFadden,CHI,OL,NA,NA
00-0038596,Antonio Johnson,JAX,DB,17369,https://www.rotowire.com/football/player/antonio-johnson-17369
00-0038597,Chase Brown,CIN,RB,16934,https://www.rotowire.com/football/player/chase-brown-16934
00-0038599,Henry To'oTo'o,HOU,LB,17121,https://www.rotowire.com/football/player/henry-tootoo-17121
00-0038600,Owen Pappoe,ARI,LB,16673,https://www.rotowire.com/football/player/owen-pappoe-16673
00-0038601,Asim Richards,NO,OL,NA,NA
00-0038603,Robert Beal Jr.,MIA,DL,16781,https://www.rotowire.com/football/player/robert-beal-jr-16781
00-0038605,JL Skinner,DEN,DB,16748,https://www.rotowire.com/football/player/jl-skinner-16748
00-0038606,Parker Washington,JAX,WR,16690,https://www.rotowire.com/football/player/parker-washington-16690
00-0038608,Kayshon Boutte,NE,WR,16795,https://www.rotowire.com/football/player/kayshon-boutte-16795
00-0038609,Luke Wypler,CLE,OL,NA,NA
00-0038610,Bryce Baringer,NE,P,17095,https://www.rotowire.com/football/player/bryce-baringer-17095
00-0038611,Chris Rodriguez Jr.,JAX,RB,16933,https://www.rotowire.com/football/player/chris-rodriguez-jr-16933
00-0038612,A.T. Perry,PIT,WR,16802,https://www.rotowire.com/football/player/at-perry-16802
00-0038613,Jerrick Reed II,TEN,DB,17347,https://www.rotowire.com/football/player/jerrick-reed-ii-17347
00-0038614,Scott Matlock,LAC,RB,16767,https://www.rotowire.com/football/player/scott-matlock-16767
00-0038615,Jarrett Patterson,HOU,OL,NA,NA
00-0038616,Christian Braswell,JAX,DB,17410,https://www.rotowire.com/football/player/christian-braswell-17410
00-0038618,Xavier Hutchinson,HOU,WR,16932,https://www.rotowire.com/football/player/xavier-hutchinson-16932
00-0038619,Andrei Iosivas,CIN,WR,16965,https://www.rotowire.com/football/player/andrei-iosivas-16965
00-0038620,Erick Hallett,TEN,DB,16762,https://www.rotowire.com/football/player/erick-hallett-16762
00-0038621,DeMario Douglas,NE,WR,16751,https://www.rotowire.com/football/player/demario-douglas-16751
00-0038623,Dante Stills,ARI,DL,17154,https://www.rotowire.com/football/player/dante-stills-17154
00-0038625,Dee Winters,DAL,LB,16938,https://www.rotowire.com/football/player/dee-winters-16938
00-0038628,DeMarcco Hellams,ATL,DB,16930,https://www.rotowire.com/football/player/demarcco-hellams-16930
00-0038629,Jovaughn Gwyn,BAL,OL,NA,NA
00-0038632,Colton Dowell,SF,WR,17413,https://www.rotowire.com/football/player/colton-dowell-17413
00-0038633,Nick Broeker,BUF,OL,NA,NA
00-0038635,Andre Jones Jr.,BUF,DL,17178,https://www.rotowire.com/football/player/andre-jones-jr-17178
00-0038636,Kenny McIntosh,SEA,RB,17002,https://www.rotowire.com/football/player/kenny-mcintosh-17002
00-0038640,Jalen Brooks,ARI,WR,17185,https://www.rotowire.com/football/player/jalen-brooks-17185
00-0038642,D.J. Ivey,CIN,DB,16672,https://www.rotowire.com/football/player/dj-ivey-16672
00-0038643,Brayden Willis,SF,TE,17010,https://www.rotowire.com/football/player/brayden-willis-17010
00-0038645,Spencer Anderson,PIT,OL,NA,NA
00-0038646,Alex Austin,MIA,DB,17092,https://www.rotowire.com/football/player/alex-austin-17092
00-0038647,Ronnie Bell,NO,WR,16843,https://www.rotowire.com/football/player/ronnie-bell-16843
00-0038648,Jalen Graham,SF,LB,17172,https://www.rotowire.com/football/player/jalen-graham-17172
00-0038649,Alex Forsyth,DEN,OL,NA,NA
00-0038653,Cory Durden,NE,DL,17281,https://www.rotowire.com/football/player/cory-durden-17281
00-0038658,Adrian Martinez,SF,QB,17266,https://www.rotowire.com/football/player/adrian-martinez-17266
00-0038660,Trevor Nowaske,DET,LB,17570,https://www.rotowire.com/football/player/trevor-nowaske-17570
00-0038661,Chris Smith,DET,DL,16835,https://www.rotowire.com/football/player/chris-smith-16835
00-0038663,Starling Thomas V,ARI,DB,17346,https://www.rotowire.com/football/player/starling-thomas-v-17346
00-0038678,Jordan Mims,SF,RB,17125,https://www.rotowire.com/football/player/jordan-mims-17125
00-0038679,Tyrell Shavers,BUF,WR,17555,https://www.rotowire.com/football/player/tyrell-shavers-17555
00-0038684,Ethan Bonner,MIA,DB,17564,https://www.rotowire.com/football/player/ethan-bonner-17564
00-0038685,Chris Brooks,GB,RB,16741,https://www.rotowire.com/football/player/chris-brooks-16741
00-0038694,Brandon Pili,SEA,DL,17560,https://www.rotowire.com/football/player/brandon-pili-17560
00-0038696,Keidron Smith,NYJ,DB,16806,https://www.rotowire.com/football/player/keidron-smith-16806
00-0038703,Kendell Brooks,TEN,DB,17480,https://www.rotowire.com/football/player/kendell-brooks-17480
00-0038705,Emari Demercado,KC,RB,17091,https://www.rotowire.com/football/player/emari-demercado-17091
00-0038710,Blake Whiteheart,CLE,TE,17130,https://www.rotowire.com/football/player/blake-whiteheart-17130
00-0038711,Mohamoud Diabate,TEN,LB,16837,https://www.rotowire.com/football/player/mohamoud-diabate-16837
00-0038715,Ronnie Hickman,CLE,DB,17100,https://www.rotowire.com/football/player/ronnie-hickman-17100
00-0038716,Jeremiah Martin,CHI,DL,NA,NA
00-0038717,Tanner McCalister,KC,DB,17348,https://www.rotowire.com/football/player/tanner-mccalister-17348
00-0038720,Julian Hill,NE,TE,17335,https://www.rotowire.com/football/player/julian-hill-17335
00-0038724,Ali Gaye,HOU,LB,16786,https://www.rotowire.com/football/player/ali-gaye-16786
00-0038728,Jared Wayne,HOU,WR,16847,https://www.rotowire.com/football/player/jared-wayne-16847
00-0038729,Kilian Zierer,JAX,OL,NA,NA
00-0038731,TJ Bass,DAL,OL,NA,NA
00-0038735,Princeton Fant,DAL,TE,17135,https://www.rotowire.com/football/player/princeton-fant-17135
00-0038737,Isaiah Land,DAL,DL,17115,https://www.rotowire.com/football/player/isaiah-land-17115
00-0038738,Hunter Luepke,DAL,RB,17000,https://www.rotowire.com/football/player/hunter-luepke-17000
00-0038742,Tyrus Wheat,DAL,DL,17181,https://www.rotowire.com/football/player/tyrus-wheat-17181
00-0038748,B.T. Potter,TB,K,NA,NA
00-0038752,Jake Bobo,SEA,WR,17040,https://www.rotowire.com/football/player/jake-bobo-17040
00-0038764,Patrick O'Connell,SEA,LB,17604,https://www.rotowire.com/football/player/patrick-oconnell-17604
00-0038765,Ty Okada,SEA,DB,17352,https://www.rotowire.com/football/player/ty-okada-17352
00-0038769,Chris Stoll,SEA,LS,NA,NA
00-0038776,Ricky Lee,JAX,OL,NA,NA
00-0038778,Jalen Redmond,MIN,DL,17118,https://www.rotowire.com/football/player/jalen-redmond-17118
00-0038781,Rejzohn Wright,NO,DB,NA,NA
00-0038782,Eku Leota,ARI,LB,16922,https://www.rotowire.com/football/player/eku-leota-16922
00-0038783,Nate Adkins,DEN,TE,16992,https://www.rotowire.com/football/player/nate-adkins-16992
00-0038785,Henry Byrd,MIN,OL,NA,NA
00-0038788,Art Green,NYG,DB,17360,https://www.rotowire.com/football/player/art-green-17360
00-0038791,Thomas Incoom,CAR,LB,17101,https://www.rotowire.com/football/player/thomas-incoom-17101
00-0038792,Demontrey Jacobs,ARI,OL,NA,NA
00-0038794,Jaleel McLaughlin,DEN,RB,17319,https://www.rotowire.com/football/player/jaleel-mclaughlin-17319
00-0038795,PJ Mustipher,ARI,DL,17175,https://www.rotowire.com/football/player/pj-mustipher-17175
00-0038796,Alex Palczewski,DEN,OL,NA,NA
00-0038797,Emanuel Wilson,SEA,RB,17593,https://www.rotowire.com/football/player/emanuel-wilson-17593
00-0038801,Andre Carter II,WAS,LB,16924,https://www.rotowire.com/football/player/andre-carter-ii-16924
00-0038807,Ivan Pace Jr.,MIN,LB,16804,https://www.rotowire.com/football/player/ivan-pace-jr-16804
00-0038809,Ben Sims,MIA,TE,17012,https://www.rotowire.com/football/player/ben-sims-17012
00-0038817,Evan Deckers,TB,LS,NA,NA
00-0038818,Luke Haggard,TB,OL,NA,NA
00-0038820,Christian Izien,DET,DB,17355,https://www.rotowire.com/football/player/christian-izien-17355
00-0038823,Kaevon Merriweather,HOU,DB,17103,https://www.rotowire.com/football/player/kaevon-merriweather-17103
00-0038824,Ryan Miller,NYG,WR,17271,https://www.rotowire.com/football/player/ryan-miller-17271
00-0038839,Mitchell Tinsley,CIN,WR,16834,https://www.rotowire.com/football/player/mitchell-tinsley-16834
00-0038840,Brycen Tremayne,CAR,WR,17330,https://www.rotowire.com/football/player/brycen-tremayne-17330
00-0038841,Nick Whiteside,DET,DB,17617,https://www.rotowire.com/football/player/nick-whiteside-17617
00-0038851,Caleb Murphy,NYG,LB,17159,https://www.rotowire.com/football/player/caleb-murphy-17159
00-0038852,John Ojukwu,PHI,OL,NA,NA
00-0038853,Otis Reese,NE,LB,17576,https://www.rotowire.com/football/player/otis-reese-17576
00-0038865,Andrew Farmer,SF,LB,17309,https://www.rotowire.com/football/player/andrew-farmer-17309
00-0038866,AJ Finley,SEA,DB,16993,https://www.rotowire.com/football/player/aj-finley-16993
00-0038877,D'Shawn Jamison,PIT,DB,17356,https://www.rotowire.com/football/player/dshawn-jamison-17356
00-0038890,Shaka Heyward,CIN,LB,17171,https://www.rotowire.com/football/player/shaka-heyward-17171
00-0038891,Shedrick Jackson,LV,WR,17334,https://www.rotowire.com/football/player/shedrick-jackson-17334
00-0038896,Jacob Saylors,DET,RB,17584,https://www.rotowire.com/football/player/jacob-saylors-17584
00-0038905,Blake Grupe,IND,K,17595,https://www.rotowire.com/football/player/blake-grupe-17595
00-0038911,Malik Cunningham,DET,WR,16691,https://www.rotowire.com/football/player/malik-cunningham-16691
00-0038922,Drake Thomas,SEA,LB,17304,https://www.rotowire.com/football/player/drake-thomas-17304
00-0038923,Dalton Wagner,LV,OL,NA,NA
00-0038930,Carlos Washington,MIA,RB,17465,https://www.rotowire.com/football/player/carlos-washington-17465
00-0038932,Darnell Wright,CHI,OL,NA,NA
00-0038933,Dalton Kincaid,BUF,TE,16697,https://www.rotowire.com/football/player/dalton-kincaid-16697
00-0038934,Anton Harrison,JAX,OL,NA,NA
00-0038935,Brenton Strange,JAX,TE,17017,https://www.rotowire.com/football/player/brenton-strange-17017
00-0038936,Juice Scruggs,DET,OL,NA,NA
00-0038937,Zacch Pickens,NYG,DL,16703,https://www.rotowire.com/football/player/zacch-pickens-16703
00-0038938,Jalin Hyatt,NYG,WR,16714,https://www.rotowire.com/football/player/jalin-hyatt-16714
00-0038940,Tyler Lacy,DET,DL,16968,https://www.rotowire.com/football/player/tyler-lacy-16968
00-0038941,Tyler Scott,LA,WR,16713,https://www.rotowire.com/football/player/tyler-scott-16713
00-0038951,Sean Tucker,TB,RB,16728,https://www.rotowire.com/football/player/sean-tucker-16728
00-0038953,Dylan Drummond,ATL,WR,17626,https://www.rotowire.com/football/player/dylan-drummond-17626
00-0038958,Markees Watts,CLE,LB,17621,https://www.rotowire.com/football/player/markees-watts-17621
00-0038966,Natrone Brooks,ATL,DB,17623,https://www.rotowire.com/football/player/natrone-brooks-17623
00-0038976,Marvin Mims Jr.,DEN,WR,16849,https://www.rotowire.com/football/player/marvin-mims-jr-16849
00-0038977,Tank Dell,HOU,WR,16935,https://www.rotowire.com/football/player/tank-dell-16935
00-0038978,Byron Young,PHI,DL,17123,https://www.rotowire.com/football/player/byron-young-17123
00-0038979,Cedric Tillman,CLE,WR,16706,https://www.rotowire.com/football/player/cedric-tillman-16706
00-0038980,Zach Harrison,ATL,DL,17197,https://www.rotowire.com/football/player/zach-harrison-17197
00-0038981,Wanya Morris,KC,OL,NA,NA
00-0038982,Chamarri Conner,KC,DB,16671,https://www.rotowire.com/football/player/chamarri-conner-16671
00-0038984,Kei'Trel Clark,ARI,DB,16695,https://www.rotowire.com/football/player/keitrel-clark-16695
00-0038986,Nic Jones,NYG,DB,17345,https://www.rotowire.com/football/player/nic-jones-17345
00-0038994,Jordan Addison,MIN,WR,16895,https://www.rotowire.com/football/player/jordan-addison-16895
00-0038995,Bryan Bresee,NO,DL,17173,https://www.rotowire.com/football/player/bryan-bresee-17173
00-0038996,Tucker Kraft,GB,TE,16649,https://www.rotowire.com/football/player/tucker-kraft-16649
00-0038997,Josh Downs,IND,WR,16689,https://www.rotowire.com/football/player/josh-downs-16689
00-0039000,Deonte Banks,NYG,DB,16727,https://www.rotowire.com/football/player/deonte-banks-16727
00-0039001,Tyler Steen,PHI,OL,NA,NA
00-0039002,Sydney Brown,ATL,DB,16770,https://www.rotowire.com/football/player/sydney-brown-16770
00-0039003,Drew Sanders,DEN,LB,17151,https://www.rotowire.com/football/player/drew-sanders-17151
00-0039004,Carter Warren,MIA,OL,NA,NA
00-0039006,Felix Anudike-Uzomah,KC,DL,16885,https://www.rotowire.com/football/player/felix-anudike-uzomah-16885
00-0039007,Garrett Williams,ARI,DB,16723,https://www.rotowire.com/football/player/garrett-williams-16723
00-0039009,Dylan Horton,HOU,DL,16955,https://www.rotowire.com/football/player/dylan-horton-16955
00-0039013,Nolan Smith,PHI,LB,17176,https://www.rotowire.com/football/player/nolan-smith-17176
00-0039014,Dawand Jones,CLE,OL,NA,NA
00-0039018,Jack Campbell,DET,LB,17152,https://www.rotowire.com/football/player/jack-campbell-17152
00-0039019,John Michael Schmitz,NYG,OL,NA,NA
00-0039020,Anthony Bradford,SEA,OL,NA,NA
00-0039021,Roschon Johnson,CHI,RB,16772,https://www.rotowire.com/football/player/roschon-johnson-16772
00-0039023,Joel Wilson,TEN,TE,NA,NA
00-0039030,Jake Andrews,HOU,OL,NA,NA
00-0039031,Adetomiwa Adebawore,IND,DL,16731,https://www.rotowire.com/football/player/adetomiwa-adebawore-16731
00-0039032,Tyjae Spears,TEN,RB,16941,https://www.rotowire.com/football/player/tyjae-spears-16941
00-0039034,Peter Skoronski,TEN,OL,NA,NA
00-0039040,De'Von Achane,MIA,RB,16661,https://www.rotowire.com/football/player/devon-achane-16661
00-0039041,Elijah Higgins,ARI,TE,16959,https://www.rotowire.com/football/player/elijah-higgins-16959
00-0039042,Ryan Hayes,TEN,OL,NA,NA
00-0039047,Derick Hall,SEA,LB,16923,https://www.rotowire.com/football/player/derick-hall-16923
00-0039048,Matthew Bergeron,ATL,OL,NA,NA
00-0039049,SirVocea Dennis,TB,LB,16737,https://www.rotowire.com/football/player/sirvocea-dennis-16737
00-0039050,Payne Durham,TB,TE,16720,https://www.rotowire.com/football/player/payne-durham-16720
00-0039051,Josh Hayes,TB,DB,17409,https://www.rotowire.com/football/player/josh-hayes-17409
00-0039052,Trey Palmer,NO,WR,16936,https://www.rotowire.com/football/player/trey-palmer-16936
00-0039053,Jose Ramirez,PHI,LB,17160,https://www.rotowire.com/football/player/jose-ramirez-17160
00-0039054,Marte Mapu,HOU,LB,16947,https://www.rotowire.com/football/player/marte-mapu-16947
00-0039058,Steve Avila,LA,OL,NA,NA
00-0039059,Ethan Evans,LA,P,17134,https://www.rotowire.com/football/player/ethan-evans-17134
00-0039061,Desjuan Johnson,LA,DL,17279,https://www.rotowire.com/football/player/desjuan-johnson-17279
00-0039062,Jonathan Mingo,DAL,WR,16937,https://www.rotowire.com/football/player/jonathan-mingo-16937
00-0039063,Calijah Kancey,TB,DL,16768,https://www.rotowire.com/football/player/calijah-kancey-16768
00-0039064,Zay Flowers,BAL,WR,16919,https://www.rotowire.com/football/player/zay-flowers-16919
00-0039065,Sam LaPorta,DET,TE,17033,https://www.rotowire.com/football/player/sam-laporta-17033
00-0039066,Michael Mayer,LV,TE,16666,https://www.rotowire.com/football/player/michael-mayer-16666
00-0039067,Rashee Rice,KC,WR,16963,https://www.rotowire.com/football/player/rashee-rice-16963
00-0039068,Yaya Diaby,TB,LB,17098,https://www.rotowire.com/football/player/yaya-diaby-17098
00-0039070,Gervon Dexter Sr.,CHI,DL,17174,https://www.rotowire.com/football/player/gervon-dexter-sr-17174
00-0039071,Tyrique Stevenson,CHI,DB,17120,https://www.rotowire.com/football/player/tyrique-stevenson-17120
00-0039072,Jakorian Bennett,PHI,DB,17096,https://www.rotowire.com/football/player/jakorian-bennett-17096
00-0039074,Davis Allen,LA,TE,17030,https://www.rotowire.com/football/player/davis-allen-17030
00-0039075,Puka Nacua,LA,WR,16790,https://www.rotowire.com/football/player/puka-nacua-16790
00-0039076,Nick Hampton,CAR,LB,16926,https://www.rotowire.com/football/player/nick-hampton-16926
00-0039077,Warren McClendon Jr.,LA,OL,NA,NA
00-0039107,Stetson Bennett,LA,QB,16871,https://www.rotowire.com/football/player/stetson-bennett-16871
00-0039108,Will Anderson Jr.,HOU,DL,16809,https://www.rotowire.com/football/player/will-anderson-jr-16809
00-0039109,Broderick Jones,PIT,OL,NA,NA
00-0039110,Keeanu Benton,PIT,DL,16692,https://www.rotowire.com/football/player/keeanu-benton-16692
00-0039111,Tuli Tuipulotu,LAC,LB,16822,https://www.rotowire.com/football/player/tuli-tuipulotu-16822
00-0039112,Lukas Van Ness,GB,DL,16825,https://www.rotowire.com/football/player/lukas-van-ness-16825
00-0039137,Byron Young,LA,LB,16758,https://www.rotowire.com/football/player/byron-young-16758
00-0039138,Kobie Turner,LA,DL,17157,https://www.rotowire.com/football/player/kobie-turner-17157
00-0039139,Jahmyr Gibbs,DET,RB,16808,https://www.rotowire.com/football/player/jahmyr-gibbs-16808
00-0039140,Kelee Ringo,PHI,DB,16890,https://www.rotowire.com/football/player/kelee-ringo-16890
00-0039141,Brian Branch,DET,DB,16816,https://www.rotowire.com/football/player/brian-branch-16816
00-0039142,Will McDonald IV,NYJ,DL,16971,https://www.rotowire.com/football/player/will-mcdonald-iv-16971
00-0039143,Isaiah Foskey,CIN,DL,16682,https://www.rotowire.com/football/player/isaiah-foskey-16682
00-0039144,Luke Musgrave,GB,TE,16663,https://www.rotowire.com/football/player/luke-musgrave-16663
00-0039145,Joe Tippmann,NYJ,OL,NA,NA
00-0039146,Jayden Reed,GB,WR,16977,https://www.rotowire.com/football/player/jayden-reed-16977
00-0039147,Christian Gonzalez,NE,DB,16683,https://www.rotowire.com/football/player/christian-gonzalez-16683
00-0039148,Keion White,SF,DL,17109,https://www.rotowire.com/football/player/keion-white-17109
00-0039149,Quan Martin,WAS,DB,16817,https://www.rotowire.com/football/player/quan-martin-16817
00-0039150,Bryce Young,CAR,QB,16807,https://www.rotowire.com/football/player/bryce-young-16807
00-0039151,Emmanuel Forbes,LA,DB,17336,https://www.rotowire.com/football/player/emmanuel-forbes-17336
00-0039152,Will Levis,TEN,QB,16665,https://www.rotowire.com/football/player/will-levis-16665
00-0039155,BJ Ojulari,ARI,LB,17177,https://www.rotowire.com/football/player/bj-ojulari-17177
00-0039156,Julius Brents,MIA,DB,17112,https://www.rotowire.com/football/player/julius-brents-17112
00-0039157,Cody Mauch,TB,OL,NA,NA
00-0039158,Blake Freeland,IND,OL,NA,NA
00-0039163,C.J. Stroud,HOU,QB,16886,https://www.rotowire.com/football/player/cj-stroud-16886
00-0039164,Anthony Richardson,IND,QB,16653,https://www.rotowire.com/football/player/anthony-richardson-16653
00-0039165,Zach Charbonnet,SEA,RB,16897,https://www.rotowire.com/football/player/zach-charbonnet-16897
00-0039167,Joey Porter Jr.,PIT,DB,16896,https://www.rotowire.com/football/player/joey-porter-jr-16896
00-0039169,Devon Witherspoon,SEA,DB,17150,https://www.rotowire.com/football/player/devon-witherspoon-17150
00-0039172,Jake Bates,DET,K,17376,https://www.rotowire.com/football/player/jake-bates-17376
00-0039174,Chukwuebuka Godrick,KC,OL,NA,NA
00-0039176,Basil Okoye,BAL,DL,17495,https://www.rotowire.com/football/player/basil-okoye-17495
00-0039177,David Agoha,TEN,DL,NA,NA
00-0039178,Austin Ajiake,IND,LB,17301,https://www.rotowire.com/football/player/austin-ajiake-17301
00-0039207,Durell Nchami,IND,DL,17294,https://www.rotowire.com/football/player/durell-nchami-17294
00-0039229,Charlie Smyth,NO,K,18034,https://www.rotowire.com/football/player/charlie-smyth-18034
00-0039230,Dante Miller,NYG,RB,18036,https://www.rotowire.com/football/player/dante-miller-18036
00-0039232,Nate Wiggins,BAL,DB,17709,https://www.rotowire.com/football/player/nate-wiggins-17709
00-0039233,Roger Rosengarten,BAL,OL,NA,NA
00-0039234,T.J. Tampa,BAL,DB,17071,https://www.rotowire.com/football/player/tj-tampa-17071
00-0039235,Sanoussi Kane,TEN,DB,18080,https://www.rotowire.com/football/player/sanoussi-kane-18080
00-0039236,Johnny Wilson,PHI,WR,17011,https://www.rotowire.com/football/player/johnny-wilson-17011
00-0039237,Nick Samac,CAR,OL,NA,NA
00-0039239,Kalen King,ARI,DB,17739,https://www.rotowire.com/football/player/kalen-king-17739
00-0039241,Beau Brade,NYG,DB,17804,https://www.rotowire.com/football/player/beau-brade-17804
00-0039242,Corey Bullock,BAL,OL,NA,NA
00-0039244,Chris Collier,LV,RB,18118,https://www.rotowire.com/football/player/chris-collier-18118
00-0039259,Dayton Wade,BAL,WR,18127,https://www.rotowire.com/football/player/dayton-wade-18127
00-0039265,Gabe Hall,PHI,DL,NA,NA
00-0039266,Kendall Milton,CIN,RB,17970,https://www.rotowire.com/football/player/kendall-milton-17970
00-0039267,Andre' Sam,PHI,DB,18004,https://www.rotowire.com/football/player/andre-sam-18004
00-0039269,James Ester,MIA,DL,NA,NA
00-0039272,Donovan Jennings,GB,OL,NA,NA
00-0039275,Messiah Swinson,GB,TE,NA,NA
00-0039277,Jimmy Ciarlo,BUF,LB,NA,NA
00-0039284,Braiden McGregor,NYJ,DL,17816,https://www.rotowire.com/football/player/braiden-mcgregor-17816
00-0039285,Jarius Monroe,NYJ,DB,18207,https://www.rotowire.com/football/player/jarius-monroe-18207
00-0039288,Jackson Sirmon,NO,LB,18058,https://www.rotowire.com/football/player/jackson-sirmon-18058
00-0039289,Leonard Taylor III,NE,DL,17726,https://www.rotowire.com/football/player/leonard-taylor-iii-17726
00-0039291,Eric Watts,NYJ,DL,17954,https://www.rotowire.com/football/player/eric-watts-17954
00-0039292,Shemar Bartholomew,GB,DB,18200,https://www.rotowire.com/football/player/shemar-bartholomew-18200
00-0039299,George Holani,SEA,RB,17968,https://www.rotowire.com/football/player/george-holani-17968
00-0039305,Jack Westover,NE,RB,18083,https://www.rotowire.com/football/player/jack-westover-18083
00-0039309,Byron Murphy II,SEA,DL,17736,https://www.rotowire.com/football/player/byron-murphy-ii-17736
00-0039310,Trevor Keegan,DAL,OL,NA,NA
00-0039312,Miles Battle,MIA,DB,18219,https://www.rotowire.com/football/player/miles-battle-18219
00-0039313,Swayze Bozeman,CIN,LB,18220,https://www.rotowire.com/football/player/swayze-bozeman-18220
00-0039317,Ethan Driskell,KC,OL,NA,NA
00-0039323,Ryan Rehkow,CIN,P,18230,https://www.rotowire.com/football/player/ryan-rehkow-18230
00-0039324,Christian Roland-Wallace,KC,DB,17991,https://www.rotowire.com/football/player/christian-roland-wallace-17991
00-0039325,Carson Steele,PHI,RB,17909,https://www.rotowire.com/football/player/carson-steele-17909
00-0039332,C.J. Ravenell,TEN,DL,18224,https://www.rotowire.com/football/player/cj-ravenell-18224
00-0039333,Brandon Codrington,HOU,DB,18225,https://www.rotowire.com/football/player/brandon-codrington-18225
00-0039337,Malik Nabers,NYG,WR,17704,https://www.rotowire.com/football/player/malik-nabers-17704
00-0039338,Brock Bowers,LV,TE,17693,https://www.rotowire.com/football/player/brock-bowers-17693
00-0039339,Taliese Fuaga,NO,OL,NA,NA
00-0039340,Laiatu Latu,IND,DL,17714,https://www.rotowire.com/football/player/laiatu-latu-17714
00-0039341,Tyler Guyton,DAL,OL,NA,NA
00-0039342,Xavier Legette,CAR,WR,17734,https://www.rotowire.com/football/player/xavier-legette-17734
00-0039343,Kamari Lassiter,HOU,DB,17725,https://www.rotowire.com/football/player/kamari-lassiter-17725
00-0039344,Jonathon Brooks,CAR,RB,17747,https://www.rotowire.com/football/player/jonathon-brooks-17747
00-0039345,Renardo Green,SF,DB,17981,https://www.rotowire.com/football/player/renardo-green-17981
00-0039346,Junior Colson,LAC,LB,17675,https://www.rotowire.com/football/player/junior-colson-17675
00-0039347,Trevin Wallace,CAR,LB,17872,https://www.rotowire.com/football/player/trevin-wallace-17872
00-0039348,Cooper Beebe,DAL,OL,NA,NA
00-0039349,DJ Glaze,LV,OL,NA,NA
00-0039350,Zak Zinter,CLE,OL,NA,NA
00-0039351,Dominick Puni,SF,OL,NA,NA
00-0039352,Marist Liufau,DAL,LB,17769,https://www.rotowire.com/football/player/marist-liufau-17769
00-0039353,Jarrian Jones,JAX,DB,17778,https://www.rotowire.com/football/player/jarrian-jones-17778
00-0039354,McKinnley Jackson,CIN,DL,17780,https://www.rotowire.com/football/player/mckinnley-jackson-17780
00-0039355,Luke McCaffrey,WAS,WR,17820,https://www.rotowire.com/football/player/luke-mccaffrey-17820
00-0039356,Ja'Tavion Sanders,CAR,TE,17748,https://www.rotowire.com/football/player/jatavion-sanders-17748
00-0039357,Decamerion Richardson,LV,DB,17983,https://www.rotowire.com/football/player/decamerion-richardson-17983
00-0039358,Mason McCormick,PIT,OL,NA,NA
00-0039359,Cade Stover,HOU,TE,17794,https://www.rotowire.com/football/player/cade-stover-17794
00-0039360,Malik Mustapha,SF,DB,17808,https://www.rotowire.com/football/player/malik-mustapha-17808
00-0039361,Bucky Irving,TB,RB,17784,https://www.rotowire.com/football/player/bucky-irving-17784
00-0039362,Giovanni Manu,DET,OL,NA,NA
00-0039363,Isaac Guerendo,SF,RB,17947,https://www.rotowire.com/football/player/isaac-guerendo-17947
00-0039364,Sione Vaki,DET,RB,17760,https://www.rotowire.com/football/player/sione-vaki-17760
00-0039365,Jacob Cowing,SF,WR,17008,https://www.rotowire.com/football/player/jacob-cowing-17008
00-0039366,Tarheeb Still,LAC,DB,17936,https://www.rotowire.com/football/player/tarheeb-still-17936
00-0039367,Xavier Thomas,HOU,LB,17959,https://www.rotowire.com/football/player/xavier-thomas-17959
00-0039368,Jordan Magee,WAS,LB,17882,https://www.rotowire.com/football/player/jordan-magee-17882
00-0039369,Cam Hart,LAC,DB,17843,https://www.rotowire.com/football/player/cam-hart-17843
00-0039370,JD Bertrand,ATL,LB,17810,https://www.rotowire.com/football/player/jd-bertrand-17810
00-0039371,Kris Abrams-Draine,DEN,DB,17828,https://www.rotowire.com/football/player/kris-abrams-draine-17828
00-0039372,Jarvis Brownlee Jr.,NYJ,DB,17994,https://www.rotowire.com/football/player/jarvis-brownlee-jr-17994
00-0039373,Audric Estimé,NO,RB,17788,https://www.rotowire.com/football/player/audric-estim-17788
00-0039374,Tommy Eichenberg,LV,LB,17825,https://www.rotowire.com/football/player/tommy-eichenberg-17825
00-0039375,Josh Newton,CIN,DB,17744,https://www.rotowire.com/football/player/josh-newton-17744
00-0039376,Spencer Rattler,NO,QB,17782,https://www.rotowire.com/football/player/spencer-rattler-17782
00-0039377,Jaylon Carlies,IND,LB,18006,https://www.rotowire.com/football/player/jaylon-carlies-18006
00-0039379,Jamari Thrash,CLE,WR,17686,https://www.rotowire.com/football/player/jamari-thrash-17686
00-0039380,Chau Smith-Wade,CAR,DB,17877,https://www.rotowire.com/football/player/chau-smith-wade-17877
00-0039381,Dominique Hampton,CHI,DB,17998,https://www.rotowire.com/football/player/dominique-hampton-17998
00-0039382,Christian Jones,ARI,OL,NA,NA
00-0039383,Jaylin Simpson,GB,DB,17841,https://www.rotowire.com/football/player/jaylin-simpson-17841
00-0039384,Tyrone Tracy Jr.,NYG,RB,17967,https://www.rotowire.com/football/player/tyrone-tracy-jr-17967
00-0039386,Bub Means,NO,WR,17942,https://www.rotowire.com/football/player/bub-means-17942
00-0039387,Caelen Carson,DAL,DB,17759,https://www.rotowire.com/football/player/caelen-carson-17759
00-0039388,Jaylan Ford,NO,LB,17864,https://www.rotowire.com/football/player/jaylan-ford-17864
00-0039389,Logan Lee,PIT,DL,17935,https://www.rotowire.com/football/player/logan-lee-17935
00-0039390,Marcellas Dial Jr.,NE,DB,17984,https://www.rotowire.com/football/player/marcellas-dial-jr-17984
00-0039391,Kimani Vidal,LAC,RB,17821,https://www.rotowire.com/football/player/kimani-vidal-17821
00-0039392,Jha'Quan Jackson,HOU,WR,17972,https://www.rotowire.com/football/player/jhaquan-jackson-17972
00-0039394,Casey Washington,ATL,WR,18044,https://www.rotowire.com/football/player/casey-washington-18044
00-0039395,Jamal Hill,HOU,LB,18059,https://www.rotowire.com/football/player/jamal-hill-18059
00-0039396,Mekhi Wingo,DET,DL,17750,https://www.rotowire.com/football/player/mekhi-wingo-17750
00-0039397,Tejhaun Palmer,ARI,WR,18073,https://www.rotowire.com/football/player/tejhaun-palmer-18073
00-0039398,Joe Milton III,DAL,QB,17830,https://www.rotowire.com/football/player/joe-milton-iii-17830
00-0039400,Zion Logue,BUF,DL,17949,https://www.rotowire.com/football/player/zion-logue-17949
00-0039401,Khristian Boyd,NO,DL,18055,https://www.rotowire.com/football/player/khristian-boyd-18055
00-0039402,Jaden Crumedy,GB,DL,17885,https://www.rotowire.com/football/player/jaden-crumedy-17885
00-0039404,Will Reichard,MIN,K,17922,https://www.rotowire.com/football/player/will-reichard-17922
00-0039405,Jawhar Jordan,HOU,RB,17916,https://www.rotowire.com/football/player/jawhar-jordan-17916
00-0039406,Nathaniel Watson,CLE,LB,17898,https://www.rotowire.com/football/player/nathaniel-watson-17898
00-0039407,Dylan Laube,LV,RB,17818,https://www.rotowire.com/football/player/dylan-laube-17818
00-0039408,Christian Mahogany,DET,OL,NA,NA
00-0039409,Cam Little,JAX,K,17926,https://www.rotowire.com/football/player/cam-little-17926
00-0039410,Ryan Flournoy,DAL,WR,17974,https://www.rotowire.com/football/player/ryan-flournoy-17974
00-0039411,Elijah Klein,TB,OL,NA,NA
00-0039412,Javontae Jean-Baptiste,WAS,LB,17953,https://www.rotowire.com/football/player/javontae-jean-baptiste-17953
00-0039414,Daijahn Anthony,CIN,DB,17997,https://www.rotowire.com/football/player/daijahn-anthony-17997
00-0039415,Brenden Rice,GB,WR,17756,https://www.rotowire.com/football/player/brenden-rice-17756
00-0039416,Jaden Davis,ARI,DB,18076,https://www.rotowire.com/football/player/jaden-davis-18076
00-0039417,Myles Harden,CLE,DB,17995,https://www.rotowire.com/football/player/myles-harden-17995
00-0039418,MJ Devonshire,GB,DB,17993,https://www.rotowire.com/football/player/mj-devonshire-17993
00-0039419,Michael Jurgens,MIN,OL,NA,NA
00-0039420,Jaheim Bell,PIT,TE,17848,https://www.rotowire.com/football/player/jaheim-bell-17848
00-0039421,Levi Drake Rodriguez,MIN,DL,18078,https://www.rotowire.com/football/player/levi-drake-rodriguez-18078
00-0039422,Nathan Thomas,DAL,OL,NA,NA
00-0039423,Jonah Laulu,LV,DL,18056,https://www.rotowire.com/football/player/jonah-laulu-18056
00-0039424,Devaughn Vele,NO,WR,17975,https://www.rotowire.com/football/player/devaughn-vele-17975
00-0039425,Myles Cole,NO,DL,17905,https://www.rotowire.com/football/player/myles-cole-17905
00-0039427,Solomon Byrd,HOU,DL,17956,https://www.rotowire.com/football/player/solomon-byrd-17956
00-0039430,James Williams,TEN,LB,17834,https://www.rotowire.com/football/player/james-williams-17834
00-0039431,Jowon Briggs,NYJ,DL,18079,https://www.rotowire.com/football/player/jowon-briggs-18079
00-0039433,Marcus Harris,KC,DL,17840,https://www.rotowire.com/football/player/marcus-harris-17840
00-0039435,Tatum Bethune,SF,LB,17961,https://www.rotowire.com/football/player/tatum-bethune-17961
00-0039436,Jaylen Harrell,TEN,LB,17682,https://www.rotowire.com/football/player/jaylen-harrell-17682
00-0039437,Cornelius Johnson,BAL,WR,17051,https://www.rotowire.com/football/player/cornelius-johnson-17051
00-0039438,Nick Gargiulo,DEN,OL,NA,NA
00-0039442,Kingsley Eguakun,CLE,OL,NA,NA
00-0039445,Hogan Hatten,DET,LS,NA,NA
00-0039446,Bryan Hudson,NYG,OL,NA,NA
00-0039448,Loren Strickland,DET,DB,18341,https://www.rotowire.com/football/player/loren-strickland-18341
00-0039451,Isaiah Williams,NYJ,WR,17977,https://www.rotowire.com/football/player/isaiah-williams-17977
00-0039454,Beanie Bishop Jr.,NO,DB,17933,https://www.rotowire.com/football/player/beanie-bishop-jr-17933
00-0039458,Brenden Bates,CLE,TE,18253,https://www.rotowire.com/football/player/brenden-bates-18253
00-0039459,Theo Benedet,CHI,OL,NA,NA
00-0039460,Carl Jones,BAL,LB,18255,https://www.rotowire.com/football/player/carl-jones-18255
00-0039461,Jamree Kromah,CHI,DL,NA,NA
00-0039465,Reddy Steward,DAL,DB,18259,https://www.rotowire.com/football/player/reddy-steward-18259
00-0039469,Te'Cory Couch,BUF,DB,NA,NA
00-0039471,Frank Gore Jr.,BUF,RB,17853,https://www.rotowire.com/football/player/frank-gore-jr-17853
00-0039473,Xavier Johnson,CIN,WR,18295,https://www.rotowire.com/football/player/xavier-johnson-18295
00-0039475,Keni-H Lovely,JAX,DB,NA,NA
00-0039481,Storm Duck,MIA,DB,18276,https://www.rotowire.com/football/player/storm-duck-18276
00-0039485,Andrew Meyer,MIA,OL,NA,NA
00-0039488,Mark Perry,GB,DB,NA,NA
00-0039489,Hayden Rucci,SF,TE,18251,https://www.rotowire.com/football/player/hayden-rucci-18251
00-0039491,Jalen Coker,CAR,WR,17976,https://www.rotowire.com/football/player/jalen-coker-17976
00-0039498,Harrison Mevis,LA,K,17921,https://www.rotowire.com/football/player/harrison-mevis-17921
00-0039506,Alex Johnson,LA,DB,NA,NA
00-0039507,Marcellus Johnson,DAL,OL,NA,NA
00-0039508,Jake Kubas,NYG,OL,NA,NA
00-0039513,Chris Edmonds,CLE,DB,18289,https://www.rotowire.com/football/player/chris-edmonds-18289
00-0039515,Winston Reid,CLE,LB,18292,https://www.rotowire.com/football/player/winston-reid-18292
00-0039517,Lorenzo Thompson,PIT,OL,NA,NA
00-0039518,Treyton Welch,NO,TE,NA,NA
00-0039521,Xavier Weaver,ARI,WR,18041,https://www.rotowire.com/football/player/xavier-weaver-18041
00-0039526,Emany Johnson,LAC,LB,18244,https://www.rotowire.com/football/player/emany-johnson-18244
00-0039530,Brevyn Spann-Ford,DAL,TE,17908,https://www.rotowire.com/football/player/brevyn-spann-ford-17908
00-0039532,Julius Wood,DAL,DB,18247,https://www.rotowire.com/football/player/julius-wood-18247
00-0039534,Carter Bradley,JAX,QB,17918,https://www.rotowire.com/football/player/carter-bradley-17918
00-0039535,Andrew Coker,CIN,OL,NA,NA
00-0039539,Amari Gainer,NE,LB,18140,https://www.rotowire.com/football/player/amari-gainer-18140
00-0039544,Will Putnam,LV,OL,NA,NA
00-0039555,Steven Jones,PIT,OL,NA,NA
00-0039565,Levelle Bailey,DEN,LB,18343,https://www.rotowire.com/football/player/levelle-bailey-18343
00-0039566,Omar Brown,MIA,DB,NA,NA
00-0039567,Nik Constantinou,CLE,P,NA,NA
00-0039568,Frank Crum,DEN,OL,NA,NA
00-0039570,Jordan Miller,DEN,DL,NA,NA
00-0039576,Spencer Shrader,IND,K,18268,https://www.rotowire.com/football/player/spencer-shrader-18268
00-0039577,Kedon Slovis,ARI,QB,17979,https://www.rotowire.com/football/player/kedon-slovis-17979
00-0039578,Dalton Tucker,IND,OL,NA,NA
00-0039582,Marcus Banks,TB,DB,NA,NA
00-0039586,Tyrek Funderburk,CAR,DB,18061,https://www.rotowire.com/football/player/tyrek-funderburk-18061
00-0039589,Kameron Johnson,TB,WR,18307,https://www.rotowire.com/football/player/kameron-johnson-18307
00-0039596,Rashad Wisdom,TB,DB,18402,https://www.rotowire.com/football/player/rashad-wisdom-18402
00-0039601,Demani Richardson,CAR,DB,18002,https://www.rotowire.com/football/player/demani-richardson-18002
00-0039603,British Brooks,HOU,RB,18300,https://www.rotowire.com/football/player/british-brooks-18300
00-0039609,Kyler Baugh,PIT,DL,NA,NA
00-0039620,Rico Payton,NYG,DB,18110,https://www.rotowire.com/football/player/rico-payton-18110
00-0039622,Isaiah Stalbird,NO,LB,18111,https://www.rotowire.com/football/player/isaiah-stalbird-18111
00-0039623,Mason Tipton,NO,WR,18107,https://www.rotowire.com/football/player/mason-tipton-18107
00-0039624,Kyle Hergel,CHI,OL,NA,NA
00-0039626,Cole Burgess,PIT,WR,18281,https://www.rotowire.com/football/player/cole-burgess-18281
00-0039631,Cam Grandy,CIN,TE,18284,https://www.rotowire.com/football/player/cam-grandy-18284
00-0039632,PJ Jules,CIN,DB,18066,https://www.rotowire.com/football/player/pj-jules-18066
00-0039634,Austin McNamara,NYJ,P,17924,https://www.rotowire.com/football/player/austin-mcnamara-17924
00-0039637,Maema Njongmeta,CAR,LB,17964,https://www.rotowire.com/football/player/maema-njongmeta-17964
00-0039648,David Martin-Robinson,TEN,TE,18301,https://www.rotowire.com/football/player/david-martin-robinson-18301
00-0039650,Bryce Oliver,TEN,WR,18302,https://www.rotowire.com/football/player/bryce-oliver-18302
00-0039652,Jabari Small,DET,RB,17944,https://www.rotowire.com/football/player/jabari-small-17944
00-0039655,Karsen Barnhart,GB,OL,NA,NA
00-0039660,Thomas Harper,DET,DB,18134,https://www.rotowire.com/football/player/thomas-harper-18134
00-0039676,Chigozie Anusiem,LV,DB,18155,https://www.rotowire.com/football/player/chigozie-anusiem-18155
00-0039677,Sam Hartman,WAS,QB,17664,https://www.rotowire.com/football/player/sam-hartman-17664
00-0039679,Ben Nikkel,IND,WR,NA,NA
00-0039681,Tyler Owens,WAS,DB,17999,https://www.rotowire.com/football/player/tyler-owens-17999
00-0039685,A.J. Woods,ATL,DB,NA,NA
00-0039686,Colson Yankoff,WAS,TE,18160,https://www.rotowire.com/football/player/colson-yankoff-18160
00-0039692,Dell Pettus,NE,DB,18149,https://www.rotowire.com/football/player/dell-pettus-18149
00-0039696,Evan Anderson,SF,DL,17875,https://www.rotowire.com/football/player/evan-anderson-17875
00-0039700,Drake Nugent,SF,OL,NA,NA
00-0039703,Cody Schrader,DEN,RB,17829,https://www.rotowire.com/football/player/cody-schrader-17829
00-0039710,Jeshaun Jones,MIN,WR,17691,https://www.rotowire.com/football/player/jeshaun-jones-17691
00-0039714,Dwight McGlothern,MIN,DB,17992,https://www.rotowire.com/football/player/dwight-mcglothern-17992
00-0039716,Doug Nester,PIT,OL,NA,NA
00-0039718,Bo Richter,MIN,LB,18182,https://www.rotowire.com/football/player/bo-richter-18182
00-0039720,Taki Taimani,MIN,DL,18184,https://www.rotowire.com/football/player/taki-taimani-18184
00-0039722,JaQuae Jackson,LAC,WR,NA,NA
00-0039725,Jayden Price,NO,DB,NA,NA
00-0039731,JC Latham,TEN,OL,NA,NA
00-0039732,Bo Nix,DEN,QB,16995,https://www.rotowire.com/football/player/bo-nix-16995
00-0039733,Ruke Orhorhoro,JAX,DL,17762,https://www.rotowire.com/football/player/ruke-orhorhoro-17762
00-0039734,Braden Fiske,LA,DL,17775,https://www.rotowire.com/football/player/braden-fiske-17775
00-0039735,Jackson Powers-Johnson,LV,OL,NA,NA
00-0039736,Matt Goncalves,IND,OL,NA,NA
00-0039737,Tip Reiman,ARI,TE,17966,https://www.rotowire.com/football/player/tip-reiman-17966
00-0039738,Blake Corum,LA,RB,17690,https://www.rotowire.com/football/player/blake-corum-17690
00-0039739,Roman Wilson,PIT,WR,17043,https://www.rotowire.com/football/player/roman-wilson-17043
00-0039740,Jalyx Hunt,PHI,LB,17951,https://www.rotowire.com/football/player/jalyx-hunt-17951
00-0039741,Payton Wilson,PIT,LB,17758,https://www.rotowire.com/football/player/payton-wilson-17758
00-0039742,Javon Foster,CIN,OL,NA,NA
00-0039743,Jordan Jefferson,CIN,DL,17813,https://www.rotowire.com/football/player/jordan-jefferson-17813
00-0039744,Tanor Bortolini,IND,OL,NA,NA
00-0039745,Tory Taylor,CHI,P,17925,https://www.rotowire.com/football/player/tory-taylor-17925
00-0039746,Will Shipley,PHI,RB,17802,https://www.rotowire.com/football/player/will-shipley-17802
00-0039747,Ainias Smith,CAR,WR,17015,https://www.rotowire.com/football/player/ainias-smith-17015
00-0039749,Tyler Davis,LA,DL,17799,https://www.rotowire.com/football/player/tyler-davis-17799
00-0039751,Jordan Whittington,LA,WR,17688,https://www.rotowire.com/football/player/jordan-whittington-17688
00-0039752,Cedric Johnson,CIN,DL,17847,https://www.rotowire.com/football/player/cedric-johnson-17847
00-0039753,Beaux Limmer,LA,OL,NA,NA
00-0039754,Devin Culp,TB,TE,17965,https://www.rotowire.com/football/player/devin-culp-17965
00-0039755,KT Leveston,CLE,OL,NA,NA
00-0039757,Terrell Jennings,NE,RB,18368,https://www.rotowire.com/football/player/terrell-jennings-18368
00-0039763,Joe Andreessen,BUF,LB,18329,https://www.rotowire.com/football/player/joe-andreessen-18329
00-0039764,Elijah Chatman,CLE,DL,18333,https://www.rotowire.com/football/player/elijah-chatman-18333
00-0039770,Charles Woods,NE,DB,18387,https://www.rotowire.com/football/player/charles-woods-18387
00-0039772,Josh Wallace,LA,DB,17937,https://www.rotowire.com/football/player/josh-wallace-17937
00-0039774,Omar Speights,LA,LB,17914,https://www.rotowire.com/football/player/omar-speights-17914
00-0039775,Elias Neal,LA,LB,18386,https://www.rotowire.com/football/player/elias-neal-18386
00-0039776,Jaylen McCollough,LA,DB,18385,https://www.rotowire.com/football/player/jaylen-mccollough-18385
00-0039780,Cam Lampkin,LA,DB,18381,https://www.rotowire.com/football/player/cam-lampkin-18381
00-0039783,Anthony Goodlow,PIT,DL,18380,https://www.rotowire.com/football/player/anthony-goodlow-18380
00-0039784,Justin Dedich,LA,OL,NA,NA
00-0039789,Qwan'tez Stiggers,NYJ,DB,17940,https://www.rotowire.com/football/player/qwantez-stiggers-17940
00-0039790,Olumuyiwa Fashanu,NYJ,OL,NA,NA
00-0039791,Adisa Isaac,BAL,LB,17749,https://www.rotowire.com/football/player/adisa-isaac-17749
00-0039792,Devontez Walker,BAL,WR,17728,https://www.rotowire.com/football/player/devontez-walker-17728
00-0039793,AJ Barner,SEA,TE,17811,https://www.rotowire.com/football/player/aj-barner-17811
00-0039794,Braelon Allen,NYJ,RB,17702,https://www.rotowire.com/football/player/braelon-allen-17702
00-0039795,Nehemiah Pritchett,SEA,DB,17783,https://www.rotowire.com/football/player/nehemiah-pritchett-17783
00-0039796,Rasheen Ali,BAL,RB,17026,https://www.rotowire.com/football/player/rasheen-ali-17026
00-0039798,Isaiah Davis,NYJ,RB,17057,https://www.rotowire.com/football/player/isaiah-davis-17057
00-0039807,Max Melton,ARI,DB,17817,https://www.rotowire.com/football/player/max-melton-17817
00-0039808,Isaiah Adams,ARI,OL,NA,NA
00-0039809,Jonah Elliss,DEN,LB,17730,https://www.rotowire.com/football/player/jonah-elliss-17730
00-0039811,MarShawn Lloyd,GB,RB,17795,https://www.rotowire.com/football/player/marshawn-lloyd-17795
00-0039812,Ty'Ron Hopper,GB,LB,17859,https://www.rotowire.com/football/player/tyron-hopper-17859
00-0039813,Evan Williams,GB,DB,18003,https://www.rotowire.com/football/player/evan-williams-18003
00-0039814,Erick All,CIN,TE,17696,https://www.rotowire.com/football/player/erick-all-17696
00-0039815,Tyrice Knight,SEA,LB,17963,https://www.rotowire.com/football/player/tyrice-knight-17963
00-0039816,Anthony Gould,IND,WR,17971,https://www.rotowire.com/football/player/anthony-gould-17971
00-0039817,Jacob Monk,GB,OL,NA,NA
00-0039818,Kitan Oladapo,GB,DB,17884,https://www.rotowire.com/football/player/kitan-oladapo-17884
00-0039819,Travis Glover,GB,OL,NA,NA
00-0039821,Andru Phillips,NYG,DB,17846,https://www.rotowire.com/football/player/andru-phillips-17846
00-0039822,Kiran Amegadjie,CHI,OL,NA,NA
00-0039823,Elijah Jones,ARI,DB,18071,https://www.rotowire.com/football/player/elijah-jones-18071
00-0039824,Jared Wiley,KC,TE,17894,https://www.rotowire.com/football/player/jared-wiley-17894
00-0039825,Jaden Hicks,KC,DB,17797,https://www.rotowire.com/football/player/jaden-hicks-17797
00-0039826,Jeremiah Trotter Jr.,PHI,LB,17755,https://www.rotowire.com/football/player/jeremiah-trotter-jr-17755
00-0039827,Hunter Nourzad,KC,OL,NA,NA
00-0039828,Walter Rouse,MIN,OL,NA,NA
00-0039829,Darius Muasau,NYG,LB,17868,https://www.rotowire.com/football/player/darius-muasau-17868
00-0039830,Dylan McMahon,LA,OL,NA,NA
00-0039831,Kamal Hadden,GB,DB,17832,https://www.rotowire.com/football/player/kamal-hadden-17832
00-0039832,Jarrett Kingston,HOU,OL,NA,NA
00-0039833,C.J. Hanson,KC,OL,NA,NA
00-0039834,Kamren Kinchens,LA,DB,17722,https://www.rotowire.com/football/player/kamren-kinchens-17722
00-0039835,Justin Eboigbe,LAC,DL,17803,https://www.rotowire.com/football/player/justin-eboigbe-17803
00-0039836,Brennan Jackson,LV,LB,17842,https://www.rotowire.com/football/player/brennan-jackson-17842
00-0039837,Bralen Trice,ATL,LB,17676,https://www.rotowire.com/football/player/bralen-trice-17676
00-0039838,Calen Bullock,HOU,DB,17737,https://www.rotowire.com/football/player/calen-bullock-17737
00-0039839,Christian Haynes,SEA,OL,NA,NA
00-0039840,Austin Booker,CHI,DL,17839,https://www.rotowire.com/football/player/austin-booker-17839
00-0039841,Cooper DeJean,PHI,DB,17705,https://www.rotowire.com/football/player/cooper-dejean-17705
00-0039842,Michael Jerrell,ATL,OL,NA,NA
00-0039843,Qadir Ismail,CHI,TE,NA,NA
00-0039844,Kingsley Suamataia,KC,OL,NA,NA
00-0039846,Tykee Smith,TB,DB,17770,https://www.rotowire.com/football/player/tykee-smith-17770
00-0039847,Theo Johnson,NYG,TE,17021,https://www.rotowire.com/football/player/theo-johnson-17021
00-0039849,Marvin Harrison Jr.,ARI,WR,17674,https://www.rotowire.com/football/player/marvin-harrison-jr-17674
00-0039850,Edgerrin Cooper,GB,LB,17753,https://www.rotowire.com/football/player/edgerrin-cooper-17753
00-0039851,Drake Maye,NE,QB,17673,https://www.rotowire.com/football/player/drake-maye-17673
00-0039852,Jared Verse,CLE,LB,17711,https://www.rotowire.com/football/player/jared-verse-17711
00-0039854,Darius Robinson,ARI,DL,17790,https://www.rotowire.com/football/player/darius-robinson-17790
00-0039855,Jalen McMillan,TB,WR,17763,https://www.rotowire.com/football/player/jalen-mcmillan-17763
00-0039857,Blake Fisher,HOU,OL,NA,NA
00-0039858,Cedric Gray,TEN,LB,17849,https://www.rotowire.com/football/player/cedric-gray-17849
00-0039859,Brandon Dorlus,ATL,DL,17743,https://www.rotowire.com/football/player/brandon-dorlus-17743
00-0039860,Kool-Aid McKinstry,NO,DB,17715,https://www.rotowire.com/football/player/kool-aid-mckinstry-17715
00-0039861,Tyler Nubin,NYG,DB,17723,https://www.rotowire.com/football/player/tyler-nubin-17723
00-0039862,Ennis Rakestraw Jr.,DET,DB,17720,https://www.rotowire.com/football/player/ennis-rakestraw-jr-17720
00-0039863,Caedan Wallace,NE,OL,NA,NA
00-0039864,Dadrion Taylor-Demerson,ARI,DB,17996,https://www.rotowire.com/football/player/dadrion-taylor-demerson-17996
00-0039867,Javon Bullard,GB,DB,17765,https://www.rotowire.com/football/player/javon-bullard-17765
00-0039868,Troy Franklin,DEN,WR,17719,https://www.rotowire.com/football/player/troy-franklin-17719
00-0039871,Troy Fautanu,PIT,OL,NA,NA
00-0039872,Cole Bishop,BUF,DB,17838,https://www.rotowire.com/football/player/cole-bishop-17838
00-0039873,DeWayne Carter,BUF,DL,17766,https://www.rotowire.com/football/player/dewayne-carter-17766
00-0039874,Jaylen Wright,MIA,RB,17800,https://www.rotowire.com/football/player/jaylen-wright-17800
00-0039875,Ray Davis,BUF,RB,17792,https://www.rotowire.com/football/player/ray-davis-17792
00-0039876,Sedrick Van Pran-Granger,BUF,OL,NA,NA
00-0039877,Mohamed Kamara,TB,LB,17812,https://www.rotowire.com/football/player/mohamed-kamara-17812
00-0039878,Edefuan Ulofoshio,CLE,LB,17836,https://www.rotowire.com/football/player/edefuan-ulofoshio-17836
00-0039879,Javon Solomon,BUF,DL,17957,https://www.rotowire.com/football/player/javon-solomon-17957
00-0039880,Malik Washington,MIA,WR,17863,https://www.rotowire.com/football/player/malik-washington-17863
00-0039881,Patrick McMorris,SF,DB,18001,https://www.rotowire.com/football/player/patrick-mcmorris-18001
00-0039882,Tylan Grable,BUF,OL,NA,NA
00-0039883,Daequan Hardy,PIT,DB,17906,https://www.rotowire.com/football/player/daequan-hardy-17906
00-0039884,Tahj Washington,MIA,WR,17978,https://www.rotowire.com/football/player/tahj-washington-17978
00-0039886,T'Vondre Sweat,NYJ,DL,17754,https://www.rotowire.com/football/player/tvondre-sweat-17754
00-0039887,Layden Robinson,ATL,OL,NA,NA
00-0039888,Quinyon Mitchell,PHI,DB,17731,https://www.rotowire.com/football/player/quinyon-mitchell-17731
00-0039889,Maason Smith,ATL,DL,17669,https://www.rotowire.com/football/player/maason-smith-17669
00-0039890,Adonai Mitchell,NYJ,WR,17668,https://www.rotowire.com/football/player/adonai-mitchell-17668
00-0039893,Brian Thomas Jr.,JAX,WR,17716,https://www.rotowire.com/football/player/brian-thomas-jr-17716
00-0039894,Xavier Worthy,KC,WR,17687,https://www.rotowire.com/football/player/xavier-worthy-17687
00-0039895,Mike Hall Jr.,CLE,DL,17793,https://www.rotowire.com/football/player/mike-hall-jr-17793
00-0039896,Zach Frazier,PIT,OL,NA,NA
00-0039897,Joe Alt,LAC,OL,NA,NA
00-0039898,Mike Sainristil,WAS,DB,17768,https://www.rotowire.com/football/player/mike-sainristil-17768
00-0039899,Patrick Paul,MIA,OL,NA,NA
00-0039901,Keon Coleman,BUF,WR,17732,https://www.rotowire.com/football/player/keon-coleman-17732
00-0039902,Chris Braswell,TB,LB,17718,https://www.rotowire.com/football/player/chris-braswell-17718
00-0039903,Terrion Arnold,DET,DB,17712,https://www.rotowire.com/football/player/terrion-arnold-17712
00-0039904,Jordan Morgan,GB,OL,NA,NA
00-0039905,Graham Barton,TB,OL,NA,NA
00-0039906,Jer'Zhan Newton,WAS,DL,17707,https://www.rotowire.com/football/player/jerzhan-newton-17707
00-0039907,Ja'Lynn Polk,NO,WR,17684,https://www.rotowire.com/football/player/jalynn-polk-17684
00-0039908,Kris Jenkins,CIN,DL,17740,https://www.rotowire.com/football/player/kris-jenkins-17740
00-0039910,Jayden Daniels,WAS,QB,17692,https://www.rotowire.com/football/player/jayden-daniels-17692
00-0039911,Chop Robinson,MIA,LB,17742,https://www.rotowire.com/football/player/chop-robinson-17742
00-0039912,Ben Sinnott,WAS,TE,17833,https://www.rotowire.com/football/player/ben-sinnott-17833
00-0039913,Brandon Coleman,WAS,OL,NA,NA
00-0039915,Ladd McConkey,LAC,WR,17724,https://www.rotowire.com/football/player/ladd-mcconkey-17724
00-0039916,Ricky Pearsall,SF,WR,17761,https://www.rotowire.com/football/player/ricky-pearsall-17761
00-0039917,Michael Penix Jr.,ATL,QB,17700,https://www.rotowire.com/football/player/michael-penix-jr-17700
00-0039918,Caleb Williams,CHI,QB,17695,https://www.rotowire.com/football/player/caleb-williams-17695
00-0039919,Rome Odunze,CHI,WR,17020,https://www.rotowire.com/football/player/rome-odunze-17020
00-0039920,Malachi Corley,CLE,WR,17777,https://www.rotowire.com/football/player/malachi-corley-17777
00-0039921,Trey Benson,ARI,RB,17767,https://www.rotowire.com/football/player/trey-benson-17767
00-0039923,J.J. McCarthy,MIN,QB,17689,https://www.rotowire.com/football/player/jj-mccarthy-17689
00-0039924,Dallas Turner,MIN,LB,17710,https://www.rotowire.com/football/player/dallas-turner-17710
00-0039925,Amarius Mims,CIN,OL,NA,NA
00-0039926,Jalen Sundell,SEA,OL,NA,NA
00-0039930,Travis Clayton,BUF,OL,NA,NA
00-0039931,Julius Welschof,PIT,LB,NA,NA
00-0039932,Laekin Vakalahi,LAC,OL,NA,NA
00-0039933,Bayron Matos,IND,OL,NA,NA
00-0039938,David Olajiga,BAL,DL,NA,NA
00-0039944,Jamie Sheriff,SEA,LB,18428,https://www.rotowire.com/football/player/jamie-sheriff-18428
00-0039956,Elliott Brown,ARI,LB,NA,NA
00-0040004,T.J. Maguranyanga,WAS,DL,18775,https://www.rotowire.com/football/player/tj-maguranyanga-18775
00-0040007,Tyler Booker,DAL,OL,NA,NA
00-0040008,Shavon Revel Jr.,DAL,DB,18580,https://www.rotowire.com/football/player/shavon-revel-jr-18580
00-0040009,Savion Williams,GB,WR,18554,https://www.rotowire.com/football/player/savion-williams-18554
00-0040010,Barryn Sorrell,GB,DL,18666,https://www.rotowire.com/football/player/barryn-sorrell-18666
00-0040011,Shemar James,DAL,LB,18731,https://www.rotowire.com/football/player/shemar-james-18731
00-0040012,Collin Oliver,GB,LB,18672,https://www.rotowire.com/football/player/collin-oliver-18672
00-0040013,Smael Mondon Jr.,PHI,LB,18721,https://www.rotowire.com/football/player/smael-mondon-jr-18721
00-0040014,Kyle McCord,GB,QB,18498,https://www.rotowire.com/football/player/kyle-mccord-18498
00-0040015,Myles Hinton,PHI,OL,NA,NA
00-0040016,Warren Brinson,GB,DL,18694,https://www.rotowire.com/football/player/warren-brinson-18694
00-0040017,Ajani Cornelius,DAL,OL,NA,NA
00-0040018,Antwaun Powell-Ryland,CIN,LB,18671,https://www.rotowire.com/football/player/antwaun-powell-ryland-18671
00-0040019,Jay Toia,DAL,DL,18710,https://www.rotowire.com/football/player/jay-toia-18710
00-0040020,Micah Robinson,TEN,DB,18821,https://www.rotowire.com/football/player/micah-robinson-18821
00-0040021,Phil Mafah,DAL,RB,18531,https://www.rotowire.com/football/player/phil-mafah-18531
00-0040022,Tommy Akingbesote,BUF,DL,18713,https://www.rotowire.com/football/player/tommy-akingbesote-18713
00-0040023,John Williams,GB,OL,NA,NA
00-0040024,Darius Cooper,PHI,WR,18958,https://www.rotowire.com/football/player/darius-cooper-18958
00-0040026,Maxen Hook,SEA,DB,NA,NA
00-0040027,Brandon Johnson,PHI,DB,18960,https://www.rotowire.com/football/player/brandon-johnson-18960
00-0040031,Hollin Pierce,PHI,OL,NA,NA
00-0040033,Johnathan Baldwin,GB,DB,18975,https://www.rotowire.com/football/player/johnathan-baldwin-18975
00-0040034,Brant Banks,GB,OL,NA,NA
00-0040036,Tyler Cooper,WAS,OL,NA,NA
00-0040038,Tyron Herring,CLE,DB,NA,NA
00-0040039,Amar Johnson,LAC,RB,18949,https://www.rotowire.com/football/player/amar-johnson-18949
00-0040041,Nazir Stackhouse,GB,DL,17815,https://www.rotowire.com/football/player/nazir-stackhouse-17815
00-0040043,Justin Barron,DAL,LB,18982,https://www.rotowire.com/football/player/justin-barron-18982
00-0040044,Zion Childress,DAL,DB,18807,https://www.rotowire.com/football/player/zion-childress-18807
00-0040045,Alijah Clark,DAL,DB,18638,https://www.rotowire.com/football/player/alijah-clark-18638
00-0040046,Rivaldo Fairweather,ARI,TE,NA,NA
00-0040048,Traeshon Holden,DAL,WR,18495,https://www.rotowire.com/football/player/traeshon-holden-18495
00-0040049,Josh Kelly,HOU,WR,NA,NA
00-0040053,Tyrone Broden,SEA,WR,NA,NA
00-0040054,Seth Coleman,MIA,DL,NA,NA
00-0040055,Jalan Gaines,SEA,DL,NA,NA
00-0040056,Jared Ivey,SEA,LB,18673,https://www.rotowire.com/football/player/jared-ivey-18673
00-0040058,Nick Kallerup,SEA,TE,18968,https://www.rotowire.com/football/player/nick-kallerup-18968
00-0040059,Amari Kight,SEA,OL,NA,NA
00-0040061,Connor O'Toole,SEA,LB,18971,https://www.rotowire.com/football/player/connor-otoole-18971
00-0040063,J.R. Singleton,SEA,DL,NA,NA
00-0040064,Wy'Kevious Thomas,SEA,DL,NA,NA
00-0040065,Isas Waxter,LAC,DB,NA,NA
00-0040066,Jackson Woodard,MIA,LB,18726,https://www.rotowire.com/football/player/jackson-woodard-18726
00-0040067,Jacardia Wright,SEA,RB,18864,https://www.rotowire.com/football/player/jacardia-wright-18864
00-0040068,Emery Jones Jr.,BAL,OL,NA,NA
00-0040069,Teddye Buchanan,BAL,LB,18734,https://www.rotowire.com/football/player/teddye-buchanan-18734
00-0040070,Carson Vinson,BAL,OL,NA,NA
00-0040071,Mac McWilliams,PHI,DB,18604,https://www.rotowire.com/football/player/mac-mcwilliams-18604
00-0040072,Jeffrey Bassa,KC,LB,18725,https://www.rotowire.com/football/player/jeffrey-bassa-18725
00-0040073,Bilhal Kone,BAL,DB,18595,https://www.rotowire.com/football/player/bilhal-kone-18595
00-0040074,Tyler Loop,BAL,K,18742,https://www.rotowire.com/football/player/tyler-loop-18742
00-0040075,LaJohntay Wester,BAL,WR,18567,https://www.rotowire.com/football/player/lajohntay-wester-18567
00-0040076,Aeneas Peebles,BAL,DL,18700,https://www.rotowire.com/football/player/aeneas-peebles-18700
00-0040077,Robert Longerbeam,BAL,DB,18612,https://www.rotowire.com/football/player/robert-longerbeam-18612
00-0040078,Brashard Smith,KC,RB,18529,https://www.rotowire.com/football/player/brashard-smith-18529
00-0040079,Garrett Dellinger,TEN,OL,NA,NA
00-0040081,Jake Briningstool,KC,TE,18542,https://www.rotowire.com/football/player/jake-briningstool-18542
00-0040083,Dalton Cooper,GB,OL,NA,NA
00-0040086,Mac Dalena,BUF,WR,NA,NA
00-0040088,Coziah Izzard,NO,DL,NA,NA
00-0040089,Kevin Knowles,KC,DB,19003,https://www.rotowire.com/football/player/kevin-knowles-19003
00-0040092,Esa Pole,KC,OL,NA,NA
00-0040093,Melvin Smith Jr.,KC,DB,NA,NA
00-0040094,Tre Watson,KC,TE,NA,NA
00-0040098,Gerad Lichtenhan,BAL,OL,NA,NA
00-0040099,Xavier Guillory,BAL,WR,NA,NA
00-0040100,Jay Higgins,BAL,LB,18732,https://www.rotowire.com/football/player/jay-higgins-18732
00-0040104,Keondre Jackson,BAL,DB,18806,https://www.rotowire.com/football/player/keondre-jackson-18806
00-0040105,Jayson Jones,TB,DL,NA,NA
00-0040106,Reuben Lowery,IND,DB,18992,https://www.rotowire.com/football/player/reuben-lowery-18992
00-0040108,Chandler Martin,PHI,LB,18993,https://www.rotowire.com/football/player/chandler-martin-18993
00-0040110,Jared Penning,BAL,OL,NA,NA
00-0040112,Marquise Robinson,BAL,DB,NA,NA
00-0040116,Josh Simmons,KC,OL,NA,NA
00-0040118,Cooper McDonald,KC,LB,19009,https://www.rotowire.com/football/player/cooper-mcdonald-19009
00-0040120,Jimmy Holiday,KC,WR,NA,NA
00-0040122,Ashton Jeanty,LV,RB,18487,https://www.rotowire.com/football/player/ashton-jeanty-18487
00-0040123,Armand Membou,NYJ,OL,NA,NA
00-0040124,Tetairoa McMillan,CAR,WR,18547,https://www.rotowire.com/football/player/tetairoa-mcmillan-18547
00-0040125,Kelvin Banks Jr.,NO,OL,NA,NA
00-0040126,Colston Loveland,CHI,TE,18460,https://www.rotowire.com/football/player/colston-loveland-18460
00-0040127,Kenneth Grant,MIA,DL,18583,https://www.rotowire.com/football/player/kenneth-grant-18583
00-0040128,Tyler Warren,IND,TE,18534,https://www.rotowire.com/football/player/tyler-warren-18534
00-0040129,Emeka Egbuka,TB,WR,18549,https://www.rotowire.com/football/player/emeka-egbuka-18549
00-0040130,Jayden Higgins,HOU,WR,18551,https://www.rotowire.com/football/player/jayden-higgins-18551
00-0040131,Kyle Williams,NE,WR,19126,https://www.rotowire.com/football/player/kyle-williams-19126
00-0040132,Landon Jackson,BUF,DL,18663,https://www.rotowire.com/football/player/landon-jackson-18663
00-0040133,Azareye'h Thomas,NYJ,DB,18585,https://www.rotowire.com/football/player/azareyeh-thomas-18585
00-0040134,Pat Bryant,DEN,WR,18562,https://www.rotowire.com/football/player/pat-bryant-18562
00-0040135,Nick Martin,SF,LB,18730,https://www.rotowire.com/football/player/nick-martin-18730
00-0040136,Princely Umanmielen,CAR,LB,18492,https://www.rotowire.com/football/player/princely-umanmielen-18492
00-0040137,Jordan Burch,ARI,LB,18664,https://www.rotowire.com/football/player/jordan-burch-18664
00-0040138,Jaylin Noel,HOU,WR,18555,https://www.rotowire.com/football/player/jaylin-noel-18555
00-0040139,Justin Walley,IND,DB,18606,https://www.rotowire.com/football/player/justin-walley-18606
00-0040140,Dylan Fairchild,CIN,OL,NA,NA
00-0040141,Kevin Winston Jr.,TEN,DB,18620,https://www.rotowire.com/football/player/kevin-winston-jr-18620
00-0040142,Kaleb Johnson,PIT,RB,18515,https://www.rotowire.com/football/player/kaleb-johnson-18515
00-0040143,Jacob Parrish,TB,DB,18591,https://www.rotowire.com/football/player/jacob-parrish-18591
00-0040144,Jamaree Caldwell,LAC,DL,18692,https://www.rotowire.com/football/player/jamaree-caldwell-18692
00-0040145,Caleb Ransaw,JAX,DB,18597,https://www.rotowire.com/football/player/caleb-ransaw-18597
00-0040146,Wyatt Milum,JAX,OL,NA,NA
00-0040147,Jared Wilson,NE,OL,NA,NA
00-0040148,Xavier Watts,ATL,DB,18616,https://www.rotowire.com/football/player/xavier-watts-18616
00-0040149,Jaylin Smith,HOU,DB,18611,https://www.rotowire.com/football/player/jaylin-smith-18611
00-0040150,Caleb Rogers,LV,OL,NA,NA
00-0040151,Charles Grant,LV,OL,NA,NA
00-0040152,Upton Stout,SF,DB,18605,https://www.rotowire.com/football/player/upton-stout-18605
00-0040153,Sai'vion Jones,DEN,DL,18665,https://www.rotowire.com/football/player/saivion-jones-18665
00-0040154,Tai Felton,MIN,WR,18553,https://www.rotowire.com/football/player/tai-felton-18553
00-0040155,Danny Stutsman,NO,LB,18722,https://www.rotowire.com/football/player/danny-stutsman-18722
00-0040156,Billy Bowman Jr.,ATL,DB,18618,https://www.rotowire.com/football/player/billy-bowman-jr-18618
00-0040157,Barrett Carter,CIN,LB,18720,https://www.rotowire.com/football/player/barrett-carter-18720
00-0040158,David Walker,TB,LB,18670,https://www.rotowire.com/football/player/david-walker-18670
00-0040159,Lathan Ransom,CAR,DB,18625,https://www.rotowire.com/football/player/lathan-ransom-18625
00-0040160,Jack Sawyer,PIT,LB,18659,https://www.rotowire.com/football/player/jack-sawyer-18659
00-0040161,Kyle Kennard,LAC,LB,18668,https://www.rotowire.com/football/player/kyle-kennard-18668
00-0040162,Dylan Sampson,CLE,RB,18467,https://www.rotowire.com/football/player/dylan-sampson-18467
00-0040163,Jalen Travis,IND,OL,NA,NA
00-0040164,Jaylin Lane,WAS,WR,18643,https://www.rotowire.com/football/player/jaylin-lane-18643
00-0040165,Malachi Moore,NYJ,DB,18631,https://www.rotowire.com/football/player/malachi-moore-18631
00-0040166,Quincy Riley,NO,DB,18600,https://www.rotowire.com/football/player/quincy-riley-18600
00-0040167,Ruben Hyppolite II,CHI,LB,18814,https://www.rotowire.com/football/player/ruben-hyppolite-ii-18814
00-0040168,Que Robinson,DEN,LB,18676,https://www.rotowire.com/football/player/que-robinson-18676
00-0040169,Tonka Hemingway,LV,DL,18704,https://www.rotowire.com/football/player/tonka-hemingway-18704
00-0040170,Elic Ayomanor,TEN,WR,18552,https://www.rotowire.com/football/player/elic-ayomanor-18552
00-0040171,Joshua Farmer,NE,DL,18695,https://www.rotowire.com/football/player/joshua-farmer-18695
00-0040172,Jordan Watkins,SF,WR,18647,https://www.rotowire.com/football/player/jordan-watkins-18647
00-0040173,Tyrion Ingram-Dawkins,MIN,DL,18693,https://www.rotowire.com/football/player/tyrion-ingram-dawkins-18693
00-0040174,Cam Jackson,CAR,DL,18686,https://www.rotowire.com/football/player/cam-jackson-18686
00-0040175,Jordan Phillips,MIA,DL,18707,https://www.rotowire.com/football/player/jordan-phillips-18707
00-0040176,Bradyn Swinson,NE,LB,18660,https://www.rotowire.com/football/player/bradyn-swinson-18660
00-0040177,Jordan James,SF,RB,18485,https://www.rotowire.com/football/player/jordan-james-18485
00-0040178,Jason Marshall Jr.,MIA,DB,18614,https://www.rotowire.com/football/player/jason-marshall-jr-18614
00-0040179,DJ Giddens,IND,RB,18443,https://www.rotowire.com/football/player/dj-giddens-18443
00-0040180,Jalen Rivers,CIN,OL,NA,NA
00-0040181,Marcus Mbow,NYG,OL,NA,NA
00-0040182,Dante Trader Jr.,MIA,DB,18630,https://www.rotowire.com/football/player/dante-trader-jr-18630
00-0040183,Elijah Roberts,TB,DL,18675,https://www.rotowire.com/football/player/elijah-roberts-18675
00-0040184,KeAndre Lambert-Smith,LAC,WR,18650,https://www.rotowire.com/football/player/keandre-lambert-smith-18650
00-0040185,Marques Sigle,SF,DB,18634,https://www.rotowire.com/football/player/marques-sigle-18634
00-0040186,Francisco Mauigoa,NYJ,LB,18739,https://www.rotowire.com/football/player/francisco-mauigoa-18739
00-0040187,Mitchell Evans,CAR,TE,18545,https://www.rotowire.com/football/player/mitchell-evans-18545
00-0040188,Yahya Black,PIT,DL,18706,https://www.rotowire.com/football/player/yahya-black-18706
00-0040189,Oronde Gadsden II,LAC,TE,18481,https://www.rotowire.com/football/player/oronde-gadsden-ii-18481
00-0040190,Jackson Slater,TEN,OL,NA,NA
00-0040192,Jordan Hancock,BUF,DB,18602,https://www.rotowire.com/football/player/jordan-hancock-18602
00-0040193,Miles Frazier,DET,OL,NA,NA
00-0040194,Jackson Hawes,BUF,TE,18538,https://www.rotowire.com/football/player/jackson-hawes-18538
00-0040195,Denzel Burke,ARI,DB,18596,https://www.rotowire.com/football/player/denzel-burke-18596
00-0040196,Tyler Baron,NYJ,DL,18491,https://www.rotowire.com/football/player/tyler-baron-18491
00-0040197,Dorian Strong,BUF,DB,18592,https://www.rotowire.com/football/player/dorian-strong-18592
00-0040198,Ollie Gordon II,MIA,RB,18450,https://www.rotowire.com/football/player/ollie-gordon-ii-18450
00-0040199,JJ Pegues,LV,DL,18687,https://www.rotowire.com/football/player/jj-pegues-18687
00-0040200,Andy Borregales,NE,K,18743,https://www.rotowire.com/football/player/andy-borregales-18743
00-0040201,Marcus Harris,TEN,DB,18599,https://www.rotowire.com/football/player/marcus-harris-18599
00-0040202,Devin Neal,NO,RB,18521,https://www.rotowire.com/football/player/devin-neal-18521
00-0040203,Will Howard,PIT,QB,18512,https://www.rotowire.com/football/player/will-howard-18512
00-0040204,Jaylen Reed,HOU,DB,18633,https://www.rotowire.com/football/player/jaylen-reed-18633
00-0040205,Kalel Mullings,TEN,RB,18463,https://www.rotowire.com/football/player/kalel-mullings-18463
00-0040206,Riley Leonard,IND,QB,18513,https://www.rotowire.com/football/player/riley-leonard-18513
00-0040207,Tim Smith,IND,DL,17899,https://www.rotowire.com/football/player/tim-smith-17899
00-0040208,Tahj Brooks,CIN,RB,18519,https://www.rotowire.com/football/player/tahj-brooks-18519
00-0040209,Jalen McLeod,JAX,LB,18729,https://www.rotowire.com/football/player/jalen-mcleod-18729
00-0040210,Luke Newman,CHI,OL,NA,NA
00-0040211,Graham Mertz,HOU,QB,18653,https://www.rotowire.com/football/player/graham-mertz-18653
00-0040212,Branson Taylor,LAC,OL,NA,NA
00-0040213,Rayuan Lane III,JAX,DB,18636,https://www.rotowire.com/football/player/rayuan-lane-iii-18636
00-0040214,Kobe King,NYJ,LB,18724,https://www.rotowire.com/football/player/kobe-king-18724
00-0040215,Gavin Bartholomew,MIN,TE,18573,https://www.rotowire.com/football/player/gavin-bartholomew-18573
00-0040216,Kain Medrano,WAS,LB,18740,https://www.rotowire.com/football/player/kain-medrano-18740
00-0040217,Chase Lundt,BUF,OL,NA,NA
00-0040218,Jimmy Horn Jr.,CAR,WR,18569,https://www.rotowire.com/football/player/jimmy-horn-jr-18569
00-0040219,Hayden Conner,ARI,OL,NA,NA
00-0040221,R.J. Mickens,LAC,DB,18627,https://www.rotowire.com/football/player/rj-mickens-18627
00-0040222,Cam Miller,MIA,QB,18808,https://www.rotowire.com/football/player/cam-miller-18808
00-0040223,Jeremy Crawshaw,DEN,P,18746,https://www.rotowire.com/football/player/jeremy-crawshaw-18746
00-0040224,Jack Nelson,ATL,OL,NA,NA
00-0040225,Thomas Fidone II,NYG,TE,18507,https://www.rotowire.com/football/player/thomas-fidone-ii-18507
00-0040226,Marcus Bryant,NE,OL,NA,NA
00-0040227,Jonah Monheim,JAX,OL,NA,NA
00-0040228,Cody Lindenberg,LV,LB,18728,https://www.rotowire.com/football/player/cody-lindenberg-18728
00-0040229,Kyonte Hamilton,HOU,DL,18818,https://www.rotowire.com/football/player/kyonte-hamilton-18818
00-0040230,Kitan Crawford,ARI,DB,18639,https://www.rotowire.com/football/player/kitan-crawford-18639
00-0040231,Carson Bruener,PIT,LB,18735,https://www.rotowire.com/football/player/carson-bruener-18735
00-0040232,Donte Kent,PIT,DB,18819,https://www.rotowire.com/football/player/donte-kent-18819
00-0040233,Dan Jackson,DET,DB,18804,https://www.rotowire.com/football/player/dan-jackson-18804
00-0040234,Quinn Ewers,MIA,QB,18505,https://www.rotowire.com/football/player/quinn-ewers-18505
00-0040235,Hunter Wohler,IND,DB,18635,https://www.rotowire.com/football/player/hunter-wohler-18635
00-0040236,Kyle Monangai,CHI,RB,18520,https://www.rotowire.com/football/player/kyle-monangai-18520
00-0040237,Tez Johnson,TB,WR,18484,https://www.rotowire.com/football/player/tez-johnson-18484
00-0040238,LeQuint Allen Jr.,JAX,RB,18476,https://www.rotowire.com/football/player/lequint-allen-jr-18476
00-0040240,Caleb Lohner,DEN,TE,18822,https://www.rotowire.com/football/player/caleb-lohner-18822
00-0040241,Dominic Lovett,DET,WR,17858,https://www.rotowire.com/football/player/dominic-lovett-17858
00-0040242,Jacory Croskey-Merritt,WAS,RB,18811,https://www.rotowire.com/football/player/jacory-croskey-merritt-18811
00-0040243,Korie Black,NYG,DB,18802,https://www.rotowire.com/football/player/korie-black-18802
00-0040244,Moliki Matavao,NO,TE,18623,https://www.rotowire.com/football/player/moliki-matavao-18623
00-0040245,Connor Colby,SF,OL,NA,NA
00-0040246,Julian Ashby,NE,LS,NA,NA
00-0040247,Junior Bergen,SF,WR,18824,https://www.rotowire.com/football/player/junior-bergen-18824
00-0040248,Zeek Biggers,MIA,DL,18716,https://www.rotowire.com/football/player/zeek-biggers-18716
00-0040249,Fadil Diggs,NO,LB,18681,https://www.rotowire.com/football/player/fadil-diggs-18681
00-0040251,Trikweze Bridges,DAL,DB,18826,https://www.rotowire.com/football/player/trikweze-bridges-18826
00-0040252,Kobee Minor,NE,DB,18825,https://www.rotowire.com/football/player/kobee-minor-18825
00-0040255,Adin Huntington,CLE,DL,19041,https://www.rotowire.com/football/player/adin-huntington-19041
00-0040258,Dom Jones,CLE,DB,NA,NA
00-0040259,Gage Larvadain,CLE,WR,18941,https://www.rotowire.com/football/player/gage-larvadain-18941
00-0040260,Ahmani Marshall,CLE,RB,18943,https://www.rotowire.com/football/player/ahmani-marshall-18943
00-0040261,Easton Mascarenas-Arnold,CLE,LB,19045,https://www.rotowire.com/football/player/easton-mascarenas-arnold-19045
00-0040263,Donovan McMillon,CLE,DB,19047,https://www.rotowire.com/football/player/donovan-mcmillon-19047
00-0040265,Ja'Seem Reed,CAR,WR,NA,NA
00-0040271,Luke Elkin,CHI,LS,NA,NA
00-0040275,JP Richardson,CHI,WR,18940,https://www.rotowire.com/football/player/jp-richardson-18940
00-0040277,Jahdae Walker,CHI,WR,18938,https://www.rotowire.com/football/player/jahdae-walker-18938
00-0040279,Ryan Fitzgerald,CAR,K,18508,https://www.rotowire.com/football/player/ryan-fitzgerald-18508
00-0040283,Jared Harrison-Hunte,CAR,DL,NA,NA
00-0040284,Jack Henderson,PIT,DB,NA,NA
00-0040289,Bam Martin-Scott,CAR,LB,18736,https://www.rotowire.com/football/player/bam-martin-scott-18736
00-0040292,Bryce Pierre,CAR,TE,NA,NA
00-0040293,Michael Reid,CAR,DB,NA,NA
00-0040295,Trevian Thomas,JAX,DB,19023,https://www.rotowire.com/football/player/trevian-thomas-19023
00-0040296,Corey Thornton,CAR,DB,19024,https://www.rotowire.com/football/player/corey-thornton-19024
00-0040298,Andrew Armstrong,KC,WR,18453,https://www.rotowire.com/football/player/andrew-armstrong-18453
00-0040302,A.J. Henning,MIA,WR,NA,NA
00-0040304,Alex Huntley,MIA,DL,NA,NA
00-0040307,Josh Priebe,MIA,OL,NA,NA
00-0040308,Ethan Robinson,MIA,DB,NA,NA
00-0040310,John Saunders Jr.,NE,DB,NA,NA
00-0040311,Theo Wease Jr.,MIA,WR,18645,https://www.rotowire.com/football/player/theo-wease-jr-18645
00-0040313,Kam Arnold,KC,LB,NA,NA
00-0040314,Ricky Barber,WAS,DL,19181,https://www.rotowire.com/football/player/ricky-barber-19181
00-0040317,Jacoby Jones,WAS,WR,19094,https://www.rotowire.com/football/player/jacoby-jones-19094
00-0040318,Ale Kaho,WAS,LB,19180,https://www.rotowire.com/football/player/ale-kaho-19180
00-0040319,Robert McDaniel,WAS,DB,NA,NA
00-0040320,Timothy McKay,WAS,OL,NA,NA
00-0040322,Car'lin Vigers,WAS,DB,NA,NA
00-0040323,Chandler Brayboy,JAX,WR,NA,NA
00-0040326,Branson Combs,JAX,LB,18871,https://www.rotowire.com/football/player/branson-combs-18871
00-0040328,Ethan Downs,KC,LB,18677,https://www.rotowire.com/football/player/ethan-downs-18677
00-0040329,BJ Green II,JAX,DL,19143,https://www.rotowire.com/football/player/bj-green-ii-19143
00-0040331,Patrick Herbert,JAX,TE,NA,NA
00-0040336,Jabbar Muhammad,JAX,DB,NA,NA
00-0040337,Eli Pancol,IND,WR,18869,https://www.rotowire.com/football/player/eli-pancol-18869
00-0040338,Keivie Rose,JAX,DL,NA,NA
00-0040339,Cam'Ron Silmon-Craig,JAX,DB,19147,https://www.rotowire.com/football/player/camron-silmon-craig-19147
00-0040341,Doneiko Slaughter,PIT,DB,NA,NA
00-0040342,Danny Striggow,JAX,DL,19146,https://www.rotowire.com/football/player/danny-striggow-19146
00-0040347,Johnathan Edwards,IND,DB,19078,https://www.rotowire.com/football/player/johnathan-edwards-19078
00-0040349,Marshall Foerner,TB,OL,NA,NA
00-0040352,Coleman Owen,IND,WR,18877,https://www.rotowire.com/football/player/coleman-owen-18877
00-0040357,Trey Washington,IND,DB,19084,https://www.rotowire.com/football/player/trey-washington-19084
00-0040359,Jacob Bayer,CIN,OL,NA,NA
00-0040361,Stephen Gosnell,BUF,WR,NA,NA
00-0040362,Keonta Jenkins,BUF,LB,19099,https://www.rotowire.com/football/player/keonta-jenkins-19099
00-0040363,Keleki Latu,BUF,TE,18906,https://www.rotowire.com/football/player/keleki-latu-18906
00-0040364,Wande Owens,BUF,DB,NA,NA
00-0040369,Howard Cross III,CIN,DL,18712,https://www.rotowire.com/football/player/howard-cross-iii-18712
00-0040370,Caleb Etienne,MIN,OL,NA,NA
00-0040371,Eric Gregory,NE,DL,18709,https://www.rotowire.com/football/player/eric-gregory-18709
00-0040372,Bralyn Lux,CIN,DB,19054,https://www.rotowire.com/football/player/bralyn-lux-19054
00-0040374,Seth McLaughlin,DET,OL,NA,NA
00-0040375,Jordan Moore,CIN,WR,18944,https://www.rotowire.com/football/player/jordan-moore-18944
00-0040379,William Wagner,CIN,LS,NA,NA
00-0040380,Jeremiah Byers,CLE,OL,NA,NA
00-0040382,Josh Fryar,ARI,OL,NA,NA
00-0040383,Bryson Green,ARI,WR,NA,NA
00-0040384,Elijah Simmons,TB,DL,18701,https://www.rotowire.com/football/player/elijah-simmons-18701
00-0040387,Zach Horton,DET,TE,NA,NA
00-0040388,Jakobie Keeney-James,GB,WR,18947,https://www.rotowire.com/football/player/jakobie-keeney-james-18947
00-0040390,Jackson Meeks,DET,WR,18480,https://www.rotowire.com/football/player/jackson-meeks-18480
00-0040391,Mason Miller,DET,OL,NA,NA
00-0040393,Kye Robichaux,DET,RB,NA,NA
00-0040394,Anthony Tyus III,CAR,RB,NA,NA
00-0040395,Jared Bartlett,CAR,LB,NA,NA
00-0040396,Dean Clark,NYJ,DB,19074,https://www.rotowire.com/football/player/dean-clark-19074
00-0040397,Jordan Clark,NYJ,DB,19075,https://www.rotowire.com/football/player/jordan-clark-19075
00-0040398,Brady Cook,NYJ,QB,18482,https://www.rotowire.com/football/player/brady-cook-18482
00-0040400,Donovan Edwards,MIA,RB,18444,https://www.rotowire.com/football/player/donovan-edwards-18444
00-0040404,Payton Page,NYJ,DL,18715,https://www.rotowire.com/football/player/payton-page-18715
00-0040405,Jamaal Pritchett,NYJ,WR,18857,https://www.rotowire.com/football/player/jamaal-pritchett-18857
00-0040406,Quentin Skinner,NYJ,WR,18908,https://www.rotowire.com/football/player/quentin-skinner-18908
00-0040408,Ja'Markis Weston,SEA,LB,19071,https://www.rotowire.com/football/player/jamarkis-weston-19071
00-0040409,Austin Brinkman,HOU,LS,NA,NA
00-0040410,Eli Cox,HOU,OL,NA,NA
00-0040411,Alijah Huzzie,HOU,DB,18610,https://www.rotowire.com/football/player/alijah-huzzie-18610
00-0040413,K.C. Ossai,HOU,LB,NA,NA
00-0040414,Junior Tafuna,HOU,DL,NA,NA
00-0040415,Connor Bazelak,TB,QB,NA,NA
00-0040416,John Bullock,TB,LB,19056,https://www.rotowire.com/football/player/john-bullock-19056
00-0040417,Benjamin Chukwuma,TB,OL,NA,NA
00-0040419,Garrett Greene,TB,WR,NA,NA
00-0040420,Nash Hutmacher,TB,DL,NA,NA
00-0040422,Jake Majors,PHI,OL,NA,NA
00-0040425,JJ Roberts,TB,DB,NA,NA
00-0040427,Ben Scott,TB,OL,NA,NA
00-0040429,Josh Williams,TB,RB,17919,https://www.rotowire.com/football/player/josh-williams-17919
00-0040431,Dalen Cambre,NYG,WR,18878,https://www.rotowire.com/football/player/dalen-cambre-18878
00-0040432,Beaux Collins,NYG,WR,18648,https://www.rotowire.com/football/player/beaux-collins-18648
00-0040434,Trace Ford,NYG,LB,NA,NA
00-0040442,Marques Cox,MIA,OL,NA,NA
00-0040445,Courtney Jackson,TEN,WR,18860,https://www.rotowire.com/football/player/courtney-jackson-18860
00-0040449,Karene Reid,DEN,LB,18733,https://www.rotowire.com/football/player/karene-reid-18733
00-0040450,Jaden Robinson,DEN,DB,NA,NA
00-0040451,Xavier Truss,NO,OL,NA,NA
00-0040452,Johnny Walker Jr.,DEN,DL,NA,NA
00-0040454,Kristian Williams,DEN,DL,NA,NA
00-0040458,TeRah Edwards,LAC,DL,NA,NA
00-0040460,Marlowe Wax,LAC,LB,18855,https://www.rotowire.com/football/player/marlowe-wax-18855
00-0040461,Luke Grimm,LAC,WR,18838,https://www.rotowire.com/football/player/luke-grimm-18838
00-0040464,DJ Uiagalelei,LAC,QB,18448,https://www.rotowire.com/football/player/dj-uiagalelei-18448
00-0040466,Raheim Sanders,CLE,RB,18526,https://www.rotowire.com/football/player/raheim-sanders-18526
00-0040467,Josh Kaltenberger,LAC,OL,NA,NA
00-0040468,Eric Rogers,LAC,DB,18852,https://www.rotowire.com/football/player/eric-rogers-18852
00-0040471,Nikko Reed,LAC,DB,18851,https://www.rotowire.com/football/player/nikko-reed-18851
00-0040472,Garmon Randolph,LAC,LB,NA,NA
00-0040473,Myles Purchase,LAC,DB,NA,NA
00-0040475,Nash Jones,DEN,OL,NA,NA
00-0040476,Ulysses Bentley IV,IND,RB,18640,https://www.rotowire.com/football/player/ulysses-bentley-iv-18640
00-0040487,Treven Ma'ae,LV,DL,NA,NA
00-0040488,Carter Runyon,LV,TE,18863,https://www.rotowire.com/football/player/carter-runyon-18863
00-0040489,Greedy Vance,LV,DB,19158,https://www.rotowire.com/football/player/greedy-vance-19158
00-0040492,Tyler Batty,MIN,LB,18680,https://www.rotowire.com/football/player/tyler-batty-18680
00-0040494,Max Brosmer,MIN,QB,18652,https://www.rotowire.com/football/player/max-brosmer-18652
00-0040495,Logan Brown,SEA,OL,NA,NA
00-0040496,Chaz Chambliss,MIN,LB,18829,https://www.rotowire.com/football/player/chaz-chambliss-18829
00-0040498,Dontae Fleming,MIN,WR,NA,NA
00-0040500,Joe Huber,MIN,OL,NA,NA
00-0040501,Austin Keys,ARI,LB,18833,https://www.rotowire.com/football/player/austin-keys-18833
00-0040503,Dorian Mausi,TEN,LB,NA,NA
00-0040504,Bryson Nesbit,MIN,TE,NA,NA
00-0040506,Myles Price,MIN,WR,19095,https://www.rotowire.com/football/player/myles-price-19095
00-0040507,Zemaiah Vaughn,MIN,DB,18836,https://www.rotowire.com/football/player/zemaiah-vaughn-18836
00-0040509,Ben Yurosek,MIN,TE,18536,https://www.rotowire.com/football/player/ben-yurosek-18536
00-0040512,Brandon Crenshaw-Dickson,TEN,OL,NA,NA
00-0040517,Cam Horsley,TEN,DL,NA,NA
00-0040518,Jalen Kimber,CIN,DB,NA,NA
00-0040522,Xavier Restrepo,TEN,WR,18466,https://www.rotowire.com/football/player/xavier-restrepo-18466
00-0040527,Sebastian Castro,PIT,DB,17867,https://www.rotowire.com/football/player/sebastian-castro-17867
00-0040528,JJ Galbreath,PIT,TE,NA,NA
00-0040530,Ben Sauls,NYG,K,18744,https://www.rotowire.com/football/player/ben-sauls-18744
00-0040533,Aiden Williams,PIT,OL,NA,NA
00-0040534,Ke'Shawn Williams,CIN,WR,18841,https://www.rotowire.com/football/player/keshawn-williams-18841
00-0040535,Dalys Beanum,NO,DB,NA,NA
00-0040537,Elliott Davison,NO,DB,NA,NA
00-0040539,Easton Kilty,NO,OL,NA,NA
00-0040541,Torricelli Simpkins III,NO,OL,NA,NA
00-0040546,Cobee Bryant,ATL,DB,18598,https://www.rotowire.com/football/player/cobee-bryant-18598
00-0040547,Nate Carter,ATL,RB,18894,https://www.rotowire.com/football/player/nate-carter-18894
00-0040548,Joshua Gray,CAR,OL,NA,NA
00-0040550,Dontae Manning,CHI,DB,NA,NA
00-0040551,Nick Nash,WAS,WR,18455,https://www.rotowire.com/football/player/nick-nash-18455
00-0040552,Joshua Simon,ATL,TE,18621,https://www.rotowire.com/football/player/joshua-simon-18621
00-0040554,Malik Verdon,ATL,LB,NA,NA
00-0040556,Corey Kiner,ARI,RB,18532,https://www.rotowire.com/football/player/corey-kiner-18532
00-0040557,Drew Moss,TEN,OL,NA,NA
00-0040558,Isaiah Neyor,GB,WR,18458,https://www.rotowire.com/football/player/isaiah-neyor-18458
00-0040559,Jakob Robinson,SF,DB,NA,NA
00-0040560,Sebastian Valdez,SF,DL,NA,NA
00-0040563,Efton Chism III,NE,WR,18889,https://www.rotowire.com/football/player/efton-chism-iii-18889
00-0040564,Jack Conley,CLE,OL,NA,NA
00-0040565,Brandon Crossley,NE,DB,NA,NA
00-0040566,CJ Dippre,NE,TE,18474,https://www.rotowire.com/football/player/cj-dippre-18474
00-0040567,Brock Lampe,NE,RB,NA,NA
00-0040568,Lan Larison,NE,RB,18886,https://www.rotowire.com/football/player/lan-larison-18886
00-0040570,Jeremiah Webb,NE,WR,NA,NA
00-0040571,Gee Scott Jr.,NYJ,WR,17023,https://www.rotowire.com/football/player/gee-scott-jr-17023
00-0040574,Elijah Ponder,NE,LB,19092,https://www.rotowire.com/football/player/elijah-ponder-19092
00-0040577,Jalon Walker,ATL,LB,18683,https://www.rotowire.com/football/player/jalon-walker-18683
00-0040578,James Pearce Jr.,ATL,LB,18657,https://www.rotowire.com/football/player/james-pearce-jr-18657
00-0040579,Carson Schwesinger,CLE,LB,18717,https://www.rotowire.com/football/player/carson-schwesinger-18717
00-0040580,Josaiah Stewart,LA,LB,18662,https://www.rotowire.com/football/player/josaiah-stewart-18662
00-0040581,Dont'e Thornton Jr.,LV,WR,18558,https://www.rotowire.com/football/player/donte-thornton-jr-18558
00-0040582,Arian Smith,NYJ,WR,18646,https://www.rotowire.com/football/player/arian-smith-18646
00-0040583,Woody Marks,HOU,RB,18449,https://www.rotowire.com/football/player/woody-marks-18449
00-0040584,Gunnar Helm,TEN,TE,18503,https://www.rotowire.com/football/player/gunnar-helm-18503
00-0040585,Ty Hamilton,LA,DL,18690,https://www.rotowire.com/football/player/ty-hamilton-18690
00-0040586,Jaydon Blue,DAL,RB,18499,https://www.rotowire.com/football/player/jaydon-blue-18499
00-0040587,Drew Kendall,PHI,OL,NA,NA
00-0040588,Pooh Paul Jr.,SEA,LB,18493,https://www.rotowire.com/football/player/pooh-paul-jr-18493
00-0040589,Kurtis Rourke,SF,QB,18565,https://www.rotowire.com/football/player/kurtis-rourke-18565
00-0040590,Konata Mumpfield,LA,WR,17081,https://www.rotowire.com/football/player/konata-mumpfield-17081
00-0040593,Mehki Butler,NE,OL,NA,NA
00-0040595,Bill Norton,LA,DL,NA,NA
00-0040597,Brennan Presley,LA,WR,18919,https://www.rotowire.com/football/player/brennan-presley-18919
00-0040598,Mark Redman,LA,TE,NA,NA
00-0040600,Nate Valcarcel,LA,DB,NA,NA
00-0040601,Jordan Waters,LA,RB,NA,NA
00-0040603,Mario Williams,LA,WR,18926,https://www.rotowire.com/football/player/mario-williams-18926
00-0040604,Jahfari Harvey,LV,DL,19113,https://www.rotowire.com/football/player/jahfari-harvey-19113
00-0040609,Tru Edwards,LA,WR,NA,NA
00-0040611,Wyatt Bowles,LA,OL,NA,NA
00-0040613,Shaun Dolac,LA,LB,18913,https://www.rotowire.com/football/player/shaun-dolac-18913
00-0040617,Luke Floriea,CLE,WR,19111,https://www.rotowire.com/football/player/luke-floriea-19111
00-0040618,Max Hurleman,PIT,RB,NA,NA
00-0040621,Montorie Foster Jr,SEA,WR,NA,NA
00-0040624,Elijah Williams,MIN,DL,19124,https://www.rotowire.com/football/player/elijah-williams-19124
00-0040625,Nick Jackson,TB,LB,19110,https://www.rotowire.com/football/player/nick-jackson-19110
00-0040628,Drake Dabney,GB,TE,19137,https://www.rotowire.com/football/player/drake-dabney-19137
00-0040629,Dalevon Campbell,LAC,WR,19125,https://www.rotowire.com/football/player/dalevon-campbell-19125
00-0040631,Willie Lampkin,PHI,OL,NA,NA
00-0040634,Jordan Turner,DEN,LB,19139,https://www.rotowire.com/football/player/jordan-turner-19139
00-0040636,Keyon Martin,BAL,DB,NA,NA
00-0040637,Lucas Scott,BAL,RB,NA,NA
00-0040639,Grey Zabel,SEA,OL,NA,NA
00-0040640,Ashton Gillotte,KC,DL,18667,https://www.rotowire.com/football/player/ashton-gillotte-18667
00-0040641,Darien Porter,LV,DB,18589,https://www.rotowire.com/football/player/darien-porter-18589
00-0040642,Vernon Broughton,NO,DL,18699,https://www.rotowire.com/football/player/vernon-broughton-18699
00-0040643,Jonas Sanker,NO,DB,18628,https://www.rotowire.com/football/player/jonas-sanker-18628
00-0040644,Trevor Etienne,CAR,RB,18506,https://www.rotowire.com/football/player/trevor-etienne-18506
00-0040645,Cody Simon,ARI,LB,18723,https://www.rotowire.com/football/player/cody-simon-18723
00-0040646,Jalen Royals,KC,WR,18550,https://www.rotowire.com/football/player/jalen-royals-18550
00-0040647,Rylie Mills,SEA,DL,18697,https://www.rotowire.com/football/player/rylie-mills-18697
00-0040648,Tory Horton,SEA,WR,17772,https://www.rotowire.com/football/player/tory-horton-17772
00-0040649,Robbie Ouzts,SEA,RB,18624,https://www.rotowire.com/football/player/robbie-ouzts-18624
00-0040650,Bryce Cabeldue,SEA,OL,NA,NA
00-0040651,Damien Martinez,GB,RB,18528,https://www.rotowire.com/football/player/damien-martinez-18528
00-0040652,Mason Richman,SEA,OL,NA,NA
00-0040653,Ricky White III,SEA,WR,18560,https://www.rotowire.com/football/player/ricky-white-iii-18560
00-0040654,Kai Kroeger,HOU,P,19186,https://www.rotowire.com/football/player/kai-kroeger-19186
00-0040655,Keith Cooper Jr.,MIA,DL,NA,NA
00-0040658,Kaimon Rucker,BAL,DL,NA,NA
00-0040659,Derrick Canteen,SF,DB,NA,NA
00-0040660,Mykel Williams,SF,DL,18584,https://www.rotowire.com/football/player/mykel-williams-18584
00-0040661,Donovan Jackson,MIN,OL,NA,NA
00-0040662,Ty Robinson,PHI,DL,18688,https://www.rotowire.com/football/player/ty-robinson-18688
00-0040663,Harold Fannin Jr.,CLE,TE,18472,https://www.rotowire.com/football/player/harold-fannin-jr-18472
00-0040666,Omarion Hampton,LAC,RB,18445,https://www.rotowire.com/football/player/omarion-hampton-18445
00-0040667,Matthew Golden,GB,WR,18500,https://www.rotowire.com/football/player/matthew-golden-18500
00-0040668,Shedeur Sanders,CLE,QB,18479,https://www.rotowire.com/football/player/shedeur-sanders-18479
00-0040669,Isaac TeSlaa,DET,WR,18642,https://www.rotowire.com/football/player/isaac-teslaa-18642
00-0040670,Nohl Williams,KC,DB,18593,https://www.rotowire.com/football/player/nohl-williams-18593
00-0040672,Tyleik Williams,DET,DL,18684,https://www.rotowire.com/football/player/tyleik-williams-18684
00-0040673,Jalen Milroe,SEA,QB,18477,https://www.rotowire.com/football/player/jalen-milroe-18477
00-0040674,Keydrain Calligan,TEN,DB,NA,NA
00-0040676,Cam Ward,TEN,QB,16997,https://www.rotowire.com/football/player/cam-ward-16997
00-0040677,Abdul Carter,NYG,LB,18581,https://www.rotowire.com/football/player/abdul-carter-18581
00-0040678,Derrick Harmon,PIT,DL,18489,https://www.rotowire.com/football/player/derrick-harmon-18489
00-0040685,Mason Graham,CLE,DL,18461,https://www.rotowire.com/football/player/mason-graham-18461
00-0040686,Josh Conerly Jr.,WAS,OL,NA,NA
00-0040687,Cameron Williams,PHI,OL,NA,NA
00-0040688,Malaki Starks,BAL,DB,18619,https://www.rotowire.com/football/player/malaki-starks-18619
00-0040689,Anthony Campbell,GB,DL,NA,NA
00-0040691,Jaxson Dart,NYG,QB,18574,https://www.rotowire.com/football/player/jaxson-dart-18574
00-0040692,Jarquez Hunter,LA,RB,18523,https://www.rotowire.com/football/player/jarquez-hunter-18523
00-0040694,Darius Alexander,NYG,DL,18696,https://www.rotowire.com/football/player/darius-alexander-18696
00-0040697,Thomas Gordon,DET,TE,NA,NA
00-0040699,Will Campbell,NE,OL,NA,NA
00-0040704,Dillon Gabriel,CLE,QB,18496,https://www.rotowire.com/football/player/dillon-gabriel-18496
00-0040705,Chimere Dike,TEN,WR,18641,https://www.rotowire.com/football/player/chimere-dike-18641
00-0040706,Walter Nolen,ARI,DL,18490,https://www.rotowire.com/football/player/walter-nolen-18490
00-0040708,Jihaad Campbell,PHI,LB,18718,https://www.rotowire.com/football/player/jihaad-campbell-18718
00-0040709,Maxwell Hairston,BUF,DB,18587,https://www.rotowire.com/football/player/maxwell-hairston-18587
00-0040710,Deone Walker,BUF,DL,18691,https://www.rotowire.com/football/player/deone-walker-18691
00-0040711,CJ West,SF,DL,18702,https://www.rotowire.com/football/player/cj-west-18702
00-0040712,Vershon Lee,MIN,OL,NA,NA
00-0040715,Cam Skattebo,NYG,RB,18514,https://www.rotowire.com/football/player/cam-skattebo-18514
00-0040716,Craig Woodson,NE,DB,18632,https://www.rotowire.com/football/player/craig-woodson-18632
00-0040718,Travis Hunter,JAX,WR,18578,https://www.rotowire.com/football/player/travis-hunter-18578
00-0040719,Bhayshul Tuten,JAX,RB,18524,https://www.rotowire.com/football/player/bhayshul-tuten-18524
00-0040720,Jahdae Barron,DEN,DB,17773,https://www.rotowire.com/football/player/jahdae-barron-17773
00-0040721,Alfred Collins,SF,DL,18685,https://www.rotowire.com/football/player/alfred-collins-18685
00-0040722,Mike Green,BAL,LB,18779,https://www.rotowire.com/football/player/mike-green-18779
00-0040723,Jack Kiser,JAX,LB,18727,https://www.rotowire.com/football/player/jack-kiser-18727
00-0040724,T.J. Sanders,BUF,DL,18689,https://www.rotowire.com/football/player/tj-sanders-18689
00-0040725,Donovan Ezeiruaku,DAL,DL,18656,https://www.rotowire.com/football/player/donovan-ezeiruaku-18656
00-0040726,Anthony Belton,GB,OL,NA,NA
00-0040727,Tre Harris,LAC,WR,18478,https://www.rotowire.com/football/player/tre-harris-18478
00-0040728,Tate Ratledge,DET,OL,NA,NA
00-0040729,Jack Bech,LV,WR,18457,https://www.rotowire.com/football/player/jack-bech-18457
00-0040730,RJ Harvey,DEN,RB,18522,https://www.rotowire.com/football/player/rj-harvey-18522
00-0040731,Trey Amos,WAS,DB,18588,https://www.rotowire.com/football/player/trey-amos-18588
00-0040733,Nick Emmanwori,SEA,DB,18617,https://www.rotowire.com/football/player/nick-emmanwori-18617
00-0040734,TreVeyon Henderson,NE,RB,18517,https://www.rotowire.com/football/player/treveyon-henderson-18517
00-0040735,Luther Burden III,CHI,WR,18548,https://www.rotowire.com/football/player/luther-burden-iii-18548
00-0040736,Mason Taylor,NYJ,TE,18535,https://www.rotowire.com/football/player/mason-taylor-18535
00-0040737,Terrance Ferguson,LA,TE,18497,https://www.rotowire.com/football/player/terrance-ferguson-18497
00-0040738,Demetrius Knight Jr.,CIN,LB,18719,https://www.rotowire.com/football/player/demetrius-knight-jr-18719
00-0040739,Elijah Arroyo,SEA,TE,18540,https://www.rotowire.com/football/player/elijah-arroyo-18540
00-0040740,Ozzy Trapilo,CHI,OL,NA,NA
00-0040741,Shemar Turner,CHI,DL,18577,https://www.rotowire.com/football/player/shemar-turner-18577
00-0040742,Jonah Savaiinaea,MIA,OL,NA,NA
00-0040743,Tyler Shough,NO,QB,17037,https://www.rotowire.com/football/player/tyler-shough-17037
00-0040744,JT Tuimoloau,IND,DL,18661,https://www.rotowire.com/football/player/jt-tuimoloau-18661
00-0040745,Aireontae Ersery,HOU,OL,NA,NA
00-0040746,Nic Scourton,CAR,LB,18658,https://www.rotowire.com/football/player/nic-scourton-18658
00-0040747,Benjamin Morrison,TB,DB,18590,https://www.rotowire.com/football/player/benjamin-morrison-18590
00-0040748,Omarr Norman-Lott,KC,DL,18705,https://www.rotowire.com/football/player/omarr-norman-lott-18705
00-0040749,Andrew Mukuba,PHI,DB,18626,https://www.rotowire.com/football/player/andrew-mukuba-18626
00-0040751,Will Johnson,ARI,DB,18462,https://www.rotowire.com/football/player/will-johnson-18462
00-0040752,Oluwafemi Oladejo,TEN,LB,18669,https://www.rotowire.com/football/player/oluwafemi-oladejo-18669
00-0040753,Will Sheppard,GB,WR,NA,NA
00-0040756,Shemar Stewart,CIN,DL,18655,https://www.rotowire.com/football/player/shemar-stewart-18655
00-0040761,Ahmed Hassanein,DET,DL,18678,https://www.rotowire.com/football/player/ahmed-hassanein-18678
00-0040762,Laki Tasi,LV,DL,NA,NA
00-0040763,Mapalo Mwansa,CAR,DL,NA,NA
00-0040764,Federico Maranges,SEA,OL,NA,NA
00-0040765,Valentin Senn,ARI,OL,NA,NA
00-0040769,Jaden Smith,DAL,WR,NA,NA
00-0040770,Ajani Carter,HOU,DB,NA,NA
00-0040782,Isaiah Bond,CLE,WR,18502,https://www.rotowire.com/football/player/isaiah-bond-18502
00-0040784,Quinshon Judkins,CLE,RB,18516,https://www.rotowire.com/football/player/quinshon-judkins-18516
00-0040785,Dohnte Meyers,CIN,WR,NA,NA
00-0040786,Jacob Roberts,MIN,LB,NA,NA
00-0040787,Devin Veresuk,IND,LB,NA,NA
00-0040788,Damien Alford,NO,WR,NA,NA
00-0040789,Quinshon Judkins,GB,DL,NA,NA
00-0040790,Rob Carter,IND,DB,NA,NA
00-0040792,Layne Pryor,HOU,TE,NA,NA
00-0040793,Paschal Ekeji,NYJ,DL,NA,NA
00-0040853,Carson Towt,IND,TE,NA,NA
00-0040859,Luke Elzinga,BAL,P,NA,NA
00-0040864,Jeffrey M'ba,WAS,DL,NA,NA
00-0040865,Caleb Downs,DAL,DB,19399,https://www.rotowire.com/football/player/caleb-downs-19399
00-0040866,Olaivavega Ioane,BAL,OL,NA,NA
00-0040867,Makai Lemon,PHI,WR,19231,https://www.rotowire.com/football/player/makai-lemon-19231
00-0040868,Treydan Stukes,LV,DB,19596,https://www.rotowire.com/football/player/treydan-stukes-19596
00-0040869,Chris McClellan,GB,DL,19523,https://www.rotowire.com/football/player/chris-mcclellan-19523
00-0040870,Ja'Kobi Lane,BAL,WR,19230,https://www.rotowire.com/football/player/jakobi-lane-19230
00-0040871,Trey Zuhn,LV,OL,NA,NA
00-0040872,Jaishawn Barham,DAL,LB,19492,https://www.rotowire.com/football/player/jaishawn-barham-19492
00-0040873,Julian Neal,SEA,DB,19584,https://www.rotowire.com/football/player/julian-neal-19584
00-0040874,Drew Shelton,DAL,OL,NA,NA
00-0040875,Devin Moore,DAL,DB,19580,https://www.rotowire.com/football/player/devin-moore-19580
00-0040876,Elijah Sarratt,BAL,WR,19310,https://www.rotowire.com/football/player/elijah-sarratt-19310
00-0040877,Dani Dennis-Sutton,GB,DL,19253,https://www.rotowire.com/football/player/dani-dennis-sutton-19253
00-0040878,Mike Washington,LV,RB,NA,NA
00-0040879,Matthew Hibner,BAL,TE,19364,https://www.rotowire.com/football/player/matthew-hibner-19364
00-0040880,L.T. Overton,DAL,DL,19381,https://www.rotowire.com/football/player/lt-overton-19381
00-0040881,Fernando Carmona,TEN,OL,NA,NA
00-0040882,Beau Stephens,SEA,OL,NA,NA
00-0040883,Dalton Johnson,LV,DB,19576,https://www.rotowire.com/football/player/dalton-johnson-19576
00-0040884,Jager Burton,GB,OL,NA,NA
00-0040885,Chandler Rivers,BAL,DB,19590,https://www.rotowire.com/football/player/chandler-rivers-19590
00-0040886,Nicholas Singleton,TEN,RB,18518,https://www.rotowire.com/football/player/nicholas-singleton-18518
00-0040887,Josh Cuevas,BAL,TE,19426,https://www.rotowire.com/football/player/josh-cuevas-19426
00-0040888,Adam Randall,BAL,RB,19301,https://www.rotowire.com/football/player/adam-randall-19301
00-0040889,Hezekiah Masses,LV,DB,19578,https://www.rotowire.com/football/player/hezekiah-masses-19578
00-0040890,Cyrus Allen,KC,WR,19631,https://www.rotowire.com/football/player/cyrus-allen-19631
00-0040891,Cole Payton,PHI,QB,19296,https://www.rotowire.com/football/player/cole-payton-19296
00-0040892,Jackie Marshall,TEN,DL,19522,https://www.rotowire.com/football/player/jackie-marshall-19522
00-0040893,Pat Coogan,TEN,OL,NA,NA
00-0040894,Malik Benson,LV,WR,19432,https://www.rotowire.com/football/player/malik-benson-19432
00-0040895,Emmanuel Henderson,SEA,WR,19436,https://www.rotowire.com/football/player/emmanuel-henderson-19436
00-0040896,Domani Jackson,GB,DB,19574,https://www.rotowire.com/football/player/domani-jackson-19574
00-0040897,Micah Morris,PHI,OL,NA,NA
00-0040898,Ryan Eckley,BAL,P,19510,https://www.rotowire.com/football/player/ryan-eckley-19510
00-0040899,Trey Smack,GB,K,19511,https://www.rotowire.com/football/player/trey-smack-19511
00-0040900,Anthony Smith,DAL,WR,19371,https://www.rotowire.com/football/player/anthony-smith-19371
00-0040901,Jaren Kanak,TEN,TE,19359,https://www.rotowire.com/football/player/jaren-kanak-19359
00-0040902,Brandon Cleveland,LV,DL,19496,https://www.rotowire.com/football/player/brandon-cleveland-19496
00-0040903,Andre Fuller,SEA,DB,19568,https://www.rotowire.com/football/player/andre-fuller-19568
00-0040904,Deven Eastern,SEA,DL,19502,https://www.rotowire.com/football/player/deven-eastern-19502
00-0040905,Cole Wisniewski,PHI,DB,19641,https://www.rotowire.com/football/player/cole-wisniewski-19641
00-0040906,Garrett Nussmeier,KC,QB,19283,https://www.rotowire.com/football/player/garrett-nussmeier-19283
00-0040907,Rayshaun Benny,BAL,DL,19494,https://www.rotowire.com/football/player/rayshaun-benny-19494
00-0040908,Keyshawn James-Newby,PHI,LB,19632,https://www.rotowire.com/football/player/keyshawn-james-newby-19632
00-0040909,Evan Beerntsen,BAL,OL,NA,NA
00-0040910,Michael Dansby,SEA,DB,19902,https://www.rotowire.com/football/player/michael-dansby-19902
00-0040911,Shad Banks,TEN,LB,NA,NA
00-0040912,Hank Beatty,TEN,WR,19333,https://www.rotowire.com/football/player/hank-beatty-19333
00-0040913,Sean Brown,TEN,LB,NA,NA
00-0040914,Bishop Fitzgerald,TEN,DB,NA,NA
00-0040915,Jeadyn Lukus,TEN,DB,NA,NA
00-0040916,Latrell McCutchin,TEN,DB,NA,NA
00-0040917,Jalen McMurray,TEN,DB,NA,NA
00-0040918,Rasheed Miller,TEN,OL,NA,NA
00-0040919,Tyren Montgomery,TEN,WR,19602,https://www.rotowire.com/football/player/tyren-montgomery-19602
00-0040920,Mani Powell,TEN,LB,NA,NA
00-0040921,Aamil Wagner,TEN,OL,NA,NA
00-0040922,Deontae Lawson,PHI,LB,19549,https://www.rotowire.com/football/player/deontae-lawson-19549
00-0040923,Maximus Pulley,PHI,DB,NA,NA
00-0040924,Jaeden Roberts,PHI,OL,NA,NA
00-0040925,Rocco Underwood,PHI,LS,NA,NA
00-0040926,Joshua Weru,PHI,DL,NA,NA
00-0040927,Dae'Quan Wright,PHI,TE,19354,https://www.rotowire.com/football/player/daequan-wright-19354
00-0040928,Kapena Gushiken,PHI,DB,NA,NA
00-0040929,Tucker Large,PHI,DB,NA,NA
00-0040930,Camden Brown,DAL,WR,NA,NA
00-0040931,Tommy Dunn,DAL,DL,NA,NA
00-0040933,Kelvin Gilliam,DAL,DL,NA,NA
00-0040934,Jordan Hudson,DAL,WR,19442,https://www.rotowire.com/football/player/jordan-hudson-19442
00-0040935,Langston Patterson,DAL,LB,NA,NA
00-0040936,Shiyazh Pete,DAL,OL,NA,NA
00-0040937,Dominic Richardson,DAL,RB,19954,https://www.rotowire.com/football/player/dominic-richardson-19954
00-0040938,D.J. Rogers,DAL,TE,NA,NA
00-0040939,Michael Trigg,DAL,TE,19346,https://www.rotowire.com/football/player/michael-trigg-19346
00-0040940,D.J. Withers,DAL,DL,NA,NA
00-0040941,Dylan Barrett,GB,OL,NA,NA
00-0040942,Kyron Drones,GB,QB,NA,NA
00-0040943,Josh Gesky,GB,OL,NA,NA
00-0040944,Nyjalik Kelly,GB,DL,19519,https://www.rotowire.com/football/player/nyjalik-kelly-19519
00-0040945,R.J. Maryland,GB,TE,19361,https://www.rotowire.com/football/player/rj-maryland-19361
00-0040946,Jaden Nixon,GB,RB,NA,NA
00-0040947,T.J. Quinn,GB,LB,NA,NA
00-0040948,J.Michael Sturdivant,GB,WR,19327,https://www.rotowire.com/football/player/jmichael-sturdivant-19327
00-0040949,Dillon Wade,GB,OL,NA,NA
00-0040950,Vincent Anthony,KC,DL,NA,NA
00-0040951,Wesley Bissainthe,KC,LB,NA,NA
00-0040952,Cole Brevard,KC,DL,NA,NA
00-0040953,Jeff Caldwell,KC,WR,19344,https://www.rotowire.com/football/player/jeff-caldwell-19344
00-0040954,Omari Evans,KC,WR,NA,NA
00-0040955,John Michael Gyllenborg,KC,TE,19351,https://www.rotowire.com/football/player/john-michael-gyllenborg-19351
00-0040956,Amari McNeill,KC,DL,NA,NA
00-0040957,Xavier Nwankpa,KC,DB,NA,NA
00-0040958,Pete Nygra,KC,OL,NA,NA
00-0040959,Jaydn Ott,KC,RB,19422,https://www.rotowire.com/football/player/jaydn-ott-19422
00-0040960,Damon Payne,KC,DL,NA,NA
00-0040961,D'Arco Perkins-McAllister,KC,DB,NA,NA
00-0040962,Bryce Phillips,KC,DB,NA,NA
00-0040963,DeShon Singleton,KC,DB,NA,NA
00-0040964,E.J. Smith,KC,RB,17032,https://www.rotowire.com/football/player/ej-smith-17032
00-0040965,Josh Thompson,KC,OL,NA,NA
00-0040966,Zelmar Vedder,KC,DB,NA,NA
00-0040967,Jacob De Jesus,KC,WR,NA,NA
00-0040968,Murvin Kenion,GB,DB,NA,NA
00-0040970,Michael Briscoe,MIN,WR,NA,NA
00-0040972,Aidan Hubbard,SEA,DL,NA,NA
00-0040973,Marvin Jones,SEA,DL,NA,NA
00-0040974,Lance Mason,SEA,TE,NA,NA
00-0040975,Uso Seumalo,SEA,DL,NA,NA
00-0040977,Cortez Braham,BAL,WR,NA,NA
00-0040978,Ethan Burke,BAL,DL,NA,NA
00-0040979,Nick Dawkins,BAL,OL,NA,NA
00-0040980,Dominic DeLuca,BAL,LB,NA,NA
00-0040981,Joe Fagnano,BAL,QB,NA,NA
00-0040982,Aaron Graves,BAL,DL,NA,NA
00-0040983,Matthew McDoom,BAL,DB,NA,NA
00-0040984,Dontae McMillan,BAL,RB,NA,NA
00-0040985,Diego Pavia,BAL,QB,NA,NA
00-0040986,Ty Pezza,BAL,WR,NA,NA
00-0040987,Diego Pounds,BAL,OL,NA,NA
00-0040988,Jahquez Robinson,BAL,DB,NA,NA
00-0040989,Octavian Smith,BAL,WR,NA,NA
00-0040991,Elijah Tau-Tolliver,BAL,RB,NA,NA
00-0040992,Silas Walters,BAL,DB,NA,NA
00-0040993,Lardarius Webb,BAL,DB,NA,NA
00-0040994,Reid Williford,BAL,LB,NA,NA
00-0040995,Dion Wilson,BAL,DL,NA,NA
00-0040996,Jacob Clark,LV,QB,NA,NA
00-0040997,Tyler Duzansky,LV,LS,NA,NA
00-0040998,Roman Hemby,LV,RB,19304,https://www.rotowire.com/football/player/roman-hemby-19304
00-0040999,Isaiah Jatta,LV,OL,NA,NA
00-0041000,Devin Lafayette,LV,DB,NA,NA
00-0041002,Caleb Offord,LV,DB,NA,NA
00-0041003,Justin Pickett,LV,OL,NA,NA
00-0041004,Chase Roberts,LV,WR,19339,https://www.rotowire.com/football/player/chase-roberts-19339
00-0041005,Corey Rucker,LV,WR,NA,NA
00-0041006,Cian Slone,LV,LB,19715,https://www.rotowire.com/football/player/cian-slone-19715
00-0041007,Gary Smith,LV,DL,NA,NA
00-0041008,Xavian Sorey,LV,LB,NA,NA
00-0041009,Christian Thomas,LV,LB,NA,NA
00-0041010,Tanner Wall,LV,DB,NA,NA
00-0041011,E.J. Williams,LV,WR,NA,NA
00-0041012,Anthony Dunn,KC,DL,NA,NA
00-0041013,Emmett Johnson,KC,RB,19240,https://www.rotowire.com/football/player/emmett-johnson-19240
00-0041014,Niklas Henning,LV,OL,NA,NA
00-0041015,Isiah King,PHI,LB,NA,NA
00-0041016,Patrick Gurd,LV,TE,NA,NA
00-0041017,Kamar Missouri,LV,OL,NA,NA
00-0041018,Devyn Perkins,LV,DB,NA,NA
00-0041019,Kahlil Benson,KC,OL,NA,NA
00-0041020,Xavier Loyd,KC,WR,NA,NA
00-0041022,Jonathan Brady,LV,WR,NA,NA
00-0041026,David Bailey,NYJ,LB,NA,NA
00-0041027,Jeremiyah Love,ARI,RB,19235,https://www.rotowire.com/football/player/jeremiyah-love-19235
00-0041028,Sonny Styles,WAS,LB,19394,https://www.rotowire.com/football/player/sonny-styles-19394
00-0041029,Jordyn Tyson,NO,WR,19233,https://www.rotowire.com/football/player/jordyn-tyson-19233
00-0041030,Spencer Fano,CLE,OL,NA,NA
00-0041031,Rueben Bain,TB,LB,19395,https://www.rotowire.com/football/player/rueben-bain-19395
00-0041032,Kenyon Sadiq,NYJ,TE,19279,https://www.rotowire.com/football/player/kenyon-sadiq-19279
00-0041033,Caleb Banks,MIN,DL,19417,https://www.rotowire.com/football/player/caleb-banks-19417
00-0041034,Monroe Freeling,CAR,OL,NA,NA
00-0041035,De'Zhaun Stribling,SF,WR,19330,https://www.rotowire.com/football/player/dezhaun-stribling-19330
00-0041036,T.J. Parker,BUF,LB,19378,https://www.rotowire.com/football/player/tj-parker-19378
00-0041037,Denzel Boston,CLE,WR,19298,https://www.rotowire.com/football/player/denzel-boston-19298
00-0041038,D'Angelo Ponds,NYJ,DB,19397,https://www.rotowire.com/football/player/dangelo-ponds-19397
00-0041039,C.J. Allen,IND,LB,19265,https://www.rotowire.com/football/player/cj-allen-19265
00-0041040,Antonio Williams,WAS,WR,19237,https://www.rotowire.com/football/player/antonio-williams-19237
00-0041041,Oscar Delp,NO,TE,18544,https://www.rotowire.com/football/player/oscar-delp-18544
00-0041042,Malachi Fields,NYG,WR,19313,https://www.rotowire.com/football/player/malachi-fields-19313
00-0041043,A.J. Haulcy,IND,DB,19572,https://www.rotowire.com/football/player/aj-haulcy-19572
00-0041044,Zachariah Branch,ATL,WR,19262,https://www.rotowire.com/football/player/zachariah-branch-19262
00-0041045,Albert Regis,JAX,DL,19531,https://www.rotowire.com/football/player/albert-regis-19531
00-0041046,Domonique Orange,MIN,DL,19527,https://www.rotowire.com/football/player/domonique-orange-19527
00-0041047,Chris Brazzell,CAR,WR,19239,https://www.rotowire.com/football/player/chris-brazzell-19239
00-0041048,Ted Hurst,TB,WR,19320,https://www.rotowire.com/football/player/ted-hurst-19320
00-0041049,Austin Barber,CLE,OL,NA,NA
00-0041050,Emmanuel Pregnon,JAX,OL,NA,NA
00-0041051,Zavion Thomas,CHI,WR,19259,https://www.rotowire.com/football/player/zavion-thomas-19259
00-0041052,Kaelon Black,SF,RB,19607,https://www.rotowire.com/football/player/kaelon-black-19607
00-0041053,Caleb Tiernan,MIN,OL,NA,NA
00-0041054,Jakobe Thomas,MIN,DB,19599,https://www.rotowire.com/football/player/jakobe-thomas-19599
00-0041055,Jalen Huskey,JAX,DB,19386,https://www.rotowire.com/football/player/jalen-huskey-19386
00-0041056,Cade Klubnik,NYJ,QB,19284,https://www.rotowire.com/football/player/cade-klubnik-19284
00-0041057,Keionte Scott,TB,DB,19591,https://www.rotowire.com/football/player/keionte-scott-19591
00-0041058,Travis Burke,LAC,OL,NA,NA
00-0041059,Wesley Williams,JAX,DL,19537,https://www.rotowire.com/football/player/wesley-williams-19537
00-0041060,Malik Muhammad,CHI,DB,19583,https://www.rotowire.com/football/player/malik-muhammad-19583
00-0041061,Carver Willis,SF,OL,NA,NA
00-0041062,Connor Lew,CIN,OL,NA,NA
00-0041063,Will Lee,CAR,DB,19577,https://www.rotowire.com/football/player/will-lee-19577
00-0041064,Genesis Smith,LAC,DB,19594,https://www.rotowire.com/football/player/genesis-smith-19594
00-0041065,Jeremiah Wright,NO,OL,NA,NA
00-0041066,Kendal Daniels,ATL,LB,19542,https://www.rotowire.com/football/player/kendal-daniels-19542
00-0041067,Bryce Lance,NO,WR,19319,https://www.rotowire.com/football/player/bryce-lance-19319
00-0041068,Ephesians Prysock,SF,DB,19588,https://www.rotowire.com/football/player/ephesians-prysock-19588
00-0041069,Colbie Young,CIN,WR,19447,https://www.rotowire.com/football/player/colbie-young-19447
00-0041070,Reggie Virgil,ARI,WR,19445,https://www.rotowire.com/football/player/reggie-virgil-19445
00-0041071,Sam Hecht,CAR,OL,NA,NA
00-0041072,Nick Barrett,LAC,DL,19493,https://www.rotowire.com/football/player/nick-barrett-19493
00-0041073,Parker Brailsford,CLE,OL,NA,NA
00-0041074,Joshua Josephs,WAS,LB,19517,https://www.rotowire.com/football/player/joshua-josephs-19517
00-0041075,Justin Jefferson,CLE,LB,19547,https://www.rotowire.com/football/player/justin-jefferson-19547
00-0041076,Zakee Wheatley,CAR,DB,19600,https://www.rotowire.com/football/player/zakee-wheatley-19600
00-0041077,Justin Joly,DEN,TE,19276,https://www.rotowire.com/football/player/justin-joly-19276
00-0041078,Jaden Dugger,SF,LB,19753,https://www.rotowire.com/football/player/jaden-dugger-19753
00-0041079,DeMonte Capehart,TB,DL,19495,https://www.rotowire.com/football/player/demonte-capehart-19495
00-0041080,George Gumbs,IND,DL,19504,https://www.rotowire.com/football/player/george-gumbs-19504
00-0041081,Max Bredeson,MIN,RB,19430,https://www.rotowire.com/football/player/max-bredeson-19430
00-0041082,Billy Schrauth,TB,OL,NA,NA
00-0041083,Charles Demmings,MIN,DB,19564,https://www.rotowire.com/football/player/charles-demmings-19564
00-0041084,Tanner Koziol,JAX,TE,19349,https://www.rotowire.com/football/player/tanner-koziol-19349
00-0041085,Keyshaun Elliott,CHI,LB,19558,https://www.rotowire.com/football/player/keyshaun-elliott-19558
00-0041086,Jalon Kilgore,BUF,DB,19392,https://www.rotowire.com/football/player/jalon-kilgore-19392
00-0041087,Joe Royer,CLE,TE,19312,https://www.rotowire.com/football/player/joe-royer-19312
00-0041088,Karon Prunty,NE,DB,19835,https://www.rotowire.com/football/player/karon-prunty-19835
00-0041089,Lorenzo Styles,NO,DB,19597,https://www.rotowire.com/football/player/lorenzo-styles-19597
00-0041090,Enrique Cruz,SF,OL,NA,NA
00-0041091,Zane Durant,BUF,DL,19500,https://www.rotowire.com/football/player/zane-durant-19500
00-0041092,Taylen Green,CLE,QB,19289,https://www.rotowire.com/football/player/taylen-green-19289
00-0041093,Karson Sharar,ARI,LB,19554,https://www.rotowire.com/football/player/karson-sharar-19554
00-0041094,Bauer Sharp,TB,TE,19452,https://www.rotowire.com/football/player/bauer-sharp-19452
00-0041095,Bobby Jamison-Travis,NYG,DL,19515,https://www.rotowire.com/football/player/bobby-jamison-travis-19515
00-0041096,Kaytron Allen,WAS,RB,18533,https://www.rotowire.com/football/player/kaytron-allen-18533
00-0041097,Anez Cooper,NYJ,OL,NA,NA
00-0041098,Brian Parker,CIN,OL,NA,NA
00-0041099,Barion Brown,NO,KR,19336,https://www.rotowire.com/football/player/barion-brown-19336
00-0041100,Josh Cameron,JAX,WR,19321,https://www.rotowire.com/football/player/josh-cameron-19321
00-0041101,J.C. Davis,NYG,OL,NA,NA
00-0041102,Jack Kelly,NYG,LB,19548,https://www.rotowire.com/football/player/jack-kelly-19548
00-0041103,Dametrious Crownover,NE,OL,NA,NA
00-0041104,Demond Claiborne,MIN,RB,19234,https://www.rotowire.com/football/player/demond-claiborne-19234
00-0041105,Logan Taylor,LAC,OL,NA,NA
00-0041106,C.J. Williams,JAX,WR,19898,https://www.rotowire.com/football/player/cj-williams-19898
00-0041107,Alex Harkey,LAC,OL,NA,NA
00-0041108,Matt Gulbin,WAS,OL,NA,NA
00-0041109,Namdi Obiazor,NE,LB,19551,https://www.rotowire.com/football/player/namdi-obiazor-19551
00-0041110,Jordan van den Berg,CHI,DL,19745,https://www.rotowire.com/football/player/jordan-van-den-berg-19745
00-0041111,Caden Curry,IND,DL,19499,https://www.rotowire.com/football/player/caden-curry-19499
00-0041112,Harold Perkins,ATL,LB,19280,https://www.rotowire.com/football/player/harold-perkins-19280
00-0041113,Jayden Williams,ARI,OL,NA,NA
00-0041114,T.J. Hall,NO,DB,19570,https://www.rotowire.com/football/player/tj-hall-19570
00-0041115,Toriano Pride,BUF,DB,19587,https://www.rotowire.com/football/player/toriano-pride-19587
00-0041116,Jack Endries,CIN,TE,19258,https://www.rotowire.com/football/player/jack-endries-19258
00-0041117,Athan Kaliakmanis,WAS,QB,19368,https://www.rotowire.com/football/player/athan-kaliakmanis-19368
00-0041118,Landon Robinson,CIN,DL,19619,https://www.rotowire.com/football/player/landon-robinson-19619
00-0041119,Jackson Kuwatch,CAR,LB,19752,https://www.rotowire.com/football/player/jackson-kuwatch-19752
00-0041120,Victor Payne,NYJ,DB,19586,https://www.rotowire.com/football/player/victor-payne-19586
00-0041121,Ethan Onianwa,ATL,OL,NA,NA
00-0041122,Zach Durfee,JAX,DL,19714,https://www.rotowire.com/football/player/zach-durfee-19714
00-0041123,Behren Morton,NE,QB,19293,https://www.rotowire.com/football/player/behren-morton-19293
00-0041124,Gavin Gerhardt,MIN,OL,NA,NA
00-0041125,Seth McGowan,IND,RB,19303,https://www.rotowire.com/football/player/seth-mcgowan-19303
00-0041126,Tommy Doman,BUF,P,19455,https://www.rotowire.com/football/player/tommy-doman-19455
00-0041127,Parker Hughes,JAX,LB,19803,https://www.rotowire.com/football/player/parker-hughes-19803
00-0041128,Ar'maj Reed-Adams,BUF,OL,NA,NA
00-0041129,Jam Miller,NE,RB,19302,https://www.rotowire.com/football/player/jam-miller-19302
00-0041130,Miles Scott,DEN,DB,19760,https://www.rotowire.com/football/player/miles-scott-19760
00-0041131,Carsen Ryan,CLE,TE,19608,https://www.rotowire.com/football/player/carsen-ryan-19608
00-0041132,Deion Burks,IND,WR,19315,https://www.rotowire.com/football/player/deion-burks-19315
00-0041133,Dallen Bentley,DEN,TE,19363,https://www.rotowire.com/football/player/dallen-bentley-19363
00-0041134,Red Murdock,DEN,LB,19550,https://www.rotowire.com/football/player/red-murdock-19550
00-0041135,Aidan Laros,PIT,P,NA,NA
00-0041136,Rene Konga,MIA,DL,NA,NA
00-0041137,Kevin Cline,MIA,OL,NA,NA
00-0041138,Albert Reese,CAR,OL,NA,NA
00-0041139,Damon Bankston,NYG,RB,NA,NA
00-0041140,Anquin Barnes,NYG,DL,NA,NA
00-0041141,Ben Barten,NYG,DL,NA,NA
00-0041142,Thaddeus Dixon,NYG,DB,NA,NA
00-0041143,Ben Mann,NYG,LS,NA,NA
00-0041144,Ryan Schernecke,NYG,OL,NA,NA
00-0041145,Dominic Zvada,NYG,K,18509,https://www.rotowire.com/football/player/dominic-zvada-18509
00-0041146,Isaia Glass,CAR,OL,NA,NA
00-0041147,Jaylon Guilbeau,CAR,DB,NA,NA
00-0041148,Aaron Hall,CAR,DL,NA,NA
00-0041149,Haynes King,CAR,QB,19429,https://www.rotowire.com/football/player/haynes-king-19429
00-0041150,Cam Miller,CAR,DB,NA,NA
00-0041151,Parker Petersen,CAR,DL,NA,NA
00-0041152,Kobe Prentice,CAR,WR,19680,https://www.rotowire.com/football/player/kobe-prentice-19680
00-0041153,DeVonta Smith,CAR,DB,NA,NA
00-0041154,Isaiah Smith,CAR,DL,NA,NA
00-0041155,Jim Bonifas,MIA,OL,NA,NA
00-0041156,Mark Gronowski,MIA,QB,19369,https://www.rotowire.com/football/player/mark-gronowski-19369
00-0041157,Anthony Hankerson,MIA,RB,NA,NA
00-0041158,Donaven McCulley,MIA,WR,19444,https://www.rotowire.com/football/player/donaven-mcculley-19444
00-0041159,Rodney McGraw,MIA,DL,NA,NA
00-0041160,Louis Moore,MIA,DB,NA,NA
00-0041161,Le'Veon Moss,MIA,RB,NA,NA
00-0041162,Mason Reiger,MIA,DL,19532,https://www.rotowire.com/football/player/mason-reiger-19532
00-0041163,Kahlil Saunders,MIA,DL,NA,NA
00-0041164,Caden Barnett,CHI,OL,NA,NA
00-0041165,Coleman Bennett,CHI,RB,19652,https://www.rotowire.com/football/player/coleman-bennett-19652
00-0041166,K.C. Eziomume,CHI,DB,NA,NA
00-0041167,Beau Gardner,CHI,LS,NA,NA
00-0041168,Omari Kelly,CHI,WR,NA,NA
00-0041169,Jaren Kump,CHI,OL,NA,NA
00-0041170,Hayden Large,CHI,TE,NA,NA
00-0041171,Jayden Loving,CHI,DL,NA,NA
00-0041172,Miller Moss,CHI,QB,NA,NA
00-0041173,Mason Murphy,CHI,OL,NA,NA
00-0041174,Gabriel Plascencia,CHI,K,NA,NA
00-0041175,Skyler Thomas,CHI,DB,NA,NA
00-0041176,Jaden Bradley,WAS,WR,NA,NA
00-0041177,Fred Davis,WAS,DB,NA,NA
00-0041178,Robert Henry,WAS,RB,18451,https://www.rotowire.com/football/player/robert-henry-18451
00-0041179,Chris Hilton,WAS,WR,19437,https://www.rotowire.com/football/player/chris-hilton-19437
00-0041180,Quentin Moore,WAS,TE,NA,NA
00-0041181,Malik Spencer,WAS,DB,NA,NA
00-0041182,Drew Stevens,WAS,K,18511,https://www.rotowire.com/football/player/drew-stevens-18511
00-0041183,Tanoa Togiai,WAS,DL,NA,NA
00-0041184,Carlos Allen,ATL,DL,NA,NA
00-0041185,Vinny Anthony,ATL,WR,19345,https://www.rotowire.com/football/player/vinny-anthony-19345
00-0041186,James Brockermeyer,ATL,OL,NA,NA
00-0041187,Le'Meke Brockington,ATL,WR,NA,NA
00-0041188,Malcolm DeWalt,ATL,DB,NA,NA
00-0041189,Philip Florenzo,ATL,LS,NA,NA
00-0041191,Cash Jones,ATL,RB,19649,https://www.rotowire.com/football/player/cash-jones-19649
00-0041192,Riley Mahlman,ATL,OL,NA,NA
00-0041193,C.J. Nunnally,ATL,DL,NA,NA
00-0041194,Jack Strand,ATL,QB,19642,https://www.rotowire.com/football/player/jack-strand-19642
00-0041195,Jack Velling,ATL,TE,NA,NA
00-0041196,Mory Bamba,NYJ,DB,NA,NA
00-0041198,Garrison Grimes,NYJ,LS,NA,NA
00-0041199,Caullin Lacy,NYJ,WR,19376,https://www.rotowire.com/football/player/caullin-lacy-19376
00-0041200,Sam Scott,NYJ,RB,NA,NA
00-0041201,D.T. Sheffield,NYJ,WR,NA,NA
00-0041202,Nathan Voorhis,NYJ,DL,NA,NA
00-0041203,Joey Aguilar,JAX,QB,NA,NA
00-0041204,T.J. Bollers,JAX,DL,NA,NA
00-0041205,Brady Boyd,JAX,WR,NA,NA
00-0041206,Alex Bullock,JAX,WR,NA,NA
00-0041207,Ethan Conner,JAX,TE,NA,NA
00-0041208,Garrett DiGiorgio,JAX,OL,NA,NA
00-0041209,Quindarius Dunnigan,JAX,DL,NA,NA
00-0041210,Preston Hodge,JAX,DB,NA,NA
00-0041211,Jalen Hunt,JAX,DL,NA,NA
00-0041212,Devon Marshall,JAX,DB,NA,NA
00-0041213,Devin Neal,JAX,DB,NA,NA
00-0041214,Jimto Obidegwu,JAX,OL,NA,NA
00-0041215,Ben Patterson,JAX,WR,NA,NA
00-0041216,Trebor Pena,JAX,WR,19334,https://www.rotowire.com/football/player/trebor-pena-19334
00-0041217,J'mari Taylor,JAX,RB,19245,https://www.rotowire.com/football/player/jmari-taylor-19245
00-0041218,Bryan Thomas,JAX,DL,NA,NA
00-0041219,Jordan White,JAX,OL,NA,NA
00-0041220,Michael Wortham,JAX,WR,NA,NA
00-0041221,Jackson Acker,BUF,RB,NA,NA
00-0041222,Gabriel Benyard,BUF,WR,NA,NA
00-0041223,Theron Gaines,BUF,LB,NA,NA
00-0041224,Da'Metrius Weatherspoon,BUF,OL,NA,NA
00-0041225,Cameron Ball,IND,DL,NA,NA
00-0041226,Austin Brown,IND,DB,NA,NA
00-0041227,Tahj Chambers,IND,LB,NA,NA
00-0041228,Sahmir Hagans,IND,WR,NA,NA
00-0041229,E.J. Horton,IND,WR,NA,NA
00-0041230,Mitchell Melton,IND,DL,NA,NA
00-0041231,Lincoln Pare,IND,RB,NA,NA
00-0041232,Nolan Rucci,IND,OL,NA,NA
00-0041233,Raylen Sharpe,IND,WR,NA,NA
00-0041234,Geno VanDeMark,IND,OL,NA,NA
00-0041236,West Weeks,IND,LB,NA,NA
00-0041237,Chase Curtis,NYJ,TE,NA,NA
00-0041238,Xavier Hill,NYJ,OL,NA,NA
00-0041239,Chip Trayanum,NYJ,RB,19425,https://www.rotowire.com/football/player/chip-trayanum-19425
00-0041240,Liam Brown,CIN,OL,NA,NA
00-0041241,Kentrel Bullock,CIN,RB,NA,NA
00-0041242,Jack Dingle,CIN,LB,NA,NA
00-0041243,Eric Gentry,CIN,LB,NA,NA
00-0041244,Jamal Haynes,CIN,RB,19424,https://www.rotowire.com/football/player/jamal-haynes-19424
00-0041245,Christian Jones,CIN,OL,NA,NA
00-0041246,Josh Kattus,CIN,TE,NA,NA
00-0041247,Corey Robinson,CIN,OL,NA,NA
00-0041248,Noah Thomas,CIN,WR,19332,https://www.rotowire.com/football/player/noah-thomas-19332
00-0041249,Ceyair Wright,CIN,DB,NA,NA
00-0041251,Jalon Daniels,TB,QB,19292,https://www.rotowire.com/football/player/jalon-daniels-19292
00-0041252,Kenny Fletcher,TB,TE,NA,NA
00-0041253,Ayden Garnes,TB,DB,NA,NA
00-0041254,Josiah Green,TB,DL,NA,NA
00-0041255,Henry Lutovsky,TB,OL,NA,NA
00-0041256,Jack Pyburn,TB,DL,NA,NA
00-0041257,Eric Rivers,TB,WR,19323,https://www.rotowire.com/football/player/eric-rivers-19323
00-0041259,Devan Boykin,PIT,DB,NA,NA
00-0041260,Daylan Carnell,PIT,DB,NA,NA
00-0041261,Kevin Jobity,PIT,DL,NA,NA
00-0041262,Laith Marjan,PIT,K,NA,NA
00-0041263,Lake McRee,PIT,TE,NA,NA
00-0041265,Squirrel White,CHI,WR,NA,NA
00-0041266,Keelan Marion,ATL,WR,NA,NA
00-0041267,Malik McClain,NYJ,WR,NA,NA
00-0041268,Cade Denhoff,BUF,DL,NA,NA
00-0041269,Jordan Dunbar,BUF,DB,NA,NA
00-0041270,Bruno Fina,BUF,OL,NA,NA
00-0041271,Kody Huisman,BUF,DL,NA,NA
00-0041272,Ja'Mori Maclin,BUF,WR,NA,NA
00-0041273,Desmond Reid,BUF,RB,NA,NA
00-0041275,Kani Walker,BUF,DB,NA,NA
00-0041276,Kam Dewberry,ATL,OL,NA,NA
00-0041277,Davon Booth,CLE,RB,19951,https://www.rotowire.com/football/player/davon-booth-19951
00-0041278,Nate Evans,CLE,DB,NA,NA
00-0041279,Logan Fano,CLE,DL,19402,https://www.rotowire.com/football/player/logan-fano-19402
00-0041281,T.J. Harden,CLE,RB,19653,https://www.rotowire.com/football/player/tj-harden-19653
00-0041282,Izavion Miller,CLE,OL,NA,NA
00-0041284,Wes Pahl,CLE,P,NA,NA
00-0041285,Khordae Sydnor,CLE,DL,NA,NA
00-0041286,Zion Washington,CLE,DB,NA,NA
00-0041287,Kole Wilson,CLE,WR,NA,NA
00-0041288,Tyreak Sapp,CLE,DL,NA,NA
00-0041289,Brent Austin,DEN,DB,NA,NA
00-0041290,Luke Basso,DEN,LS,NA,NA
00-0041291,Ahmari Harvey,DEN,DB,NA,NA
00-0041292,Kolbe Katsis,DEN,WR,NA,NA
00-0041293,Dane Key,DEN,WR,19329,https://www.rotowire.com/football/player/dane-key-19329
00-0041294,Joseph Manjack,DEN,WR,NA,NA
00-0041295,Dasan McCullough,DEN,LB,NA,NA
00-0041296,Tyler Miller,DEN,OL,NA,NA
00-0041297,Gavin Ortega,DEN,OL,NA,NA
00-0041298,Parker Robertson,DEN,DB,NA,NA
00-0041299,Cam Ross,DEN,WR,NA,NA
00-0041301,Taurean York,DEN,LB,19557,https://www.rotowire.com/football/player/taurean-york-19557
00-0041302,Dominic Bailey,HOU,DL,NA,NA
00-0041303,Sam Hagen,HOU,OL,NA,NA
00-0041304,Stephen Hall,HOU,DB,NA,NA
00-0041305,Sabastian Harsh,HOU,DL,NA,NA
00-0041306,James Neal,HOU,OL,NA,NA
00-0041307,Josh Pitsenberger,HOU,RB,NA,NA
00-0041308,Treyvhon Saunders,HOU,WR,NA,NA
00-0041309,Daniel Sobkowicz,HOU,WR,NA,NA
00-0041310,Jack Stonehouse,HOU,P,NA,NA
00-0041311,Jalen Walthall,NYJ,WR,NA,NA
00-0041312,Noah Whittington,HOU,RB,19305,https://www.rotowire.com/football/player/noah-whittington-19305
00-0041313,Collin Wright,HOU,DB,NA,NA
00-0041314,Tanner Arkin,NE,TE,NA,NA
00-0041315,David Blay,NE,DL,NA,NA
00-0041316,Channing Canada,NE,DB,NA,NA
00-0041317,Nick DeGennaro,NE,WR,NA,NA
00-0041318,Kyle Dixon,NE,WR,19667,https://www.rotowire.com/football/player/kyle-dixon-19667
00-0041319,Cameron Dorner,NE,WR,NA,NA
00-0041320,Kenneth Harris,NE,DB,NA,NA
00-0041321,Khalil Jacobs,NE,LB,NA,NA
00-0041322,Jimmy Kibble,NE,WR,NA,NA
00-0041323,Myles Montgomery,NE,RB,20074,https://www.rotowire.com/football/player/myles-montgomery-20074
00-0041324,JonDarius Morgan,NE,OL,NA,NA
00-0041325,Jacob Rizy,NE,OL,NA,NA
00-0041326,C.J. Donaldson,NO,RB,19431,https://www.rotowire.com/football/player/cj-donaldson-19431
00-0041327,Cody Hardy,NO,TE,NA,NA
00-0041328,Zxavian Harris,NO,DL,19507,https://www.rotowire.com/football/player/zxavian-harris-19507
00-0041329,Michael Heldman,NO,DL,19711,https://www.rotowire.com/football/player/michael-heldman-19711
00-0041330,Alan Herron,NO,OL,NA,NA
00-0041331,DaShawn Jones,NO,DB,NA,NA
00-0041333,Mason Shipley,NO,K,NA,NA
00-0041334,Keeshawn Silver,NO,DL,NA,NA
00-0041335,Jay'viar Suggs,NO,DL,NA,NA
00-0041336,Alex Wollschlaeger,NO,OL,NA,NA
00-0041337,Ja'Qurious Conley,TB,DB,NA,NA
00-0041338,Caden Fordham,TB,LB,NA,NA
00-0041339,DeShawn McKnight,TB,DL,NA,NA
00-0041340,Marcus Allen,MIN,DB,NA,NA
00-0041341,Da'Veawn Armstead,MIN,DB,NA,NA
00-0041342,Dillon Bell,MIN,WR,NA,NA
00-0041344,Tyreek Chappell,MIN,DB,NA,NA
00-0041345,Monkell Goodwine,MIN,DL,NA,NA
00-0041347,Keli Lawson,MIN,LB,NA,NA
00-0041348,Tristan Leigh,MIN,OL,NA,NA
00-0041349,Delby Lemieux,MIN,OL,NA,NA
00-0041350,Kejon Owens,MIN,RB,19651,https://www.rotowire.com/football/player/kejon-owens-19651
00-0041351,Tomas Rimac,MIN,OL,NA,NA
00-0041352,Marcus Sanders,MIN,WR,NA,NA
00-0041353,Cam'Ron Stewart,MIN,LB,NA,NA
00-0041354,Jacob Thomas,MIN,DB,NA,NA
00-0041355,Arden Walker,MIN,DL,NA,NA
00-0041356,Luke Wysong,MIN,WR,NA,NA
00-0041357,Khalil Dinkins,SF,TE,NA,NA
00-0041358,Bryson Eason,SF,DL,NA,NA
00-0041359,Wesley Grimes,SF,WR,NA,NA
00-0041360,Mikail Kamara,SF,DL,NA,NA
00-0041361,Will Pauling,SF,WR,NA,NA
00-0041362,Jalen Stroman,SF,DB,19636,https://www.rotowire.com/football/player/jalen-stroman-19636
00-0041363,James Thompson,SF,DL,NA,NA
00-0041364,Elijah Culp,ARI,DB,NA,NA
00-0041365,Ka'ena De Cambra,ARI,OL,NA,NA
00-0041366,Jameson Geers,ARI,TE,NA,NA
00-0041367,Cameron Robertson,ARI,LB,NA,NA
00-0041368,Harrison Wallace,ARI,WR,19331,https://www.rotowire.com/football/player/harrison-wallace-19331
00-0041369,Damonic Williams,ARI,DL,NA,NA
00-0041370,Wydett Williams,ARI,DB,NA,NA
00-0041371,Noah Avinger,LAC,DB,NA,NA
00-0041372,Lander Barton,LAC,LB,19539,https://www.rotowire.com/football/player/lander-barton-19539
00-0041373,Jerand Bradley,LAC,WR,NA,NA
00-0041374,Sincere Brown,LAC,WR,NA,NA
00-0041375,Jahmeer Carter,LAC,DL,NA,NA
00-0041376,Gregory Desrosiers,LAC,RB,NA,NA
00-0041377,Devin Grant,LAC,DB,NA,NA
00-0041378,Jacobian Guillory,LAC,DL,NA,NA
00-0041380,Devonte Ross,LAC,WR,NA,NA
00-0041381,Rodney Shelley,LAC,DB,NA,NA
00-0041382,Avery Smith,LAC,DB,NA,NA
00-0041383,Jacob Spomer,LAC,OL,NA,NA
00-0041384,Evan Svoboda,LAC,TE,NA,NA
00-0041385,Nadame Tucker,LAC,DL,19535,https://www.rotowire.com/football/player/nadame-tucker-19535
00-0041386,Terry Webb,LAC,DL,NA,NA
00-0041387,Isaiah World,LAC,OL,NA,NA
00-0041389,Isaiah Nwokobia,CIN,DB,NA,NA
00-0041390,Christen Miller,NO,DL,19266,https://www.rotowire.com/football/player/christen-miller-19266
00-0041391,Davison Igbinosun,BUF,DB,19573,https://www.rotowire.com/football/player/davison-igbinosun-19573
00-0041392,Jake Slaughter,LAC,OL,NA,NA
00-0041393,Daylen Everette,PIT,DB,19566,https://www.rotowire.com/football/player/daylen-everette-19566
00-0041394,Keagen Trost,LA,OL,NA,NA
00-0041395,Eli Raridon,NE,TE,19348,https://www.rotowire.com/football/player/eli-raridon-19348
00-0041396,Gennings Dunker,PIT,OL,NA,NA
00-0041397,Kaden Wetjen,PIT,WR,19340,https://www.rotowire.com/football/player/kaden-wetjen-19340
00-0041398,Riley Nowakowski,PIT,TE,19451,https://www.rotowire.com/football/player/riley-nowakowski-19451
00-0041399,C.J. Daniels,LA,WR,19316,https://www.rotowire.com/football/player/cj-daniels-19316
00-0041400,Gabe Rubio,PIT,DL,NA,NA
00-0041401,Robert Spears-Jennings,PIT,DB,19595,https://www.rotowire.com/football/player/robert-spears-jennings-19595
00-0041402,Quintayvious Hutchins,NE,LB,19375,https://www.rotowire.com/football/player/quintayvious-hutchins-19375
00-0041403,Rohan Jones,LA,TE,19688,https://www.rotowire.com/football/player/rohan-jones-19688
00-0041404,Wesley Bailey,LA,DL,NA,NA
00-0041405,Peter Manuma,NE,DB,NA,NA
00-0041406,Larry Worth,SF,DB,NA,NA
00-0041407,Kyron Hudson,CHI,WR,NA,NA
00-0041408,Wayne Matthews,CHI,LB,NA,NA
00-0041409,Daveren Rayner,ATL,LB,NA,NA
00-0041410,Jaden Keller,NYJ,LB,NA,NA
00-0041411,Michael Coats,CLE,DB,NA,NA
00-0041412,Xavier Holmes,NE,DL,NA,NA
00-0041413,Nick Andersen,LA,DB,NA,NA
00-0041414,Matthew Caldwell,LA,QB,NA,NA
00-0041415,Dean Connors,LA,RB,19306,https://www.rotowire.com/football/player/dean-connors-19306
00-0041416,Nyzier Fourqurean,LA,DB,NA,NA
00-0041417,Al'zillion Hamilton,LA,DB,NA,NA
00-0041418,Bryce Henderson,LA,OL,NA,NA
00-0041419,Nikhai Hill-Green,LA,LB,NA,NA
00-0041420,Drey Norwood,LA,DB,NA,NA
00-0041421,Darryl Peterson,LA,LB,NA,NA
00-0041422,Dan Villari,LA,TE,19387,https://www.rotowire.com/football/player/dan-villari-19387
00-0041423,Payton Zdroik,LA,DL,NA,NA
00-0041424,Javin Wright,TB,LB,NA,NA
00-0041425,Austin Blaske,LA,OL,NA,NA
00-0041426,Chad Lindberg,LA,OL,NA,NA
00-0041428,Jaxson Moi,LA,DL,NA,NA
00-0041429,Eddie Walls,LA,LB,NA,NA
00-0041430,Greg Crippen,PIT,OL,NA,NA
00-0041431,Bangally Kamara,MIN,LB,NA,NA
00-0041432,Smith Vilbert,MIN,DL,NA,NA
00-0041433,Kadarius Calloway,TB,RB,NA,NA
00-0041434,Yasir Holmes,TB,DL,NA,NA
00-0041435,Dean Patterson,TB,WR,NA,NA
00-0041436,D.J. Herman,MIA,RB,NA,NA
00-0041437,D.J. Wingfield,DAL,OL,NA,NA
00-0041438,Carnell Tate,TEN,WR,19268,https://www.rotowire.com/football/player/carnell-tate-19268
00-0041439,Blake Miller,DET,OL,NA,NA
00-0041440,Kayden McDonald,HOU,DL,19274,https://www.rotowire.com/football/player/kayden-mcdonald-19274
00-0041441,Derrick Moore,DET,DL,19524,https://www.rotowire.com/football/player/derrick-moore-19524
00-0041442,Jimmy Rolder,DET,LB,19553,https://www.rotowire.com/football/player/jimmy-rolder-19553
00-0041443,Skyler Bell,BUF,WR,19251,https://www.rotowire.com/football/player/skyler-bell-19251
00-0041444,Kaleb Elarms-Orr,BUF,LB,19543,https://www.rotowire.com/football/player/kaleb-elarms-orr-19543
00-0041445,Keith Abney,DET,DB,19559,https://www.rotowire.com/football/player/keith-abney-19559
00-0041446,Kendrick Law,DET,WR,NA,NA
00-0041447,Skyler Gill-Howard,DET,DL,19503,https://www.rotowire.com/football/player/skyler-gill-howard-19503
00-0041448,Tyre West,DET,DL,19712,https://www.rotowire.com/football/player/tyre-west-19712
00-0041449,Aiden Fisher,HOU,LB,19544,https://www.rotowire.com/football/player/aiden-fisher-19544
00-0041450,Paul Manning,DEN,DB,NA,NA
00-0041451,Brock Rechsteiner,NO,WR,20099,https://www.rotowire.com/football/player/brock-rechsteiner-20099
00-0041452,Johnny Pascuzzi,LAC,TE,NA,NA
00-0041453,Luke Altmyer,DET,QB,19295,https://www.rotowire.com/football/player/luke-altmyer-19295
00-0041454,Aamaris Brown,DET,DB,NA,NA
00-0041455,Erick Hunter,DET,LB,NA,NA
00-0041456,Aidan Keanaaina,DET,DL,NA,NA
00-0041457,Miles Kitselman,DET,TE,NA,NA
00-0041458,Anthony Lucas,DET,DL,NA,NA
00-0041459,Eric O'Neill,DET,DL,NA,NA
00-0041460,Melvin Priestly,DET,OL,NA,NA
00-0041461,De'Shawn Rucker,DET,DB,NA,NA
00-0041462,Colton Hood,NYG,DB,19404,https://www.rotowire.com/football/player/colton-hood-19404
00-0041463,Bud Clark,SEA,DB,19562,https://www.rotowire.com/football/player/bud-clark-19562
00-0041464,Tacario Davis,CIN,DB,19563,https://www.rotowire.com/football/player/tacario-davis-19563
00-0041465,Wade Woodaz,HOU,LB,19556,https://www.rotowire.com/football/player/wade-woodaz-19556
00-0041466,Kamari Ramsey,HOU,DB,19589,https://www.rotowire.com/football/player/kamari-ramsey-19589
00-0041467,Lewis Bond,HOU,WR,19326,https://www.rotowire.com/football/player/lewis-bond-19326
00-0041468,Chase Bisontis,ARI,OL,NA,NA
00-0041469,Avieon Terrell,ATL,DB,19413,https://www.rotowire.com/football/player/avieon-terrell-19413
00-0041470,Brandon Cisse,GB,DB,19414,https://www.rotowire.com/football/player/brandon-cisse-19414
00-0041471,Emmanuel McNeil-Warren,CLE,DB,19407,https://www.rotowire.com/football/player/emmanuel-mcneil-warren-19407
00-0041472,Marlin Klein,HOU,TE,19352,https://www.rotowire.com/football/player/marlin-klein-19352
00-0041473,Stephen Dix,ARI,LB,NA,NA
00-0041474,Mante Morrow,LAC,WR,NA,NA
00-0041475,Trayvon Rudolph,MIN,WR,NA,NA
00-0041476,Rashad Rochelle,SEA,WR,NA,NA
00-0041478,Lee Hunter,CAR,DL,19374,https://www.rotowire.com/football/player/lee-hunter-19374
00-0041479,Anthony Hill,TEN,LB,19418,https://www.rotowire.com/football/player/anthony-hill-19418
00-0041481,Terrill Davis,MIN,WR,NA,NA
00-0041482,Max Iheanachor,PIT,OL,NA,NA
00-0041483,Eli Stowers,PHI,TE,18539,https://www.rotowire.com/football/player/eli-stowers-18539
00-0041484,Anterio Thompson,ATL,DL,19744,https://www.rotowire.com/football/player/anterio-thompson-19744
00-0041485,Miles Davis,CAR,RB,NA,NA
00-0041486,Anderson Castle,IND,RB,NA,NA
00-0041487,Tywone Malone,CAR,DL,NA,NA
00-0041488,Tamon Lynum,PIT,DB,NA,NA
00-0041489,Germie Bernard,PIT,WR,19263,https://www.rotowire.com/football/player/germie-bernard-19263
00-0041490,Eli Heidenreich,PIT,RB,19335,https://www.rotowire.com/football/player/eli-heidenreich-19335
00-0041491,Aaron Anderson,CLE,WR,19324,https://www.rotowire.com/football/player/aaron-anderson-19324
00-0041492,Reid Carrico,CLE,LB,NA,NA
00-0041493,Marlon Jones,GB,DB,NA,NA
00-0041494,Zion Young,BAL,LB,19538,https://www.rotowire.com/football/player/zion-young-19538
00-0041495,Jake Golday,MIN,LB,19419,https://www.rotowire.com/football/player/jake-golday-19419
00-0041496,Jonah Coleman,DEN,RB,19241,https://www.rotowire.com/football/player/jonah-coleman-19241
00-0041497,Jadon Canady,KC,DB,19561,https://www.rotowire.com/football/player/jadon-canady-19561
00-0041498,Kage Casey,DEN,OL,NA,NA
00-0041500,Travis Shaw,NE,DL,NA,NA
00-0041501,R Mason Thomas,KC,DL,19416,https://www.rotowire.com/football/player/r-mason-thomas-19416
00-0041502,Josiah Trotter,TB,LB,19256,https://www.rotowire.com/football/player/josiah-trotter-19256
00-0041503,Nate Boerkircher,JAX,TE,19448,https://www.rotowire.com/football/player/nate-boerkircher-19448
00-0041505,Francis Mauigoa,NYG,OL,NA,NA
00-0041507,Courtland Ford,NYJ,OL,NA,NA
00-0041508,Keldric Faulk,TEN,DL,19411,https://www.rotowire.com/football/player/keldric-faulk-19411
00-0041509,Arvell Reese,NYG,LB,19273,https://www.rotowire.com/football/player/arvell-reese-19273
00-0041510,Max Klare,LA,TE,19278,https://www.rotowire.com/football/player/max-klare-19278
00-0041511,Omar Cooper,NYJ,WR,19314,https://www.rotowire.com/football/player/omar-cooper-19314
00-0041512,Jadarian Price,SEA,RB,19299,https://www.rotowire.com/football/player/jadarian-price-19299
00-0041513,Josh Kreutz,IND,OL,NA,NA
00-0041514,Jai'Onte' McMillan,IND,DB,NA,NA
00-0041515,Chase Wilson,NYJ,LB,NA,NA
00-0041516,Romello Brinson,DAL,WR,NA,NA
00-0041517,Jalen Farmer,IND,OL,NA,NA
00-0041518,Bryce Boettcher,IND,LB,19541,https://www.rotowire.com/football/player/bryce-boettcher-19541
00-0041519,Derrick Graham,HOU,OL,NA,NA
00-0041521,Kadyn Proctor,MIA,OL,NA,NA
00-0041522,Jacob Rodriguez,MIA,LB,19552,https://www.rotowire.com/football/player/jacob-rodriguez-19552
00-0041523,Caleb Douglas,MIA,WR,19343,https://www.rotowire.com/football/player/caleb-douglas-19343
00-0041524,Will Kacmarek,MIA,TE,19450,https://www.rotowire.com/football/player/will-kacmarek-19450
00-0041525,Chris Bell,MIA,WR,19309,https://www.rotowire.com/football/player/chris-bell-19309
00-0041526,Trey Moore,MIA,LB,19525,https://www.rotowire.com/football/player/trey-moore-19525
00-0041527,Kyle Louis,MIA,LB,19390,https://www.rotowire.com/football/player/kyle-louis-19390
00-0041528,Michael Taaffe,MIA,DB,19598,https://www.rotowire.com/football/player/michael-taaffe-19598
00-0041529,Kevin Coleman,MIA,WR,19322,https://www.rotowire.com/football/player/kevin-coleman-19322
00-0041530,D.J. Campbell,MIA,OL,NA,NA
00-0041531,Max Llewellyn,MIA,DL,19520,https://www.rotowire.com/football/player/max-llewellyn-19520
00-0041532,Keylan Rutledge,HOU,OL,NA,NA
00-0041533,Chris Johnson,MIA,DB,19575,https://www.rotowire.com/football/player/chris-johnson-19575
00-0041534,Tim Keenan,LA,DL,19518,https://www.rotowire.com/football/player/tim-keenan-19518
00-0041535,Louis Hansen,HOU,TE,NA,NA
00-0041536,Kyre Duplessis,DET,WR,NA,NA
00-0041537,Malachi Lawrence,DAL,DL,19385,https://www.rotowire.com/football/player/malachi-lawrence-19385
00-0041538,Dillon Thieneman,CHI,DB,19410,https://www.rotowire.com/football/player/dillon-thieneman-19410
00-0041539,Logan Jones,CHI,OL,NA,NA
00-0041540,Zion Wilson,PHI,DL,NA,NA
00-0041541,Caleb Lomu,NE,OL,NA,NA
00-0041542,Malick Meiga,CAR,WR,NA,NA
00-0041543,Mansoor Delane,KC,DB,19398,https://www.rotowire.com/football/player/mansoor-delane-19398
00-0041544,Akheem Mesidor,LAC,LB,19406,https://www.rotowire.com/football/player/akheem-mesidor-19406
00-0041545,Peter Woods,KC,DL,19415,https://www.rotowire.com/football/player/peter-woods-19415
00-0041546,Cashius Howell,CIN,DL,19405,https://www.rotowire.com/football/player/cashius-howell-19405
00-0041547,K.C. Concepcion,CLE,WR,19242,https://www.rotowire.com/football/player/kc-concepcion-19242
00-0041562,Fernando Mendoza,LV,QB,NA,NA
00-0041568,Ty Simpson,LA,QB,NA,NA
00-0041569,Gabe Jacas,NE,LB,NA,NA
00-0041561,Carson Beck,ARI,QB,NA,NA
00-0041552,Tyler Onyedim,DEN,DL,NA,NA
00-0041553,Keyron Crawford,LV,DL,NA,NA
00-0041554,Markel Bell,PHI,OL,NA,NA
00-0041558,Sam Roush,CHI,TE,NA,NA
00-0041556,Romello Height,SF,DL,NA,NA
00-0041565,Drew Allar,PIT,QB,NA,NA
00-0041563,Jermod McCoy,LV,DB,NA,NA
00-0041548,Jude Bowry,BUF,OL,NA,NA
00-0041549,Darrell Jackson,NYJ,DL,NA,NA
00-0041555,Kaleb Proctor,ARI,DL,NA,NA
00-0041550,Brenen Thompson,LAC,WR,NA,NA
00-0041559,Febechi Nwaiwu,HOU,OL,NA,NA
00-0041557,Gracen Halton,SF,DL,NA,NA
